:START_ID,:TYPE,REL_TYPE,:END_ID,CORP_CHCD_ID,START_MONTH,START_YEAR,END_YEAR,startend,NOTE,SOURCE,duplicates_strict,duplicates
EDCPT_10021,RELATED_TO,Married to,EDCPT_10022,,,,,-,,EDC_1920_94,FALSE,FALSE
EDCPT_10026,RELATED_TO,Married to,EDCPT_10025,,,,,-,,EDC_1918_80,FALSE,FALSE
EDCPT_10030,RELATED_TO,Married to,EDCPT_10029,,,,,-,,,FALSE,FALSE
EDCPT_10048,RELATED_TO,Married to,EDCPT_10047,,,1916,,1916-,,EDC_1916_69,FALSE,FALSE
EDCPT_10101,RELATED_TO,Married to,EDCPT_10100,,,,,-,,EDC_1920_97,FALSE,FALSE
EDCPT_10119,RELATED_TO,Married to,EDCPT_10118,,,,,-,,EDC_1920_97,FALSE,FALSE
EDCPT_10124,RELATED_TO,Married to,EDCPT_10125,,,,,-,,EDC_1920_98,FALSE,FALSE
EDCPT_10157,RELATED_TO,Married to,EDCPT_10158,,,,,-,,EDC_1920_99,FALSE,FALSE
EDCPT_10181,RELATED_TO,Married to,EDCPT_10183,,,1920,,1920-,,EDC_1920_100,FALSE,FALSE
EDCPT_10187,RELATED_TO,Married to,EDCPT_10189,,,1920,,1920-,,EDC_1920_100,FALSE,FALSE
EDCPT_10199,RELATED_TO,Married to,EDCPT_10201,,,1920,,1920-,,EDC_1920_100,FALSE,FALSE
EDCPT_10219,RELATED_TO,Married to,EDCPT_10218,,,,,-,,EDC_1920_100,TRUE,TRUE
EDCPT_10271,RELATED_TO,Married to,EDCPT_10270,,,,,-,,EDC_1920_102,FALSE,FALSE
EDCPT_10290,RELATED_TO,Married to,EDCPT_10287,,,,,-,,EDC_1920_102,FALSE,FALSE
EDCPT_10293,RELATED_TO,Married to,EDCPT_10292,,,1916,,1916-,,EDC_1916_75,FALSE,FALSE
EDCPT_10299,RELATED_TO,Daughter of,EDCPT_10300,,,,,-,,,FALSE,FALSE
EDCPT_10323,RELATED_TO,Married to,EDCPT_10324,,,,,-,,EDC_1920_104,FALSE,FALSE
EDCPT_10325,RELATED_TO,Married to,EDCPT_10326,,,,,-,,EDC_1920_104,FALSE,FALSE
EDCPT_10359,RELATED_TO,Married to,EDCPT_10358,,,,,-,,EDC_1920_105,FALSE,FALSE
EDCPT_10360,RELATED_TO,Daughter of,EDCPT_10358,,,,,-,,EDC_1920_105,FALSE,FALSE
EDCPT_10374,RELATED_TO,Married to,EDCPT_10376,,,1916,,1916-,,EDC_1916_77,FALSE,FALSE
EDCPT_10395,RELATED_TO,Married to,EDCPT_10396,,,1920,,1920-,,EDC_1920_106,FALSE,FALSE
EDCPT_10416,RELATED_TO,Married to,EDCPT_10415,,,1916,,1916-,,EDC_1920_107; EDC_1916_78,FALSE,FALSE
EDCPT_10442,RELATED_TO,Married to,EDCPT_10443,,,1920,,1920-,,EDC_1920_122,FALSE,FALSE
EDCPT_10446,RELATED_TO,Married to,EDCPT_10445,,,1920,,1920-,,EDC_1920_108,FALSE,FALSE
EDCPT_10480,RELATED_TO,Married to,EDCPT_10481,,,1916,,1916-,,EDC_1916_79,FALSE,FALSE
EDCPT_10513,RELATED_TO,Married to,EDCPT_10514,,,1920,,1920-,,EDC_1920_110,FALSE,FALSE
EDCPT_10547,RELATED_TO,married to,EDCPT_10545,,,1920,,1920-,,EDC_1920_112,FALSE,FALSE
EDCPT_10551,RELATED_TO,Married to,EDCPT_10552,,,1920,,1920-,,EDC_1920_112,FALSE,FALSE
EDCPT_10659,RELATED_TO,Married to,EDCPT_10658,,,1920,,1920-,,EDC_1920_116,FALSE,FALSE
EDCPT_10668,RELATED_TO,Married to,EDCPT_10667,,,1920,,1920-,,EDC_1920_116,FALSE,FALSE
EDCPT_10720,RELATED_TO,Married to,EDCPT_10721,,,,,-,,EDC_1920_119,FALSE,FALSE
EDCPT_10732,RELATED_TO,Married to,EDCPT_10733,,,1920,,1920-,,EDC_1920_119,FALSE,FALSE
EDCPT_10736,RELATED_TO,Married to,EDCPT_10735,,,1918,,1918-,,EDC_1920_119; EDC_1918_102,FALSE,FALSE
EDCPT_10767,RELATED_TO,Married to,EDCPT_10768,,,1918,,1918-,,EDC_1920_120; EDC_1918_103,FALSE,FALSE
EDCPT_10818,RELATED_TO,Married to,EDCPT_10819,,,1918,,1918-,,EDC_1920_122; EDC_1918_104,FALSE,FALSE
EDCPT_10867,RELATED_TO,Married to,EDCPT_10866,,,1920,,1920-,,EDC_1920_124,FALSE,FALSE
EDCPT_10870,RELATED_TO,Married to,EDCPT_10869,,,1918,,1918-,,EDC_1920_124; EDC_1918_106,FALSE,FALSE
EDCPT_10884,RELATED_TO,Married to,EDCPT_10883,,,1920,,1920-,,EDC_1920_124,FALSE,FALSE
EDCPT_10923,RELATED_TO,Married to,EDCPT_10922,,,1918,,1918-,,EDC_1918_108,FALSE,FALSE
EDCPT_10985,RELATED_TO,Married to,EDCPT_10986,,,,,-,,,FALSE,FALSE
EDCPT_10996,RELATED_TO,Married to,EDCPT_10995,,,1918,,1918-,,EDC_1918_111,FALSE,FALSE
EDCPT_11002,RELATED_TO,Married to,EDCPT_11003,,,1920,,1920-,,EDC_1920_128,FALSE,FALSE
EDCPT_11016,RELATED_TO,Married to,EDCPT_11017,,,1918,,1918-,,EDC_1918_111,FALSE,FALSE
EDCPT_11029,RELATED_TO,Married to,EDCPT_11030,,,1918,,1918-,,EDC_1918_112,FALSE,FALSE
EDCPT_11055,RELATED_TO,Married to,EDCPT_11056,,,1918,,1918-,,EDC_1918_113,FALSE,FALSE
EDCPT_11125,RELATED_TO,Married to,EDCPT_11126,,,1920,,1920-,,EDC_1920_133,FALSE,FALSE
EDCPT_11136,RELATED_TO,Married to,EDCPT_11137,,,1918,,1918-,,EDC_1918_115,FALSE,FALSE
EDCPT_11147,RELATED_TO,Married to,EDCPT_11146,,,1920,,1920-,,EDC_1920_133,FALSE,FALSE
EDCPT_11160,RELATED_TO,Married to,EDCPT_11159,,,1920,,1920-,,EDC_1920_134,FALSE,FALSE
EDCPT_11204,RELATED_TO,Married to,EDCPT_11203,,,1918,,1918-,,EDC_1920_135; EDC_1918_117,FALSE,FALSE
EDCPT_11206,RELATED_TO,Married to,EDCPT_11205,,,1920,,1920-,,EDC_1920_136,FALSE,FALSE
EDCPT_11301,RELATED_TO,Married to,EDCPT_11302,,,1918,,1918-,,EDC_1920_38; EDC_1918_119,FALSE,FALSE
EDCPT_11309,RELATED_TO,Married to,EDCPT_11308,,,,,-,,EDC_1920_138,TRUE,TRUE
EDCPT_11320,RELATED_TO,Married to,EDCPT_11322,,,,,-,,,FALSE,FALSE
EDCPT_11341,RELATED_TO,Married to,EDCPT_11342,,,1918,,1918-,,EDC_1918_120,FALSE,FALSE
EDCPT_11363,RELATED_TO,Married to,EDCPT_11362,,,1918,,1918-,,EDC_1918_120,FALSE,FALSE
EDCPT_11422,RELATED_TO,Married to,EDCPT_11423,,,,,-,,,FALSE,FALSE
EDCPT_11559,RELATED_TO,Married to,EDCPT_11558,,,,,-,,EDC_1920_146,FALSE,FALSE
EDCPT_11572,RELATED_TO,Married to,EDCPT_11573,,,,,-,,EDC_1920_147,FALSE,FALSE
EDCPT_11577,RELATED_TO,Married to,EDCPT_11578,,,1920,,1920-,,EDC_1920_147,FALSE,FALSE
EDCPT_11606,RELATED_TO,Married to,EDCPT_11607,,,1918,,1918-,,EDC_1918_128,FALSE,FALSE
EDCPT_11749,RELATED_TO,Married to,EDCPT_11748,,,,,-,,EDC_1920_152,FALSE,FALSE
EDCPT_11766,RELATED_TO,Married to,EDCPT_11768,,,,,-,,EDC_1920_153,FALSE,FALSE
EDCPT_11783,RELATED_TO,Married to,EDCPT_11784,,,1918,,1918-,,EDC_1918_134,FALSE,FALSE
EDCPT_11806,RELATED_TO,Married to,EDCPT_11807,,,1918,,1918-,,EDC_1920_154; EDC_1918_135,FALSE,FALSE
EDCPT_11808,RELATED_TO,Married to,EDCPT_11809,,,1918,,1918-,,EDC_1918_135,FALSE,FALSE
EDCPT_11813,RELATED_TO,Married to,EDCPT_11814,,,1918,,1918-,,EDC_1918_136,FALSE,FALSE
EDCPT_11818,RELATED_TO,Married to,EDCPT_11820,,,1918,,1918-,,EDC_1920_155; EDC_1918_136,FALSE,FALSE
EDCPT_11821,RELATED_TO,Married to,EDCPT_11822,,,1918,,1918-,,EDC_1920_155; EDC_1918_136,FALSE,FALSE
EDCPT_11824,RELATED_TO,Married to,EDCPT_11825,,,1918,,1918-,,EDC_1918_136,FALSE,FALSE
EDCPT_11844,RELATED_TO,Married to,EDCPT_11845,,,1918,,1918-,,EDC_1918_137,FALSE,FALSE
EDCPT_11850,RELATED_TO,Married to,EDCPT_11851,,,,,-,,EDC_1917_107; EDC_1918_137,FALSE,FALSE
EDCPT_11869,RELATED_TO,Married to,EDCPT_11870,,,1920,,1920-,,EDC_1920_156,FALSE,FALSE
EDCPT_11946,RELATED_TO,Married to,EDCPT_11947,,,1918,,1918-,,EDC_1918_140,FALSE,FALSE
EDCPT_12269,RELATED_TO,Married to,EDCPT_12270,,,1920,,1920-,,EDC_1920_31,FALSE,FALSE
EDCPT_7221,RELATED_TO,Married to,EDCPT_7220,,,1920,,1920-,,EDC_1920_7; EDC_1918_6,FALSE,FALSE
EDCPT_7258,RELATED_TO,Married to,EDCPT_7259,,,1920,,1920-,,EDC_1920_8,FALSE,FALSE
EDCPT_7272,RELATED_TO,Married to,EDCPT_7273,,,1920,,1920-,,EDC_1920_9,FALSE,FALSE
EDCPT_7285,RELATED_TO,Married to,EDCPT_7286,,,1920,,1920-,,EDC_1920_9,FALSE,FALSE
EDCPT_7305,RELATED_TO,Married to,EDCPT_7306,,,1920,,1920-,,EDC_1920_10,FALSE,FALSE
EDCPT_7324,RELATED_TO,Married to,EDCPT_7322,,,1920,,1920-,,EDC_1920_11,FALSE,FALSE
EDCPT_7360,RELATED_TO,Married to,EDCPT_7361,,,1920,,1920-,,EDC_1920_13,FALSE,FALSE
EDCPT_7378,RELATED_TO,Married to,EDCPT_7376,,,1920,,1920-,,EDC_1920_13,FALSE,FALSE
EDCPT_7412,RELATED_TO,Married to,EDCPT_7411,,,1920,,1920-,,EDC_1920_14,FALSE,FALSE
EDCPT_7422,RELATED_TO,Married to,EDCPT_7423,,,1920,,1920-,,EDC_1920_15,FALSE,FALSE
EDCPT_7448,RELATED_TO,Married to,EDCPT_7449,,,1920,,1920-,,EDC_1920_16,FALSE,FALSE
EDCPT_7469,RELATED_TO,Married to,EDCPT_7468,,,,,-,,EDC_1920_16;EDC_1918_14,FALSE,FALSE
EDCPT_7471,RELATED_TO,Married to,EDCPT_7470,,,,,-,,EDC_1920_17;EDC_1918_14,FALSE,FALSE
EDCPT_7824,RELATED_TO,Married to,EDCPT_7823,,,1918,,1918-,,EDC_1920_27; EDC_1918_22,FALSE,FALSE
EDCPT_7826,RELATED_TO,Married to,EDCPT_7827,,,1918,,1918-,,EDC_1920_27; EDC_1918_22,FALSE,FALSE
EDCPT_7917,RELATED_TO,Married to,EDCPT_7918,,,1920,,1920-,,EDC_1920_31,FALSE,FALSE
EDCPT_7992,RELATED_TO,Married to,EDCPT_7993,,,1920,,1920-,,EDC_1920_34,FALSE,FALSE
EDCPT_7999,RELATED_TO,Married to,EDCPT_8000,,,,,-,,EDC_1917_20,FALSE,FALSE
EDCPT_8018,RELATED_TO,Married to,EDCPT_8019,,,,,-,,EDC_1917_20,FALSE,FALSE
EDCPT_8043,RELATED_TO,Married to,EDCPT_8044,,,1920,,1920-,,EDC_1920_35,FALSE,FALSE
EDCPT_8053,RELATED_TO,Married to,EDCPT_8054,,,,,-,,EDC_1917_21,FALSE,FALSE
EDCPT_8059,RELATED_TO,Married to,EDCPT_8059,,,1920,,1920-,,EDC_1920_36,FALSE,FALSE
EDCPT_8066,RELATED_TO,Married to,EDCPT_8065,,,1920,,1920-,,EDC_1920_36,FALSE,FALSE
EDCPT_8093,RELATED_TO,Married to,EDCPT_8094,,,,,-,,EDC_1917_22,FALSE,FALSE
EDCPT_8099,RELATED_TO,Married to,EDCPT_8100,,,,,-,,EDC_1917_22,FALSE,FALSE
EDCPT_8105,RELATED_TO,Married to,EDCPT_8106,,,1920,,1920-,,EDC_1920_36,FALSE,FALSE
EDCPT_8111,RELATED_TO,Married to,EDCPT_8112,,,,,-,,EDC_1916_26,FALSE,FALSE
EDCPT_8178,RELATED_TO,Married to,EDCPT_8179,,,1920,,1920-,,EDC_1920_39,FALSE,FALSE
EDCPT_8183,RELATED_TO,Married to,EDCPT_8184,,,1920,,1920-,,EDC_1920_39,FALSE,FALSE
EDCPT_8190,RELATED_TO,Married to,EDCPT_8189,,,1920,,1920-,,EDC_1920_40,FALSE,FALSE
EDCPT_8206,RELATED_TO,Married to,EDCPT_8207,,,1920,,1920-,,EDC_1920_40,FALSE,FALSE
EDCPT_8284,RELATED_TO,Married to,EDCPT_8285,,,1920,,1920-,,EDC_1920_43,FALSE,FALSE
EDCPT_8296,RELATED_TO,Married to,EDCPT_8295,,,1920,,1920-,,EDC_1920_43,FALSE,FALSE
EDCPT_8299,RELATED_TO,Married to,EDCPT_8298,,,1920,,1920-,,EDC_1920_43,FALSE,FALSE
EDCPT_8349,RELATED_TO,Married to,EDCPT_8348,,,1920,,1920-,,EDC_1920_45,FALSE,FALSE
EDCPT_8434,RELATED_TO,Married to,EDCPT_8435,,,,,-,,EDC_1917_29,FALSE,FALSE
EDCPT_8455,RELATED_TO,Married to,EDCPT_8456,,,1920,,1920-,,EDC_1920_48,FALSE,FALSE
EDCPT_8505,RELATED_TO,Married to,EDCPT_8504,,,1920,,1920-,,EDC_1920_49,FALSE,FALSE
EDCPT_8612,RELATED_TO,Married to,EDCPT_8613,,,1920,,1920-,,EDC_1920_52,FALSE,FALSE
EDCPT_8666,RELATED_TO,Married to,EDCPT_8667,,,1920,,1920-,,EDC_1920_53,FALSE,FALSE
EDCPT_8738,RELATED_TO,Married to,EDCPT_8739,,,1916,,1916-,,EDC_1920_55; EDC_1918_47; EDC_1916_41,FALSE,FALSE
EDCPT_8764,RELATED_TO,Married to,EDCPT_8765,,,1916,,1916-,,EDC_1916_42,FALSE,FALSE
EDCPT_8792,RELATED_TO,Married to,EDCPT_8793,,,,,-,,EDC_1918_48,FALSE,FALSE
EDCPT_8800,RELATED_TO,Married to,EDCPT_8801,,,1920,,1920-,,EDC_1920_57,FALSE,FALSE
EDCPT_8812,RELATED_TO,Married to,EDCPT_8813,,,1920,,1920-,,EDC_1920_57,FALSE,FALSE
EDCPT_8842,RELATED_TO,Married with,EDCPT_8844,,,,,-,,EDC_1917_39,FALSE,FALSE
EDCPT_8960,RELATED_TO,Married to,EDCPT_8959,,,,,-,,EDC_1920_61,FALSE,FALSE
EDCPT_8967,RELATED_TO,Married to,EDCPT_8968,,,1920,,1920-,,EDC_1920_61,FALSE,FALSE
EDCPT_8977,RELATED_TO,Married to,EDCPT_8976,,,1916,,1916-,,EDC_1918_54; EDC_1916_46,FALSE,FALSE
EDCPT_9103,RELATED_TO,Married to,EDCPT_9104,,,1920,,1920-,,EDC_1920_64,FALSE,FALSE
EDCPT_9174,RELATED_TO,Married to,EDCPT_9173,,,,,-,,EDC_1918_59,FALSE,FALSE
EDCPT_9177,RELATED_TO,Married to,EDCPT_9178,,,1920,,1920-,,EDC_1920_66,FALSE,FALSE
EDCPT_9184,RELATED_TO,Married to,EDCPT_9185,,,1918,,1918-,,EDC_1920_67; EDC_1918_60,FALSE,FALSE
EDCPT_9230,RELATED_TO,Married to,EDCPT_9231,,,1918,,1918-,,EDC_1920_68; EDC_1918_61,FALSE,FALSE
EDCPT_9235,RELATED_TO,Married to,EDCPT_9234,,,1920,,1920-,,EDC_1920_68,FALSE,FALSE
EDCPT_9238,RELATED_TO,Married to,EDCPT_9239,,,1916,,1916-,,EDC_1916_51,FALSE,FALSE
EDCPT_9244,RELATED_TO,Married to,EDCPT_9243,,,1916,,1916-,,EDC_1920_69; EDC_1918_62; EDC_1916_52,FALSE,FALSE
EDCPT_9279,RELATED_TO,Married to,EDCPT_9275,,,1920,,1920-,,EDC_1920_70,FALSE,FALSE
EDCPT_9302,RELATED_TO,Married to,EDCPT_9301,,,1920,,1920-,,EDC_1920_70,FALSE,FALSE
EDCPT_9363,RELATED_TO,Married to,EDCPT_9364,,,1918,,1918-,,EDC_1920_72; EDC_1918_65,FALSE,FALSE
EDCPT_9370,RELATED_TO,Married to,EDCPT_9369,,,1916,,1916-,,EDC_1920_72; EDC_1918_65; EDC_1916_54,FALSE,FALSE
EDCPT_9408,RELATED_TO,Married to,EDCPT_9407,,,1918,,1918-,,EDC_1920_74; EDC_1918_66,FALSE,FALSE
EDCPT_9428,RELATED_TO,Married to,EDCPT_9427,,,1920,,1920-,,EDC_1920_75,FALSE,FALSE
EDCPT_9430,RELATED_TO,Married to,EDCPT_9432,,,1916,,1916-,,EDC_1916_56,FALSE,FALSE
EDCPT_9444,RELATED_TO,Married to,EDCPT_9442,,,1916,,1916-,,EDC_1916_56,FALSE,FALSE
EDCPT_9472,RELATED_TO,Related to,EDCPT_9473,,,1920,,1920-,,EDC_1920_76,FALSE,FALSE
EDCPT_9501,RELATED_TO,Married to,EDCPT_9502,,,1920,,1920-,,EDC_1920_77,FALSE,FALSE
EDCPT_12281,RELATED_TO,Married to,EDCPT_9544,,,1920,,1920-,,EDC_1920_78,FALSE,FALSE
EDCPT_9547,RELATED_TO,Married to,EDCPT_9546,,,1913,,1913-,,EDC_1920_78; EDC_1916_58,FALSE,FALSE
EDCPT_9548,RELATED_TO,Married to,EDCPT_9549,,,1916,,1916-,,EDC_1916_58,FALSE,FALSE
EDCPT_9552,RELATED_TO,Married to,EDCPT_9551,,,1920,,1920-,,EDC_1920_79,FALSE,FALSE
EDCPT_9659,RELATED_TO,Married to,EDCPT_9660,,,1920,,1920-,,EDC_1920_82,FALSE,FALSE
EDCPT_9673,RELATED_TO,Married to,EDCPT_9674,,,,,-,,EDC_1918_74,FALSE,FALSE
EDCPT_9842,RELATED_TO,Married to,EDCPT_9841,,,,,-,,OAC_Box/Folder 28 : 10,FALSE,FALSE
EDCPT_9845,RELATED_TO,Married to,EDCPT_9846,,,,,-,,EDC_1918_76,FALSE,FALSE
EDCPT_9947,RELATED_TO,Married to,EDCPT_9946,,,,,-,,EDC_1916_66,FALSE,FALSE
EDCPT_9994,RELATED_TO,Married to,EDCPT_9993,,,1916,,1916-,,EDC_1916_68,FALSE,FALSE
EDCPT_12287,RELATED_TO,Married to,EDCPT_12288,,,1920,,1920-,,EDC_1920_8; EDC_1918_7,FALSE,FALSE
EDCPT_10426,PRESENT_AT,Acting Headmaster at,EDCT_232,,,1920,,1920-,,EDC_1920_107,FALSE,FALSE
EDCPT_8615,PRESENT_AT,Acting Headmaster at,EDCT_331,,,1916,1918,1916-1918,,EDC_1918_44; EDC_1917_34; EDC_1916_38,FALSE,FALSE
EDCPT_10685,PRESENT_AT,Acting Headmaster at,EDCT_531,,,1917,1918,1917-1918,,EDC_1918_100; EDC_1917_76,FALSE,FALSE
EDCPT_11472,PRESENT_AT,Acting Principal at,EDCT_155,,,1918,1920,1918-1920,Title of Teacher in 1918,EDC_1920_143; EDC_1918_124,FALSE,FALSE
EDCPT_8229,PRESENT_AT,Acting Principal at,EDCT_195,,,1917,1918,1917-1918,,EDC_1918_33; EDC_1917_25,FALSE,FALSE
EDCPT_10282,PRESENT_AT,Acting Principal at,EDCT_271,,,1917,1920,1917-1920,,EDC_1920_102; EDC_1918_87; EDC_1917_66,FALSE,FALSE
EDCPT_8341,PRESENT_AT,Acting Principal at,EDCT_286,,,1918,1920,1918-1920,,EDC_1918_36,FALSE,FALSE
EDCPT_10370,PRESENT_AT,Acting Principal at,EDCT_295,,,1920,,1920-,,EDC_1920_105,FALSE,FALSE
EDCPT_10111,PRESENT_AT,Acting Principal at,EDCT_741,,,1914,,1914-,,EDC_1914_21,FALSE,FALSE
EDCPT_11593,PRESENT_AT,Acting-Principal of,EDCT_028,,,1917,1918,1917-1918,,EDC_1918_128;EDC_1917_99,FALSE,FALSE
EDCPT_9413,PRESENT_AT,Asisstant Master at,EDCT_007,,,1917,1918,1917-1918,,EDC_1917_52; EDC_1918_67,FALSE,FALSE
EDCPT_10380,PRESENT_AT,Asisstant Master at,EDCT_070,,,1916,1917,1916-1917,,EDC_1917_69; EDC_1916_77,FALSE,FALSE
EDCPT_8249,PRESENT_AT,Asisstant Master in,EDCT_198,,,1917,1918,1917-1918,,EDC_1918_34; EDC_1917_25,FALSE,FALSE
EDCPT_8943,PRESENT_AT,Asisstant Mistress at,EDCT_064,,,1916,1917,1916-1917,,EDC_1917_41; EDC_1918_54; EDC_1916_46,FALSE,FALSE
EDCPT_10548,PRESENT_AT,Assistant and School-keeper at,EDCT_090,,,1920,,1920-,,EDC_1920_112,FALSE,FALSE
EDCPT_10294,PRESENT_AT,Assistant at,EDCT_057,,,1917,,1917-,,EDC_1917_67,FALSE,FALSE
EDCPT_10530,PRESENT_AT,Assistant at,EDCT_094,,,1920,,1920-,,EDC_1920_111,FALSE,FALSE
EDCPT_11635,PRESENT_AT,Assistant at,EDCT_152,,,1918,1920,1918-1920,,EDC_1920_149; EDC_1918_129,FALSE,FALSE
EDCPT_11731,PRESENT_AT,Assistant at,EDCT_152,,,1918,1920,1918-1920,,EDC_1920_152; EDC_1918_132,FALSE,FALSE
EDCPT_10479,PRESENT_AT,Assistant at,EDCT_161,,,1914,,1914-,,EDC_1914_23,FALSE,FALSE
EDCPT_9571,PRESENT_AT,Assistant Director at,EDCT_040,,,1916,1918,1916-1918,,EDC_1918_71; EDC_1917_56; EDC_1916_59,FALSE,FALSE
EDCPT_9741,PRESENT_AT,Assistant Director of,EDCT_181,,,1916,1920,1916-1920,,EDC_1920_85; EDC_1917_58; EDC_1916_62,FALSE,FALSE
EDCPT_7793,PRESENT_AT,Assistant Librarian at,EDCT_085,,,1916,1918,1916-1918,,EDC_1916_19,FALSE,TRUE
EDCPT_7793,PRESENT_AT,Assistant Librarian at,EDCT_085,,,1917,1918,1917-1918,,EDC_1918_21; EDC_1917_16,FALSE,TRUE
EDCPT_11406,PRESENT_AT,Assistant Manager at,EDCT_204,,,1914,1920,1914-1920,,EDC_1920_141;EDC_1918_122;EDC_1917_94; EDC_1914_31,FALSE,FALSE
EDCPT_11301,PRESENT_AT,Assistant Master,EDCT_027,,,1918,1920,1918-1920,Absent in 1918,EDC_1920_138; EDC_1918_119,FALSE,FALSE
EDCPT_10593,PRESENT_AT,Assistant Master,EDCT_482,,,1916,,1916-,,EDC_1916_82,FALSE,FALSE
EDCPT_10344,PRESENT_AT,Assistant Master at,EDCT_002,,,1918,,1918-,,EDC_1918_5,FALSE,FALSE
EDCPT_7512,PRESENT_AT,Assistant Master at,EDCT_002,,,1917,1918,1917-1918,,EDC_1918_15; EDC_1917_12,FALSE,FALSE
EDCPT_11094,PRESENT_AT,Assistant Master at,EDCT_004,,,1917,1918,1917-1918,,EDC_1918_116;EDC_1917_89,FALSE,FALSE
EDCPT_8554,PRESENT_AT,Assistant Master at,EDCT_004,,,1917,1918,1917-1918,,EDC_1918_43; EDC_1917_32,FALSE,FALSE
EDCPT_11798,PRESENT_AT,Assistant Master at,EDCT_007,,,1917,1920,1917-1920,,EDC_1920_154; EDC_1917_104,FALSE,FALSE
EDCPT_9267,PRESENT_AT,Assistant Master at,EDCT_007,,,1916,1918,1916-1918,,EDC_1917_48; EDC_1918_63; EDC_1916_52,FALSE,FALSE
EDCPT_10606,PRESENT_AT,Assistant Master at,EDCT_009,,,1916,1920,1916-1920,,EDC_1920_113; EDC_1917_74; EDC_1916_82,FALSE,FALSE
EDCPT_8597,PRESENT_AT,Assistant Master at,EDCT_009,,,1916,1918,1916-1918,,EDC_1916_38,TRUE,TRUE
EDCPT_11915,PRESENT_AT,Assistant master at,EDCT_014,,,1917,1920,1917-1920,,EDC_1920_158; EDC_1917_110,FALSE,FALSE
EDCPT_8926,PRESENT_AT,Assistant Master at,EDCT_014,,,1916,1918,1916-1918,,EDC_1917_41; EDC_1918_53; EDC_1916_45,FALSE,FALSE
EDCPT_10494,PRESENT_AT,Assistant Master at,EDCT_015,,,1920,,1920-,,EDC_1920_109,FALSE,FALSE
EDCPT_10057,PRESENT_AT,Assistant Master at,EDCT_027,,,1916,1920,1916-1920,On furlough in 1916,EDC_1920_95; EDC_1918_81; EEDC_1917_61; EDC_1916_69,FALSE,FALSE
EDCPT_10374,PRESENT_AT,Assistant Master at,EDCT_027,,,1916,1917,1916-1917,,EDC_1917_69; EDC_1916_77,FALSE,FALSE
EDCPT_10379,PRESENT_AT,Assistant Master at,EDCT_036,,,1920,,1920-,,EDC_1920_106,FALSE,FALSE
EDCPT_9229,PRESENT_AT,Assistant Master at,EDCT_036,,,1916,1920,1916-1920,,EDC_1920_68; EDC_1918_61 ; EDC_1917_47; EDC_1916_51,FALSE,FALSE
EDCPT_11782,PRESENT_AT,Assistant master at,EDCT_038,,,1914,1920,1914-1920,,EDC_1920_153; EDC_1914_34,FALSE,FALSE
EDCPT_10319,PRESENT_AT,Assistant master at,EDCT_039,,,1920,,1920-,,EDC_1920_104,FALSE,FALSE
EDCPT_10070,PRESENT_AT,Assistant Master at,EDCT_045,,,1916,1918,1916-1918,,EDC_1918_82; EDC_1917_62; EDC_1916_70,FALSE,FALSE
EDCPT_8084,PRESENT_AT,Assistant Master at,EDCT_045,,,1916,1918,1916-1918,,EDC_1918_29; EDC_1917_22; EDC_1916_25,FALSE,FALSE
EDCPT_7067,PRESENT_AT,Assistant Master at,EDCT_049,,,1917,1918,1917-1918,,EDC_1918_2; EDC_1917_2,FALSE,FALSE
EDCPT_10098,PRESENT_AT,Assistant Master at,EDCT_050,,,1914,1917,1914-1917,,EDC_1917_63; EDC_1914_20,FALSE,FALSE
EDCPT_10825,PRESENT_AT,Assistant master at,EDCT_050,,,1914,1918,1914-1918,,EDC_1917_80; EDC_1918_105; EDC_1914_26,FALSE,FALSE
EDCPT_11282,PRESENT_AT,Assistant master at,EDCT_050,,,1914,1917,1914-1917,,EDC_1917_91; EDC_1916_100; EDC_1914_30,FALSE,FALSE
EDCPT_10210,PRESENT_AT,Assistant Master at,EDCT_068,,,1916,,1916-,,EDC_1916_72,FALSE,FALSE
EDCPT_7808,PRESENT_AT,Assistant Master at,EDCT_068,,,1916,1920,1916-1920,,EDC_1916_19,FALSE,FALSE
EDCPT_10266,PRESENT_AT,Assistant Master at,EDCT_070,,,1916,1917,1916-1917,Absent 1916,EDC_1917_66; EDC_1916_74,FALSE,FALSE
EDCPT_9368,PRESENT_AT,Assistant Master at,EDCT_103,,,1916,1917,1916-1917,,EDC_1917_51; EDC_1916_54,FALSE,FALSE
EDCPT_10714,PRESENT_AT,Assistant Master at,EDCT_111,,,1917,1918,1917-1918,,EDC_1918_101; EDC_1917_77,FALSE,FALSE
EDCPT_7235,PRESENT_AT,Assistant Master at,EDCT_111,,,1917,1918,1917-1918,,EDC_1918_7; EDC_1917_5,FALSE,FALSE
EDCPT_7789,PRESENT_AT,Assistant Master at,EDCT_137,,,1917,1918,1917-1918,,EDC_1918_21; EDC_1917_16,FALSE,FALSE
EDCPT_10335,PRESENT_AT,Assistant Master at,EDCT_168,,,1914,1918,1914-1918,,EDC_1918_89; EDC_1917_68; EDC_1916_76; EDC_1914_23,FALSE,FALSE
EDCPT_11922,PRESENT_AT,Assistant Master at,EDCT_180,,,1914,1918,1914-1918,,EDC_1917_109; EDC_1918_140; EDC_1914_36,FALSE,FALSE
EDCPT_10835,PRESENT_AT,Assistant Master at,EDCT_214,,,1918,1920,1918-1920,,EDC_1920_123; EDC_1918_105,FALSE,FALSE
EDCPT_7622,PRESENT_AT,Assistant Master at,EDCT_214,,,1916,1920,1916-1920,,EDC_1916_15,FALSE,FALSE
EDCPT_10456,PRESENT_AT,Assistant Master at,EDCT_219,,,1914,1916,1914-1916,,EDC_1914_23; EDC_1916_79,FALSE,FALSE
EDCPT_7940,PRESENT_AT,Assistant Master at,EDCT_219,,,1916,1920,1916-1920,,EDC_1916_22,FALSE,FALSE
EDCPT_12194,PRESENT_AT,Assistant Master at,EDCT_232,,,1917,1920,1917-1920,,EDC_1920_167; EDC_1917_115; EDC_1918_148,FALSE,FALSE
EDCPT_7589,PRESENT_AT,Assistant Master at,EDCT_244,,,1917,1918,1917-1918,,EDC_1918_17; EDC_1917_14,FALSE,FALSE
EDCPT_9236,PRESENT_AT,Assistant Master at,EDCT_281,,,1916,1918,1916-1918,,EDC_1917_47; EDC_1918_61; EDC_1916_51,FALSE,FALSE
EDCPT_9654,PRESENT_AT,Assistant Master at,EDCT_281,,,1916,1920,1916-1920,,EDC_1920_82; EDC_1918_73; EDC_1916_60,FALSE,FALSE
EDCPT_10311,PRESENT_AT,Assistant Master at,EDCT_312,,,1916,,1916-,,EDC_1916_75,FALSE,FALSE
EDCPT_10374,PRESENT_AT,Assistant Master at,EDCT_330,,,1917,,1917-,,EDC_1917_69,FALSE,FALSE
EDCPT_8615,PRESENT_AT,Assistant Master at,EDCT_331,,,1916,1918,1916-1918,,EDC_1916_38,FALSE,FALSE
EDCPT_10273,PRESENT_AT,Assistant Master at,EDCT_482,,,1916,,1916-,,EDC_1916_74,FALSE,FALSE
EDCPT_10597,PRESENT_AT,Assistant Master at,EDCT_482,,,1916,1917,1916-1917,,EDC_1917_74; EDC_1916_82,FALSE,FALSE
EDCPT_10301,PRESENT_AT,Assistant Master at,EDCT_506,,,1917,,1917-,,EDC_1917_67,FALSE,FALSE
EDCPT_8126,PRESENT_AT,Assistant Master at,EDCT_518,,,1916,1918,1916-1918,,EDC_1918_30; EDC_1917_23; EDC_1916_27,FALSE,FALSE
EDCPT_9217,PRESENT_AT,Assistant Master at,EDCT_539,,,1917,1918,1917-1918,,EDC_1918_61 ; EDC_1917_47,FALSE,FALSE
EDCPT_10009,PRESENT_AT,Assistant Master at,EDCT_638,,,1914,,1914-,,EDC_1914_19,FALSE,FALSE
EDCPT_10377,PRESENT_AT,Assistant Master at,EDCT_638,,,1914,,1914-,,EDC_1914_23,FALSE,FALSE
EDCPT_10140,PRESENT_AT,Assistant Master at,EDCT_670,,,1916,,1916-,,EDC_1916_71,FALSE,FALSE
EDCPT_10024,PRESENT_AT,Assistant Master at,EDCT_717,,,1914,,1914-,,EDC_1914_20,FALSE,FALSE
EDCPT_10042,PRESENT_AT,Assistant Master at,EDCT_962,,,1916,,1916-,,EDC_1916_69,FALSE,FALSE
EDCPT_8725,PRESENT_AT,Assistant Master at,EDCT_962,,,1917,1918,1917-1918,,EDC_1918_47; EDC_1917_36,FALSE,FALSE
EDCPT_10284,PRESENT_AT,Assistant Mistress,EDCT_004,,,1914,,1914-,,EDC_1914_22,FALSE,FALSE
EDCPT_7107,PRESENT_AT,Assistant Mistress,EDCT_027,,,1917,1918,1917-1918,,EDC_1918_3; EDC_1917_2,FALSE,FALSE
EDCPT_11435,PRESENT_AT,Assistant Mistress,EDCT_028,,,1917,1920,1917-1920,,EDC_1920_142; EDC_1918_123;EDC_1917_94,FALSE,FALSE
EDCPT_10474,PRESENT_AT,Assistant Mistress,EDCT_039,,,1917,1920,1917-1920,,EDC_1920_110; EDC_1918_94; EDC_1917_72,FALSE,FALSE
EDCPT_10378,PRESENT_AT,Assistant Mistress,EDCT_052,,,1914,,1914-,,EDC_1914_23,FALSE,FALSE
EDCPT_10160,PRESENT_AT,Assistant Mistress,EDCT_059,,,1914,,1914-,,EDC_1914_21,FALSE,FALSE
EDCPT_10786,PRESENT_AT,Assistant Mistress,EDCT_127,,,1918,1920,1918-1920,,EDC_1920_121; EDC_1918_103,FALSE,FALSE
EDCPT_10442,PRESENT_AT,Assistant Mistress,EDCT_252,,,1917,1920,1917-1920,,EDC_1920_115; EDC_1917_70,FALSE,FALSE
EDCPT_11003,PRESENT_AT,Assistant Mistress,EDCT_312,,,1917,1918,1917-1918,,EDC_1917_85; EDC_1918_111,FALSE,FALSE
EDCPT_10924,PRESENT_AT,Assistant Mistress,EDCT_329,,,1917,1918,1917-1918,,EDC_1917_83; EDC_1918_108,FALSE,FALSE
EDCPT_8613,PRESENT_AT,Assistant Mistress,EDCT_330,,,1916,1920,1916-1920,,EDC_1920_52; EDC_1917_34; EDC_1916_38,FALSE,FALSE
EDCPT_11302,PRESENT_AT,Assistant Mistress,EDCT_346,,,1918,1920,1918-1920,,EDC_1920_138; EDC_1918_119,FALSE,FALSE
EDCPT_10292,PRESENT_AT,Assistant Mistress,EDCT_435,,,1914,,1914-,,EDC_1914_22,FALSE,FALSE
EDCPT_10810,PRESENT_AT,Assistant mistress,EDCT_562,,,1917,1918,1917-1918,"Professor of English, history",EDC_1917_80; EDC_1918_104,FALSE,FALSE
EDCPT_10076,PRESENT_AT,Assistant Mistress,EDCT_875,,,1914,,1914-,,EDC_1914_20,FALSE,FALSE
EDCPT_10376,PRESENT_AT,Assistant Mistress,EDCT_875,,,1914,,1914-,,EDC_1914_23,FALSE,FALSE
EDCPT_10564,PRESENT_AT,Assistant Mistress,EDCT_876,,,1914,,1914-,,EDC_1914_24,FALSE,FALSE
EDCPT_9241,PRESENT_AT,Assistant Mistress at,EDCT_003,,,1916,1920,1916-1920,Not the school's namesake,EDC_1920_69; EDC_1916_51,FALSE,FALSE
EDCPT_9346,PRESENT_AT,Assistant Mistress at,EDCT_003,,,1916,1918,1916-1918,,EDC_1917_50; EDC_1918_64; EDC_1916_54,FALSE,FALSE
EDCPT_8793,PRESENT_AT,Assistant Mistress at,EDCT_010,,,1917,1918,1917-1918,,EDC_1918_50; EDC_1917_38,FALSE,FALSE
EDCPT_12001,PRESENT_AT,Assistant Mistress at,EDCT_021,,,1917,1918,1917-1918,,EDC_1917_111; EDC_1918_143,FALSE,FALSE
EDCPT_7193,PRESENT_AT,Assistant Mistress at,EDCT_021,,,1917,1918,1917-1918,,EDC_1918_5; EDC_1917_5,FALSE,FALSE
EDCPT_8161,PRESENT_AT,Assistant Mistress at,EDCT_021,,,1916,1918,1916-1918,,EDC_1918_31; EDC_1917_23; EDC_1916_28;EDC_1914_8,FALSE,FALSE
EDCPT_10215,PRESENT_AT,Assistant Mistress at,EDCT_022,,,1918,,1918-,,EDC_1918_86,FALSE,FALSE
EDCPT_10558,PRESENT_AT,Assistant Mistress at,EDCT_022,,,1918,,1918-,,EDC_1918_96,FALSE,FALSE
EDCPT_10577,PRESENT_AT,Assistant Mistress at,EDCT_022,,,1920,,1920-,,EDC_1920_113,FALSE,FALSE
EDCPT_10740,PRESENT_AT,Assistant Mistress at,EDCT_022,,,1917,1918,1917-1918,,EDC_1918_102; EDC_1917_78,FALSE,FALSE
EDCPT_10058,PRESENT_AT,Assistant Mistress at,EDCT_027,,,1916,1920,1916-1920,On furlough in 1916,EDC_1920_95; EDC_1918_81; EDC_1917_62; EDC_1916_69,FALSE,FALSE
EDCPT_10376,PRESENT_AT,Assistant Mistress at,EDCT_027,,,1916,,1916-,,EDC_1916_77,FALSE,FALSE
EDCPT_10671,PRESENT_AT,Assistant Mistress at,EDCT_027,,,1917,1918,1917-1918,,EDC_1918_99; EDC_1917_76,FALSE,FALSE
EDCPT_10682,PRESENT_AT,Assistant Mistress at,EDCT_028,,,1914,1918,1914-1918,,EDC_1917_76; EDC_1914_25,FALSE,FALSE
EDCPT_10683,PRESENT_AT,Assistant mistress at,EDCT_028,,,1917,1918,1917-1918,,EDC_1918_100; EDC_1917_76,FALSE,FALSE
EDCPT_10576,PRESENT_AT,Assistant Mistress at,EDCT_039,,,1918,,1918-,,EDC_1918_96,FALSE,FALSE
EDCPT_10861,PRESENT_AT,Assistant Mistress at,EDCT_039,,,1917,1918,1917-1918,Professor of Physics,EDC_1917_81; EDC_1918_106,FALSE,FALSE
EDCPT_11045,PRESENT_AT,Assistant Mistress at,EDCT_039,,,1918,1920,1918-1920,,EDC_1920_80; EDC_1918_112,FALSE,FALSE
EDCPT_11157,PRESENT_AT,Assistant Mistress at,EDCT_039,,,1918,1920,1918-1920,,EDC_1920_134; EDC_1918; 116;EDC_1917_89,FALSE,FALSE
EDCPT_11860,PRESENT_AT,Assistant Mistress at,EDCT_039,,,1914,1917,1914-1917,,EDC_1917_107; EDC_1914_35,FALSE,FALSE
EDCPT_10128,PRESENT_AT,Assistant Mistress at,EDCT_045,,,1916,1918,1916-1918,,EDC_1918_83; EDC_1917_63; EDC_1916_71,FALSE,FALSE
EDCPT_11360,PRESENT_AT,Assistant Mistress at,EDCT_045,,,1917,1918,1917-1918,,EDC_1918_120;EDC_1917_93,FALSE,FALSE
EDCPT_10256,PRESENT_AT,Assistant Mistress at,EDCT_052,,,1916,1920,1916-1920,,EDC_1920_101; EDC_1918_86; EDC_1917_66; EDC_1916_73,FALSE,FALSE
EDCPT_9115,PRESENT_AT,Assistant Mistress at,EDCT_052,,,1917,1918,1917-1918,,EDC_1918_58 ; EDC_1917_45,FALSE,FALSE
EDCPT_10698,PRESENT_AT,Assistant Mistress at,EDCT_061,,,1918,1920,1918-1920,,EDC_1920_118; EDC_1918_100,FALSE,FALSE
EDCPT_10372,PRESENT_AT,Assistant Mistress at,EDCT_064,,,1916,1917,1916-1917,,EDC_1917_69; EDC_1916_77,FALSE,FALSE
EDCPT_9430,PRESENT_AT,Assistant Mistress at,EDCT_064,,,1917,1918,1917-1918,,EDC_1917_52; EDC_1918_67,FALSE,FALSE
EDCPT_10555,PRESENT_AT,Assistant Mistress at,EDCT_077,,,1920,,1920-,,EDC_1920_112,FALSE,FALSE
EDCPT_10013,PRESENT_AT,Assistant Mistress at,EDCT_088,,,1914,,1914-,,EDC_1914_20,FALSE,FALSE
EDCPT_10195,PRESENT_AT,Assistant Mistress at,EDCT_088,,,1917,1920,1917-1920,,EDC_1920_100; EDC_1918_85; EDC_1917_65,FALSE,TRUE
EDCPT_10195,PRESENT_AT,Assistant Mistress at,EDCT_088,,,1914,,1914-,,EDC_1914_21,FALSE,TRUE
EDCPT_7288,PRESENT_AT,Assistant Mistress at,EDCT_099,,,1917,1920,1917-1920,,EDC_1920_10; EDC_1918_8; EDC_1917_7,FALSE,FALSE
EDCPT_11862,PRESENT_AT,Assistant Mistress at,EDCT_108,,,1917,1920,1917-1920,,EDC_1920_156; EDC_1917_107; EDC_1918_137,FALSE,FALSE
EDCPT_10422,PRESENT_AT,Assistant Mistress at,EDCT_125,,,1916,,1916-,,EDC_1916_78,FALSE,FALSE
EDCPT_10613,PRESENT_AT,Assistant Mistress at,EDCT_125,,,1918,,1918-,,EDC_1918_97,FALSE,FALSE
EDCPT_8844,PRESENT_AT,Assistant Mistress at,EDCT_131,,,1916,1917,1916-1917,,EDC_1917_39; EDC_1916_44,FALSE,FALSE
EDCPT_9438,PRESENT_AT,Assistant Mistress at,EDCT_138,,,1917,1918,1917-1918,,EDC_1917_52; EDC_1918_67,FALSE,FALSE
EDCPT_9949,PRESENT_AT,Assistant Mistress at,EDCT_161,,,1916,1920,1916-1920,,EDC_1920_92; EDC_1918_79; EDC_1916_66,FALSE,FALSE
EDCPT_10420,PRESENT_AT,Assistant Mistress at,EDCT_213,,,1917,1918,1917-1918,,EDC_1918_91; EDC_1917_70,FALSE,FALSE
EDCPT_10289,PRESENT_AT,Assistant Mistress at,EDCT_249,,,1916,,1916-,,EDC_1916_74,FALSE,FALSE
EDCPT_7890,PRESENT_AT,Assistant Mistress at,EDCT_249,,,1916,1918,1916-1918,,EDC_1916_21,FALSE,TRUE
EDCPT_7890,PRESENT_AT,Assistant Mistress at,EDCT_249,,,1917,1918,1917-1918,,EDC_1918_24; EDC_1917_18,FALSE,TRUE
EDCPT_10503,PRESENT_AT,Assistant Mistress at,EDCT_251,,,1916,,1916-,,EDC_1916_80,FALSE,FALSE
EDCPT_10600,PRESENT_AT,Assistant Mistress at,EDCT_251,,,1916,1920,1916-1920,,EDC_1920_113; EDC_1918_97; EDC_1917_74; EDC_1916_82,FALSE,FALSE
EDCPT_10713,PRESENT_AT,Assistant Mistress at,EDCT_251,,,1917,1920,1917-1920,,EDC_1920_118; EDC_1918_101; EDC_1917_77,FALSE,FALSE
EDCPT_10405,PRESENT_AT,Assistant Mistress at,EDCT_252,,,1916,1917,1916-1917,,EDC_1917_69; EDC_1916_78,FALSE,FALSE
EDCPT_10811,PRESENT_AT,Assistant mistress at,EDCT_252,,,1917,1918,1917-1918,Teacher of English,EDC_1917_80; EDC_1918_104,FALSE,FALSE
EDCPT_10267,PRESENT_AT,Assistant Mistress at,EDCT_254,,,1917,1918,1917-1918,,EDC_1918_87,FALSE,FALSE
EDCPT_10549,PRESENT_AT,Assistant Mistress at,EDCT_254,,,1918,,1918-,,EDC_1918_95,FALSE,FALSE
EDCPT_8611,PRESENT_AT,Assistant Mistress at,EDCT_254,,,1916,1918,1916-1918,,EDC_1918_44; EDC_1916_38,FALSE,FALSE
EDCPT_11356,PRESENT_AT,Assistant Mistress at,EDCT_255,,,1916,1920,1916-1920,,EDC_1920_140; EDC_1916_101,FALSE,FALSE
EDCPT_10339,PRESENT_AT,Assistant Mistress at,EDCT_258,,,1918,1920,1918-1920,,EDC_1920_104; EDC_1918_89,FALSE,FALSE
EDCPT_7591,PRESENT_AT,Assistant Mistress at,EDCT_271,,,1917,1918,1917-1918,,EDC_1918_16; EDC_1917_13,FALSE,FALSE
EDCPT_10170,PRESENT_AT,Assistant Mistress at,EDCT_281,,,1918,,1918-,,EDC_1918_85,FALSE,FALSE
EDCPT_9546,PRESENT_AT,Assistant Mistress at,EDCT_290,,,1916,1920,1916-1920,,EDC_1920_79; EDC_1918_70; EDC_1917_55; EDC_1916_58,FALSE,FALSE
EDCPT_10704,PRESENT_AT,Assistant Mistress at,EDCT_346,,,1917,1920,1917-1920,,EDC_1920_118; EDC_1918_100; EDC_1917_77,FALSE,FALSE
EDCPT_8758,PRESENT_AT,Assistant Mistress at,EDCT_346,,,1916,1920,1916-1920,,EDC_1920_56; EDC_1918_48; EDC_1917_37; EDC_1916_41,FALSE,FALSE
EDCPT_9223,PRESENT_AT,Assistant Mistress at,EDCT_346,,,1916,1920,1916-1920,,EDC_1920_68 ; EDC_1917_47; EDC_1916_51,FALSE,FALSE
EDCPT_9584,PRESENT_AT,Assistant Mistress at,EDCT_399,,,1916,1918,1916-1918,,EDC_1918_71; EDC_1916_58,FALSE,FALSE
EDCPT_10343,PRESENT_AT,Assistant Mistress at,EDCT_469,,,1918,,1918-,,EDC_1918_79,FALSE,FALSE
EDCPT_10346,PRESENT_AT,Assistant Mistress at,EDCT_469,,,1918,,1918-,,EDC_1918_35,FALSE,FALSE
EDCPT_10347,PRESENT_AT,Assistant Mistress at,EDCT_469,,,1918,,1918-,,EDC_1918_35,FALSE,FALSE
EDCPT_11803,PRESENT_AT,Assistant Mistress at,EDCT_482,,,1917,1918,1917-1918,,EDC_1917_105; EDC_1918_135,FALSE,FALSE
EDCPT_8435,PRESENT_AT,Assistant Mistress at,EDCT_523,,,1917,1918,1917-1918,,EDC_1918_39; EDC_1917_29,FALSE,FALSE
EDCPT_8743,PRESENT_AT,Assistant Mistress at,EDCT_531,,,1916,1918,1916-1918,,EDC_1918_49; EDC_1917_37; EDC_1916_41,FALSE,FALSE
EDCPT_8976,PRESENT_AT,Assistant Mistress at,EDCT_543,,,1916,1918,1916-1918,,EDC_1918_55,FALSE,FALSE
EDCPT_10329,PRESENT_AT,Assistant Mistress at,EDCT_582,,,1914,,1914-,,EDC_1914_22,FALSE,FALSE
EDCPT_8685,PRESENT_AT,Assistant Mistress at,EDCT_583,,,1916,1918,1916-1918,,EDC_1918_47; EDC_1917_35; EDC_1916_40,FALSE,FALSE
EDCPT_10310,PRESENT_AT,Assistant Mistress at,EDCT_591,,,1916,,1916-,,EDC_1916_75,FALSE,FALSE
EDCPT_10655,PRESENT_AT,Assistant Mistress at,EDCT_591,,,1917,1918,1917-1918,,EDC_1918_99; EDC_1917_75,FALSE,FALSE
EDCPT_7301,PRESENT_AT,Assistant Mistress at,EDCT_600,,,1916,1918,1916-1918,,EDC_1916_07,FALSE,FALSE
EDCPT_10340,PRESENT_AT,Assistant Mistress at,EDCT_906,,,1916,,1916-,,EDC_1916_76,FALSE,FALSE
EDCPT_10093,PRESENT_AT,Assistant Mistress in,EDCT_449,,,1916,,1916-,,EDC_1916_70,FALSE,FALSE
EDCPT_11582,PRESENT_AT,Assistant Mistress in,EDCT_531,,,1917,1918,1917-1918,,EDC_1918_128;EDC_1917_99,FALSE,FALSE
EDCPT_10096,PRESENT_AT,Assistant Mistress in,EDCT_788,,,1916,,1916-,,EDC_1916_70,FALSE,FALSE
EDCPT_7062,PRESENT_AT,Assistant Mstress at,EDCT_416,,,1916,1918,1916-1918,,EDC_1916_02,FALSE,FALSE
EDCPT_11652,PRESENT_AT,Assistant Principal,EDCT_107,,,1917,1920,1917-1920,"Listed as ""Prinicpal"" in 1918",EDC_1920_149; EDC_1917_101; EDC_1918_130,FALSE,FALSE
EDCPT_10552,PRESENT_AT,Assistant Principal at,EDCT_010,,,1920,,1920-,,EDC_1920_112,FALSE,FALSE
EDCPT_7247,PRESENT_AT,Assistant Principal at,EDCT_059,,,1916,1918,1916-1918,,EDC_1916_06,FALSE,TRUE
EDCPT_7247,PRESENT_AT,Assistant Principal at,EDCT_059,,,1917,1918,1917-1918,,EDC_1918_7; EDC_1917_6,FALSE,TRUE
EDCPT_10684,PRESENT_AT,Assistant Principal at,EDCT_106,,,1917,1920,1917-1920,,EDC_1920_117; EDC_1918_100; EDC_1917_76,FALSE,FALSE
EDCPT_8049,PRESENT_AT,Assistant Principal at,EDCT_106,,,1916,1918,1916-1918,,EDC_1916_24,FALSE,FALSE
EDCPT_10995,PRESENT_AT,Assistant Principal at,EDCT_290,,,1917,1918,1917-1918,,EDC_1917_85; EDC_1918_111,FALSE,FALSE
EDCPT_10666,PRESENT_AT,Assistant Principal at,EDCT_486,,,1918,1920,1918-1920,,EDC_1920_116; EDC_1918_99,FALSE,FALSE
EDCPT_10150,PRESENT_AT,Assistant Principal at,EDCT_752,,,1916,1917,1916-1917,,EDC_1917_64; EDC_1916_72,FALSE,FALSE
EDCPT_10737,PRESENT_AT,Assistant Professor at,EDCT_053,,,1917,1920,1917-1920,,EDC_1920_119; EDC_1918_102; EDC_1917_79,FALSE,FALSE
EDCPT_11020,PRESENT_AT,Assistant professor at,EDCT_238,,,1914,1917,1914-1917,,EDC_1917_85; EDC_1914_28,FALSE,FALSE
EDCPT_10424,PRESENT_AT,Assistant Professor at,EDCT_465,,,1916,1917,1916-1917,,EDC_1917_70; EDC_1916_78,FALSE,FALSE
EDCPT_8305,PRESENT_AT,Assistant Professor at,EDCT_581,,,1916,1917,1916-1917,,EDC_1917_26; EDC_1916_31,FALSE,FALSE
EDCPT_8456,PRESENT_AT,Assistant Superintendent at,EDCT_321,,,1917,1918,1917-1918,,EDC_1918_40; EDC_1920_48; EDC_1917_30,FALSE,FALSE
EDCPT_9080,PRESENT_AT,Assistant Teacher at,EDCT_067,,,1916,1918,1916-1918,,EDC_1918_57; EDC_1916_48,FALSE,FALSE
EDCPT_10228,PRESENT_AT,Assistant Teacher at,EDCT_173,,,1916,1918,1916-1918,,EDC_1918_86; EDC_1917_65; EDC_1916_73,FALSE,FALSE
EDCPT_8709,PRESENT_AT,Assistant Teacher at,EDCT_579,,,1917,1918,1917-1918,she may have worked in 2 schools at the same time,EDC_1916_40;EDC_1914_12,FALSE,FALSE
EDCPT_10242,PRESENT_AT,Assistnat Mistress at,EDCT_875,,,1914,,1914-,,EDC_1914_22,FALSE,FALSE
EDCPT_10288,PRESENT_AT,Associate Professor at,EDCT_054,,,1916,,1916-,,EDC_1916_74,FALSE,FALSE
EDCPT_8651,PRESENT_AT,Associate Professor at,EDCT_054,,,1916,1918,1916-1918,,EDC_1918_45; EDC_1917_34; EDC_1916_39,FALSE,FALSE
EDCPT_10826,PRESENT_AT,Board of Trustees and Instructor at,EDCT_314,,,1917,1920,1917-1920,,EDC_1920_122;EDC_1917_80,FALSE,FALSE
EDCPT_10649,PRESENT_AT,Bursar and Superintendent at,EDCT_054,,,1914,1920,1914-1920,,EDC_1920_115; EDC_1918_99; EDC_1917_75; EDC_1914_25,FALSE,FALSE
EDCPT_7783,PRESENT_AT,Bursar at,EDCT_085,,,1917,1918,1917-1918,,EDC_1918_21; EDC_1917_16,FALSE,FALSE
EDCPT_11071,PRESENT_AT,Chair at,EDCT_180,,,1914,1917,1914-1917,Chair of Bible,EDC_1917_87; EDC_1914_28,FALSE,FALSE
EDCPT_10878,PRESENT_AT,Chair of Sociology and Economics at,EDCT_061,,,1918,1920,1918-1920,,EDC_1920_124; EDC_1918_107,FALSE,FALSE
EDCPT_10477,PRESENT_AT,Chairman of the Committee at,EDCT_257,,,1917,1918,1917-1918,,EDC_1917_71,FALSE,FALSE
EDCPT_10126,PRESENT_AT,Chancellor at,EDCT_053,,,1914,1918,1914-1918,,EDC_1918_83; EDC_1917_63; EDC_1916_71; EDC_1914_21,FALSE,FALSE
EDCPT_8990,PRESENT_AT,Chancellor Department of Letters at,EDCT_465,,,1916,1918,1916-1918,,EDC_1917_42; EDC_1918_55; EDC_1916_47,FALSE,FALSE
EDCPT_10838,PRESENT_AT,Co-Principal at,EDCT_336,,,1917,1920,1917-1920,,EDC_1920_123; EDC_1918_105;EDC_1917_80,FALSE,FALSE
EDCPT_11591,PRESENT_AT,Dean and Head of Middle School,EDCT_109,,,1914,1920,1914-1920,,EDC_1920_147; EDC_1918_128;EDC_1917_99; EDC_1914_32,FALSE,FALSE
EDCPT_11735,PRESENT_AT,Dean and Professor at,EDCT_053,,,1914,1920,1914-1920,,EDC_1920_152; EDC_1917_103; EDC_1918_132; EDC_1914_34,FALSE,FALSE
EDCPT_11958,PRESENT_AT,Dean at,EDCT_053,,,1918,1920,1918-1920,Dean of Faculty of Arts,EDC_1920_160; EDC_1918_141,FALSE,FALSE
EDCPT_9435,PRESENT_AT,Dean at,EDCT_054,,,1917,1918,1917-1918,,EDC_1917_52; EDC_1918_67,FALSE,FALSE
EDCPT_10707,PRESENT_AT,Dean at,EDCT_057,,,1918,1920,1918-1920,,EDC_1920_118; EDC_1918_100,FALSE,FALSE
EDCPT_10878,PRESENT_AT,Dean at,EDCT_061,,,1918,1920,1918-1920,,EDC_1920_124; EDC_1918_107,FALSE,FALSE
EDCPT_11411,PRESENT_AT,Dean at,EDCT_068,,,1917,1920,1917-1920,,EDC_1920_141; EDC_1918_122;EDC_1917_94,FALSE,FALSE
EDCPT_10416,PRESENT_AT,Dean at,EDCT_075,,,1917,1920,1917-1920,,EDC_1920_107; EDC:1918_91; EDC_1917_70,FALSE,FALSE
EDCPT_9932,PRESENT_AT,Dean at,EDCT_078,,,1917,1918,1917-1918,,EDC_1918_78; EDC_1917_60,FALSE,FALSE
EDCPT_10435,PRESENT_AT,Dean at,EDCT_085,,,1918,1920,1918-1920,,EDC_1920_108; EDC_1918_92,FALSE,FALSE
EDCPT_10662,PRESENT_AT,Dean at,EDCT_085,,,1918,1920,1918-1920,,EDC_1920_116; EDC_1918_99,FALSE,FALSE
EDCPT_8632,PRESENT_AT,Dean at,EDCT_085,,,1916,1920,1916-1920,,EDC_1916_38,FALSE,FALSE
EDCPT_10715,PRESENT_AT,Dean at,EDCT_093,,,1917,1920,1917-1920,,EDC_1920_118; EDC_1918_101; EDC_1917_77,FALSE,FALSE
EDCPT_7341,PRESENT_AT,Dean at,EDCT_109,,,1916,1920,1916-1920,,EDC_1916_08,FALSE,FALSE
EDCPT_9503,PRESENT_AT,Dean at,EDCT_163,,,1916,1917,1916-1917,,EDC_1917_54; EDC_1916_57,FALSE,FALSE
EDCPT_8488,PRESENT_AT,Dean at,EDCT_168,,,1917,1918,1917-1918,,EDC_1918_41; EDC_1917_31,FALSE,TRUE
EDCPT_8488,PRESENT_AT,Dean at,EDCT_168,,,1916,1920,1916-1920,,EDC_1916_36,FALSE,TRUE
EDCPT_8583,PRESENT_AT,Dean at,EDCT_196,,,1917,1918,1917-1918,,EDC_1918_43; EDC_1917_33,FALSE,FALSE
EDCPT_9696,PRESENT_AT,Dean at,EDCT_196,,,1916,1917,1916-1917,,EDC_1917_57; EDC_1916_62,FALSE,FALSE
EDCPT_10311,PRESENT_AT,Dean at,EDCT_312,,,1917,,1917-,,EDC_1917_67,FALSE,FALSE
EDCPT_10968,PRESENT_AT,Dean at,EDCT_314,,,1918,1920,1918-1920,,EDC_1920_127; EDC_1918_110,FALSE,FALSE
EDCPT_12108,PRESENT_AT,Dean at,EDCT_447,,,1914,1920,1914-1920,On furlough after July in 1918,EDC_1920_165; EDC_1917_113; EDC_1918_145; EDC_1914_37,FALSE,FALSE
EDCPT_10403,PRESENT_AT,Dean at,EDCT_918,,,1914,,1914-,,EDC_1914_23,FALSE,FALSE
EDCPT_9670,PRESENT_AT,Dean of,EDCT_071,,,1916,1920,1916-1920,,EDC_1920_83; EDC_1918_73; EDC_1916_61,FALSE,FALSE
EDCPT_10403,PRESENT_AT,Dean of,EDCT_238,,,1916,,1916-,,EDC_1916_77,FALSE,FALSE
EDCPT_10949,PRESENT_AT,Dean of Department at,EDCT_011,,,1914,1917,1914-1917,,EDC_1917_83; EDC_1914_28,FALSE,FALSE
EDCPT_10229,PRESENT_AT,Dean of Department at,EDCT_061,,,1914,,1914-,,EDC_1914_22,FALSE,FALSE
EDCPT_11480,PRESENT_AT,Dean of Middle School in,EDCT_540,,,1917,1918,1917-1918,15 years exp.,EDC_1918_124;EDC_1917_96,FALSE,FALSE
EDCPT_10153,PRESENT_AT,Dean of Pennsylvania Medical School Dept. at,EDCT_085,,,1916,1920,1916-1920,,EDC_1920_99; EDC_1916_72,FALSE,FALSE
EDCPT_11530,PRESENT_AT,Dean of the English Department at,EDCT_703,,,1917,1918,1917-1918,,EDC_1918_126;EDC_1917_97,FALSE,FALSE
EDCPT_10255,PRESENT_AT,Dean of the Faculty of Engineering at,EDCT_053,,,1916,,1916-,,EDC_1916_73,FALSE,FALSE
EDCPT_10154,PRESENT_AT,Dietitian at,EDCT_447,,,1920,,1920-,,EDC_1920_99,FALSE,FALSE
EDCPT_8269,PRESENT_AT,Directeur at,EDCT_029,,,1917,1918,1917-1918,,EDC_1918_34; EDC_1917_26,FALSE,FALSE
EDCPT_10177,PRESENT_AT,Director and Head of Department of Medicine,EDCT_447,,,1920,,1920-,,EDC_1920_100,FALSE,FALSE
EDCPT_10394,PRESENT_AT,Director and Instructor at,EDCT_094,,,1920,,1920-,,EDC_1920_106,FALSE,FALSE
EDCPT_10553,PRESENT_AT,Director at,EDCT_040,,,1916,1917,1916-1917,,EDC_1917_73,FALSE,FALSE
EDCPT_10554,PRESENT_AT,Director at,EDCT_040,,,1918,,1918-,,EDC_1918_95,FALSE,FALSE
EDCPT_8485,PRESENT_AT,Director at,EDCT_040,,,1917,1918,1917-1918,,EDC_1918_41; EDC_1917_31,FALSE,FALSE
EDCPT_10545,PRESENT_AT,Director at,EDCT_070,,,1920,,1920-,,EDC_1920_112,FALSE,FALSE
EDCPT_8319,PRESENT_AT,Director at,EDCT_243,,,1917,1918,1917-1918,,EDC_1918_36; EDC_1917_27,FALSE,FALSE
EDCPT_10176,PRESENT_AT,Director at,EDCT_447,,,1918,1920,1918-1920,,EDC_1920_100; EDC_1918_85,FALSE,FALSE
EDCPT_8940,PRESENT_AT,Director at,EDCT_465,,,1916,1920,1916-1920,,EDC_1917_41; EDC_1920_61; EDC_1918_53; EDC_1916_46,FALSE,FALSE
EDCPT_8992,PRESENT_AT,Director at,EDCT_465,,,1917,1918,1917-1918,,EDC_1917_42; EDC_1918_55,FALSE,FALSE
EDCPT_8356,PRESENT_AT,Director at,EDCT_570,,,1916,1920,1916-1920,,EDC_1916_32,FALSE,FALSE
EDCPT_10115,PRESENT_AT,Director at,EDCT_788,,,1914,,1914-,,EDC_1914_21,FALSE,FALSE
EDCPT_11173,PRESENT_AT,Director of,EDCT_463,,,1917,1918,1917-1918,,EDC_1918_117;EDC_1917_89,FALSE,FALSE
EDCPT_10120,PRESENT_AT,Director of Lower Seminary at,EDCT_040,,,1916,,1916-,,EDC_1916_71,FALSE,FALSE
EDCPT_11200,PRESENT_AT,Director of Physical Education at,EDCT_602,,,1917,1918,1917-1918,,EDC_1918_117;EDC_1917_90,FALSE,FALSE
EDCPT_11600,PRESENT_AT,Director of Studies at,EDCT_557,,,1917,1918,1917-1918,,EDC_1918_128;EDC_1917_99,FALSE,FALSE
EDCPT_11942,PRESENT_AT,Directress at,EDCT_451,,,1918,1920,1918-1920,Directress of Music and Kindergarten,EDC_1920_159; EDC_1918_140,FALSE,FALSE
EDCPT_8802,PRESENT_AT,Educational Director at,EDCT_533,,,1917,1918,1917-1918,,EDC_1918_50; EDC_1917_38,FALSE,FALSE
EDCPT_8702,PRESENT_AT,Educational Secretary,EDCT_529,,,1916,1915,1916-1915,became principal in 1918,EDC_1916_40,FALSE,FALSE
EDCPT_10459,PRESENT_AT,Engineer at,EDCT_733,,,1916,,1916-,,EDC_1916_79,FALSE,FALSE
EDCPT_8632,PRESENT_AT,Formerly Dean at,EDCT_085,,,1916,1918,1916-1918,no 'formerly' listed in 1916 document,EDC_1918_44; EDC_1917_34; EDC_1916_38,FALSE,FALSE
EDCPT_7961,PRESENT_AT,Formerly Principal at,EDCT_447,,,1917,1918,1917-1918,,EDC_1918_26; EDC_1917_19,FALSE,FALSE
EDCPT_11641,PRESENT_AT,General Secretary at,EDCT_075,,,1914,1920,1914-1920,,EDC_1920_149; EDC_1917_101; EDC_1918_130; EDC_1914_33,FALSE,FALSE
EDCPT_11758,PRESENT_AT,General Secretary at,EDCT_155,,,1917,1920,1917-1920,,EDC_1920_153; EDC_1917_103; EDC_1918_133,FALSE,FALSE
EDCPT_11495,PRESENT_AT,General Secretary at,EDCT_199,,,1917,1920,1917-1920,,EDC_1920_143; EDC_1918_123;EDC_1917_95,FALSE,FALSE
EDCPT_11346,PRESENT_AT,General Secretary at,EDCT_430,,,1918,1920,1918-1920,,EDC_1920_139; EDC_1918_120;EDC_1917_92,FALSE,FALSE
EDCPT_10741,PRESENT_AT,General Secretary at,EDCT_501,,,1917,1920,1917-1920,,EDC_1920_119; EDC_1918_102; EDC_1917_78,FALSE,FALSE
EDCPT_7713,PRESENT_AT,Graduate of,EDCT_011,,,1920,1912,1920-1912,,EDC_1920_25,FALSE,FALSE
EDCPT_7753,PRESENT_AT,Graduate of,EDCT_034,,,1920,1917,1920-1917,,EDC_1920_26,FALSE,FALSE
EDCPT_7744,PRESENT_AT,Graduate of,EDCT_096,,,1918,1920,1918-1920,,EDC_1920_26; EDC_1918_20,FALSE,FALSE
EDCPT_8356,PRESENT_AT,Graduated from,EDCT_077,,,1898,1920,1898-1920,,EDC_1920_45,FALSE,FALSE
EDCPT_9737,PRESENT_AT,Graduated from,EDCT_085,,,1918,1920,1918-1920,,EDC_1920_85; EDC_1918_74,FALSE,FALSE
EDCPT_9741,PRESENT_AT,Graduated from,EDCT_085,,,1907,1920,1907-1920,,EDC_1920_85,FALSE,FALSE
EDCPT_9710,PRESENT_AT,Graduated from,EDCT_096,,,1916,1920,1916-1920,,EDC_1920_84,FALSE,FALSE
EDCPT_9338,PRESENT_AT,Graduated from,EDCT_314,,,1918,1920,1918-1920,,EDC_1920_71; EDC_1918_64,FALSE,FALSE
EDCPT_7744,PRESENT_AT,Head at,EDCT_147,,,1916,1920,1916-1920,,EDC_1916_18,FALSE,FALSE
EDCPT_10048,PRESENT_AT,Head at,EDCT_755,,,1914,,1914-,,EDC_1914_20,FALSE,FALSE
EDCPT_7456,PRESENT_AT,Head Master at,EDCT_962,,,1916,1917,1916-1917,,EDC_1916_11,FALSE,FALSE
EDCPT_10132,PRESENT_AT,Head Mistress at,EDCT_022,,,1914,,1914-,,EDC_1914_21,FALSE,FALSE
EDCPT_10672,PRESENT_AT,Head of Department at,EDCT_168,,,1918,1920,1918-1920,,EDC_1920_117; EDC_1918_99,FALSE,FALSE
EDCPT_10275,PRESENT_AT,Head of Dept. of Biology and Geology at,EDCT_061,,,1916,,1916-,,EDC_1916_74,FALSE,FALSE
EDCPT_10158,PRESENT_AT,Head of Kindergarten Dept. at,EDCT_400,,,1920,,1920-,,EDC_1920_99,FALSE,FALSE
EDCPT_10016,PRESENT_AT,Head of Mathematics Dept. at,EDCT_054,,,1914,1920,1914-1920,,EDC_1920_94; EDC_1918_80; EDC_1917_61; EDC_1916_68; EDC_1914_20,FALSE,FALSE
EDCPT_10185,PRESENT_AT,Head of Music Department at,EDCT_400,,,1918,,1918-,,EDC_1918_85,FALSE,FALSE
EDCPT_10992,PRESENT_AT,Head of the Departments of Psychology and Music,EDCT_289,,,1918,1920,1918-1920,,EDC_1920_128; EDC_1918_110,FALSE,FALSE
EDCPT_10176,PRESENT_AT,Head of the Dept. of Medicine,EDCT_447,,,1918,1920,1918-1920,,EDC_1920_100; EDC_1918_85,FALSE,FALSE
EDCPT_10127,PRESENT_AT,Head of the English Dept.,EDCT_178,,,1920,,1920-,,EDC_1920_98,FALSE,FALSE
EDCPT_10219,PRESENT_AT,Headmaster,EDCT_394,,,1920,,1920-,,EDC_1920_100,FALSE,FALSE
EDCPT_10901,PRESENT_AT,Headmaster,EDCT_620,,,1917,1918,1917-1918,,EDC_1917_82; EDC_1918_107,FALSE,FALSE
EDCPT_11572,PRESENT_AT,Headmaster and Missionary in Charge at,EDCT_414,,,1917,1920,1917-1920,,EDC_1920_147; EDC_1918_127;EDC_1917_98,FALSE,FALSE
EDCPT_10206,PRESENT_AT,Headmaster and Teacher at,EDCT_602,,,1914,,1914-,,EDC_1914_21,FALSE,FALSE
EDCPT_11563,PRESENT_AT,Headmaster at,EDCT_014,,,1914,1917,1914-1917,,EDC_1917_98; EDC_1914_32,FALSE,TRUE
EDCPT_11130,PRESENT_AT,Headmaster at,EDCT_039,,,1914,1917,1914-1917,,EDC_1917_88; EDC_1914_29,FALSE,TRUE
EDCPT_11130,PRESENT_AT,Headmaster at,EDCT_039,,,1918,1920,1918-1920,,EDC_1920_133; EDC_1918_115,FALSE,TRUE
EDCPT_10129,PRESENT_AT,Headmaster at,EDCT_045,,,1916,1920,1916-1920,,EDC_1920_98; EDC_1918_83; EDC_1917_63; EDC_1916_71,FALSE,FALSE
EDCPT_9225,PRESENT_AT,Headmaster at,EDCT_054,,,1917,1918,1917-1918,,EDC_1918_61 ; EDC_1917_47,FALSE,FALSE
EDCPT_10458,PRESENT_AT,Headmaster at,EDCT_085,,,1917,1920,1917-1920,,EDC_1920_108; EDC_1918_92,FALSE,FALSE
EDCPT_10161,PRESENT_AT,Headmaster at,EDCT_109,,,1914,,1914-,,EDC_1914_21,FALSE,FALSE
EDCPT_9831,PRESENT_AT,Headmaster at,EDCT_151,,,1918,1920,1918-1920,,EDC_1920_87; EDC_1918_76,FALSE,FALSE
EDCPT_10446,PRESENT_AT,Headmaster at,EDCT_200,,,1920,,1920-,,EDC_1920_108,FALSE,FALSE
EDCPT_10351,PRESENT_AT,Headmaster at,EDCT_232,,,1914,1920,1914-1920,,EDC_1920_105; EDC_1918_89; EDC_1917_68; EDC_1916_76; EDC_1914_23,FALSE,FALSE
EDCPT_10442,PRESENT_AT,Headmaster at,EDCT_252,,,1918,1920,1918-1920,,EDC_1920_113; EDC_1918_96,FALSE,FALSE
EDCPT_7948,PRESENT_AT,Headmaster at,EDCT_262,,,1916,1920,1916-1920,,EDC_1916_22,FALSE,FALSE
EDCPT_10064,PRESENT_AT,Headmaster at,EDCT_281,,,1916,1918,1916-1918,,EDC_1918_81; EDC_1917_62; EDC_1916_69,FALSE,FALSE
EDCPT_9096,PRESENT_AT,Headmaster at,EDCT_315,,,1917,1918,1917-1918,,EDC_1918_58; EDC_1917_44,FALSE,FALSE
EDCPT_10497,PRESENT_AT,Headmaster at,EDCT_325,,,1916,1917,1916-1917,(also listed as Superintendent),EDC_1917_72; EDC_1916_79,FALSE,FALSE
EDCPT_10663,PRESENT_AT,Headmaster at,EDCT_331,,,1917,1920,1917-1920,,EDC_1920_116; EDC_1918_99; EDC_1917_76,FALSE,FALSE
EDCPT_8738,PRESENT_AT,Headmaster at,EDCT_342,,,1916,1920,1916-1920,,EDC_1920_55; EDC_1918_47; EDC_1917_36; EDC_1916_41,FALSE,FALSE
EDCPT_10264,PRESENT_AT,Headmaster at,EDCT_379,,,1917,1918,1917-1918,,EDC_1918_87; EDC_1917_66,FALSE,FALSE
EDCPT_10219,PRESENT_AT,Headmaster at,EDCT_394,,,1918,1920,1918-1920,,EDC_1920_100; EDC_1918_86,FALSE,FALSE
EDCPT_9015,PRESENT_AT,Headmaster at,EDCT_432,,,1916,1920,1916-1920,,EDC_1920_62 ; EDC_1917_43; EDC_1918_55; EDC_1916_47,FALSE,FALSE
EDCPT_11850,PRESENT_AT,Headmaster at,EDCT_434,,,1917,1918,1917-1918,,EDC_1917_107; EDC_1918_137,FALSE,FALSE
EDCPT_10561,PRESENT_AT,Headmaster at,EDCT_437,,,1917,1920,1917-1920,,EDC_1920_112; EDC_1918_96; EDC_1917_73,FALSE,FALSE
EDCPT_10113,PRESENT_AT,Headmaster at,EDCT_445,,,1918,,1918-,,EDC_1918_83,FALSE,FALSE
EDCPT_10123,PRESENT_AT,Headmaster at,EDCT_445,,,1920,,1920-,,EDC_1920_98,FALSE,FALSE
EDCPT_7421,PRESENT_AT,Headmaster at,EDCT_445,,,1917,1918,1917-1918,,EDC_1918_13; EDC_1917_10,FALSE,FALSE
EDCPT_10987,PRESENT_AT,Headmaster at,EDCT_452,,,1918,1920,1918-1920,,EDC_1920_128; EDC_1918_110,FALSE,FALSE
EDCPT_7027,PRESENT_AT,Headmaster at,EDCT_467,,,1917,1918,1917-1918,,EDC_1918_1; EDC_1917_1,FALSE,FALSE
EDCPT_10626,PRESENT_AT,Headmaster at,EDCT_482,,,1917,1918,1917-1918,,EDC_1918_98; EDC_1917_75,FALSE,FALSE
EDCPT_10615,PRESENT_AT,Headmaster at,EDCT_485,,,1920,,1920-,,EDC_1920_114,FALSE,FALSE
EDCPT_11562,PRESENT_AT,Headmaster at,EDCT_490,,,1917,1920,1917-1920,,EDC_1920_146; EDC_1918_127;EDC_1917_98,FALSE,FALSE
EDCPT_7639,PRESENT_AT,Headmaster at,EDCT_498,,,1916,1918,1916-1918,,EDC_1916_16,FALSE,FALSE
EDCPT_10842,PRESENT_AT,Headmaster at,EDCT_509,,,1918,1920,1918-1920,,EDC_1920_123; EDC_1918_105,FALSE,FALSE
EDCPT_10241,PRESENT_AT,Headmaster at,EDCT_531,,,1917,1918,1917-1918,,EDC_1918_86; EDC_1917_65,FALSE,FALSE
EDCPT_10079,PRESENT_AT,Headmaster at,EDCT_535,,,1917,1918,1917-1918,,EDC_1918_82; EDC_1917_62,FALSE,FALSE
EDCPT_9019,PRESENT_AT,Headmaster at,EDCT_546,,,1917,1918,1917-1918,,EDC_1918_56 ; EDC_1917_43,FALSE,FALSE
EDCPT_9794,PRESENT_AT,Headmaster at,EDCT_572,,,1916,1917,1916-1917,,EDC_1917_58; EDC_1916_63,FALSE,FALSE
EDCPT_11964,PRESENT_AT,Headmaster at,EDCT_595,,,1917,1918,1917-1918,,EDC_1917_110; EDC_1918_141,FALSE,FALSE
EDCPT_7957,PRESENT_AT,Headmaster at,EDCT_597,,,1916,1917,1916-1917,,EDC_1916_22,FALSE,TRUE
EDCPT_7938,PRESENT_AT,Headmaster at,EDCT_643,,,1916,1917,1916-1917,,EDC_1916_22,FALSE,FALSE
EDCPT_10219,PRESENT_AT,Headmaster at,EDCT_964,,,1914,,1914-,,EDC_1914_21,FALSE,FALSE
EDCPT_11400,PRESENT_AT,Headmaster of,EDCT_012,,,1914,1918,1914-1918,,EDC_1918_121;EDC_1917_93; EDC_1914_31,FALSE,FALSE
EDCPT_9552,PRESENT_AT,Headmaster of,EDCT_399,,,1916,1920,1916-1920,,EDC_1920_79; EDC_1918_70; EDC_1917_55; EDC_1916_58,FALSE,FALSE
EDCPT_10303,PRESENT_AT,Headmaster of,EDCT_506,,,1916,,1916-,,EDC_1916_75,FALSE,FALSE
EDCPT_11606,PRESENT_AT,Headmaster of,EDCT_507,,,1917,1918,1917-1918,,EDC_1918_128;EDC_1917_99,FALSE,FALSE
EDCPT_10204,PRESENT_AT,Headmaster of,EDCT_657,,,1914,1916,1914-1916,,EDC_1916_72; EDC_1914_21,FALSE,FALSE
EDCPT_10320,PRESENT_AT,Headmaster of,EDCT_717,,,1914,1916,1914-1916,,EDC_1916_75; EDC_1914_22,FALSE,FALSE
EDCPT_10442,PRESENT_AT,Headmaster of,EDCT_719,,,1916,,1916-,,EDC_1916_78,FALSE,FALSE
EDCPT_10236,PRESENT_AT,Headmaster of,EDCT_788,,,1916,,1916-,,EDC_1916_73,FALSE,FALSE
EDCPT_11483,PRESENT_AT,Headmaster of,EDCT_943,,,1917,1918,1917-1918,,EDC_1918_124;EDC_1917_96,FALSE,FALSE
EDCPT_10132,PRESENT_AT,Headmistress at,EDCT_022,,,1916,1920,1916-1920,,EDC_1920_98; EDC_1918_83; EDC_1917_63; EDC_1916_71,FALSE,FALSE
EDCPT_10564,PRESENT_AT,Headmistress at,EDCT_064,,,1916,1917,1916-1917,,EDC_1917_73; EDC_1916_81,FALSE,FALSE
EDCPT_10599,PRESENT_AT,Headmistress at,EDCT_251,,,1916,1917,1916-1917,,EDC_1917_74; EDC_1916_82,FALSE,FALSE
EDCPT_11377,PRESENT_AT,Headmistress at,EDCT_280,,,1917,1918,1917-1918,,EDC_1918_121;EDC_1917_93,FALSE,FALSE
EDCPT_7976,PRESENT_AT,Headmistress at,EDCT_346,,,1916,1918,1916-1918,,EDC_1916_23,FALSE,FALSE
EDCPT_10345,PRESENT_AT,Headmistress at,EDCT_469,,,1918,,1918-,,EDC_1918_31,FALSE,FALSE
EDCPT_8191,PRESENT_AT,Headmistress at,EDCT_531,,,1916,1917,1916-1917,,EDC_1917_24; EDC_1916_28,FALSE,FALSE
EDCPT_7920,PRESENT_AT,Headmistress at,EDCT_686,,,1916,1917,1916-1917,,EDC_1916_21,FALSE,FALSE
EDCPT_10144,PRESENT_AT,Headmistress at,EDCT_737,,,1916,,1916-,,EDC_1916_71,FALSE,FALSE
EDCPT_10751,PRESENT_AT,Headmistress of,EDCT_582,,,1917,1918,1917-1918,,EDC_1918_103; EDC_1917_79,FALSE,FALSE
EDCPT_10752,PRESENT_AT,Headmistress of,EDCT_583,,,1917,1918,1917-1918,On furlough,EDC_1918_103; EDC_1917_79,FALSE,FALSE
EDCPT_10049,PRESENT_AT,Headmistress of,EDCT_624,,,1916,,1916-,,EDC_1916_69,FALSE,FALSE
EDCPT_11559,PRESENT_AT,Hon. Secretary at,EDCT_257,,,1917,1920,1917-1920,,EDC_1920_146;EDC_1917_98,FALSE,FALSE
EDCPT_10190,PRESENT_AT,Hon. Superintendent at,EDCT_470,,,1920,,1920-,,EDC_1920_100,TRUE,TRUE
EDCPT_10430,PRESENT_AT,Hon. Treasurer at,EDCT_165,,,1920,,1920-,,EDC_1920_107,FALSE,FALSE
EDCPT_9991,PRESENT_AT,Honorary principal of,EDCT_408,,,1917,,1917-,"Does this have to be treated differently because the role is purely honorary? I wouldn't want the database to say Ms. Lyon actually lives in Chuzhou because that's wrong. — This entry is OK because you specified that her relationship to the school was ""honorary"" principal",EDC_1920_93; EDC_1918_80; EDC_1917_60,FALSE,FALSE
EDCPT_10325,PRESENT_AT,In charge at,EDCT_158,,,1918,1920,1918-1920,,EDC_1920_104; EDC_1918_88,FALSE,FALSE
EDCPT_10048,PRESENT_AT,In Charge at,EDCT_401,,,1916,1918,1916-1918,,EDC_1918_81; EDC_1917_61; EDC_1916_69,FALSE,FALSE
EDCPT_10728,PRESENT_AT,In Charge of,EDCT_500,,,1917,1920,1917-1920,,EDC_1920_119; EDC_1917_78,FALSE,FALSE
EDCPT_11608,PRESENT_AT,In Charge of,EDCT_739,,,1917,1918,1917-1918,& Normal Class of Church,EDC_1918_128;EDC_1917_99,FALSE,FALSE
EDCPT_8670,PRESENT_AT,In charge of Agricultural work,EDCT_054,,,1917,1918,1917-1918,,EDC_1918_46; EDC_1917_35,FALSE,FALSE
EDCPT_11732,PRESENT_AT,Inspector at,EDCT_285,,,1917,1920,1917-1920,,EDC_1920_152; EDC_1917_102,FALSE,FALSE
EDCPT_9071,PRESENT_AT,Inspector at,EDCT_522,,,1917,1918,1917-1918,,EDC_1918_57 ; EDC_1917_44,FALSE,FALSE
EDCPT_11913,PRESENT_AT,Instrucor at,EDCT_220,,,1917,1918,1917-1918,,EDC_1917_110; EDC_1918_139,FALSE,FALSE
EDCPT_9623,PRESENT_AT,Instructo at,EDCT_038,,,1917,1918,1917-1918,,EDC_1918_72; EDC_1917_56,FALSE,FALSE
EDCPT_10628,PRESENT_AT,Instructor at,EDCT_002,,,1917,1920,1917-1920,,EDC_1920_114; EDC_1918_98; EDC_1917_75,FALSE,FALSE
EDCPT_11354,PRESENT_AT,Instructor at,EDCT_004,,,1918,1920,1918-1920,Formerly Assistant Mistress in 1918,EDC_1920_140; EDC_1918_120;EDC_1917_92,FALSE,FALSE
EDCPT_10202,PRESENT_AT,Instructor at,EDCT_008,,,1917,1920,1917-1920,,EDC_1920_100; EDC_1918_85; EDC_1917_65,FALSE,FALSE
EDCPT_10203,PRESENT_AT,Instructor at,EDCT_008,,,1920,,1920-,,EDC_1920_100,FALSE,FALSE
EDCPT_11671,PRESENT_AT,Instructor at,EDCT_008,,,1917,1918,1917-1918,,EDC_1917_101; EDC_1918_131,FALSE,FALSE
EDCPT_11701,PRESENT_AT,Instructor at,EDCT_008,,,1917,1918,1917-1918,,EDC_1917_102; EDC_1918_132,FALSE,FALSE
EDCPT_12016,PRESENT_AT,Instructor at,EDCT_008,,,1914,1920,1914-1920,,EDC_1920_162; EDC_1917_111; EDC_1914_37,FALSE,FALSE
EDCPT_8394,PRESENT_AT,Instructor at,EDCT_008,,,1917,1918,1917-1918,,EDC_1918_38; EDC_1917_28,FALSE,FALSE
EDCPT_8490,PRESENT_AT,Instructor at,EDCT_008,,,1917,1918,1917-1918,,EDC_1918_41; EDC_1917_31,FALSE,FALSE
EDCPT_10053,PRESENT_AT,Instructor at,EDCT_009,,,1916,,1916-,,EDC_1916_69,FALSE,FALSE
EDCPT_7101,PRESENT_AT,Instructor at,EDCT_009,,,1917,,1917-,,EDC_1917_97,FALSE,FALSE
EDCPT_9919,PRESENT_AT,Instructor at,EDCT_009,,,1916,1920,1916-1920,,EDC_1920_90; EDC_1916_66,FALSE,FALSE
EDCPT_11928,PRESENT_AT,Instructor at,EDCT_011,,,1917,1920,1917-1920,,EDC_1920_159; EDC_1917_109,FALSE,FALSE
EDCPT_10539,PRESENT_AT,Instructor at,EDCT_024,,,1920,,1920-,,EDC_1920_111,FALSE,FALSE
EDCPT_11879,PRESENT_AT,Instructor at,EDCT_025,,,1917,1918,1917-1918,,EDC_1917_108; EDC_1918_138,FALSE,FALSE
EDCPT_7170,PRESENT_AT,Instructor at,EDCT_025,,,1916,1920,1916-1920,,EDC_1916_04,FALSE,FALSE
EDCPT_10571,PRESENT_AT,Instructor at,EDCT_029,,,1917,1920,1917-1920,,EDC_1920_113; EDC_1918_96; EDC_1917_73,FALSE,FALSE
EDCPT_11619,PRESENT_AT,Instructor at,EDCT_029,,,1917,1920,1917-1920,,EDC_1920_148; EDC_1918_129;EDC_1917_99,FALSE,FALSE
EDCPT_11581,PRESENT_AT,Instructor at,EDCT_033,,,1917,1920,1917-1920,,EDC_1920_147; EDC_1918_127;EDC_1917_98,FALSE,FALSE
EDCPT_11751,PRESENT_AT,Instructor at,EDCT_038,,,1917,1918,1917-1918,,EDC_1917_103; EDC_1918_133,FALSE,FALSE
EDCPT_10606,PRESENT_AT,Instructor at,EDCT_045,,,1916,,1916-,,EDC_1916_82,FALSE,FALSE
EDCPT_8318,PRESENT_AT,Instructor at,EDCT_047,,,1916,1918,1916-1918,,EDC_1916_31,FALSE,FALSE
EDCPT_7737,PRESENT_AT,Instructor at,EDCT_048,,,1917,1918,1917-1918,,EDC_1918_20; EDC_1917_16,FALSE,FALSE
EDCPT_9053,PRESENT_AT,Instructor at,EDCT_048,,,1917,1918,1917-1918,,EDC_1918_57 ; EDC_1917_44,FALSE,FALSE
EDCPT_10304,PRESENT_AT,Instructor at,EDCT_051,,,1920,,1920-,,EDC_1920_103,FALSE,FALSE
EDCPT_10451,PRESENT_AT,Instructor at,EDCT_053,,,1917,,1917-,,EDC_1917_71,FALSE,FALSE
EDCPT_10146,PRESENT_AT,Instructor at,EDCT_054,,,1920,,1920-,,EDC_1920_98,FALSE,FALSE
EDCPT_11224,PRESENT_AT,Instructor at,EDCT_054,,,1918,1920,1918-1920,Instructor in Animal Husbandry,EDC_1920_136; EDC_1918_118,FALSE,FALSE
EDCPT_10227,PRESENT_AT,Instructor at,EDCT_057,,,1917,1920,1917-1920,,EDC_1920_101; EDC_1917_65,FALSE,FALSE
EDCPT_10237,PRESENT_AT,Instructor at,EDCT_057,,,1917,,1917-,,EDC_1917_65,FALSE,FALSE
EDCPT_10418,PRESENT_AT,Instructor at,EDCT_057,,,1917,,1917-,,EDC_1917_70,FALSE,FALSE
EDCPT_10536,PRESENT_AT,Instructor at,EDCT_057,,,1918,1920,1918-1920,,EDC_1920_111; EDC_1918_95,FALSE,FALSE
EDCPT_10623,PRESENT_AT,Instructor at,EDCT_057,,,1914,1917,1914-1917,,EDC_1917_75; EDC_1914_24,FALSE,FALSE
EDCPT_12013,PRESENT_AT,Instructor at,EDCT_057,,,1917,1920,1917-1920,,EDC_1920_162; EDC_1917_111,FALSE,FALSE
EDCPT_8981,PRESENT_AT,Instructor at,EDCT_057,,,1917,1918,1917-1918,,EDC_1917_42; EDC_1918_55,FALSE,FALSE
EDCPT_7914,PRESENT_AT,Instructor at,EDCT_061,,,1916,1920,1916-1920,,EDC_1916_21,FALSE,FALSE
EDCPT_11258,PRESENT_AT,Instructor at,EDCT_066,,,1916,1917,1916-1917,,EDC_1917_91; EDC_1916_100,FALSE,FALSE
EDCPT_8980,PRESENT_AT,Instructor at,EDCT_066,,,1917,1918,1917-1918,,EDC_1917_42; EDC_1918_55,FALSE,FALSE
EDCPT_10656,PRESENT_AT,Instructor at,EDCT_071,,,1917,1918,1917-1918,,EDC_1918_99; EDC_1917_76,FALSE,FALSE
EDCPT_9956,PRESENT_AT,Instructor at,EDCT_071,,,1916,1918,1916-1918,,EDC_1918_79; EDC_1916_67,FALSE,FALSE
EDCPT_10416,PRESENT_AT,Instructor at,EDCT_075,,,1916,1920,1916-1920,On furlough in 1916,EDC_1920_107; EDC:1918_91; EDC_1916_78,FALSE,FALSE
EDCPT_11013,PRESENT_AT,Instructor at,EDCT_075,,,1918,1920,1918-1920,at the Missionary Training School,EDC_1920_129EDC_1918_111,FALSE,FALSE
EDCPT_11322,PRESENT_AT,Instructor at,EDCT_075,,,1916,1920,1916-1920,professor of english language and literature,EDC_1920_139; EDC_1918_119; EDC_1917_92; EDC_1916_100,FALSE,FALSE
EDCPT_7210,PRESENT_AT,Instructor at,EDCT_075,,,1916,1920,1916-1920,,EDC_1916_05,FALSE,FALSE
EDCPT_11585,PRESENT_AT,Instructor at,EDCT_078,,,1917,1920,1917-1920,,EDC_1920_147; EDC_1918_128;EDC_1917_99,FALSE,FALSE
EDCPT_8128,PRESENT_AT,Instructor at,EDCT_078,,,1916,1918,1916-1918,,EDC_1918_30; EDC_1917_23; EDC_1916_27,FALSE,FALSE
EDCPT_8505,PRESENT_AT,Instructor at,EDCT_078,,,1917,1918,1917-1918,,EDC_1918_40; EDC_1917_31,FALSE,TRUE
EDCPT_8505,PRESENT_AT,Instructor at,EDCT_078,,,1916,1920,1916-1920,,EDC_1916_36,FALSE,TRUE
EDCPT_9418,PRESENT_AT,Instructor at,EDCT_078,,,1916,1918,1916-1918,,EDC_1918_66; EDC_1917_52; EDC_1916_55,FALSE,FALSE
EDCPT_9824,PRESENT_AT,Instructor at,EDCT_078,,,1916,1917,1916-1917,,EDC_1917_59; EDC_1916_64,FALSE,FALSE
EDCPT_10512,PRESENT_AT,Instructor at,EDCT_080,,,1920,,1920-,,EDC_1920_110,FALSE,FALSE
EDCPT_12071,PRESENT_AT,Instructor at,EDCT_081,,,1917,1920,1917-1920,,EDC_1920_164; EDC_1917_113; EDC_1918_145,FALSE,FALSE
EDCPT_10544,PRESENT_AT,Instructor at,EDCT_082,,,1920,,1920-,,EDC_1920_112,FALSE,FALSE
EDCPT_10035,PRESENT_AT,Instructor at,EDCT_085,,,1914,1920,1914-1920,On furlough in 1916,EDC_1920_95; EDC_1918_81; EDC_1917_61; EDC_1916_68; EDC_1914_20,FALSE,FALSE
EDCPT_10798,PRESENT_AT,Instructor at,EDCT_085,,,1917,1920,1917-1920,,EDC_1920_121; EDC_1918_104; EDC_1917_79,FALSE,FALSE
EDCPT_11328,PRESENT_AT,Instructor at,EDCT_085,,,1917,1920,1917-1920,Teacher of Chemistry and Secretary to the Faculty,EDC_1920_139; EDC_1918_119;EDC_1917_92,FALSE,FALSE
EDCPT_11599,PRESENT_AT,Instructor at,EDCT_085,,,1918,1920,1918-1920,Instructor in Chemistry,EDC_1920_148; EDC_1918_128,FALSE,FALSE
EDCPT_12153,PRESENT_AT,Instructor at,EDCT_085,,,1917,1918,1917-1918,,EDC_1917_114; EDC_1918_147,FALSE,FALSE
EDCPT_8335,PRESENT_AT,Instructor at,EDCT_085,,,1918,1920,1918-1920,,EDC_1918_36,FALSE,FALSE
EDCPT_9649,PRESENT_AT,Instructor at,EDCT_085,,,1917,1918,1917-1918,,EDC_1918_73; EDC_1917_57,FALSE,FALSE
EDCPT_11342,PRESENT_AT,Instructor at,EDCT_089,,,1918,1920,1918-1920,,EDC_1920_139; EDC_1918_120,FALSE,FALSE
EDCPT_9158,PRESENT_AT,Instructor at,EDCT_089,,,1917,1918,1917-1918,,EDC_1918_59 ; EDC_1917_45,FALSE,FALSE
EDCPT_10505,PRESENT_AT,Instructor at,EDCT_092,,,1917,,1917-,,EDC_1917_72,FALSE,FALSE
EDCPT_10225,PRESENT_AT,Instructor at,EDCT_093,,,1918,1920,1918-1920,,EDC_1920_101; EDC_1918_86,FALSE,FALSE
EDCPT_10296,PRESENT_AT,Instructor at,EDCT_093,,,1920,,1920-,,EDC_1920_103,FALSE,FALSE
EDCPT_10205,PRESENT_AT,Instructor at,EDCT_094,,,1917,1918,1917-1918,,EDC_1918_85; EDC_1917_65,FALSE,FALSE
EDCPT_10257,PRESENT_AT,Instructor at,EDCT_094,,,1916,,1916-,,EDC_1916_73,FALSE,FALSE
EDCPT_10321,PRESENT_AT,Instructor at,EDCT_094,,,1920,,1920-,,EDC_1920_104,FALSE,FALSE
EDCPT_10532,PRESENT_AT,Instructor at,EDCT_096,,,1916,,1916-,,EDC_1916_80,FALSE,FALSE
EDCPT_9004,PRESENT_AT,Instructor at,EDCT_096,,,1916,1918,1916-1918,,EDC_1917_43; EDC_1918_55; EDC_1916_47,FALSE,FALSE
EDCPT_9319,PRESENT_AT,Instructor at,EDCT_096,,,1917,1918,1917-1918,,EDC_1917_49; EDC_1918_64,FALSE,FALSE
EDCPT_12142,PRESENT_AT,Instructor at,EDCT_101,,,1917,1920,1917-1920,,EDC_1920_166; EDC_1917_114,FALSE,FALSE
EDCPT_11343,PRESENT_AT,Instructor at,EDCT_102,,,1916,1920,1916-1920,,EDC_1920_139; EDC_1918_120; EDC_1917_92; EDC_1916_101,FALSE,FALSE
EDCPT_10147,PRESENT_AT,Instructor at,EDCT_103,,,1918,,1918-,,EDC_1918_84,FALSE,FALSE
EDCPT_11637,PRESENT_AT,Instructor at,EDCT_103,,,1914,1918,1914-1918,Vocal Music Instructor,EDC_1917_100; EDC_1918_130; EDC_1914_33,FALSE,FALSE
EDCPT_10601,PRESENT_AT,Instructor at,EDCT_116,,,1920,,1920-,,EDC_1920_113,FALSE,FALSE
EDCPT_12015,PRESENT_AT,Instructor at,EDCT_117,,,1917,1920,1917-1920,,EDC_1920_162; EDC_1917_111; EDC_1918_143,FALSE,FALSE
EDCPT_10187,PRESENT_AT,Instructor at,EDCT_118,,,1920,,1920-,,EDC_1920_100,FALSE,FALSE
EDCPT_11766,PRESENT_AT,Instructor at,EDCT_118,,,1917,1920,1917-1920,,EDC_1920_153; EDC_1917_103,FALSE,FALSE
EDCPT_11181,PRESENT_AT,Instructor at,EDCT_122,,,1918,1920,1918-1920,Teacher of English,EDC_1920_135; EDC_1918_117,FALSE,FALSE
EDCPT_11368,PRESENT_AT,Instructor at,EDCT_128,,,1918,1920,1918-1920,,EDC_1920_140; EDC_1918_120,FALSE,FALSE
EDCPT_10251,PRESENT_AT,Instructor at,EDCT_131,,,1920,,1920-,,EDC_1920_101,FALSE,FALSE
EDCPT_10187,PRESENT_AT,Instructor at,EDCT_136,,,1920,,1920-,,EDC_1920_100,FALSE,FALSE
EDCPT_10462,PRESENT_AT,Instructor at,EDCT_136,,,1918,1920,1918-1920,,EDC_1920_109; EDC_1918_92,FALSE,FALSE
EDCPT_11699,PRESENT_AT,Instructor at,EDCT_142,,,1918,1920,1918-1920,,EDC_1920_151; EDC_1918_132,FALSE,FALSE
EDCPT_8437,PRESENT_AT,Instructor at,EDCT_142,,,1917,1918,1917-1918,,EDC_1918_39; EDC_1917_29,FALSE,FALSE
EDCPT_7741,PRESENT_AT,Instructor at,EDCT_147,,,1917,1918,1917-1918,,EDC_1918_20; EDC_1917_16,FALSE,FALSE
EDCPT_11036,PRESENT_AT,Instructor at,EDCT_152,,,1918,1920,1918-1920,,EDC_1920_130; EDS_1918_112,FALSE,FALSE
EDCPT_11336,PRESENT_AT,Instructor at,EDCT_155,,,1918,1920,1918-1920,,EDC_1920_139; EDC_1918_119,FALSE,FALSE
EDCPT_12272,PRESENT_AT,Instructor at,EDCT_161,,,1917,1920,1917-1920,,EDC_1920_141;EDC_1917_94,FALSE,FALSE
EDCPT_10276,PRESENT_AT,Instructor at,EDCT_162,,,1920,,1920-,,EDC_1920_102,FALSE,FALSE
EDCPT_11640,PRESENT_AT,Instructor at,EDCT_162,,,1917,1918,1917-1918,,EDC_1917_100; EDC_1918_130,FALSE,FALSE
EDCPT_10145,PRESENT_AT,Instructor at,EDCT_163,,,1917,,1917-,,EDC_1917_64,FALSE,FALSE
EDCPT_10849,PRESENT_AT,Instructor at,EDCT_163,,,1918,1920,1918-1920,,EDC_1920_123; EDC_1918_105,FALSE,FALSE
EDCPT_11712,PRESENT_AT,Instructor at,EDCT_163,,,1917,1920,1917-1920,,EDC_1920_151; EDC_1917_102,FALSE,FALSE
EDCPT_10487,PRESENT_AT,Instructor at,EDCT_168,,,1918,,1918-,,EDC_1918_93,FALSE,FALSE
EDCPT_10527,PRESENT_AT,Instructor at,EDCT_168,,,1917,1920,1917-1920,,EDC_1920_111; EDC_1918_95; EDC_1917_73,FALSE,FALSE
EDCPT_9588,PRESENT_AT,Instructor at,EDCT_168,,,1916,1917,1916-1917,On furlough in 1916,EDC_1917_56; EDC_1916_59,FALSE,FALSE
EDCPT_12222,PRESENT_AT,Instructor at,EDCT_173,,,1918,1920,1918-1920,,EDC_1920_168; EDC_1918_149,FALSE,TRUE
EDCPT_7328,PRESENT_AT,Instructor at,EDCT_180,,,1916,1918,1916-1918,,EDC_1916_08,FALSE,TRUE
EDCPT_7328,PRESENT_AT,Instructor at,EDCT_180,,,1917,1918,1917-1918,,EDC_1918_9; EDC_1917_8,FALSE,TRUE
EDCPT_11940,PRESENT_AT,Instructor at,EDCT_181,,,1914,1920,1914-1920,,EDC_1920_159; EDC_1917_109; EDC_1918_140; EDC_1914_36,FALSE,FALSE
EDCPT_12193,PRESENT_AT,Instructor at,EDCT_181,,,1918,1920,1918-1920,,EDC_1920_167; EDC_1918_148,FALSE,FALSE
EDCPT_10511,PRESENT_AT,Instructor at,EDCT_182,,,1917,,1917-,,EDC_1917_72,FALSE,FALSE
EDCPT_9333,PRESENT_AT,Instructor at,EDCT_182,,,1917,1918,1917-1918,,EDC_1917_50; EDC_1918_64,FALSE,FALSE
EDCPT_10506,PRESENT_AT,Instructor at,EDCT_183,,,1917,,1917-,,EDC_1917_72,FALSE,FALSE
EDCPT_10529,PRESENT_AT,Instructor at,EDCT_185,,,1920,,1920-,,EDC_1920_111,FALSE,FALSE
EDCPT_11976,PRESENT_AT,Instructor at,EDCT_185,,,1917,1920,1917-1920,,EDC_1920_160; EDC_1917_110; EDC_1918_142,FALSE,FALSE
EDCPT_10705,PRESENT_AT,Instructor at,EDCT_189,,,1917,1920,1917-1920,,EDC_1920_118; EDC_1918_100; EDC_1917_77,FALSE,FALSE
EDCPT_11474,PRESENT_AT,Instructor at,EDCT_189,,,1917,1920,1917-1920,,EDC_1920_143; EDC_1918_124;EDC_1917_95,FALSE,FALSE
EDCPT_11543,PRESENT_AT,Instructor at,EDCT_189,,,1917,1920,1917-1920,,EDC_1920_146; EDC_1918_126;EDC_1917_97,FALSE,FALSE
EDCPT_11921,PRESENT_AT,Instructor at,EDCT_189,,,1917,1920,1917-1920,,EDC_1920_158; EDC_1917_108; EDC_1918_139,FALSE,FALSE
EDCPT_9470,PRESENT_AT,Instructor at,EDCT_189,,,1916,1920,1916-1920,,EDC_1920_76; EDC_1917_53; EDC_1918_68; EDC_1916_57,FALSE,FALSE
EDCPT_10028,PRESENT_AT,Instructor at,EDCT_195,,,1918,,1918-,,EDC_1918_81,FALSE,FALSE
EDCPT_11979,PRESENT_AT,Instructor at,EDCT_195,,,1917,1918,1917-1918,,EDC_1917_110; EDC_1918_142,FALSE,FALSE
EDCPT_8583,PRESENT_AT,Instructor at,EDCT_196,,,1916,1920,1916-1920,,EDC_1916_38,FALSE,TRUE
EDCPT_8583,PRESENT_AT,Instructor at,EDCT_196,,,,1920,-1920,,,FALSE,TRUE
EDCPT_11927,PRESENT_AT,Instructor at,EDCT_199,,,1917,1918,1917-1918,,EDC_1917_109; EDC_1918_140,FALSE,FALSE
EDCPT_10535,PRESENT_AT,Instructor at,EDCT_200,,,1920,,1920-,,EDC_1920_111,FALSE,FALSE
EDCPT_11672,PRESENT_AT,Instructor at,EDCT_200,,,1917,1920,1917-1920,,EDC_1920_150; EDC_1917_101; EDC_1918_131,FALSE,FALSE
EDCPT_12125,PRESENT_AT,Instructor at,EDCT_204,,,1917,1918,1917-1918,,EDC_1917_114; EDC_1918_146,FALSE,FALSE
EDCPT_12044,PRESENT_AT,Instructor at,EDCT_206,,,1917,1920,1917-1920,,EDC_1920_163; EDC_1917_112; EDC_1918_144,FALSE,FALSE
EDCPT_10457,PRESENT_AT,Instructor at,EDCT_219,,,1917,,1917-,,EDC_1917_71,FALSE,FALSE
EDCPT_10383,PRESENT_AT,Instructor at,EDCT_225,,,1916,,1916-,,EDC_1916_77,FALSE,FALSE
EDCPT_11338,PRESENT_AT,Instructor at,EDCT_232,,,1917,1920,1917-1920,,EDC_1920_139; EDC_1918_119;EDC_1917_92,FALSE,FALSE
EDCPT_10218,PRESENT_AT,Instructor at,EDCT_238,,,1920,,1920-,,EDC_1920_106,FALSE,FALSE
EDCPT_10306,PRESENT_AT,Instructor at,EDCT_238,,,1916,1920,1916-1920,,EDC_1920_103; EDC_1918_88; EDC_1917_67; EDC_1916_75,FALSE,FALSE
EDCPT_11020,PRESENT_AT,Instructor at,EDCT_238,,,1918,1920,1918-1920,,EDC_1920_129; EDC_1918_111,FALSE,FALSE
EDCPT_12106,PRESENT_AT,Instructor at,EDCT_238,,,1917,1920,1917-1920,,EDC_1920_165; EDC_1917_113; EDC_1918_145,FALSE,FALSE
EDCPT_11519,PRESENT_AT,Instructor at,EDCT_244,,,1917,1920,1917-1920,,EDC_1920_145; EDC_1918_125;EDC_1917_97,FALSE,FALSE
EDCPT_7771,PRESENT_AT,Instructor at,EDCT_244,,,1917,1918,1917-1918,,EDC_1918_21; EDC_1917_16,FALSE,FALSE
EDCPT_10526,PRESENT_AT,Instructor at,EDCT_247,,,1917,1920,1917-1920,,EDC_1920_111; EDC_1918_95; EDC_1917_73,FALSE,FALSE
EDCPT_11421,PRESENT_AT,Instructor at,EDCT_256,,,1918,1920,1918-1920,,EDC_1920_142; EDC_1918_122,FALSE,FALSE
EDCPT_11728,PRESENT_AT,Instructor at,EDCT_256,,,1917,1918,1917-1918,Instructor in Singing,EDC_1917_102; EDC_1918_132,FALSE,FALSE
EDCPT_7910,PRESENT_AT,Instructor at,EDCT_256,,,1916,1920,1916-1920,,EDC_1916_21,FALSE,FALSE
EDCPT_9341,PRESENT_AT,Instructor at,EDCT_262,,,1917,1920,1917-1920,,EDC_1920_71; EDC_1917_50; EDC_1918_64,FALSE,FALSE
EDCPT_10180,PRESENT_AT,Instructor at,EDCT_266,,,1918,,1918-,,EDC_1918_85,FALSE,FALSE
EDCPT_9322,PRESENT_AT,Instructor at,EDCT_276,,,1917,1918,1917-1918,,EDC_1917_49; EDC_1918_64,FALSE,FALSE
EDCPT_12198,PRESENT_AT,Instructor at,EDCT_281,,,1917,1920,1917-1920,,EDC_1920_167; EDC_1917_55,FALSE,FALSE
EDCPT_10470,PRESENT_AT,Instructor at,EDCT_286,,,1920,,1920-,,EDC_1920_109,FALSE,FALSE
EDCPT_9091,PRESENT_AT,Instructor at,EDCT_286,,,1917,1918,1917-1918,,EDC_1918_57 ; EDC_1917_44,FALSE,FALSE
EDCPT_11813,PRESENT_AT,Instructor at,EDCT_297,,,1917,1918,1917-1918,,EDC_1917_105; EDC_1918_136,FALSE,FALSE
EDCPT_10167,PRESENT_AT,Instructor at,EDCT_306,,,1917,1920,1917-1920,,EDC_1920_99; EDC_1918_84; EDC_1917_64,FALSE,FALSE
EDCPT_10262,PRESENT_AT,Instructor at,EDCT_314,,,1918,1920,1918-1920,,EDC_1920_101; EDC_1918_86,FALSE,FALSE
EDCPT_10434,PRESENT_AT,Instructor at,EDCT_314,,,1918,1920,1918-1920,,EDC_1920_108; EDC_1918_92,FALSE,FALSE
EDCPT_11774,PRESENT_AT,Instructor at,EDCT_314,,,1914,1920,1914-1920,,EDC_1920_153; EDC_1917_103; EDC_1918_134; EDC_1914_34,FALSE,FALSE
EDCPT_12066,PRESENT_AT,Instructor at,EDCT_314,,,1918,1920,1918-1920,Instructor in Middle School,EDC_1920_163; EDC_1918_144,FALSE,FALSE
EDCPT_10260,PRESENT_AT,Instructor at,EDCT_318,,,1918,,1918-,,EDC_1918_87,FALSE,FALSE
EDCPT_11407,PRESENT_AT,Instructor at,EDCT_324,,,1917,1920,1917-1920,,EDC_1920_141; EDC_1918_122;EDC_1917_94,FALSE,FALSE
EDCPT_12009,PRESENT_AT,Instructor at,EDCT_329,,,1917,1920,1917-1920,,EDC_1920_162; EDC_1917_111; EDC_1918_143,FALSE,FALSE
EDCPT_8426,PRESENT_AT,Instructor at,EDCT_330,,,1917,1918,1917-1918,,EDC_1918_38; EDC_1917_29,FALSE,FALSE
EDCPT_10989,PRESENT_AT,Instructor at,EDCT_331,,,1918,1920,1918-1920,,EDC_1920_128; EDC_1918_110,FALSE,FALSE
EDCPT_10471,PRESENT_AT,Instructor at,EDCT_338,,,1920,,1920-,,EDC_1920_109,FALSE,FALSE
EDCPT_12081,PRESENT_AT,Instructor at,EDCT_338,,,1917,1920,1917-1920,,EDC_1920_164; EDC_1917_113,FALSE,FALSE
EDCPT_10469,PRESENT_AT,Instructor at,EDCT_350,,,1920,,1920-,,EDC_1920_109,FALSE,FALSE
EDCPT_9047,PRESENT_AT,Instructor at,EDCT_355,,,1916,1918,1916-1918,,EDC_1918_56; EDC_1917_43; EDC_1916_47,FALSE,FALSE
EDCPT_10495,PRESENT_AT,Instructor at,EDCT_404,,,1920,,1920-,,EDC_1920_109,FALSE,FALSE
EDCPT_10538,PRESENT_AT,Instructor at,EDCT_414,,,1920,,1920-,,EDC_1920_111,FALSE,FALSE
EDCPT_12033,PRESENT_AT,Instructor at,EDCT_414,,,1917,1920,1917-1920,,EDC_1920_163; EDC_1917_112; EDC_1918_143,FALSE,FALSE
EDCPT_10400,PRESENT_AT,Instructor at,EDCT_419,,,1920,,1920-,,EDC_1920_106,FALSE,FALSE
EDCPT_11372,PRESENT_AT,Instructor at,EDCT_419,,,1917,1920,1917-1920,,EDC_1920_140;EDC_1917_93,FALSE,FALSE
EDCPT_10183,PRESENT_AT,Instructor at,EDCT_423,,,1916,1920,1916-1920,,EDC_1920_100; EDC_1916_68,FALSE,TRUE
EDCPT_10183,PRESENT_AT,Instructor at,EDCT_423,,,1917,1920,1917-1920,,EDC_1920_100; EDC_1918_85; EDC_1917_65,FALSE,TRUE
EDCPT_8420,PRESENT_AT,Instructor at,EDCT_423,,,1917,1918,1917-1918,,EDC_1918_38; EDC_1917_29,FALSE,FALSE
EDCPT_10513,PRESENT_AT,Instructor at,EDCT_447,,,1920,,1920-,,EDC_1920_110,FALSE,FALSE
EDCPT_10732,PRESENT_AT,Instructor at,EDCT_447,,,1917,1920,1917-1920,,EDC_1920_119; EDC_1918_102; EDC_1917_78,FALSE,FALSE
EDCPT_12074,PRESENT_AT,Instructor at,EDCT_451,,,1917,1920,1917-1920,,EDC_1920_164; EDC_1917_113,FALSE,FALSE
EDCPT_10225,PRESENT_AT,Instructor at,EDCT_468,,,1920,,1920-,,EDC_1920_101,FALSE,FALSE
EDCPT_10398,PRESENT_AT,Instructor at,EDCT_472,,,1920,,1920-,,EDC_1920_106,FALSE,FALSE
EDCPT_10604,PRESENT_AT,Instructor at,EDCT_474,,,1920,,1920-,,EDC_1920_113,FALSE,FALSE
EDCPT_10452,PRESENT_AT,Instructor at,EDCT_477,,,1920,,1920-,,EDC_1920_108,FALSE,FALSE
EDCPT_10522,PRESENT_AT,Instructor at,EDCT_480,,,1920,,1920-,,EDC_1920_110,FALSE,FALSE
EDCPT_10393,PRESENT_AT,Instructor at,EDCT_495,,,1917,,1917-,,EDC_1917_69,FALSE,FALSE
EDCPT_7639,PRESENT_AT,Instructor at,EDCT_498,,,1917,1918,1917-1918,,EDC_1918_19;EDC_1917_15;EDC_1914_5,FALSE,FALSE
EDCPT_10507,PRESENT_AT,Instructor at,EDCT_505,,,1920,,1920-,,EDC_1920_115,FALSE,FALSE
EDCPT_8047,PRESENT_AT,Instructor at,EDCT_516,,,1916,1918,1916-1918,,EDC_1918_28; EDC_1917_21; EDC_1916_24,TRUE,TRUE
EDCPT_8072,PRESENT_AT,Instructor at,EDCT_517,,,1917,1918,1917-1918,,EDC_1918_29; EDC_1917_76,FALSE,FALSE
EDCPT_11674,PRESENT_AT,Instructor at,EDCT_535,,,1917,1918,1917-1918,,EDC_1917_101; EDC_1918_131,FALSE,FALSE
EDCPT_11991,PRESENT_AT,Instructor at,EDCT_539,,,1917,1918,1917-1918,,EDC_1917_111; EDC_1918_142,FALSE,TRUE
EDCPT_8460,PRESENT_AT,Instructor at,EDCT_539,,,1917,1918,1917-1918,,EDC_1918_40; EDC_1917_30,FALSE,FALSE
EDCPT_9008,PRESENT_AT,Instructor at,EDCT_539,,,1916,1917,1916-1917,,EDC_1917_43; EDC_1916_49,FALSE,FALSE
EDCPT_9040,PRESENT_AT,Instructor at,EDCT_539,,,1917,1920,1917-1920,,EDC_1917_44; EDC_1920_64,FALSE,FALSE
EDCPT_9484,PRESENT_AT,Instructor at,EDCT_540,,,1917,1918,1917-1918,,EDC_1917_53; EDC_1918_69,FALSE,FALSE
EDCPT_11816,PRESENT_AT,Instructor at,EDCT_541,,,1917,1918,1917-1918,,EDC_1917_105; EDC_1918_136,FALSE,FALSE
EDCPT_12014,PRESENT_AT,Instructor at,EDCT_541,,,1917,1918,1917-1918,,EDC_1917_111; EDC_1918_143,FALSE,FALSE
EDCPT_7955,PRESENT_AT,Instructor at,EDCT_541,,,1916,1920,1916-1920,,EDC_1916_22,FALSE,TRUE
EDCPT_9490,PRESENT_AT,Instructor at,EDCT_541,,,1916,1918,1916-1918,(6 years experience in school as of 1916),EDC_1918_69; EDC_1917_54; EDC_1916_57,FALSE,FALSE
EDCPT_10749,PRESENT_AT,Instructor at,EDCT_543,,,1917,1918,1917-1918,,EDC_1918_103; EDC_1917_79,FALSE,FALSE
EDCPT_9673,PRESENT_AT,Instructor at,EDCT_543,,,1916,1918,1916-1918,,EDC_1918_74; EDC_1916_61,FALSE,FALSE
EDCPT_9099,PRESENT_AT,Instructor at,EDCT_553,,,1916,1918,1916-1918,,EDC_1918_58 ; EDC_1917_44; EDC_1916_49,FALSE,FALSE
EDCPT_9332,PRESENT_AT,Instructor at,EDCT_563,,,1917,1918,1917-1918,,EDC_1917_50; EDC_1918_64,FALSE,FALSE
EDCPT_7899,PRESENT_AT,Instructor at,EDCT_565,,,1916,1918,1916-1918,,EDC_1916_21,FALSE,FALSE
EDCPT_11719,PRESENT_AT,Instructor at,EDCT_578,,,1917,1918,1917-1918,,EDC_1917_102; EDC_1918_132,FALSE,FALSE
EDCPT_10739,PRESENT_AT,Instructor at,EDCT_581,,,1917,1918,1917-1918,,EDC_1918_102; EDC_1917_78,FALSE,FALSE
EDCPT_9381,PRESENT_AT,Instructor at,EDCT_605,,,1916,1918,1916-1918,,EDC_1918_66; EDC_1917_51; EDC_1916_55,FALSE,FALSE
EDCPT_10939,PRESENT_AT,Instructor at,EDCT_610,,,1917,1918,1917-1918,,EDC_1917_83; EDC_1918_109,FALSE,FALSE
EDCPT_10964,PRESENT_AT,Instructor at,EDCT_611,,,1917,1918,1917-1918,,EDC_1917_84; EDC_1918_109,FALSE,FALSE
EDCPT_11700,PRESENT_AT,Instructor at,EDCT_616,,,1917,1918,1917-1918,"Also listed as ""Inspector""",EDC_1917_102; EDC_1918_132,FALSE,FALSE
EDCPT_11660,PRESENT_AT,Instructor at,EDCT_781,,,1917,1918,1917-1918,,EDC_1917_101; EDC_1918_130,FALSE,FALSE
EDCPT_10302,PRESENT_AT,Instructor at,EDCT_794,,,1916,,1916-,,EDC_1916_75,FALSE,FALSE
EDCPT_10361,PRESENT_AT,Instructor at,EDCT_913,,,1916,1917,1916-1917,,EDC_1917_68; EDC_1916_76,FALSE,FALSE
EDCPT_10541,PRESENT_AT,Instructor at,EDCT_942,,,1916,,1916-,prev. at a different inst.,EDC_1916_80,FALSE,FALSE
EDCPT_10489,PRESENT_AT,Instructor in,EDCT_009,,,1916,,1916-,,EDC_1916_79,FALSE,FALSE
EDCPT_11460,PRESENT_AT,Instructor in,EDCT_009,,,1917,1918,1917-1918,,EDC_1918_123;EDC_1917_95,FALSE,FALSE
EDCPT_10021,PRESENT_AT,Instructor in,EDCT_025,,,1916,,1916-,,EDC_1916_69,FALSE,FALSE
EDCPT_10362,PRESENT_AT,Instructor in,EDCT_025,,,1916,,1916-,,EDC_1916_76,FALSE,FALSE
EDCPT_11443,PRESENT_AT,Instructor in,EDCT_048,,,1917,1918,1917-1918,,EDC_1918_123;EDC_1917_95,FALSE,FALSE
EDCPT_11516,PRESENT_AT,Instructor in,EDCT_061,,,1917,1918,1917-1918,Instructor in College of Agriculture and Forestry,EDC_1918_125;EDC_1917_96,FALSE,FALSE
EDCPT_11584,PRESENT_AT,Instructor in,EDCT_078,,,1917,1918,1917-1918,,EDC_1918_128;EDC_1917_99,FALSE,FALSE
EDCPT_11225,PRESENT_AT,Instructor in,EDCT_094,,,1917,1918,1917-1918,,EDC_1918_118;EDC_1917_90,FALSE,FALSE
EDCPT_11441,PRESENT_AT,Instructor in,EDCT_158,,,1917,1918,1917-1918,,EDC_1918_123;EDC_1917_95,FALSE,FALSE
EDCPT_11448,PRESENT_AT,Instructor in,EDCT_180,,,1917,1918,1917-1918,Instructor in English,EDC_1918_123;EDC_1917_95,FALSE,FALSE
EDCPT_11454,PRESENT_AT,Instructor in,EDCT_180,,,1917,1918,1917-1918,,EDC_1918_123;EDC_1917_95,FALSE,FALSE
EDCPT_11587,PRESENT_AT,Instructor in,EDCT_291,,,1917,1918,1917-1918,,EDC_1918_128;EDC_1917_99,FALSE,FALSE
EDCPT_10525,PRESENT_AT,Instructor in,EDCT_304,,,1918,,1918-,,EDC_1918_130,FALSE,FALSE
EDCPT_10000,PRESENT_AT,Instructor in,EDCT_522,,,1916,,1916-,,EDC_1916_68,FALSE,FALSE
EDCPT_11536,PRESENT_AT,Instructor in,EDCT_549,,,1917,1918,1917-1918,,EDC_1918_126;EDC_1917_97,FALSE,FALSE
EDCPT_11463,PRESENT_AT,Instructor in,EDCT_570,,,1917,1918,1917-1918,,EDC_1918_123;EDC_1917_95,FALSE,FALSE
EDCPT_11172,PRESENT_AT,Instructor in,EDCT_610,,,1917,1918,1917-1918,,EDC_1918_117;EDC_1917_89,FALSE,FALSE
EDCPT_11367,PRESENT_AT,Instructor in,EDCT_637,,,1917,1918,1917-1918,,EDC_1918_120;EDC_1917_93,FALSE,FALSE
EDCPT_10419,PRESENT_AT,Instructor in,EDCT_759,,,1916,,1916-,,EDC_1916_78,FALSE,FALSE
EDCPT_11178,PRESENT_AT,Instructor in,EDCT_764,,,1917,1918,1917-1918,,EDC_1918_117;EDC_1917_89,FALSE,FALSE
EDCPT_11388,PRESENT_AT,Instructor in,EDCT_765,,,1917,1918,1917-1918,,EDC_1918_121;EDC_1917_93,FALSE,FALSE
EDCPT_10491,PRESENT_AT,Instructor in,EDCT_838,,,1916,,1916-,,EDC_1916_79,FALSE,FALSE
EDCPT_11230,PRESENT_AT,Instructor in,EDCT_962,,,1917,1918,1917-1918,,EDC_1918_118;EDC_1917_91,FALSE,FALSE
EDCPT_11651,PRESENT_AT,Instructor in English at,EDCT_181,,,1917,1920,1917-1920,,EDC_1920_149; EDC_1917_101,FALSE,FALSE
EDCPT_12160,PRESENT_AT,Instructot at,EDCT_549,,,1917,1918,1917-1918,,EDC_1917_114; EDC_1918_147,FALSE,FALSE
EDCPT_11353,PRESENT_AT,Late Lecturer in First Aid at,EDCT_053,,,1916,1920,1916-1920,,EDC_1920_140; EDC_1918_120; EDC_1917_92; EDC_1916_101,FALSE,FALSE
EDCPT_7139,PRESENT_AT,Lecture at,EDCT_053,,,1916,1920,1916-1920,,EDC_1916_03,FALSE,FALSE
EDCPT_10541,PRESENT_AT,Lecturer,EDCT_094,,,1917,1920,1917-1920,,EDC_1920_111; EDC_1918_95; EDC_1917_73,FALSE,FALSE
EDCPT_10841,PRESENT_AT,Lecturer and Vice President,EDCT_497,,,1917,1918,1917-1918,Professor of anatomy and operative and clinical surgery,EDC_1917_81; EDC_1918_105,FALSE,FALSE
EDCPT_10524,PRESENT_AT,Lecturer at,EDCT_008,,,1917,1920,1917-1920,,EDC_1920_111; EDC_1918_95; EDC_1917_73,FALSE,FALSE
EDCPT_10130,PRESENT_AT,Lecturer at,EDCT_037,,,1920,,1920-,,EDC_1920_98,FALSE,FALSE
EDCPT_9221,PRESENT_AT,Lecturer at,EDCT_040,,,1916,1918,1916-1918,,EDC_1918_61 ; EDC_1917_47; EDC_1916_51,FALSE,FALSE
EDCPT_11636,PRESENT_AT,Lecturer at,EDCT_050,,,1914,1920,1914-1920,,EDC_1920_149; EDC_1917_100; EDC_1914_33,FALSE,FALSE
EDCPT_10020,PRESENT_AT,Lecturer at,EDCT_053,,,1914,1918,1914-1918,,EDC_1918_80; EDC_1917_61; EDC_1916_68; EDC_1914_20,FALSE,FALSE
EDCPT_10089,PRESENT_AT,Lecturer at,EDCT_053,,,1916,1920,1916-1920,,EDC_1920_97; EDC_1918_82; EDC_1917_62; EDC_1916_70,FALSE,FALSE
EDCPT_10094,PRESENT_AT,Lecturer at,EDCT_053,,,1914,1917,1914-1917,,EDC_1917_63; EDC_1916_70; EDC_1914_20,FALSE,FALSE
EDCPT_10116,PRESENT_AT,Lecturer at,EDCT_053,,,1914,,1914-,,EDC_1914_21,FALSE,FALSE
EDCPT_10171,PRESENT_AT,Lecturer at,EDCT_053,,,1914,1920,1914-1920,,EDC_1920_99; EDC_1918_85; EDC_1917_64; EDC_1916_72; EDC_1914_21,FALSE,FALSE
EDCPT_10317,PRESENT_AT,Lecturer at,EDCT_053,,,1917,,1917-,,EDC_1917_67,FALSE,FALSE
EDCPT_10581,PRESENT_AT,Lecturer at,EDCT_053,,,1914,1917,1914-1917,,EDC_1917_74; EDC_1916_81; EDC_1914_24,FALSE,FALSE
EDCPT_11833,PRESENT_AT,Lecturer at,EDCT_053,,,1917,1920,1917-1920,,EDC_1920_155; EDC_1917_106; EDC_1918_137,FALSE,FALSE
EDCPT_11951,PRESENT_AT,Lecturer at,EDCT_053,,,1918,1920,1918-1920,,EDC_1920_159; EDC_1918_141,FALSE,FALSE
EDCPT_11958,PRESENT_AT,Lecturer at,EDCT_053,,,1917,1920,1917-1920,,EDC_1920_160; EDC_1917_110,FALSE,FALSE
EDCPT_7351,PRESENT_AT,Lecturer at,EDCT_053,,,1916,1920,1916-1920,,EDC_1916_08,FALSE,FALSE
EDCPT_7387,PRESENT_AT,Lecturer at,EDCT_053,,,1916,1920,1916-1920,,EDC_1916_09,FALSE,FALSE
EDCPT_8448,PRESENT_AT,Lecturer at,EDCT_053,,,1916,1918,1916-1918,,EDC_1916_34,FALSE,TRUE
EDCPT_8448,PRESENT_AT,Lecturer at,EDCT_053,,,1917,1918,1917-1918,,EDC_1918_39; EDC_1917_30,FALSE,TRUE
EDCPT_8545,PRESENT_AT,Lecturer at,EDCT_053,,,1916,1920,1916-1920,,EDC_1916_37,FALSE,FALSE
EDCPT_9397,PRESENT_AT,Lecturer at,EDCT_053,,,1917,1918,1917-1918,,EDC_1918_66; EDC_1917_51,FALSE,FALSE
EDCPT_9452,PRESENT_AT,Lecturer at,EDCT_053,,,1917,1918,1917-1918,,EDC_1917_53; EDC_1918_68,FALSE,FALSE
EDCPT_10649,PRESENT_AT,Lecturer at,EDCT_054,,,1918,1920,1918-1920,,EDC_1920_115; EDC_1918_99,FALSE,FALSE
EDCPT_11941,PRESENT_AT,Lecturer at,EDCT_054,,,1917,1920,1917-1920,,EDC_1920_159; EDC_1917_109,FALSE,FALSE
EDCPT_8854,PRESENT_AT,Lecturer at,EDCT_074,,,1917,1918,1917-1918,,EDC_1918_51; EDC_1917_39,FALSE,FALSE
EDCPT_11001,PRESENT_AT,Lecturer at,EDCT_075,,,1917,1920,1917-1920,,EDC_1920_128; EDC_1918_111;EDC_1917_85,FALSE,TRUE
EDCPT_11826,PRESENT_AT,Lecturer at,EDCT_078,,,1917,1918,1917-1918,,EDC_1917_106; EDC_1918_136,FALSE,FALSE
EDCPT_7823,PRESENT_AT,Lecturer at,EDCT_078,,,1916,1920,1916-1920,,EDC_1916_19,FALSE,FALSE
EDCPT_10958,PRESENT_AT,Lecturer at,EDCT_085,,,1918,1920,1918-1920,,EDC_1920_127; EDC_1918_109,FALSE,FALSE
EDCPT_9240,PRESENT_AT,Lecturer at,EDCT_093,,,1916,1920,1916-1920,,EDC_1920_69; EDC_1918_62 ; EDC_1917_48; EDC_1916_51,FALSE,FALSE
EDCPT_10585,PRESENT_AT,Lecturer at,EDCT_238,,,1918,1920,1918-1920,,EDC_1920_113; EDC_1918_97,FALSE,FALSE
EDCPT_7291,PRESENT_AT,Lecturer at,EDCT_320,,,1916,1917,1916-1917,,EDC_1916_07,FALSE,FALSE
EDCPT_7273,PRESENT_AT,Lecturer at,EDCT_541,,,1916,1917,1916-1917,,EDC_1916_06,FALSE,FALSE
EDCPT_10331,PRESENT_AT,Lecturer at,EDCT_902,,,1914,1917,1914-1917,,EDC_1917_67; EDC_1914_23,FALSE,FALSE
EDCPT_11128,PRESENT_AT,Lecturer at,EDCT_902,,,1914,1917,1914-1917,,EDC_1917_88; EDC_1914_29,FALSE,FALSE
EDCPT_10038,PRESENT_AT,Lecturer in,EDCT_093,,,1916,,1916-,,EDC_1916_69,FALSE,FALSE
EDCPT_9996,PRESENT_AT,Librarian at,EDCT_581,,,1916,1917,1916-1917,,EDC_1917_60; EDC_1916_68,FALSE,FALSE
EDCPT_8648,PRESENT_AT,Master at,EDCT_031,,,1917,1918,1917-1918,,EDC_1918_45; EDC_1917_34,FALSE,FALSE
EDCPT_10241,PRESENT_AT,Master at,EDCT_531,,,1916,,1916-,,EDC_1916_73,FALSE,FALSE
EDCPT_10616,PRESENT_AT,Matron at,EDCT_022,,,1918,,1918-,,EDC_1918_97,FALSE,FALSE
EDCPT_8665,PRESENT_AT,Matron at,EDCT_022,,,1917,1918,1917-1918,,EDC_1918_46; EDC_1917_35,FALSE,FALSE
EDCPT_8576,PRESENT_AT,Matron at,EDCT_482,,,1917,1918,1917-1918,,EDC_1918_43; EDC_1917_33,FALSE,FALSE
EDCPT_11316,PRESENT_AT,Medical superintendent at,EDCT_161,,,1914,1920,1914-1920,,; EDC_1914_30,FALSE,FALSE
EDCPT_10436,PRESENT_AT,Member of,EDCT_062,,,1917,,1917-,,EDC_1917_70,FALSE,FALSE
EDCPT_8886,PRESENT_AT,Member of the Conrt and Council,EDCT_053,,,1916,1918,1916-1918,,EDC_1918_52; EDC_1916_45,FALSE,FALSE
EDCPT_8246,PRESENT_AT,Member of the Court,EDCT_053,,,1916,1918,1916-1918,,EDC_1918_34; EDC_1916_30,FALSE,TRUE
EDCPT_8706,PRESENT_AT,Member of the Court and Council,EDCT_053,,,1916,1920,1916-1920,,EDC_1920_54; EDC_1918_47; EDC_1916_40,FALSE,FALSE
EDCPT_10500,PRESENT_AT,Member of the Court and Council at,EDCT_053,,,1914,1920,1914-1920,,EDC_1920_110; EDC_1918_94; EDC_1917_72; EDC_1914_24; EDC_1916_79,FALSE,FALSE
EDCPT_10648,PRESENT_AT,Member of the Court and Council at,EDCT_053,,,1917,1920,1917-1920,,EDC_1920_115; EDC_1918_99; EDC_1917_75,FALSE,FALSE
EDCPT_11776,PRESENT_AT,Member of the Court and Council at,EDCT_053,,,1914,1918,1914-1918,,EDC_1917_103; EDC_1918_134; EDC_1914_37,FALSE,FALSE
EDCPT_9255,PRESENT_AT,Member of the Court and Council at,EDCT_053,,,1916,1920,1916-1920,,EDC_1920_69; EDC_1918_62; EDC_1916_52,FALSE,FALSE
EDCPT_10248,PRESENT_AT,Member of the Court at,EDCT_053,,,1918,1920,1918-1920,,EDC_1920_101; EDC_1918_86,FALSE,FALSE
EDCPT_10673,PRESENT_AT,Member of the court at,EDCT_053,,,1918,1920,1918-1920,,EDC_1920_117; EDC_1918_99,FALSE,FALSE
EDCPT_11098,PRESENT_AT,Member of the court at,EDCT_053,,,1918,1920,1918-1920,,EDC_1920_132; EDC_1918_114,FALSE,FALSE
EDCPT_9574,PRESENT_AT,Member of the Court at,EDCT_053,,,1916,1918,1916-1918,,EDC_1918_71; EDC_1917_56; EDC_1916_59;EDC_1914_17;EDC_1914_17,FALSE,FALSE
EDCPT_10298,PRESENT_AT,Member of the Court of the University at,EDCT_053,,,1914,1918,1914-1918,,EDC_1918_88; EDC_1914_22,FALSE,FALSE
EDCPT_10407,PRESENT_AT,Missionary in charge at,EDCT_368,,,1920,,1920-,,EDC_1920_107,FALSE,FALSE
EDCPT_10419,PRESENT_AT,Orthopedic Surgeon at,EDCT_447,,,1920,,1920-,,EDC_1920_107,FALSE,FALSE
EDCPT_12140,PRESENT_AT,Physical Director,EDCT_094,,,1917,1920,1917-1920,,EDC_1920_166; EDC_1917_114,FALSE,FALSE
EDCPT_11192,PRESENT_AT,Physical Director and Instructor at,EDCT_085,,,1918,1920,1918-1920,,EDC_1920_135; EDC_1918_117,FALSE,FALSE
EDCPT_11770,PRESENT_AT,Physical Director at,EDCT_276,,,1917,1918,1917-1918,,EDC_1917_103; EDC_1918_134,FALSE,FALSE
EDCPT_10151,PRESENT_AT,Piano Instructor at,EDCT_004,,,1920,,1920-,,EDC_1920_98,FALSE,FALSE
EDCPT_9348,PRESENT_AT,Porfessor at,EDCT_023,,,1917,1918,1917-1918,,EDC_1917_50; EDC_1918_64,FALSE,FALSE
EDCPT_8612,PRESENT_AT,President,EDCT_330,,,1916,1920,1916-1920,,EDC_1920_52; EDC_1917_33; EDC_1916_38,FALSE,FALSE
EDCPT_7915,PRESENT_AT,President and Professor at,EDCT_094,,,1916,1920,1916-1920,,EDC_1916_21,FALSE,FALSE
EDCPT_11881,PRESENT_AT,President and Professor at,EDCT_337,,,1917,1920,1917-1920,Professor of Dogmatics and Pastoral Theology,EDC_1920_157; EDC_1917_108; EDC_1918_138,FALSE,FALSE
EDCPT_8495,PRESENT_AT,President and Professor at,EDCT_541,,,1917,1918,1917-1918,,EDC_1918_41; EDC_1917_31,FALSE,FALSE
EDCPT_9863,PRESENT_AT,President and Professor at,EDCT_553,,,1916,1918,1916-1918,,EDC_1918_77; EDC_1917_59; EDC_1916_65,FALSE,FALSE
EDCPT_10403,PRESENT_AT,President at,EDCT_008,,,1917,1920,1917-1920,,EDC_1920_106; EDC:1918_91; EDC_1917_69,FALSE,FALSE
EDCPT_11278,PRESENT_AT,President at,EDCT_011,,,1914,1917,1914-1917,,EDC_1917_91; EDC_1916_100; EDC_1914_30,FALSE,FALSE
EDCPT_10428,PRESENT_AT,President at,EDCT_023,,,1917,,1917-,,EDC_1917_70,FALSE,FALSE
EDCPT_11802,PRESENT_AT,President at,EDCT_034,,,1914,1920,1914-1920,,EDC_1920_154; EDC_1917_104; EDC_1914_35,FALSE,FALSE
EDCPT_8250,PRESENT_AT,President at,EDCT_054,,,1917,1920,1917-1920,,EDC_1918_34; EDC_1917_25,FALSE,FALSE
EDCPT_7337,PRESENT_AT,President at,EDCT_061,,,1916,1920,1916-1920,,EDC_1916_08,FALSE,FALSE
EDCPT_11389,PRESENT_AT,President at,EDCT_066,,,1914,1917,1914-1917,,EDC_1917_93; EDC_1914_31,FALSE,FALSE
EDCPT_7221,PRESENT_AT,President at,EDCT_078,,,1916,1920,1916-1920,,EDC_1916_05,FALSE,FALSE
EDCPT_9276,PRESENT_AT,President at,EDCT_082,,,1916,1920,1916-1920,On Furlough (1918),EDC_1920_70; EDC_1917_48; EDC_1918_62; EDC_1916_52;EDC_1914_15,FALSE,FALSE
EDCPT_10662,PRESENT_AT,President at,EDCT_085,,,1914,1920,1914-1920,,EDC_1920_116; EDC_1918_99; EDC_1917_76; EDC_1914_25,FALSE,FALSE
EDCPT_11160,PRESENT_AT,President at,EDCT_100,,,1918,1920,1918-1920,Was Acting President in 1918,EDC_1920_134; EDC_1918_116,FALSE,FALSE
EDCPT_11382,PRESENT_AT,President at,EDCT_127,,,1917,1920,1917-1920,,EDC_1920_140; EDC_1918_121;EDC_1917_93,FALSE,FALSE
EDCPT_9357,PRESENT_AT,President at,EDCT_189,,,1916,1920,1916-1920,,EDC_1920_72; EDC_1917_50; EDC_1918_65; EDC_1916_54,FALSE,FALSE
EDCPT_10525,PRESENT_AT,President at,EDCT_219,,,1914,1918,1914-1918,,EDC_1918_95; EDC_1917_73; EDC_1916_80; EDC_1914_35,FALSE,FALSE
EDCPT_11843,PRESENT_AT,President at,EDCT_219,,,1917,1920,1917-1920,,EDC_1920_156; EDC_1917_106; EDC_1918_137,FALSE,FALSE
EDCPT_10413,PRESENT_AT,President at,EDCT_256,,,1916,1918,1916-1918,,EDC_1918_91; EDC_1917_70; EDC_1916_78,FALSE,FALSE
EDCPT_11312,PRESENT_AT,President at,EDCT_263,,,1916,1920,1916-1920,,EDC_1920_138,FALSE,FALSE
EDCPT_11431,PRESENT_AT,President at,EDCT_289,,,1918,1920,1918-1920,,EDC_1920_142; EDC_1918_122;EDC_1917_94,FALSE,FALSE
EDCPT_12105,PRESENT_AT,President at,EDCT_323,,,1917,1920,1917-1920,,EDC_1920_164; EDC_1917_113,FALSE,FALSE
EDCPT_11881,PRESENT_AT,President at,EDCT_337,,,1914,1920,1914-1920,,EDC_1920_157; EDC_1917_108; EDC_1914_35,FALSE,FALSE
EDCPT_11846,PRESENT_AT,President at,EDCT_448,,,1917,1920,1917-1920,,EDC_1920_156; EDC_1917_107; EDC_1918_137,FALSE,FALSE
EDCPT_11808,PRESENT_AT,President at,EDCT_453,,,1917,1920,1917-1920,,EDC_1920_154; EDC_1917_105; EDC_1918_135,FALSE,FALSE
EDCPT_11021,PRESENT_AT,President at,EDCT_454,,,1918,1920,1918-1920,,EDC_1920_129; EDC_1918_112,FALSE,FALSE
EDCPT_10071,PRESENT_AT,President at,EDCT_467,,,1917,1918,1917-1918,,EDC_1918_82; EDC_1917_62,FALSE,FALSE
EDCPT_10411,PRESENT_AT,President at,EDCT_474,,,1920,,1920-,,EDC_1920_107,FALSE,FALSE
EDCPT_11399,PRESENT_AT,President at,EDCT_474,,,1918,1920,1918-1920,,EDC_1920_141; EDC_1918_121,FALSE,FALSE
EDCPT_8026,PRESENT_AT,President at,EDCT_495,,,1917,1918,1917-1918,,EDC_1918_27; EDC_1917_21,FALSE,FALSE
EDCPT_8913,PRESENT_AT,President at,EDCT_518,,,1916,1918,1916-1918,,EDC_1917_41; EDC_1918_53; EDC_1916_45,FALSE,FALSE
EDCPT_8862,PRESENT_AT,President at,EDCT_538,,,1917,1918,1917-1918,,EDC_1918_51; EDC_1917_39,FALSE,FALSE
EDCPT_8560,PRESENT_AT,President at,EDCT_540,,,1917,1918,1917-1918,,EDC_1918_43; EDC_1917_32,FALSE,FALSE
EDCPT_8977,PRESENT_AT,President at,EDCT_543,,,1916,1918,1916-1918,,EDC_1918_55,FALSE,FALSE
EDCPT_9079,PRESENT_AT,President at,EDCT_549,,,1916,1918,1916-1918,,EDC_1918_57; EDC_1916_48,FALSE,FALSE
EDCPT_8513,PRESENT_AT,President at,EDCT_550,,,1917,1918,1917-1918,,EDC_1918_41; EDC_1917_31,FALSE,FALSE
EDCPT_9958,PRESENT_AT,President at,EDCT_566,,,1916,1918,1916-1918,,EDC_1918_79; EDC_1916_67,FALSE,FALSE
EDCPT_12078,PRESENT_AT,President at,EDCT_611,,,1917,1918,1917-1918,,EDC_1917_113; EDC_1918_145,FALSE,FALSE
EDCPT_10119,PRESENT_AT,President at,EDCT_756,,,1914,,1914-,,EDC_1914_21,FALSE,FALSE
EDCPT_8687,PRESENT_AT,President of,EDCT_025,,,1916,1920,1916-1920,,"EDC_1920_54, EDC_1918_46; EDC_1917_35; EDC_1916_40",FALSE,FALSE
EDCPT_10755,PRESENT_AT,President of,EDCT_276,,,1917,1918,1917-1918,,EDC_1918_103; EDC_1917_79,FALSE,FALSE
EDCPT_10051,PRESENT_AT,President of,EDCT_518,,,1914,1916,1914-1916,,EDC_1916_69; EDC_1914_20,FALSE,FALSE
EDCPT_11802,PRESENT_AT,President of,EDCT_581,,,1914,1918,1914-1918,,EDC_1918_135; EDC_1914_35,FALSE,FALSE
EDCPT_11475,PRESENT_AT,President of,EDCT_697,,,1917,1918,1917-1918,,EDC_1918_124;EDC_1917_95,FALSE,FALSE
EDCPT_10011,PRESENT_AT,President of,EDCT_851,,,1916,,1916-,,EDC_1916_68,FALSE,FALSE
EDCPT_10316,PRESENT_AT,Principal and Head of Science Dept. at,EDCT_195,,,1916,1917,1916-1917,,EDC_1917_67; EDC_1916_75,FALSE,FALSE
EDCPT_11014,PRESENT_AT,Principal and Instructor,EDCT_453,,,1918,1920,1918-1920,,EDC_1920_129; EDC_1918_112,FALSE,FALSE
EDCPT_11116,PRESENT_AT,Principal and Teacher at,EDCT_099,,,1918,1920,1918-1920,,EDC_1920_132; EDC_1918_115,FALSE,FALSE
EDCPT_11784,PRESENT_AT,Principal and Teacher at,EDCT_293,,,1914,1920,1914-1920,,EDC_1920_153; EDC_1917_104; EDC_1918_134; EDC_1914_34,FALSE,FALSE
EDCPT_11823,PRESENT_AT,Principal and Teacher at,EDCT_386,,,1917,1920,1917-1920,,EDC_1920_155; EDC_1917_105; EDC_1918_136,FALSE,FALSE
EDCPT_8264,PRESENT_AT,Principal at,EDCT_001,,,1917,1920,1917-1920,,EDC_1918_34; EDC_1917_26,FALSE,FALSE
EDCPT_8082,PRESENT_AT,Principal at,EDCT_003,,,1916,1917,1916-1917,,EDC_1917_22; EDC_1916_25,FALSE,FALSE
EDCPT_8590,PRESENT_AT,Principal at,EDCT_006,,,1917,1918,1917-1918,,EDC_1918_43; EDC_1917_33,FALSE,FALSE
EDCPT_10551,PRESENT_AT,Principal at,EDCT_010,,,1920,,1920-,,EDC_1920_112,FALSE,FALSE
EDCPT_8792,PRESENT_AT,Principal at,EDCT_010,,,1917,1918,1917-1918,,EDC_1918_49; EDC_1917_38,FALSE,FALSE
EDCPT_10019,PRESENT_AT,Principal at,EDCT_012,,,1916,1917,1916-1917,,EDC_1917_61; EDC_1916_68,FALSE,FALSE
EDCPT_11034,PRESENT_AT,Principal at,EDCT_021,,,1918,1920,1918-1920,,EDC_1920_130; EDS_1918_112,FALSE,FALSE
EDCPT_10137,PRESENT_AT,Principal at,EDCT_027,,,1916,1920,1916-1920,,EDC_1920_98; EDC_1918_84; EDC_1917_64; EDC_1916_71,FALSE,FALSE
EDCPT_11742,PRESENT_AT,Principal at,EDCT_027,,,1917,1918,1917-1918,,EDC_1917_103; EDC_1918_133,FALSE,FALSE
EDCPT_7478,PRESENT_AT,Principal at,EDCT_027,,,1916,1920,1916-1920,,EDC_1916_12,FALSE,FALSE
EDCPT_7289,PRESENT_AT,Principal at,EDCT_028,,,1916,1920,1916-1920,,EDC_1916_07,FALSE,FALSE
EDCPT_10322,PRESENT_AT,Principal at,EDCT_033,,,1917,1920,1917-1920,,EDC_1920_104; EDC_1917_67,FALSE,FALSE
EDCPT_11642,PRESENT_AT,Principal at,EDCT_036,,,1914,1920,1914-1920,,EDC_1920_149; EDC_1917_100; EDC_1918_130; EDC_1914_33,FALSE,FALSE
EDCPT_10609,PRESENT_AT,Principal at,EDCT_037,,,1917,1920,1917-1920,,EDC_1920_114; EDC_1918_97; EDC_1917_74,FALSE,FALSE
EDCPT_11750,PRESENT_AT,Principal at,EDCT_042,,,1917,1918,1917-1918,,EDC_1917_103; EDC_1918_133,FALSE,FALSE
EDCPT_7223,PRESENT_AT,Principal at,EDCT_046,,,1917,1918,1917-1918,,EDC_1918_6; EDC_1917_5,FALSE,FALSE
EDCPT_9510,PRESENT_AT,Principal at,EDCT_048,,,1916,1917,1916-1917,,EDC_1917_54; EDC_1916_57,FALSE,FALSE
EDCPT_8659,PRESENT_AT,Principal at,EDCT_052,,,1917,1918,1917-1918,,EDC_1918_45; EDC_1917_35,FALSE,TRUE
EDCPT_8659,PRESENT_AT,Principal at,EDCT_052,,,1916,1920,1916-1920,,EDC_1920_53; EDC_1917_35; EDC_1916_39,FALSE,TRUE
EDCPT_8643,PRESENT_AT,Principal at,EDCT_054,,,1903,1918,1903-1918,,EDC_1918_45; EDC_1917_34; EDC_1916_38;EDC_1914_12,FALSE,TRUE
EDCPT_8643,PRESENT_AT,Principal at,EDCT_054,,,1916,1920,1916-1920,,EDC_1916_38,FALSE,TRUE
EDCPT_8644,PRESENT_AT,Principal at,EDCT_054,,,1903,1920,1903-1920,,EDC_1920_53; EDC_1917_34; EDC_1916_38,FALSE,FALSE
EDCPT_10244,PRESENT_AT,Principal at,EDCT_059,,,1916,1920,1916-1920,,EDC_1920_101; EDC_1918_86; EDC_1917_65; EDC_1916_73,FALSE,FALSE
EDCPT_10245,PRESENT_AT,Principal at,EDCT_059,,,1914,,1914-,,EDC_1914_22,FALSE,FALSE
EDCPT_10789,PRESENT_AT,Principal at,EDCT_060,,,1918,1920,1918-1920,,EDC_1920_121; EDC_1918_104,FALSE,FALSE
EDCPT_8166,PRESENT_AT,Principal at,EDCT_060,,,1917,1918,1917-1918,,EDC_1918_31; EDC_1917_23,FALSE,FALSE
EDCPT_10800,PRESENT_AT,Principal at,EDCT_067,,,1914,1920,1914-1920,,EDC_1920_121;EDC_1917_80; EDC_1914_26,FALSE,FALSE
EDCPT_10486,PRESENT_AT,Principal at,EDCT_068,,,1918,1920,1918-1920,,EDC_1920_109; EDC_1918_93,FALSE,FALSE
EDCPT_7961,PRESENT_AT,Principal at,EDCT_071,,,1916,1918,1916-1918,,EDC_1916_23,FALSE,FALSE
EDCPT_8561,PRESENT_AT,Principal at,EDCT_073,,,1917,1918,1917-1918,,EDC_1918_43; EDC_1917_32,FALSE,FALSE
EDCPT_11001,PRESENT_AT,Principal at,EDCT_076,,,1917,1920,1917-1920,,EDC_1920_128; EDC_1918_111;EDC_1917_85,FALSE,FALSE
EDCPT_7406,PRESENT_AT,Principal at,EDCT_081,,,1916,1920,1916-1920,,EDC_1916_10,FALSE,FALSE
EDCPT_11761,PRESENT_AT,Principal at,EDCT_084,,,1917,1918,1917-1918,,EDC_1917_103; EDC_1918_133,FALSE,FALSE
EDCPT_9618,PRESENT_AT,Principal at,EDCT_086,,,1917,1918,1917-1918,,EDC_1918_72; EDC_1917_56,FALSE,FALSE
EDCPT_9263,PRESENT_AT,Principal at,EDCT_089,,,1917,1918,1917-1918,,EDC_1917_48; EDC_1918_62; EDC_1916_52,FALSE,FALSE
EDCPT_10199,PRESENT_AT,Principal at,EDCT_094,,,1920,,1920-,,EDC_1920_100,FALSE,FALSE
EDCPT_10603,PRESENT_AT,Principal at,EDCT_101,,,1917,1918,1917-1918,,EDC_1918_97; EDC_1917_74,FALSE,FALSE
EDCPT_8433,PRESENT_AT,Principal at,EDCT_102,,,1916,1918,1916-1918,,EDC_1916_34,FALSE,TRUE
EDCPT_8433,PRESENT_AT,Principal at,EDCT_102,,,1917,1918,1917-1918,,EDC_1918_38; EDC_1917_29,FALSE,TRUE
EDCPT_11147,PRESENT_AT,Principal at,EDCT_103,,,1914,1920,1914-1920,,EDC_1920_133; EDC_1918_115: EDC_1917_89; EDC_1914_29,FALSE,FALSE
EDCPT_7304,PRESENT_AT,Principal at,EDCT_104,,,1917,1920,1917-1920,,EDC_1920_10; EDC_1918_9; EDC_1917_7,FALSE,FALSE
EDCPT_7305,PRESENT_AT,Principal at,EDCT_105,,,1917,1920,1917-1920,,EDC_1920_10; EDC_1918_9; EDC_1917_8,FALSE,FALSE
EDCPT_8236,PRESENT_AT,Principal at,EDCT_107,,,1916,1920,1916-1920,,EDC_1918_33; EDC_1917_25; EDC_1916_29,FALSE,FALSE
EDCPT_7976,PRESENT_AT,Principal at,EDCT_108,,,1917,1918,1917-1918,,EDC_1918_26; EDC_1917_20,FALSE,FALSE
EDCPT_7316,PRESENT_AT,Principal at,EDCT_109,,,1916,1920,1916-1920,,EDC_1916_08,FALSE,FALSE
EDCPT_7324,PRESENT_AT,Principal at,EDCT_111,,,1916,1920,1916-1920,,EDC_1916_08,FALSE,FALSE
EDCPT_9398,PRESENT_AT,Principal at,EDCT_113,,,1917,1918,1917-1918,,EDC_1918_66; EDC_1917_51,FALSE,FALSE
EDCPT_7335,PRESENT_AT,Principal at,EDCT_114,,,1917,1918,1917-1918,,EDC_1918_10; EDC_1917_8,FALSE,FALSE
EDCPT_12067,PRESENT_AT,Principal at,EDCT_115,,,1918,1920,1918-1920,,EDC_1920_163; EDC_1918_144,FALSE,FALSE
EDCPT_8842,PRESENT_AT,Principal at,EDCT_131,,,1916,1918,1916-1918,,EDC_1918_50; EDC_1917_39; EDC_1916_44;EDC_1914_14,FALSE,FALSE
EDCPT_8571,PRESENT_AT,Principal at,EDCT_132,,,1916,1920,1916-1920,,EDC_1916_37,FALSE,FALSE
EDCPT_8572,PRESENT_AT,Principal at,EDCT_132,,,1917,1918,1917-1918,,EDC_1918_43; EDC_1917_33,FALSE,FALSE
EDCPT_10570,PRESENT_AT,Principal at,EDCT_134,,,1917,1918,1917-1918,,EDC_1918_96; EDC_1917_73,FALSE,FALSE
EDCPT_7413,PRESENT_AT,Principal at,EDCT_134,,,1918,1920,1918-1920,,EDC_1920_14; EDC_1918_12,FALSE,FALSE
EDCPT_11899,PRESENT_AT,Principal at,EDCT_136,,,1917,1920,1917-1920,,EDC_1920_157; EDC_1917_108,FALSE,FALSE
EDCPT_7451,PRESENT_AT,Principal at,EDCT_142,,,1916,1920,1916-1920,,EDC_1916_11,FALSE,FALSE
EDCPT_10269,PRESENT_AT,Principal at,EDCT_146,,,1914,1920,1914-1920,,EDC_1920_102; EDC_1918_87; EDC_1917_66; EDC_1916_74; EDC_1914_22,FALSE,FALSE
EDCPT_12258,PRESENT_AT,Principal at,EDCT_167,,,1916,1917,1916-1917,,EDC_1917_37; EDC_1916_41,FALSE,FALSE
EDCPT_9412,PRESENT_AT,Principal at,EDCT_169,,,1917,1918,1917-1918,,EDC_1917_52; EDC_1918_67,FALSE,FALSE
EDCPT_7553,PRESENT_AT,Principal at,EDCT_174,,,1916,1920,1916-1920,,EDC_1916_13,FALSE,FALSE
EDCPT_8587,PRESENT_AT,Principal at,EDCT_179,,,1918,1920,1918-1920,,EDC_1918_43,FALSE,FALSE
EDCPT_8593,PRESENT_AT,Principal at,EDCT_179,,,1916,1917,1916-1917,,EDC_1916_38,FALSE,TRUE
EDCPT_10199,PRESENT_AT,Principal at,EDCT_180,,,1914,1920,1914-1920,,EDC_1920_100; EDC_1918_85; EDC_1917_65; EDC_1916_72; EDC_1914_21,FALSE,FALSE
EDCPT_10309,PRESENT_AT,Principal at,EDCT_193,,,1920,,1920-,,EDC_1920_103,FALSE,FALSE
EDCPT_7624,PRESENT_AT,Principal at,EDCT_194,,,1916,1920,1916-1920,,EDC_1916_15,FALSE,FALSE
EDCPT_7887,PRESENT_AT,Principal at,EDCT_196,,,1916,1920,1916-1920,,EDC_1916_19,FALSE,FALSE
EDCPT_9983,PRESENT_AT,Principal at,EDCT_204,,,1916,1918,1916-1918,,EDC_1918_79; EDC_1917_60; EDC_1916_67,FALSE,FALSE
EDCPT_9509,PRESENT_AT,Principal at,EDCT_209,,,1918,1920,1918-1920,,EDC_1920_77; EDC_1918_69,FALSE,FALSE
EDCPT_10821,PRESENT_AT,Principal at,EDCT_213,,,1918,1920,1918-1920,,EDC_1920_122; EDC_1918_105,FALSE,FALSE
EDCPT_10725,PRESENT_AT,Principal at,EDCT_214,,,1917,1918,1917-1918,,EDC_1918_101; EDC_1917_78,FALSE,FALSE
EDCPT_11821,PRESENT_AT,Principal at,EDCT_216,,,1917,1920,1917-1920,,EDC_1920_155; EDC_1917_105; EDC_1918_136,FALSE,FALSE
EDCPT_10457,PRESENT_AT,Principal at,EDCT_219,,,1918,1920,1918-1920,,EDC_1920_108; EDC_1918_92,FALSE,FALSE
EDCPT_8864,PRESENT_AT,Principal at,EDCT_219,,,1916,1918,1916-1918,,EDC_1918_51; EDC_1917_39; EDC_1916_44,FALSE,FALSE
EDCPT_10178,PRESENT_AT,Principal at,EDCT_222,,,1920,,1920-,,EDC_1920_100,FALSE,FALSE
EDCPT_10179,PRESENT_AT,Principal at,EDCT_222,,,1917,1920,1917-1920,,EDC_1920_100; EDC_1918_85; EDC_1917_64,FALSE,FALSE
EDCPT_8740,PRESENT_AT,Principal at,EDCT_229,,,1916,1918,1916-1918,,EDC_1918_48; EDC_1917_36; EDC_1916_41;EDC_1914_13,FALSE,FALSE
EDCPT_10843,PRESENT_AT,Principal at,EDCT_230,,,1918,1920,1918-1920,On Furlough all or part of 1918,EDC_1920_123; EDC_1918_105,FALSE,FALSE
EDCPT_9587,PRESENT_AT,Principal at,EDCT_236,,,1917,1918,1917-1918,,EDC_1918_71; EDC_1917_56,FALSE,FALSE
EDCPT_7826,PRESENT_AT,Principal at,EDCT_238,,,1916,1920,1916-1920,,EDC_1916_20,FALSE,FALSE
EDCPT_9856,PRESENT_AT,Principal at,EDCT_239,,,1917,1918,1917-1918,,EDC_1918_77; EDC_1917_59,FALSE,FALSE
EDCPT_10572,PRESENT_AT,Principal at,EDCT_244,,,1914,,1914-,,EDC_1914_24,FALSE,FALSE
EDCPT_10703,PRESENT_AT,Principal at,EDCT_249,,,1917,1920,1917-1920,,EDC_1920_118; EDC_1918_100; EDC_1917_77,FALSE,FALSE
EDCPT_10765,PRESENT_AT,Principal at,EDCT_249,,,1914,1917,1914-1917,,EDC_1917_79; EDC_1914_26,FALSE,FALSE
EDCPT_10040,PRESENT_AT,Principal at,EDCT_253,,,1917,,1917-,,EDC_1917_61,FALSE,FALSE
EDCPT_10484,PRESENT_AT,Principal at,EDCT_256,,,1917,1920,1917-1920,,EDC_1920_109; EDC_1918_93; EDC_1917_71,FALSE,FALSE
EDCPT_11558,PRESENT_AT,Principal at,EDCT_257,,,1918,1920,1918-1920,,EDC_1920_146; EDC_1918_127,FALSE,FALSE
EDCPT_11830,PRESENT_AT,Principal at,EDCT_260,,,1918,1920,1918-1920,,EDC_1920_155; EDC_1918_136,FALSE,FALSE
EDCPT_7987,PRESENT_AT,Principal at,EDCT_265,,,1916,1920,1916-1920,,EDC_1916_23,FALSE,FALSE
EDCPT_10462,PRESENT_AT,Principal at,EDCT_266,,,1916,1917,1916-1917,,EDC_1917_71; EDC_1916_79,FALSE,FALSE
EDCPT_10211,PRESENT_AT,Principal at,EDCT_271,,,1920,,1920-,,EDC_1920_100,FALSE,FALSE
EDCPT_10575,PRESENT_AT,Principal at,EDCT_271,,,1916,,1916-,,EDC_1916_81,FALSE,FALSE
EDCPT_10134,PRESENT_AT,Principal at,EDCT_274,,,1920,,1920-,,EDC_1920_98,FALSE,FALSE
EDCPT_10135,PRESENT_AT,Principal at,EDCT_274,,,1918,,1918-,,EDC_1918_83,FALSE,FALSE
EDCPT_11627,PRESENT_AT,Principal at,EDCT_275,,,1918,1920,1918-1920,,EDC_1920_148; EDC_1918_129,FALSE,FALSE
EDCPT_10362,PRESENT_AT,Principal at,EDCT_278,,,1916,1920,1916-1920,,EDC_1920_105; EDC_1917_68; EDC_1916_76,FALSE,FALSE
EDCPT_10515,PRESENT_AT,Principal at,EDCT_288,,,1914,1920,1914-1920,,EDC_1920_110; EDC_1918_94; EDC_1917_72; EDC_1916_80; EDC_1914_24,FALSE,FALSE
EDCPT_10476,PRESENT_AT,Principal at,EDCT_291,,,1920,,1920-,,EDC_1920_109,FALSE,FALSE
EDCPT_11422,PRESENT_AT,Principal at,EDCT_294,,,1914,1920,1914-1920,,EDC_1920_142; EDC_1918_122;EDC_1917_94; EDC_1914_31,FALSE,FALSE
EDCPT_7513,PRESENT_AT,Principal at,EDCT_295,,,1916,1917,1916-1917,,EDC_1916_12,FALSE,TRUE
EDCPT_9264,PRESENT_AT,Principal at,EDCT_296,,,1917,1918,1917-1918,,EDC_1917_48; EDC_1918_62,FALSE,FALSE
EDCPT_11814,PRESENT_AT,Principal at,EDCT_297,,,1917,1918,1917-1918,,EDC_1917_105; EDC_1918_136,FALSE,FALSE
EDCPT_9564,PRESENT_AT,Principal at,EDCT_303,,,1917,1920,1917-1920,,EDC_1920_79; EDC_1918_71; EDC_1917_56,FALSE,FALSE
EDCPT_10341,PRESENT_AT,Principal at,EDCT_304,,,1916,1917,1916-1917,,EDC_1917_68; EDC_1916_76,FALSE,FALSE
EDCPT_11832,PRESENT_AT,Principal at,EDCT_304,,,1917,1920,1917-1920,,EDC_1920_155; EDC_1917_106,FALSE,FALSE
EDCPT_10312,PRESENT_AT,Principal at,EDCT_306,,,1918,1920,1918-1920,,EDC_1920_103; EDC_1918_88,FALSE,FALSE
EDCPT_10537,PRESENT_AT,Principal at,EDCT_306,,,1918,,1918-,,EDC_1918_95,FALSE,FALSE
EDCPT_8586,PRESENT_AT,Principal at,EDCT_311,,,1917,1918,1917-1918,,EDC_1918_43; EDC_1917_33,FALSE,FALSE
EDCPT_8299,PRESENT_AT,Principal at,EDCT_313,,,1916,1918,1916-1918,,EDC_1918_35; EDC_1916_31,FALSE,FALSE
EDCPT_8389,PRESENT_AT,Principal at,EDCT_316,,,1916,1920,1916-1920,,EDC_1916_33,FALSE,FALSE
EDCPT_10818,PRESENT_AT,Principal at,EDCT_317,,,1918,1920,1918-1920,,EDC_1920_122; EDC_1918_104,FALSE,FALSE
EDCPT_10884,PRESENT_AT,Principal at,EDCT_322,,,1918,1920,1918-1920,,EDC_1920_124; EDC_1918_107,FALSE,FALSE
EDCPT_11013,PRESENT_AT,Principal at,EDCT_322,,,1917,1918,1917-1918,,EDC_1917_85EDC_1918_111,FALSE,FALSE
EDCPT_10894,PRESENT_AT,Principal at,EDCT_324,,,1918,1920,1918-1920,,EDC_1920_125; EDC_1918_107,FALSE,FALSE
EDCPT_9141,PRESENT_AT,Principal at,EDCT_324,,,1916,1918,1916-1918,,EDC_1918_59; EDC_1917_45; EDC_1916_49,FALSE,FALSE
EDCPT_8556,PRESENT_AT,Principal at,EDCT_327,,,1917,1918,1917-1918,,EDC_1918_43; EDC_1917_32,FALSE,FALSE
EDCPT_8588,PRESENT_AT,Principal at,EDCT_328,,,1917,1918,1917-1918,,EDC_1918_43; EDC_1917_33,FALSE,FALSE
EDCPT_11104,PRESENT_AT,Principal at,EDCT_329,,,1918,1920,1918-1920,,EDC_1920_132; EDC_1918_114,FALSE,TRUE
EDCPT_10141,PRESENT_AT,Principal at,EDCT_331,,,1914,1918,1914-1918,,EDC_1918_84; EDC_1917_64; EDC_1916_71; EDC_1914_21,FALSE,FALSE
EDCPT_11115,PRESENT_AT,Principal at,EDCT_332,,,1918,1920,1918-1920,,EDC_1920_132; EDC_1918_114,FALSE,FALSE
EDCPT_8586,PRESENT_AT,Principal at,EDCT_333,,,1916,1918,1916-1918,,EDC_1916_38,FALSE,FALSE
EDCPT_10397,PRESENT_AT,Principal at,EDCT_334,,,1918,,1918-,,EDC_1918_91,FALSE,FALSE
EDCPT_8654,PRESENT_AT,Principal at,EDCT_336,,,1917,1918,1917-1918,,EDC_1918_45; EDC_1917_34,FALSE,FALSE
EDCPT_8655,PRESENT_AT,Principal at,EDCT_336,,,1916,1920,1916-1920,,EDC_1920_53; EDC_1916_39,FALSE,FALSE
EDCPT_10395,PRESENT_AT,Principal at,EDCT_338,,,1917,1920,1917-1920,,EDC_1920_106; EDC:1918_91; EDC_1917_69,FALSE,FALSE
EDCPT_10208,PRESENT_AT,Principal at,EDCT_339,,,1917,1920,1917-1920,,EDC_1920_100; EDC_1918_85; EDC_1917_65,FALSE,FALSE
EDCPT_7000,PRESENT_AT,Principal at,EDCT_339,,,1916,1918,1916-1918,,EDC_1916_01,FALSE,FALSE
EDCPT_7001,PRESENT_AT,Principal at,EDCT_339,,,1917,1918,1917-1918,,EDC_1918_1; EDC_1917_1,FALSE,FALSE
EDCPT_8739,PRESENT_AT,Principal at,EDCT_343,,,1916,1920,1916-1920,,EDC_1920_55; EDC_1918_47; EDC_1917_36; EDC_1916_41;EDC_1914_13,FALSE,FALSE
EDCPT_10870,PRESENT_AT,Principal at,EDCT_344,,,1918,1920,1918-1920,Worked in above school for 7 years,EDC_1920_124; EDC_1918_106,FALSE,FALSE
EDCPT_10880,PRESENT_AT,Principal at,EDCT_345,,,1918,1920,1918-1920,,EDC_1920_124; EDC_1918_106,FALSE,FALSE
EDCPT_11811,PRESENT_AT,Principal at,EDCT_347,,,1917,1918,1917-1918,,EDC_1917_105; EDC_1918_136,FALSE,FALSE
EDCPT_12265,PRESENT_AT,Principal at,EDCT_348,,,1916,1920,1916-1920,,EDC_1920_56; EDC_1918_48; EDC_1917_37; EDC_1916_42,FALSE,FALSE
EDCPT_12266,PRESENT_AT,Principal at,EDCT_349,,,1916,1920,1916-1920,,EDC_1920_56; EDC_1918_48; EDC_1916_42,FALSE,FALSE
EDCPT_11806,PRESENT_AT,Principal at,EDCT_350,,,1917,1920,1917-1920,,EDC_1920_154; EDC_1917_105; EDC_1918_135,FALSE,FALSE
EDCPT_12201,PRESENT_AT,Principal at,EDCT_354,,,1918,1920,1918-1920,,EDC_1920_168; EDC_1918_148,FALSE,FALSE
EDCPT_10517,PRESENT_AT,Principal at,EDCT_358,,,1917,1920,1917-1920,,EDC_1920_110; EDC_1918_94; EDC_1917_72,FALSE,FALSE
EDCPT_10969,PRESENT_AT,Principal at,EDCT_358,,,1918,1920,1918-1920,,EDC_1920_127; EDC_1918_110,FALSE,FALSE
EDCPT_10475,PRESENT_AT,Principal at,EDCT_359,,,1920,,1920-,,EDC_1920_109,FALSE,FALSE
EDCPT_11960,PRESENT_AT,Principal at,EDCT_362,,,1914,1918,1914-1918,Absent in 1918,EDC_1917_110; EDC_1918_141; EDC_1914_36,FALSE,FALSE
EDCPT_11706,PRESENT_AT,Principal at,EDCT_379,,,1917,1920,1917-1920,,EDC_1920_151; EDC_1917_102; EDC_1918_132,FALSE,FALSE
EDCPT_10868,PRESENT_AT,Principal at,EDCT_380,,,1918,1920,1918-1920,,EDC_1920_124; EDC_1918_106,FALSE,FALSE
EDCPT_10720,PRESENT_AT,Principal at,EDCT_382,,,1917,1920,1917-1920,,EDC_1920_119; EDC_1918_101; EDC_1917_78,FALSE,FALSE
EDCPT_10891,PRESENT_AT,Principal at,EDCT_384,,,1918,1920,1918-1920,11 years in above school (prior to 1918),EDC_1920_124; EDC_1918_107,FALSE,FALSE
EDCPT_8997,PRESENT_AT,Principal at,EDCT_388,,,1916,1918,1916-1918,,EDC_1917_42; EDC_1918_55; EDC_1916_49,FALSE,FALSE
EDCPT_10047,PRESENT_AT,Principal at,EDCT_401,,,1917,,1917-,,EDC_1917_61,FALSE,FALSE
EDCPT_8030,PRESENT_AT,Principal at,EDCT_408,,,1916,1918,1916-1918,,EDC_1916_24,FALSE,TRUE
EDCPT_8030,PRESENT_AT,Principal at,EDCT_408,,,1917,1918,1917-1918,,EDC_1918_27; EDC_1917_21; EDC_1916_24,FALSE,TRUE
EDCPT_7060,PRESENT_AT,Principal at,EDCT_416,,,1916,1918,1916-1918,,EDC_1916_02,FALSE,TRUE
EDCPT_7060,PRESENT_AT,Principal at,EDCT_416,,,1917,1918,1917-1918,,EDC_1918_2; EDC_1917_2,FALSE,TRUE
EDCPT_11895,PRESENT_AT,Principal at,EDCT_419,,,1917,1920,1917-1920,,EDC_1920_157; EDC_1917_108,FALSE,FALSE
EDCPT_10157,PRESENT_AT,Principal at,EDCT_423,,,1917,1920,1917-1920,,EDC_1920_99; EDC_1918_84; EDC_1917_64,FALSE,FALSE
EDCPT_11291,PRESENT_AT,Principal at,EDCT_425,,,1916,1920,1916-1920,,EDC_1920_138; EDC_1917_91; EDC_1916_100,FALSE,FALSE
EDCPT_10736,PRESENT_AT,Principal at,EDCT_429,,,1914,1920,1914-1920,,EDC_1920_119; EDC_1918_102; EDC_1917_78; EDC_1914_26,FALSE,FALSE
EDCPT_11709,PRESENT_AT,Principal at,EDCT_431,,,1917,1920,1917-1920,,EDC_1920_151; EDC_1917_102; EDC_1918_132,FALSE,FALSE
EDCPT_10444,PRESENT_AT,Principal at,EDCT_438,,,1917,1920,1917-1920,,EDC_1920_108; EDC_1918_92; EDC_1917_70,FALSE,FALSE
EDCPT_10062,PRESENT_AT,Principal at,EDCT_439,,,1918,,1918-,,EDC_1918_81,FALSE,FALSE
EDCPT_11129,PRESENT_AT,Principal at,EDCT_446,,,1918,1920,1918-1920,,EDC_1920_133; EDC_1918_115,FALSE,TRUE
EDCPT_11857,PRESENT_AT,Principal at,EDCT_449,,,1917,1920,1917-1920,,EDC_1920_156; EDC_1917_107; EDC_1918_138,FALSE,FALSE
EDCPT_11944,PRESENT_AT,Principal at,EDCT_451,,,1917,1920,1917-1920,,EDC_1920_159; EDC_1917_109; EDC_1918_140,FALSE,FALSE
EDCPT_11831,PRESENT_AT,Principal at,EDCT_455,,,1917,1918,1917-1918,,EDC_1917_106; EDC_1918_136,FALSE,FALSE
EDCPT_11847,PRESENT_AT,Principal at,EDCT_455,,,1917,1918,1917-1918,,EDC_1917_107; EDC_1918_137,FALSE,FALSE
EDCPT_10352,PRESENT_AT,Principal at,EDCT_459,,,1914,1920,1914-1920,,EDC_1920_105; EDC_1918_89; EDC_1917_68; EDC_1916_76; EDC_1914_23,FALSE,FALSE
EDCPT_10338,PRESENT_AT,Principal at,EDCT_461,,,1916,1920,1916-1920,,EDC_1920_104; EDC_1918_89; EDC_1917_68; EDC_1916_76,FALSE,FALSE
EDCPT_10641,PRESENT_AT,Principal at,EDCT_477,,,1919,1920,1919-1920,,EDC_1920_123; EDC_1917_75,FALSE,FALSE
EDCPT_10454,PRESENT_AT,Principal at,EDCT_478,,,1918,1920,1918-1920,,EDC_1920_108; EDC_1918_92,FALSE,FALSE
EDCPT_10591,PRESENT_AT,Principal at,EDCT_481,,,1920,,1920-,,EDC_1920_113,FALSE,FALSE
EDCPT_10381,PRESENT_AT,Principal at,EDCT_486,,,1916,1917,1916-1917,,EDC_1917_69; EDC_1916_77,FALSE,FALSE
EDCPT_10680,PRESENT_AT,Principal at,EDCT_488,,,1917,1920,1917-1920,,EDC_1920_117; EDC_1918_100; EDC_1917_76,FALSE,FALSE
EDCPT_10690,PRESENT_AT,Principal at,EDCT_489,,,1917,1920,1917-1920,,EDC_1920_117; EDC_1918_100; EDC_1917_77,FALSE,FALSE
EDCPT_10844,PRESENT_AT,Principal at,EDCT_493,,,1918,1920,1918-1920,Five years experience in Wen Mei Girls' High School prior to 1918,EDC_1920_108; EDC_1918_105,FALSE,FALSE
EDCPT_7653,PRESENT_AT,Principal at,EDCT_499,,,1917,1918,1917-1918,,EDC_1918_19; EDC_1917_15,FALSE,FALSE
EDCPT_10484,PRESENT_AT,Principal at,EDCT_517,,,1916,1917,1916-1917,,EDC_1917_71; EDC_1916_79,FALSE,FALSE
EDCPT_8473,PRESENT_AT,Principal at,EDCT_517,,,1917,1918,1917-1918,,EDC_1918_41; EDC_1917_31,FALSE,FALSE
EDCPT_10349,PRESENT_AT,Principal at,EDCT_521,,,1920,,1920-,,EDC_1920_105,FALSE,FALSE
EDCPT_10350,PRESENT_AT,Principal at,EDCT_521,,,1917,1918,1917-1918,,EDC_1918_89; EDC_1917_68,FALSE,FALSE
EDCPT_10850,PRESENT_AT,Principal at,EDCT_523,,,1917,1918,1917-1918,,EDC_1917_81; EDC_1918_106,FALSE,FALSE
EDCPT_8434,PRESENT_AT,Principal at,EDCT_523,,,1917,1918,1917-1918,,EDC_1918_38; EDC_1917_29,FALSE,FALSE
EDCPT_8925,PRESENT_AT,Principal at,EDCT_524,,,1917,1918,1917-1918,,EDC_1917_41; EDC_1918_53,FALSE,FALSE
EDCPT_8688,PRESENT_AT,Principal at,EDCT_528,,,1917,1918,1917-1918,,EDC_1918_47; EDC_1917_35,FALSE,FALSE
EDCPT_8702,PRESENT_AT,Principal at,EDCT_529,,,1916,1918,1916-1918,Educational Secretary in 1916,EDC_1918_47; EDC_1916_40,FALSE,FALSE
EDCPT_8771,PRESENT_AT,Principal at,EDCT_532,,,1917,1918,1917-1918,,EDC_1918_49; EDC_1917_37,FALSE,FALSE
EDCPT_8808,PRESENT_AT,Principal at,EDCT_534,,,1916,1917,1916-1917,,EDC_1917_38; EDC_1916_43,FALSE,FALSE
EDCPT_8845,PRESENT_AT,Principal at,EDCT_536,,,1916,1918,1916-1918,,EDC_1918_51; EDC_1917_39; EDC_1916_44,FALSE,FALSE
EDCPT_8492,PRESENT_AT,Principal at,EDCT_545,,,1917,1918,1917-1918,,EDC_1918_41; EDC_1917_31,FALSE,FALSE
EDCPT_9019,PRESENT_AT,Principal at,EDCT_546,,,1917,1918,1917-1918,,EDC_1918_56 ; EDC_1917_43,FALSE,FALSE
EDCPT_9092,PRESENT_AT,Principal at,EDCT_551,,,1916,1918,1916-1918,,EDC_1918_57; EDC_1916_48,FALSE,FALSE
EDCPT_9915,PRESENT_AT,Principal at,EDCT_556,,,1917,1918,1917-1918,,EDC_1918_78; EDC_1917_59,FALSE,FALSE
EDCPT_7422,PRESENT_AT,Principal at,EDCT_563,,,1916,1920,1916-1920,,EDC_1916_10,FALSE,TRUE
EDCPT_10247,PRESENT_AT,Principal at,EDCT_568,,,1917,1918,1917-1918,,EDC_1918_86; EDC_1917_65,FALSE,FALSE
EDCPT_10025,PRESENT_AT,Principal at,EDCT_573,,,1918,,1918-,,EDC_1918_80,FALSE,FALSE
EDCPT_11661,PRESENT_AT,Principal at,EDCT_578,,,1917,1918,1917-1918,,EDC_1917_101; EDC_1918_130,FALSE,FALSE
EDCPT_10731,PRESENT_AT,Principal at,EDCT_580,,,1917,1918,1917-1918,,EDC_1918_102; EDC_1917_78,FALSE,FALSE
EDCPT_10560,PRESENT_AT,Principal at,EDCT_585,,,1917,1918,1917-1918,,EDC_1918_96; EDC_1917_73,FALSE,FALSE
EDCPT_10594,PRESENT_AT,Principal at,EDCT_590,,,1916,1918,1916-1918,,EDC_1918_97; EDC_1916_82,FALSE,FALSE
EDCPT_11351,PRESENT_AT,Principal at,EDCT_592,,,1917,1918,1917-1918,,EDC_1918_120;EDC_1917_92,FALSE,FALSE
EDCPT_9282,PRESENT_AT,Principal at,EDCT_598,,,1916,1918,1916-1918,,EDC_1917_49; EDC_1918_63; EDC_1916_53,FALSE,FALSE
EDCPT_7999,PRESENT_AT,Principal at,EDCT_603,,,1916,1917,1916-1917,,EDC_1916_24,FALSE,FALSE
EDCPT_10928,PRESENT_AT,Principal at,EDCT_608,,,1917,1918,1917-1918,,EDC_1917_83; EDC_1918_108,FALSE,FALSE
EDCPT_10239,PRESENT_AT,Principal at,EDCT_609,,,1917,,1917-,,EDC_1917_65,FALSE,FALSE
EDCPT_10982,PRESENT_AT,Principal at,EDCT_613,,,1917,1918,1917-1918,,EDC_1917_84; EDC_1918_110,FALSE,FALSE
EDCPT_11762,PRESENT_AT,Principal at,EDCT_619,,,1917,1918,1917-1918,,EDC_1917_103; EDC_1918_133,FALSE,FALSE
EDCPT_8094,PRESENT_AT,Principal at,EDCT_621,,,1916,1917,1916-1917,,EDC_1917_22; EDC_1916_26,FALSE,FALSE
EDCPT_10717,PRESENT_AT,Principal at,EDCT_634,,,1914,1918,1914-1918,,EDC_1918_101; EDC_1917_78; EDC_1914_25,FALSE,FALSE
EDCPT_10543,PRESENT_AT,Principal at,EDCT_640,,,1914,,1914-,,EDC_1914_24,FALSE,FALSE
EDCPT_10138,PRESENT_AT,Principal at,EDCT_670,,,1914,,1914-,,EDC_1914_21,FALSE,FALSE
EDCPT_10352,PRESENT_AT,Principal at,EDCT_673,,,1914,,1914-,,EDC_1914_23,FALSE,FALSE
EDCPT_10129,PRESENT_AT,Principal at,EDCT_728,,,1914,,1914-,,EDC_1914_21,FALSE,FALSE
EDCPT_10371,PRESENT_AT,Principal at,EDCT_735,,,1914,,1914-,,EDC_1914_23,FALSE,FALSE
EDCPT_11791,PRESENT_AT,Principal at,EDCT_752,,,1917,1918,1917-1918,,EDC_1917_104; EDC_1918_134,FALSE,FALSE
EDCPT_11293,PRESENT_AT,Principal at,EDCT_767,,,1916,1917,1916-1917,,EDC_1917_91; EDC_1916_100,FALSE,FALSE
EDCPT_10904,PRESENT_AT,Principal at,EDCT_781,,,1917,1918,1917-1918,,EDC_1917_82; EDC_1918_107,FALSE,FALSE
EDCPT_10258,PRESENT_AT,Principal at,EDCT_801,,,1914,,1914-,,EDC_1914_22,FALSE,FALSE
EDCPT_10562,PRESENT_AT,Principal at,EDCT_803,,,1916,,1916-,,EDC_1916_81,FALSE,FALSE
EDCPT_9496,PRESENT_AT,Principal at,EDCT_835,,,1916,1917,1916-1917,,EDC_1917_54; EDC_1916_57,FALSE,FALSE
EDCPT_10461,PRESENT_AT,Principal at,EDCT_845,,,1916,1917,1916-1917,,EDC_1917_71; EDC_1916_79,FALSE,FALSE
EDCPT_10525,PRESENT_AT,Principal at,EDCT_898,,,1914,,1914-,,EDC_1914_24,FALSE,FALSE
EDCPT_10518,PRESENT_AT,Principal at,EDCT_899,,,1916,,1916-,,EDC_1916_80,FALSE,FALSE
EDCPT_10520,PRESENT_AT,Principal at,EDCT_899,,,1914,,1914-,,EDC_1914_24,FALSE,FALSE
EDCPT_10023,PRESENT_AT,Principal at,EDCT_914,,,1914,,1914-,,EDC_1914_20,FALSE,FALSE
EDCPT_10570,PRESENT_AT,Principal at,EDCT_922,,,1914,,1914-,,EDC_1914_24,FALSE,FALSE
EDCPT_8473,PRESENT_AT,Principal at,EDCT_923,,,1916,1918,1916-1918,,EDC_1916_35,FALSE,FALSE
EDCPT_10249,PRESENT_AT,Principal at,EDCT_965,,,1917,1920,1917-1920,,EDC_1920_101; EDC_1918_86; EDC_1917_65,FALSE,FALSE
EDCPT_8774,PRESENT_AT,Principal Emeritus at,EDCT_272,,,1916,1920,1916-1920,,EDC_1920_56; EDC_1918_48; EDC_1917_37; EDC_1916_42;EDC_1914_13,FALSE,FALSE
EDCPT_8049,PRESENT_AT,Principal in Charge at,EDCT_106,,,1917,1918,1917-1918,,EDC_1918_28; EDC_1917_21,FALSE,FALSE
EDCPT_9242,PRESENT_AT,Principal of,EDCT_003,,,1916,1920,1916-1920,This is the school's namesake; 18 years at school prior to 1918,EDC_1920_69; EDC_1918_62 ; EDC_1917_48; EDC_1916_51,FALSE,FALSE
EDCPT_10087,PRESENT_AT,Principal of,EDCT_147,,,1916,,1916-,,EDC_1916_70,FALSE,FALSE
EDCPT_9816,PRESENT_AT,Principal of,EDCT_153,,,1916,1920,1916-1920,,EDC_1920_87; EDC_1918_76; EDC_1917_59; EDC_1916_64,FALSE,FALSE
EDCPT_9947,PRESENT_AT,Principal of,EDCT_217,,,1916,1920,1916-1920,,EDC_1920_92; EDC_1918_79; EDC_1917_60; EDC_1916_66,FALSE,FALSE
EDCPT_10277,PRESENT_AT,Principal of,EDCT_320,,,1914,1916,1914-1916,,EDC_1916_74; EDC_1914_22,FALSE,FALSE
EDCPT_10075,PRESENT_AT,Principal of,EDCT_381,,,1916,1920,1916-1920,,EDC_1920_96; EDC_1918_82; EDC_1917_62; EDC_1916_70,FALSE,FALSE
EDCPT_9929,PRESENT_AT,Principal of,EDCT_424,,,1916,1920,1916-1920,,EDC_1920_91; EDC_1918_78; EDC_1917_60; EDC_1916_66,FALSE,FALSE
EDCPT_10293,PRESENT_AT,Principal of,EDCT_435,,,1914,1920,1914-1920,,EDC_1920_102; EDC_1918_88; EDC_1917_66; EDC_1916_74; EDC_1914_22,FALSE,FALSE
EDCPT_10101,PRESENT_AT,Principal of,EDCT_444,,,1916,1920,1916-1920,"Used to work at Yu Ying, but when he stopped isn't given. I choose the start date 1909 because we know he graduated from Yale at that time, so he must have started at Yu Ying some time afterward.",EDC_1920_97; EDC_1917_63; EDC_1916_70,FALSE,FALSE
EDCPT_11401,PRESENT_AT,Principal of,EDCT_449,,,1917,1918,1917-1918,,EDC_1918_121;EDC_1917_94,FALSE,FALSE
EDCPT_11362,PRESENT_AT,Principal of,EDCT_457,,,1917,1918,1917-1918,,EDC_1918_120;EDC_1917_93,FALSE,FALSE
EDCPT_11586,PRESENT_AT,Principal of,EDCT_569,,,1917,1918,1917-1918,,EDC_1918_128;EDC_1917_99,FALSE,FALSE
EDCPT_10122,PRESENT_AT,Principal of,EDCT_586,,,1916,,1916-,,EDC_1916_71,FALSE,FALSE
EDCPT_10027,PRESENT_AT,Principal of,EDCT_628,,,1914,1916,1914-1916,,EDC_1916_68; EDC_1914_20,FALSE,FALSE
EDCPT_10155,PRESENT_AT,Principal of,EDCT_663,,,1916,,1916-,,EDC_1916_72,FALSE,FALSE
EDCPT_10102,PRESENT_AT,Principal of,EDCT_674,,,1916,,1916-,,EDC_1916_70,FALSE,FALSE
EDCPT_11526,PRESENT_AT,Principal of,EDCT_679,,,1917,1918,1917-1918,,EDC_1918_125;EDC_1917_97,FALSE,FALSE
EDCPT_11385,PRESENT_AT,Principal of,EDCT_731,,,1917,1918,1917-1918,,EDC_1918_121;EDC_1917_93,FALSE,FALSE
EDCPT_11478,PRESENT_AT,Principal of,EDCT_760,,,1914,1918,1914-1918,,EDC_1918_124;EDC_1917_96; EDC_1914_31,FALSE,FALSE
EDCPT_11376,PRESENT_AT,Principal of,EDCT_802,,,1917,1918,1917-1918,,EDC_1918_121;EDC_1917_93,FALSE,FALSE
EDCPT_10444,PRESENT_AT,Principal of,EDCT_815,,,1916,,1916-,,EDC_1916_78,FALSE,FALSE
EDCPT_10166,PRESENT_AT,Principal of,EDCT_865,,,1916,,1916-,,EDC_1916_72,FALSE,FALSE
EDCPT_10492,PRESENT_AT,Principal of,EDCT_871,,,1916,,1916-,,EDC_1916_79,FALSE,FALSE
EDCPT_10168,PRESENT_AT,Principal of,EDCT_963,,,1916,,1916-,,EDC_1916_72,FALSE,FALSE
EDCPT_10926,PRESENT_AT,Pro-Chancellor,EDCT_053,,,1917,1920,1917-1920,,EDC_1920_126; EDC_1918_108;EDC_1917,FALSE,FALSE
EDCPT_9606,PRESENT_AT,Proctor at,EDCT_094,,,1916,1918,1916-1918,,EDC_1918_72; EDC_1916_60,FALSE,FALSE
EDCPT_10401,PRESENT_AT,Procurator at,EDCT_015,,,1917,1920,1917-1920,,EDC_1920_106; EDC:1918_91; EDC_1917_69,FALSE,FALSE
EDCPT_10417,PRESENT_AT,Profesor at,EDCT_238,,,1920,,1920-,,EDC_1920_107,FALSE,FALSE
EDCPT_11601,PRESENT_AT,Professor and Dean at,EDCT_011,,,1914,1917,1914-1917,,EDC_1917_99; EDC_1914_32,FALSE,FALSE
EDCPT_9815,PRESENT_AT,Professor and Resident Physician at,EDCT_085,,,1916,1920,1916-1920,,EDC_1920_87; EDC_1918_76; EDC_1916_64,FALSE,FALSE
EDCPT_10246,PRESENT_AT,Professor and Secretary at,EDCT_085,,,1916,1920,1916-1920,,EDC_1920_101; EDC_1918_86; EDC_1917_65; EDC_1916_73,FALSE,FALSE
EDCPT_11482,PRESENT_AT,Professor and University Physician at,EDCT_540,,,1917,1918,1917-1918,,EDC_1918_124;EDC_1917_96,FALSE,FALSE
EDCPT_11982,PRESENT_AT,Professor at,EDCT_005,,,1917,1920,1917-1920,,EDC_1920_161; EDC_1917_111,FALSE,FALSE
EDCPT_12059,PRESENT_AT,Professor at,EDCT_005,,,1917,1920,1917-1920,,EDC_1920_163; EDC_1917_112,FALSE,FALSE
EDCPT_10149,PRESENT_AT,Professor at,EDCT_008,,,1917,1920,1917-1920,,EDC_1920_98; EDC_1918_84; EDC_1917_64,FALSE,FALSE
EDCPT_10164,PRESENT_AT,Professor at,EDCT_008,,,1920,,1920-,,EDC_1920_99,FALSE,FALSE
EDCPT_10272,PRESENT_AT,Professor at,EDCT_008,,,1914,1918,1914-1918,,EDC_1918_87; EDC_1917_66; EDC_1916_74; EDC_1914_22,FALSE,FALSE
EDCPT_10846,PRESENT_AT,Professor at,EDCT_008,,,1917,1920,1917-1920,,EDC_1920_110; EDC_1918_105; EDC_1917_81,FALSE,FALSE
EDCPT_10974,PRESENT_AT,Professor at,EDCT_008,,,1917,1918,1917-1918,"Medical Department, was formerly at University of Nanking",EDC_1917_84; EDC_1918_110,FALSE,TRUE
EDCPT_11112,PRESENT_AT,Professor at,EDCT_008,,,1918,1920,1918-1920,,EDC_1920_132; EDC_1918_115,FALSE,FALSE
EDCPT_11794,PRESENT_AT,Professor at,EDCT_008,,,1917,1920,1917-1920,,EDC_1920_154; EDC_1917_104; EDC_1918_135,FALSE,FALSE
EDCPT_7017,PRESENT_AT,Professor at,EDCT_008,,,1917,1918,1917-1918,,EDC_1918_1; EDC_1917_1,FALSE,FALSE
EDCPT_7429,PRESENT_AT,Professor at,EDCT_008,,,1916,1920,1916-1920,,EDC_1916_10,FALSE,FALSE
EDCPT_7967,PRESENT_AT,Professor at,EDCT_008,,,1916,1920,1916-1920,,EDC_1916_23,FALSE,FALSE
EDCPT_9126,PRESENT_AT,Professor at,EDCT_008,,,1916,1918,1916-1918,,EDC_1918_59; EDC_1917_45; EDC_1916_49,FALSE,FALSE
EDCPT_10563,PRESENT_AT,Professor at,EDCT_011,,,1914,1917,1914-1917,,EDC_1917_73; EDC_1916_81; EDC_1914_24,FALSE,FALSE
EDCPT_10694,PRESENT_AT,Professor at,EDCT_011,,,1917,1920,1917-1920,,EDC_1920_117; EDC_1918_100; EDC_1917_77,FALSE,FALSE
EDCPT_7103,PRESENT_AT,Professor at,EDCT_017,,,1917,1918,1917-1918,,EDC_1918_3; EDC_1917_2,FALSE,FALSE
EDCPT_10482,PRESENT_AT,Professor at,EDCT_023,,,1917,,1917-,,EDC_1917_71,FALSE,FALSE
EDCPT_7117,PRESENT_AT,Professor at,EDCT_023,,,1917,1918,1917-1918,,EDC_1918_4; EDC_1917_3,FALSE,FALSE
EDCPT_8784,PRESENT_AT,Professor at,EDCT_023,,,1909,1916,1909-1916,,EDC_1916_42,FALSE,FALSE
EDCPT_9347,PRESENT_AT,Professor at,EDCT_023,,,1917,1918,1917-1918,,EDC_1917_50; EDC_1918_64,FALSE,FALSE
EDCPT_7343,PRESENT_AT,Professor at,EDCT_025,,,1916,1920,1916-1920,,EDC_1916_08,FALSE,FALSE
EDCPT_7439,PRESENT_AT,Professor at,EDCT_025,,,1916,1920,1916-1920,,EDC_1916_10,FALSE,FALSE
EDCPT_7371,PRESENT_AT,Professor at,EDCT_034,,,1916,1920,1916-1920,,EDC_1916_09,FALSE,FALSE
EDCPT_10484,PRESENT_AT,Professor at,EDCT_036,,,1918,1920,1918-1920,,EDC_1920_109; EDC_1918_93,FALSE,FALSE
EDCPT_10508,PRESENT_AT,Professor at,EDCT_041,,,1917,1920,1917-1920,,EDC_1920_110; EDC_1918_94; EDC_1917_72,FALSE,FALSE
EDCPT_10509,PRESENT_AT,Professor at,EDCT_041,,,1914,,1914-,,EDC_1914_24,FALSE,FALSE
EDCPT_11425,PRESENT_AT,Professor at,EDCT_041,,,1917,1920,1917-1920,,EDC_1920_142; EDC_1918_122;EDC_1917_94,FALSE,FALSE
EDCPT_11621,PRESENT_AT,Professor at,EDCT_041,,,1917,1920,1917-1920,,EDC_1920_148; EDC_1917_100; EDC_1918_129,FALSE,FALSE
EDCPT_8086,PRESENT_AT,Professor at,EDCT_041,,,1917,1918,1917-1918,,EDC_1918_29; EDC_1917_22,FALSE,FALSE
EDCPT_8544,PRESENT_AT,Professor at,EDCT_041,,,1917,1918,1917-1918,,EDC_1918_42; EDC_1917_32,FALSE,FALSE
EDCPT_8747,PRESENT_AT,Professor at,EDCT_041,,,1916,1918,1916-1918,,EDC_1918_49; EDC_1917_37; EDC_1916_41,FALSE,FALSE
EDCPT_7378,PRESENT_AT,Professor at,EDCT_048,,,1916,1920,1916-1920,,EDC_1916_09,FALSE,FALSE
EDCPT_10059,PRESENT_AT,Professor at,EDCT_053,,,1914,1916,1914-1916,,EDC_1916_69; EDC_1914_20,FALSE,FALSE
EDCPT_10116,PRESENT_AT,Professor at,EDCT_053,,,1916,1918,1916-1918,,EDC_1918_83; EDC_1917_63; EDC_1916_71,FALSE,FALSE
EDCPT_10255,PRESENT_AT,Professor at,EDCT_053,,,1917,1920,1917-1920,,EDC_1920_101; EDC_1918_86; EDC_1917_66,FALSE,FALSE
EDCPT_11050,PRESENT_AT,Professor at,EDCT_053,,,1914,1917,1914-1917,,EDC_1917_86; EDC_1914_28,FALSE,FALSE
EDCPT_11958,PRESENT_AT,Professor at,EDCT_053,,,1918,1920,1918-1920,,EDC_1920_160; EDC_1918_141,FALSE,FALSE
EDCPT_8238,PRESENT_AT,Professor at,EDCT_053,,,1916,1920,1916-1920,,EDC_1918_34; EDC_1917_25; EDC_1916_29,FALSE,FALSE
EDCPT_8545,PRESENT_AT,Professor at,EDCT_053,,,1917,1918,1917-1918,,EDC_1918_42; EDC_1917_32,FALSE,FALSE
EDCPT_9280,PRESENT_AT,Professor at,EDCT_053,,,1916,1920,1916-1920,Also worked at other institutions in Hong Kong that were secular and/or government-run (so of no use to us),EDC_1920_70; EDC_1917_48; EDC_1918_63; EDC_1916_52;EDC_1914_15,FALSE,FALSE
EDCPT_10283,PRESENT_AT,Professor at,EDCT_054,,,1914,,1914-,,EDC_1914_22,FALSE,FALSE
EDCPT_10288,PRESENT_AT,Professor at,EDCT_054,,,1914,,1914-,,EDC_1914_22,FALSE,FALSE
EDCPT_7153,PRESENT_AT,Professor at,EDCT_054,,,1917,1918,1917-1918,,EDC_1918_4; EDC_1917_3,FALSE,FALSE
EDCPT_7392,PRESENT_AT,Professor at,EDCT_054,,,1916,1920,1916-1920,,EDC_1916_09,FALSE,FALSE
EDCPT_7882,PRESENT_AT,Professor at,EDCT_054,,,1917,1918,1917-1918,,EDC_1918_23; EDC_1917_18,FALSE,FALSE
EDCPT_8482,PRESENT_AT,Professor at,EDCT_054,,,1916,1920,1916-1920,,EDC_1916_35,FALSE,FALSE
EDCPT_9494,PRESENT_AT,Professor at,EDCT_054,,,1917,1918,1917-1918,,EDC_1917_52; EDC_1918_67,FALSE,FALSE
EDCPT_9517,PRESENT_AT,Professor at,EDCT_054,,,1916,1917,1916-1917,,EDC_1917_54; EDC_1916_58,FALSE,FALSE
EDCPT_9563,PRESENT_AT,Professor at,EDCT_054,,,1916,1920,1916-1920,,EDC_1920_79; EDC_1918_71; EDC_1917_55; EDC_1918_59,FALSE,FALSE
EDCPT_10472,PRESENT_AT,Professor at,EDCT_056,,,1920,,1920-,,EDC_1920_109,FALSE,FALSE
EDCPT_10061,PRESENT_AT,Professor at,EDCT_057,,,1914,,1914-,,EDC_1914_20,FALSE,FALSE
EDCPT_10624,PRESENT_AT,Professor at,EDCT_057,,,1914,1917,1914-1917,,EDC_1917_75; EDC_1914_24,FALSE,FALSE
EDCPT_10840,PRESENT_AT,Professor at,EDCT_057,,,1918,1920,1918-1920,Absent in 1918,EDC_1920_123; EDC_1918_105;EDC_1917_80,FALSE,FALSE
EDCPT_10033,PRESENT_AT,Professor at,EDCT_061,,,1916,1920,1916-1920,,EDC_1920_95; EDC_1918_81; EDC_1917_61,FALSE,FALSE
EDCPT_10274,PRESENT_AT,Professor at,EDCT_061,,,1916,,1916-,,EDC_1916_74,FALSE,FALSE
EDCPT_10275,PRESENT_AT,Professor at,EDCT_061,,,1914,,1914-,,EDC_1914_22,FALSE,FALSE
EDCPT_10502,PRESENT_AT,Professor at,EDCT_061,,,1917,,1917-,,EDC_1917_72,FALSE,FALSE
EDCPT_10510,PRESENT_AT,Professor at,EDCT_061,,,1918,1920,1918-1920,,EDC_1920_110; EDC_1918_94,FALSE,FALSE
EDCPT_10598,PRESENT_AT,Professor at,EDCT_061,,,1920,,1920-,,EDC_1920_113,FALSE,FALSE
EDCPT_10847,PRESENT_AT,Professor at,EDCT_061,,,1914,1920,1914-1920,,EDC_1920_123; EDC_1918_105; EDC_1917_81; EDC_1914_27,FALSE,FALSE
EDCPT_10873,PRESENT_AT,Professor at,EDCT_061,,,1918,1920,1918-1920,,EDC_1920_124; EDC_1918_106,FALSE,FALSE
EDCPT_10923,PRESENT_AT,Professor at,EDCT_061,,,1917,1918,1917-1918,,EDC_1917_83; EDC_1918_108,FALSE,FALSE
EDCPT_11039,PRESENT_AT,Professor at,EDCT_061,,,1918,1920,1918-1920,,EDC_1920_130; EDC_1918_112,FALSE,FALSE
EDCPT_11659,PRESENT_AT,Professor at,EDCT_061,,,1917,1920,1917-1920,,EDC_1920_150; EDC_1917_101,FALSE,FALSE
EDCPT_11777,PRESENT_AT,Professor at,EDCT_061,,,1918,1920,1918-1920,,EDC_1920_153; EDC_1918_134,FALSE,FALSE
EDCPT_11859,PRESENT_AT,Professor at,EDCT_061,,,1917,1920,1917-1920,,EDC_1920_156; EDC_1917_107; EDC_1918_138,FALSE,FALSE
EDCPT_7161,PRESENT_AT,Professor at,EDCT_061,,,1916,1920,1916-1920,,EDC_1916_04,FALSE,FALSE
EDCPT_7570,PRESENT_AT,Professor at,EDCT_061,,,1916,1917,1916-1917,,EDC_1916_14,FALSE,TRUE
EDCPT_8308,PRESENT_AT,Professor at,EDCT_061,,,1916,1917,1916-1917,,EDC_1917_26; EDC_1916_31,FALSE,FALSE
EDCPT_8861,PRESENT_AT,Professor at,EDCT_061,,,1916,1917,1916-1917,,EDC_1917_39; EDC_1916_44,FALSE,FALSE
EDCPT_9585,PRESENT_AT,Professor at,EDCT_061,,,1916,1917,1916-1917,,EDC_1917_56; EDC_1916_59,FALSE,FALSE
EDCPT_10330,PRESENT_AT,Professor at,EDCT_066,,,1914,,1914-,,EDC_1914_22,FALSE,FALSE
EDCPT_10607,PRESENT_AT,Professor at,EDCT_066,,,1917,,1917-,,EDC_1917_74,FALSE,FALSE
EDCPT_11090,PRESENT_AT,Professor at,EDCT_066,,,1914,1917,1914-1917,Professor pf metallurgy,EDC_1917_87; EDC_1914_29; EDC_1914_29,FALSE,FALSE
EDCPT_8982,PRESENT_AT,Professor at,EDCT_066,,,1917,1918,1917-1918,,EDC_1917_42; EDC_1918_55,FALSE,FALSE
EDCPT_10283,PRESENT_AT,Professor at,EDCT_067,,,1916,1920,1916-1920,,EDC_1920_102; EDC_1918_87; EDC_1917_66; EDC_1916_74,FALSE,FALSE
EDCPT_11876,PRESENT_AT,Professor at,EDCT_067,,,1914,1920,1914-1920,,EDC_1920_157; EDC_1917_107; EDC_1918_138; EDC_1914_35,FALSE,FALSE
EDCPT_10068,PRESENT_AT,Professor at,EDCT_071,,,1914,1920,1914-1920,,EDC_1920_96; EDC_1918_82; EDC_1917_62; EDC_1916_69; EDC_1914_20,FALSE,FALSE
EDCPT_12285,PRESENT_AT,Professor at,EDCT_071,,,1916,1918,1916-1918,,EDC_1917_42; EDC_1918_54; EDC_1916_46,FALSE,FALSE
EDCPT_11749,PRESENT_AT,Professor at,EDCT_074,,,1917,1920,1917-1920,,EDC_1920_152; EDC_1917_103,FALSE,FALSE
EDCPT_10336,PRESENT_AT,Professor at,EDCT_075,,,1916,1920,1916-1920,,EDC_1920_104; EDC_1918_89; EDC_1917_68; EDC_1916_76,FALSE,FALSE
EDCPT_10802,PRESENT_AT,Professor at,EDCT_075,,,1917,1918,1917-1918,,EDC_1917_80; EDC_1918_104,FALSE,FALSE
EDCPT_10919,PRESENT_AT,Professor at,EDCT_075,,,1917,1918,1917-1918,Professor of surgery,EDC_1917_83; EDC_1918_108,FALSE,FALSE
EDCPT_11163,PRESENT_AT,Professor at,EDCT_075,,,1914,1920,1914-1920,Professor of Chemistry,EDC_1920_134; EDC_1918_116; EDC_1914_29,FALSE,TRUE
EDCPT_7448,PRESENT_AT,Professor at,EDCT_075,,,1916,1920,1916-1920,,EDC_1916_11,FALSE,FALSE
EDCPT_8585,PRESENT_AT,Professor at,EDCT_075,,,1917,1918,1917-1918,,EDC_1918_43; EDC_1917_33,FALSE,FALSE
EDCPT_8131,PRESENT_AT,Professor at,EDCT_078,,,1917,1918,1917-1918,,EDC_1918_30; EDC_1917_23,FALSE,FALSE
EDCPT_10409,PRESENT_AT,Professor at,EDCT_082,,,1916,1920,1916-1920,,EDC_1920_107; EDC:1918_91; EDC_1917_69; EDC_1916_78,FALSE,FALSE
EDCPT_10900,PRESENT_AT,Professor at,EDCT_082,,,1918,1920,1918-1920,,EDC_1920_125; EDC_1918_107,FALSE,FALSE
EDCPT_11029,PRESENT_AT,Professor at,EDCT_082,,,1918,1920,1918-1920,Nine years prior experience in Anglo-Chinese College (Foochow),EDC_1920_129; EDS_1918_112,FALSE,TRUE
EDCPT_10044,PRESENT_AT,Professor at,EDCT_085,,,1914,,1914-,,EDC_1914_20,FALSE,FALSE
EDCPT_10054,PRESENT_AT,Professor at,EDCT_085,,,1914,,1914-,,EDC_1914_20,FALSE,FALSE
EDCPT_10153,PRESENT_AT,Professor at,EDCT_085,,,1917,1920,1917-1920,,EDC_1920_99; EDC_1918_83; EDC_1917_64,FALSE,FALSE
EDCPT_10333,PRESENT_AT,Professor at,EDCT_085,,,1914,1920,1914-1920,,EDC_1920_104; EDC_1918_89; EDC_1917_67; EDC_1916_75; EDC_1914_23,FALSE,FALSE
EDCPT_10458,PRESENT_AT,Professor at,EDCT_085,,,1916,,1916-,,EDC_1916_78,FALSE,FALSE
EDCPT_10659,PRESENT_AT,Professor at,EDCT_085,,,1918,1920,1918-1920,,EDC_1920_116; EDC_1918_99,FALSE,FALSE
EDCPT_10665,PRESENT_AT,Professor at,EDCT_085,,,1914,1920,1914-1920,,EDC_1920_116; EDC_1914_25,FALSE,FALSE
EDCPT_10754,PRESENT_AT,Professor at,EDCT_085,,,1918,1920,1918-1920,,EDC_1920_120; EDC_1918_103,FALSE,FALSE
EDCPT_10795,PRESENT_AT,Professor at,EDCT_085,,,1917,1920,1917-1920,,EDC_1920_121; EDC_1918_104; EDC_1917_79,FALSE,FALSE
EDCPT_10864,PRESENT_AT,Professor at,EDCT_085,,,1917,1918,1917-1918,,EDC_1917_81; EDC_1918_106,FALSE,FALSE
EDCPT_11117,PRESENT_AT,Professor at,EDCT_085,,,1918,1920,1918-1920,,EDC_1920_132; EDC_1918_115,FALSE,TRUE
EDCPT_11535,PRESENT_AT,Professor at,EDCT_085,,,1917,1920,1917-1920,Professor of Sociology,EDC_1920_145; EDC_1918_126;EDC_1917_97,FALSE,TRUE
EDCPT_11568,PRESENT_AT,Professor at,EDCT_085,,,1917,1920,1917-1920,,EDC_1920_147; EDC_1918_127;EDC_1917_98,FALSE,FALSE
EDCPT_7857,PRESENT_AT,Professor at,EDCT_085,,,1917,1918,1917-1918,,EDC_1918_23; EDC_1917_17,FALSE,FALSE
EDCPT_8284,PRESENT_AT,Professor at,EDCT_085,,,1916,1917,1916-1917,,EDC_1917_26; EDC_1916_30,FALSE,FALSE
EDCPT_8607,PRESENT_AT,Professor at,EDCT_085,,,1917,1918,1917-1918,,EDC_1918_44; EDC_1917_33,FALSE,FALSE
EDCPT_10392,PRESENT_AT,Professor at,EDCT_094,,,1914,,1914-,,EDC_1914_23,FALSE,FALSE
EDCPT_10975,PRESENT_AT,Professor at,EDCT_094,,,1917,1918,1917-1918,Professor of Mathematics,EDC_1917_84; EDC_1918_110,FALSE,FALSE
EDCPT_11042,PRESENT_AT,Professor at,EDCT_094,,,1914,1920,1914-1920,14 years experience in Soochow University prior to 1918,EDC_1920_130; EDC_1918_112; EDC_1914_28,FALSE,TRUE
EDCPT_11810,PRESENT_AT,Professor at,EDCT_094,,,1914,1920,1914-1920,,EDC_1920_154; EDC_1917_105; EDC_1918_135; EDC_1914_35,FALSE,FALSE
EDCPT_7362,PRESENT_AT,Professor at,EDCT_094,,,1916,1920,1916-1920,,EDC_1916_09,FALSE,FALSE
EDCPT_8046,PRESENT_AT,Professor at,EDCT_094,,,1917,1918,1917-1918,,EDC_1918_28; EDC_1917_21,FALSE,FALSE
EDCPT_8531,PRESENT_AT,Professor at,EDCT_094,,,1916,1918,1916-1918,,EDC_1916_37,FALSE,FALSE
EDCPT_9279,PRESENT_AT,Professor at,EDCT_094,,,1916,1920,1916-1920,,EDC_1920_70; EDC_1917_48; EDC_1918_62; EDC_1916_52;EDC_1914_15,FALSE,FALSE
EDCPT_11344,PRESENT_AT,Professor at,EDCT_096,,,1914,1917,1914-1917,Professor of Maths,EDC_1917_92; EDC_1914_30; EDC_1916_101,FALSE,FALSE
EDCPT_11824,PRESENT_AT,Professor at,EDCT_096,,,1914,1920,1914-1920,Professor at the Theological College of Peking University (Union Bible Institute),EDC_1920_155; EDC_1917_106; EDC_1918_136; EDC_1914_35,FALSE,FALSE
EDCPT_11886,PRESENT_AT,Professor at,EDCT_096,,,1917,1920,1917-1920,,EDC_1920_157; EDC_1917_108,FALSE,FALSE
EDCPT_9331,PRESENT_AT,Professor at,EDCT_096,,,1917,1918,1917-1918,,EDC_1917_50; EDC_1918_64,FALSE,FALSE
EDCPT_9410,PRESENT_AT,Professor at,EDCT_096,,,1916,1918,1916-1918,,EDC_1917_52; EDC_1918_67; EDC_1916_55,FALSE,FALSE
EDCPT_10896,PRESENT_AT,Professor at,EDCT_100,,,1918,1920,1918-1920,,EDC_1920_125; EDC_1918_107,FALSE,FALSE
EDCPT_8341,PRESENT_AT,Professor at,EDCT_100,,,1916,1918,1916-1918,,EDC_1916_32,FALSE,FALSE
EDCPT_12182,PRESENT_AT,Professor at,EDCT_115,,,1918,1920,1918-1920,,EDC_1920_167; EDC_1918_148,FALSE,FALSE
EDCPT_8041,PRESENT_AT,Professor at,EDCT_115,,,1917,1918,1917-1918,,EDC_1918_28; EDC_1917_21,FALSE,FALSE
EDCPT_10209,PRESENT_AT,Professor at,EDCT_127,,,1916,1920,1916-1920,,EDC_1920_100; EDC_1918_85; EDC_1917_65; EDC_1916_72,FALSE,TRUE
EDCPT_10209,PRESENT_AT,Professor at,EDCT_127,,,1920,,1920-,,EDC_1920_100,FALSE,TRUE
EDCPT_10460,PRESENT_AT,Professor at,EDCT_127,,,1916,1920,1916-1920,,EDC_1920_108; EDC_1918_92; EDC_1916_79,FALSE,FALSE
EDCPT_8608,PRESENT_AT,Professor at,EDCT_127,,,1916,1918,1916-1918,,EDC_1916_38,TRUE,TRUE
EDCPT_10516,PRESENT_AT,Professor at,EDCT_142,,,1916,1920,1916-1920,Assistant Master in 1916,EDC_1920_110; EDC_1918_94; EDC_1917_72; EDC_1916_80,FALSE,FALSE
EDCPT_10596,PRESENT_AT,Professor at,EDCT_152,,,1918,,1918-,,EDC_1918_97,FALSE,FALSE
EDCPT_11839,PRESENT_AT,Professor at,EDCT_168,,,1917,1918,1917-1918,,EDC_1917_106; EDC_1918_137,FALSE,FALSE
EDCPT_8102,PRESENT_AT,Professor at,EDCT_168,,,1916,1917,1916-1917,,EDC_1917_22; EDC_1916_26,FALSE,FALSE
EDCPT_10491,PRESENT_AT,Professor at,EDCT_169,,,1917,,1917-,,EDC_1917_71,FALSE,FALSE
EDCPT_10806,PRESENT_AT,Professor at,EDCT_169,,,1917,1918,1917-1918,,EDC_1917_80; EDC_1918_104,FALSE,FALSE
EDCPT_11967,PRESENT_AT,Professor at,EDCT_183,,,1917,1920,1917-1920,,EDC_1920_160; EDC_1917_110,FALSE,FALSE
EDCPT_11985,PRESENT_AT,Professor at,EDCT_183,,,1917,1920,1917-1920,,EDC_1920_161; EDC_1917_111,FALSE,FALSE
EDCPT_9354,PRESENT_AT,Professor at,EDCT_183,,,1917,1918,1917-1918,,EDC_1917_50; EDC_1918_64,FALSE,FALSE
EDCPT_10640,PRESENT_AT,Professor at,EDCT_202,,,1914,1917,1914-1917,,EDC_1917_75; EDC_1914_25,FALSE,FALSE
EDCPT_10306,PRESENT_AT,Professor at,EDCT_238,,,1914,,1914-,,EDC_1914_22,FALSE,FALSE
EDCPT_10385,PRESENT_AT,Professor at,EDCT_238,,,1916,1917,1916-1917,,EDC_1917_69; EDC_1916_77,FALSE,FALSE
EDCPT_12113,PRESENT_AT,Professor at,EDCT_238,,,1917,1918,1917-1918,,EDC_1917_113; EDC_1918_146,FALSE,FALSE
EDCPT_7321,PRESENT_AT,Professor at,EDCT_276,,,1917,1918,1917-1918,,EDC_1918_9; EDC_1917-8,FALSE,FALSE
EDCPT_8531,PRESENT_AT,Professor at,EDCT_313,,,1917,1918,1917-1918,,EDC_1918_42; EDC_1917_32,FALSE,FALSE
EDCPT_10744,PRESENT_AT,Professor at,EDCT_337,,,1918,1920,1918-1920,,EDC_1920_119; EDC_1918_102,FALSE,FALSE
EDCPT_11000,PRESENT_AT,Professor at,EDCT_337,,,1917,1918,1917-1918,,EDC_1917_85; EDC_1918_111,FALSE,TRUE
EDCPT_10124,PRESENT_AT,Professor at,EDCT_447,,,1920,,1920-,,EDC_1920_98,FALSE,FALSE
EDCPT_10271,PRESENT_AT,Professor at,EDCT_447,,,1920,,1920-,,EDC_1920_102,FALSE,FALSE
EDCPT_10589,PRESENT_AT,Professor at,EDCT_447,,,1914,,1914-,,EDC_1914_24,FALSE,FALSE
EDCPT_11949,PRESENT_AT,Professor at,EDCT_447,,,1914,1920,1914-1920,,EDC_1920_159; EDC_1917_110; EDC_1914_36,FALSE,FALSE
EDCPT_12108,PRESENT_AT,Professor at,EDCT_447,,,1914,1920,1914-1920,On furlough after July in 1918,EDC_1920_165; EDC_1917_113; EDC_1918_145; EDC_1914_37,FALSE,FALSE
EDCPT_9266,PRESENT_AT,Professor at,EDCT_447,,,1917,1918,1917-1918,,EDC_1917_48; EDC_1918_62,FALSE,FALSE
EDCPT_9473,PRESENT_AT,Professor at,EDCT_447,,,1917,1920,1917-1920,,EDC_1920_76; EDC_1917_53; EDC_1918_68,FALSE,FALSE
EDCPT_10587,PRESENT_AT,Professor at,EDCT_465,,,1917,,1917-,,EDC_1917_74,FALSE,FALSE
EDCPT_11289,PRESENT_AT,Professor at,EDCT_465,,,1916,1917,1916-1917,Professor of sociology,EDC_1917_91; EDC_1916_100,FALSE,FALSE
EDCPT_7009,PRESENT_AT,Professor at,EDCT_465,,,1917,1918,1917-1918,,EDC_1918_1; EDC_1917_1,FALSE,FALSE
EDCPT_7181,PRESENT_AT,Professor at,EDCT_465,,,1917,1918,1917-1918,,EDC_1918_5; EDC_1917,FALSE,FALSE
EDCPT_7188,PRESENT_AT,Professor at,EDCT_465,,,1917,1918,1917-1918,,EDC_1918_5; EDC_1917_4,FALSE,FALSE
EDCPT_8880,PRESENT_AT,Professor at,EDCT_465,,,1917,1918,1917-1918,,EDC_1917_40; EDC_1918_52,FALSE,FALSE
EDCPT_8900,PRESENT_AT,Professor at,EDCT_465,,,1917,1918,1917-1918,,EDC_1917_40; EDC_1918_52,FALSE,FALSE
EDCPT_8386,PRESENT_AT,Professor at,EDCT_468,,,1917,1918,1917-1918,,EDC_1918_37; EDC_1917_28,FALSE,FALSE
EDCPT_10767,PRESENT_AT,Professor at,EDCT_497,,,1917,1920,1917-1920,,EDC_1920_120; EDC_1917_79,FALSE,FALSE
EDCPT_7603,PRESENT_AT,Professor at,EDCT_497,,,1917,1918,1917-1918,,EDC_1918_17; EDC_1917_14,FALSE,FALSE
EDCPT_9143,PRESENT_AT,Professor at,EDCT_517,,,1917,1918,1917-1918,,EDC_1918_59 ; EDC_1917_45,FALSE,FALSE
EDCPT_9180,PRESENT_AT,Professor at,EDCT_517,,,1917,1918,1917-1918,,EDC_1917_46 ; EDC_1918_60,FALSE,FALSE
EDCPT_8315,PRESENT_AT,Professor at,EDCT_518,,,1916,1917,1916-1917,,EDC_1917_27; EDC_1916_31,FALSE,FALSE
EDCPT_10120,PRESENT_AT,Professor at,EDCT_519,,,1914,,1914-,,EDC_1914_21,FALSE,FALSE
EDCPT_10859,PRESENT_AT,Professor at,EDCT_526,,,1917,1918,1917-1918,,EDC_1917_81; EDC_1918_106,FALSE,FALSE
EDCPT_10246,PRESENT_AT,Professor at,EDCT_540,,,1914,,1914-,,EDC_1914_22,FALSE,FALSE
EDCPT_10263,PRESENT_AT,Professor at,EDCT_540,,,1914,1916,1914-1916,,EDC_1916_73; EDC_1914_22,FALSE,FALSE
EDCPT_8458,PRESENT_AT,Professor at,EDCT_540,,,1916,1920,1916-1920,,EDC_1916_35,FALSE,FALSE
EDCPT_10657,PRESENT_AT,Professor at,EDCT_541,,,1914,1918,1914-1918,,EDC_1918_99; EDC_1917_76; EDC_1914_25,FALSE,FALSE
EDCPT_8442,PRESENT_AT,Professor at,EDCT_541,,,1916,1918,1916-1918,,EDC_1916_34,FALSE,TRUE
EDCPT_8442,PRESENT_AT,Professor at,EDCT_541,,,1917,1918,1917-1918,,EDC_1918_39; EDC_1917_29,FALSE,TRUE
EDCPT_10677,PRESENT_AT,Professor at,EDCT_550,,,1917,1918,1917-1918,,EDC_1918_100; EDC_1917_76,FALSE,FALSE
EDCPT_9863,PRESENT_AT,Professor at,EDCT_553,,,1917,1918,1917-1918,,EDC_1918_77; EDC_1917_59,FALSE,FALSE
EDCPT_11790,PRESENT_AT,Professor at,EDCT_581,,,1914,1917,1914-1917,,EDC_1917_104; EDC_1914_34,FALSE,FALSE
EDCPT_10519,PRESENT_AT,Professor at,EDCT_584,,,1916,1918,1916-1918,,EDC_1918_94; EDC_1916_80,FALSE,FALSE
EDCPT_10906,PRESENT_AT,Professor at,EDCT_588,,,1917,1918,1917-1918,,EDC_1917_82; EDC_1918_107,FALSE,FALSE
EDCPT_10934,PRESENT_AT,Professor at,EDCT_609,,,1917,1918,1917-1918,,EDC_1917_83; EDC_1918_108,FALSE,FALSE
EDCPT_10972,PRESENT_AT,Professor at,EDCT_612,,,1917,1918,1917-1918,,EDC_1917_84; EDC_1918_110,FALSE,FALSE
EDCPT_10533,PRESENT_AT,Professor at,EDCT_733,,,1916,,1916-,,EDC_1916_80,FALSE,FALSE
EDCPT_8735,PRESENT_AT,Professor at,EDCT_807,,,1916,1917,1916-1917,,EDC_1917_36; EDC_1916_41,FALSE,FALSE
EDCPT_10106,PRESENT_AT,Professor at,EDCT_913,,,1916,1917,1916-1917,,EDC_1917_63; EDC_1916_71,FALSE,FALSE
EDCPT_10108,PRESENT_AT,Professor at,EDCT_913,,,1916,1917,1916-1917,,EDC_1917_63; EDC_1916_71,FALSE,FALSE
EDCPT_10240,PRESENT_AT,Professor at,EDCT_913,,,1916,1917,1916-1917,,EDC_1917_65; EDC_1916_73,FALSE,FALSE
EDCPT_10368,PRESENT_AT,Professor at,EDCT_913,,,1916,1917,1916-1917,,EDC_1917_68; EDC_1916_77,FALSE,FALSE
EDCPT_10369,PRESENT_AT,Professor at,EDCT_913,,,1916,1917,1916-1917,,EDC_1917_68; EDC_1916_77,FALSE,FALSE
EDCPT_10480,PRESENT_AT,Professor at,EDCT_926,,,1916,1917,1916-1917,,EDC_1917_71; EDC_1916_79,FALSE,FALSE
EDCPT_10528,PRESENT_AT,Professor at,EDCT_957,,,1916,,1916-,,EDC_1916_80,FALSE,FALSE
EDCPT_11798,PRESENT_AT,Professor in,EDCT_008,,,1914,1918,1914-1918,At the Front in 1918,EDC_1918_135; EDC_1914_35,FALSE,FALSE
EDCPT_10448,PRESENT_AT,Professor in,EDCT_025,,,1916,,1916-,,EDC_1916_78,FALSE,FALSE
EDCPT_11158,PRESENT_AT,Professor in,EDCT_053,,,1914,1918,1914-1918,Professor in Mathematics,EDC_1918_116; EDC_1914_29,FALSE,FALSE
EDCPT_11517,PRESENT_AT,Professor in,EDCT_061,,,1917,1918,1917-1918,Professor of Entomology and Botany in College of Agriculture and Forestry,EDC_1918_125;EDC_1917_96,FALSE,FALSE
EDCPT_11322,PRESENT_AT,Professor in,EDCT_118,,,1917,1918,1917-1918,Professor of English Language and Lit,EDC_1918_119;EDC_1917_92,FALSE,FALSE
EDCPT_10357,PRESENT_AT,Professor in,EDCT_238,,,1914,1916,1914-1916,,EDC_1916_76; EDC_1914_23,FALSE,FALSE
EDCPT_11268,PRESENT_AT,Professor in,EDCT_348,,,1914,1918,1914-1918,Professor of Mathematics,EDC_1918_118; EDC_1917_91; EDC_1916_100; EDC_1914_30,FALSE,FALSE
EDCPT_11296,PRESENT_AT,Professor in,EDCT_504,,,1914,1918,1914-1918,"On furlough in 1918, 2 years experience in Baptist Academy and 7 years in Baptist Theological Seminary",EDC_1918_119; EDC_1917_91; EDC_1916_100; EDC_1914_30,FALSE,FALSE
EDCPT_10102,PRESENT_AT,Professor in,EDCT_518,,,1914,1916,1914-1916,,EDC_1916_70; EDC_1914_20,FALSE,FALSE
EDCPT_10039,PRESENT_AT,Professor in,EDCT_540,,,1916,,1916-,,EDC_1916_69,FALSE,FALSE
EDCPT_11570,PRESENT_AT,Professor in,EDCT_540,,,1917,1918,1917-1918,,EDC_1918_127;EDC_1917_98,FALSE,FALSE
EDCPT_10012,PRESENT_AT,Professor in,EDCT_581,,,1914,1916,1914-1916,,EDC_1916_68; EDC_1914_19,FALSE,FALSE
EDCPT_10353,PRESENT_AT,Professor in,EDCT_902,,,1914,1916,1914-1916,,EDC_1916_76; EDC_1914_23,FALSE,FALSE
EDCPT_10387,PRESENT_AT,Professor in,EDCT_913,,,1916,,1916-,,EDC_1916_77,FALSE,FALSE
EDCPT_10488,PRESENT_AT,Professor in,EDCT_913,,,1916,,1916-,,EDC_1916_79,FALSE,FALSE
EDCPT_12254,PRESENT_AT,Professor of Biblical Literature and History at,EDCT_061,,,1913,1916,1913-1916,changed schools,EDC_1916_48;EDC_1914_14,FALSE,FALSE
EDCPT_11551,PRESENT_AT,Professor of Surgery at,EDCT_085,,,1917,1920,1917-1920,Absent during all or part of 1920,EDC_1920_146; EDC_1918_126; EDC_1917_97,FALSE,FALSE
EDCPT_11620,PRESENT_AT,Rector at,EDCT_009,,,1917,1918,1917-1918,,EDC_1917_100; EDC_1918_129,FALSE,FALSE
EDCPT_8194,PRESENT_AT,Rector at,EDCT_040,,,1917,1918,1917-1918,,EDC_1918_32; EDC_1917_24,FALSE,FALSE
EDCPT_12146,PRESENT_AT,Reference Librarian at,EDCT_057,,,1917,1920,1917-1920,,EDC_1920_166; EDC_1917_114,FALSE,FALSE
EDCPT_9741,PRESENT_AT,Registrar at,EDCT_085,,,1916,1920,1916-1920,,EDC_1920_85; EDC_1918_75; EDC_1917_58; EDC_1916_62,FALSE,FALSE
EDCPT_11944,PRESENT_AT,Registrar at,EDCT_451,,,1917,1920,1917-1920,,EDC_1920_159; EDC_1917_109; EDC_1918_140,FALSE,FALSE
EDCPT_10920,PRESENT_AT,Reverend at,EDCT_040,,,1917,1920,1917-1920,,EDC_1920_126;EDC_1917_83;EDC_1917_108,FALSE,FALSE
EDCPT_11017,PRESENT_AT,Science master at,EDCT_214,,,1914,1917,1914-1917,,EDC_1917_85; EDC_1914_28,FALSE,FALSE
EDCPT_11213,PRESENT_AT,Second Master at,EDCT_255,,,1918,1920,1918-1920,,EDC_1920_136; EDC_1918_118,FALSE,FALSE
EDCPT_11864,PRESENT_AT,Secretary and Treasurer at,EDCT_447,,,1917,1918,1917-1918,,EDC_1917_107; EDC_1918_138,FALSE,FALSE
EDCPT_10360,PRESENT_AT,Secretary at,EDCT_004,,,1920,,1920-,,EDC_1920_105,FALSE,FALSE
EDCPT_11155,PRESENT_AT,Secretary at,EDCT_071,,,1918,1920,1918-1920,,EDC_1920_134; EDC_1918; 116,FALSE,FALSE
EDCPT_7857,PRESENT_AT,Secretary at,EDCT_085,,,1916,1918,1916-1918,,EDC_1916_20,FALSE,FALSE
EDCPT_9362,PRESENT_AT,Secretary at,EDCT_172,,,1916,1918,1916-1918,,EDC_1917_50; EDC_1918_65; EDC_1916_81,FALSE,FALSE
EDCPT_10152,PRESENT_AT,Secretary at,EDCT_447,,,1920,,1920-,,EDC_1920_99,FALSE,FALSE
EDCPT_10836,PRESENT_AT,Senior Assistant Master,EDCT_090,,,1918,1920,1918-1920,,EDC_1920_123; EDC_1918_105;EDC_1917_80,FALSE,FALSE
EDCPT_10729,PRESENT_AT,Senior Assistant Master at,EDCT_007,,,1914,1917,1914-1917,,EDC_1917_78; EDC_1914_26,FALSE,FALSE
EDCPT_10566,PRESENT_AT,Senior Assistant Mistress,EDCT_906,,,1916,,1916-,,EDC_1916_81,FALSE,FALSE
EDCPT_10565,PRESENT_AT,Senior Assistant Mistress at,EDCT_147,,,1917,,1917-,,EDC_1917_73,FALSE,FALSE
EDCPT_10159,PRESENT_AT,Sergeant Teacher at,EDCT_490,,,1917,1918,1917-1918,,EDC_1918_84; EDC_1917_64,FALSE,FALSE
EDCPT_10605,PRESENT_AT,Special Instructor at,EDCT_093,,,1920,,1920-,,EDC_1920_113,FALSE,FALSE
EDCPT_9612,PRESENT_AT,Student at,EDCT_168,,,1909,1915,1909-1915,,EDC_1920_81,FALSE,FALSE
EDCPT_8346,PRESENT_AT,Sub-Director at,EDCT_015,,,1917,1920,1917-1920,,EDC_1918_36; EDC_1917_27; EDC_1920_45,FALSE,FALSE
EDCPT_7047,PRESENT_AT,Superintendent,EDCT_024,,,1917,1918,1917-1918,,EDC_1918_2; EDC_1917_1,FALSE,FALSE
EDCPT_11764,PRESENT_AT,Superintendent and Principal at,EDCT_023,,,1914,1920,1914-1920,,EDC_1920_153; EDC_1917_103; EDC_1914_34,FALSE,FALSE
EDCPT_11855,PRESENT_AT,Superintendent at,EDCT_100,,,1918,1920,1918-1920,,EDC_1920_156; EDC_1918_138,FALSE,FALSE
EDCPT_11818,PRESENT_AT,Superintendent at,EDCT_283,,,1917,1918,1917-1918,,EDC_1917_105; EDC_1918_136,FALSE,FALSE
EDCPT_8393,PRESENT_AT,Superintendent at,EDCT_299,,,1917,1918,1917-1918,,EDC_1918_38; EDC_1917_28,FALSE,FALSE
EDCPT_8455,PRESENT_AT,Superintendent at,EDCT_321,,,1917,1918,1917-1918,,EDC_1918_40; EDC_1920_48; EDC_1917_30,FALSE,TRUE
EDCPT_8455,PRESENT_AT,Superintendent at,EDCT_321,,,1916,1920,1916-1920,,EDC_1916_35,FALSE,TRUE
EDCPT_10473,PRESENT_AT,Superintendent at,EDCT_327,,,1918,1920,1918-1920,,EDC_1920_109; EDC_1918_89,FALSE,FALSE
EDCPT_10281,PRESENT_AT,Superintendent at,EDCT_359,,,1920,,1920-,,EDC_1920_102,FALSE,FALSE
EDCPT_10521,PRESENT_AT,Superintendent at,EDCT_359,,,1917,1918,1917-1918,,EDC_1918_94; EDC_1917_72,FALSE,FALSE
EDCPT_10632,PRESENT_AT,Superintendent at,EDCT_359,,,1918,1920,1918-1920,,EDC_1920_115; EDC_1918_98,FALSE,FALSE
EDCPT_7315,PRESENT_AT,Superintendent at,EDCT_359,,,1917,1918,1917-1918,,EDC_1918_9; EDC_1917_8,FALSE,FALSE
EDCPT_10985,PRESENT_AT,Superintendent at,EDCT_360,,,1918,1920,1918-1920,,EDC_1920_128; EDC_1918_110,FALSE,FALSE
EDCPT_8797,PRESENT_AT,Superintendent at,EDCT_434,,,1917,1918,1917-1918,,EDC_1918_50; EDC_1917_38,FALSE,FALSE
EDCPT_7012,PRESENT_AT,Superintendent at,EDCT_466,,,1917,1918,1917-1918,,EDC_1918_1; EDC_1917_1,FALSE,TRUE
EDCPT_10214,PRESENT_AT,Superintendent at,EDCT_471,,,1920,,1920-,,EDC_1920_100,FALSE,FALSE
EDCPT_10216,PRESENT_AT,Superintendent at,EDCT_471,,,1914,1920,1914-1920,,EDC_1920_100; EDC_1914_21,FALSE,FALSE
EDCPT_7446,PRESENT_AT,Superintendent at,EDCT_494,,,1916,1918,1916-1918,,EDC_1916_11,FALSE,TRUE
EDCPT_7446,PRESENT_AT,Superintendent at,EDCT_494,,,1917,1918,1917-1918,,EDC_1918_13; EDC_1917_11,FALSE,TRUE
EDCPT_11781,PRESENT_AT,Superintendent at,EDCT_503,,,1917,1920,1917-1920,,EDC_1920_153; EDC_1917_104; EDC_1918_134,FALSE,FALSE
EDCPT_10354,PRESENT_AT,Superintendent at,EDCT_522,,,1916,1920,1916-1920,,EDC_1920_105; EDC_1917_68; EDC_1916_76,FALSE,FALSE
EDCPT_8942,PRESENT_AT,Superintendent at,EDCT_526,,,1916,1917,1916-1917,Teacher in 1916,EDC_1917_41; EDC_1918_54; EDC_1916_46,FALSE,FALSE
EDCPT_8823,PRESENT_AT,Superintendent at,EDCT_583,,,1916,1918,1916-1918,,EDC_1918_50; EDC_1917_39; EDC_1916_43,FALSE,FALSE
EDCPT_10077,PRESENT_AT,Superintendent at,EDCT_586,,,1917,,1917-,,EDC_1917_62,FALSE,FALSE
EDCPT_8093,PRESENT_AT,Superintendent at,EDCT_621,,,1916,1917,1916-1917,,EDC_1917_22; EDC_1916_26,FALSE,FALSE
EDCPT_10490,PRESENT_AT,Superintendent at,EDCT_698,,,1914,1916,1914-1916,,EDC_1914_23; EDC_1916_79,FALSE,FALSE
EDCPT_10493,PRESENT_AT,Superintendent at,EDCT_698,,,1917,,1917-,,EDC_1917_72,FALSE,FALSE
EDCPT_11139,PRESENT_AT,Superintendent of,EDCT_004,,,1914,1918,1914-1918,,EDC_1918_115; EDC_1914_29,FALSE,FALSE
EDCPT_10479,PRESENT_AT,Superintendent of,EDCT_161,,,1916,,1916-,,EDC_1916_79,FALSE,FALSE
EDCPT_10318,PRESENT_AT,Superintendent of,EDCT_562,,,1916,,1916-,,EDC_1916_75,FALSE,FALSE
EDCPT_11946,PRESENT_AT,Superintendent of,EDCT_656,,,1914,1918,1914-1918,,EDC_1918_140; EDC_1914_36,FALSE,FALSE
EDCPT_10399,PRESENT_AT,Superintendent of,EDCT_690,,,1916,,1916-,,EDC_1916_77,FALSE,FALSE
EDCPT_10278,PRESENT_AT,Superintendent of,EDCT_848,,,1916,,1916-,,EDC_1916_74,FALSE,FALSE
EDCPT_10327,PRESENT_AT,Superintendent of Industrial Department at,EDCT_582,,,1916,,1916-,,EDC_1916_75,FALSE,FALSE
EDCPT_11605,PRESENT_AT,Superior at,EDCT_479,,,1917,1920,1917-1920,,EDC_1920_148; EDC_1918_128;EDC_1917_99,FALSE,FALSE
EDCPT_11628,PRESENT_AT,Superioress in,EDCT_847,,,1914,1918,1914-1918,,EDC_1918_129; EDC_1914_33,FALSE,FALSE
EDCPT_8716,PRESENT_AT,Teacher,EDCT_022,,,1917,1918,1917-1918,,EDC_1918_47; EDC_1917_36,FALSE,FALSE
EDCPT_10621,PRESENT_AT,Teacher,EDCT_276,,,1916,1920,1916-1920,,EDC_1920_114; EDC_1918_97; EDC_1917_74; EDC_1916_82,FALSE,FALSE
EDCPT_8301,PRESENT_AT,Teacher at,EDCT_002,,,1917,1918,1917-1918,,EDC_1918_35; EDC_1917_26,FALSE,FALSE
EDCPT_10382,PRESENT_AT,Teacher at,EDCT_004,,,1914,,1914-,,EDC_1914_23,FALSE,FALSE
EDCPT_10546,PRESENT_AT,Teacher at,EDCT_004,,,1914,,1914-,,EDC_1914_24,FALSE,FALSE
EDCPT_10758,PRESENT_AT,Teacher at,EDCT_004,,,1917,1920,1917-1920,,EDC_1920_120; EDC_1918_103; EDC_1917_79,FALSE,FALSE
EDCPT_10858,PRESENT_AT,Teacher at,EDCT_004,,,1917,1918,1917-1918,,EDC_1917_81; EDC_1918_106,FALSE,FALSE
EDCPT_7135,PRESENT_AT,Teacher at,EDCT_004,,,1916,1917,1916-1917,,EDC_1916_03,FALSE,FALSE
EDCPT_9436,PRESENT_AT,Teacher at,EDCT_004,,,1917,1918,1917-1918,,EDC_1917_52; EDC_1918_67,FALSE,FALSE
EDCPT_11004,PRESENT_AT,Teacher at,EDCT_006,,,1918,1920,1918-1920,,EDC_1920_129; EDC_1918_111,FALSE,FALSE
EDCPT_7199,PRESENT_AT,Teacher at,EDCT_006,,,1916,1920,1916-1920,,EDC_1916_05,FALSE,FALSE
EDCPT_10437,PRESENT_AT,Teacher at,EDCT_008,,,1917,1918,1917-1918,,EDC_1918_92; EDC_1917_70,FALSE,FALSE
EDCPT_10569,PRESENT_AT,Teacher at,EDCT_008,,,1916,1918,1916-1918,,EDC_1918_96; EDC_1917_73; EDC_1916_81,FALSE,FALSE
EDCPT_10893,PRESENT_AT,Teacher at,EDCT_008,,,1918,1920,1918-1920,5 years in aboce college (prior to 1918),EDC_1920_125; EDC_1918_107,FALSE,FALSE
EDCPT_7761,PRESENT_AT,Teacher at,EDCT_008,,,1916,1918,1916-1918,,EDC_1916_18,FALSE,TRUE
EDCPT_7761,PRESENT_AT,Teacher at,EDCT_008,,,1917,1918,1917-1918,,EDC_1918_21; EDC_1917_16,FALSE,TRUE
EDCPT_8277,PRESENT_AT,Teacher at,EDCT_008,,,1916,1918,1916-1918,,EDC_1918_35; EDC_1917_26; EDC_1916_30,FALSE,FALSE
EDCPT_8490,PRESENT_AT,Teacher at,EDCT_008,,,1916,1918,1916-1918,,EDC_1916_36,FALSE,FALSE
EDCPT_10523,PRESENT_AT,Teacher at,EDCT_009,,,1916,1918,1916-1918,Instructor in 1916,EDC_1918_95; EDC_1917_72,FALSE,FALSE
EDCPT_12055,PRESENT_AT,Teacher at,EDCT_009,,,1917,1918,1917-1918,,EDC_1917_112; EDC_1918_144,FALSE,FALSE
EDCPT_8451,PRESENT_AT,Teacher at,EDCT_009,,,1917,1918,1917-1918,,EDC_1918_98; EDC_1917_75,FALSE,FALSE
EDCPT_10334,PRESENT_AT,Teacher at,EDCT_011,,,1917,,1917-,,EDC_1917_67,FALSE,FALSE
EDCPT_8872,PRESENT_AT,Teacher at,EDCT_015,,,1917,1918,1917-1918,,EDC_1917_40; EDC_1918_52,FALSE,FALSE
EDCPT_10602,PRESENT_AT,Teacher at,EDCT_021,,,1920,,1920-,,EDC_1920_112,FALSE,FALSE
EDCPT_8068,PRESENT_AT,Teacher at,EDCT_021,,,1916,1918,1916-1918,,EDC_1918_29; EDC_1917_22; EDC_1916_25,FALSE,FALSE
EDCPT_8381,PRESENT_AT,Teacher at,EDCT_021,,,1917,1918,1917-1918,,EDC_1918_37; EDC_1917_28,FALSE,FALSE
EDCPT_10300,PRESENT_AT,Teacher at,EDCT_024,,,1918,1920,1918-1920,,EDC_1920_103; EDC_1918_88,FALSE,FALSE
EDCPT_10468,PRESENT_AT,Teacher at,EDCT_024,,,1917,1918,1917-1918,,EDC_1918_93; EDC_1917_71,FALSE,FALSE
EDCPT_8222,PRESENT_AT,Teacher at,EDCT_024,,,1917,1918,1917-1918,,EDC_1918_33; EDC_1917_25,FALSE,FALSE
EDCPT_8225,PRESENT_AT,Teacher at,EDCT_024,,,1917,1918,1917-1918,,EDC_1918_33; EDC_1917_25,FALSE,FALSE
EDCPT_9463,PRESENT_AT,Teacher at,EDCT_024,,,1917,1918,1917-1918,,EDC_1917_53; EDC_1918_68,FALSE,FALSE
EDCPT_10447,PRESENT_AT,Teacher at,EDCT_025,,,1918,,1918-,,EDC_1918_92,FALSE,FALSE
EDCPT_11910,PRESENT_AT,Teacher at,EDCT_025,,,1917,1918,1917-1918,,EDC_1917_110; EDC_1918_141,FALSE,FALSE
EDCPT_8830,PRESENT_AT,Teacher at,EDCT_026,,,1917,1918,1917-1918,,EDC_1918_50; EDC_1917_39,FALSE,FALSE
EDCPT_10582,PRESENT_AT,Teacher at,EDCT_027,,,1917,1920,1917-1920,,EDC_1920_113; EDC_1917_74,FALSE,FALSE
EDCPT_7919,PRESENT_AT,Teacher at,EDCT_027,,,1917,1918,1917-1918,,EDC_1918_24; EDC_1917_18,FALSE,FALSE
EDCPT_8267,PRESENT_AT,Teacher at,EDCT_028,,,1916,1918,1916-1918,,EDC_1918_34; EDC_1916_30,FALSE,FALSE
EDCPT_8463,PRESENT_AT,Teacher at,EDCT_028,,,1917,1918,1917-1918,,EDC_1918_40; EDC_1917_30,FALSE,FALSE
EDCPT_8318,PRESENT_AT,Teacher at,EDCT_029,,,1917,1918,1917-1918,,EDC_1918_36; EDC_1917_27,FALSE,FALSE
EDCPT_8409,PRESENT_AT,Teacher at,EDCT_029,,,1917,1918,1917-1918,,EDC_1918_38; EDC_1917_29,FALSE,FALSE
EDCPT_8410,PRESENT_AT,Teacher at,EDCT_029,,,1917,1918,1917-1918,,EDC_1918_38; EDC_1917_29,FALSE,FALSE
EDCPT_9568,PRESENT_AT,Teacher at,EDCT_029,,,1917,1918,1917-1918,,EDC_1918_71; EDC_1917_56,FALSE,FALSE
EDCPT_10121,PRESENT_AT,Teacher at,EDCT_030,,,1916,1920,1916-1920,,EDC_1920_97; EDC_1918_83; EDC_1917_63; EDC_1916_71,FALSE,FALSE
EDCPT_10421,PRESENT_AT,Teacher at,EDCT_031,,,1916,1920,1916-1920,,EDC_1920_107; EDC_1918_91; EDC_1917_70; EDC_1916_78,FALSE,FALSE
EDCPT_10820,PRESENT_AT,Teacher at,EDCT_033,,,1917,1920,1917-1920,,EDC_1920_122; EDC_1918_104;EDC_1917_80,FALSE,FALSE
EDCPT_8096,PRESENT_AT,Teacher at,EDCT_034,,,1916,1918,1916-1918,,EDC_1918_29; EDC_1917_22; EDC_1916_26,FALSE,FALSE
EDCPT_7926,PRESENT_AT,Teacher at,EDCT_035,,,1917,1918,1917-1918,,EDC_1918_25; EDC_1917_18,FALSE,FALSE
EDCPT_12076,PRESENT_AT,Teacher at,EDCT_038,,,1917,1918,1917-1918,,EDC_1917_113; EDC_1918_145,FALSE,FALSE
EDCPT_7505,PRESENT_AT,Teacher at,EDCT_038,,,1917,1918,1917-1918,,EDC_1918_15; EDC_1917_12,FALSE,FALSE
EDCPT_10573,PRESENT_AT,Teacher at,EDCT_040,,,1916,,1916-,,EDC_1916_81,FALSE,FALSE
EDCPT_10574,PRESENT_AT,Teacher at,EDCT_040,,,1917,1918,1917-1918,,EDC_1918_96; EDC_1917_74,FALSE,FALSE
EDCPT_10872,PRESENT_AT,Teacher at,EDCT_041,,,1917,1918,1917-1918,,EDC_1917_82; EDC_1918_106,FALSE,FALSE
EDCPT_8677,PRESENT_AT,Teacher at,EDCT_041,,,1917,1920,1917-1920,,EDC_1918_46; EDC_1917_35,FALSE,FALSE
EDCPT_10243,PRESENT_AT,Teacher at,EDCT_045,,,1916,1918,1916-1918,,EDC_1918_86; EDC_1917_65; EDC_1916_73,FALSE,FALSE
EDCPT_10863,PRESENT_AT,Teacher at,EDCT_045,,,1917,1918,1917-1918,,EDC_1917_81; EDC_1918_106,FALSE,FALSE
EDCPT_7312,PRESENT_AT,Teacher at,EDCT_045,,,1917,1918,1917-1918,,EDC_1918_9; EDC_1917_8,FALSE,FALSE
EDCPT_8036,PRESENT_AT,Teacher at,EDCT_045,,,1916,1918,1916-1918,,EDC_1918_28; EDC_1917_21; EDC_1916_24,TRUE,TRUE
EDCPT_8524,PRESENT_AT,Teacher at,EDCT_045,,,1917,1918,1917-1918,,EDC_1918_42; EDC_1917_32,FALSE,FALSE
EDCPT_10414,PRESENT_AT,Teacher at,EDCT_047,,,1917,1920,1917-1920,,EDC_1920_107; EDC:1918_91; EDC_1917_70,FALSE,FALSE
EDCPT_11618,PRESENT_AT,Teacher at,EDCT_047,,,1917,1918,1917-1918,,EDC_1917_100; EDC_1918_129,FALSE,FALSE
EDCPT_8294,PRESENT_AT,Teacher at,EDCT_047,,,1917,1918,1917-1918,,EDC_1918_35; EDC_1917_26,FALSE,FALSE
EDCPT_8537,PRESENT_AT,Teacher at,EDCT_047,,,1917,1918,1917-1918,,EDC_1918_42; EDC_1917_32,FALSE,FALSE
EDCPT_8501,PRESENT_AT,Teacher at,EDCT_049,,,1917,1918,1917-1918,,EDC_1918_40; EDC_1917_31,FALSE,FALSE
EDCPT_9542,PRESENT_AT,Teacher at,EDCT_049,,,1917,1918,1917-1918,,EDC_1918_70; EDC_1917_55,FALSE,FALSE
EDCPT_7506,PRESENT_AT,Teacher at,EDCT_054,,,1917,1918,1917-1918,,EDC_1918_15; EDC_1917_12,FALSE,FALSE
EDCPT_7893,PRESENT_AT,Teacher at,EDCT_054,,,1917,1918,1917-1918,,EDC_1918_24; EDC_1917_18,FALSE,FALSE
EDCPT_7004,PRESENT_AT,Teacher at,EDCT_055,,,1917,1918,1917-1918,,EDC_1918_1; EDC_1917_1,FALSE,FALSE
EDCPT_10223,PRESENT_AT,Teacher at,EDCT_059,,,1920,,1920-,,EDC_1920_100,TRUE,TRUE
EDCPT_8937,PRESENT_AT,Teacher at,EDCT_059,,,1916,1918,1916-1918,,EDC_1917_41; EDC_1918_53; EDC_1916_46,FALSE,FALSE
EDCPT_10165,PRESENT_AT,Teacher at,EDCT_060,,,1918,1920,1918-1920,,EDC_1920_99; EDC_1918_84,FALSE,FALSE
EDCPT_10290,PRESENT_AT,Teacher at,EDCT_060,,,1914,1920,1914-1920,,EDC_1920_102; EDC_1917_66; EDC_1914_22,FALSE,FALSE
EDCPT_10664,PRESENT_AT,Teacher at,EDCT_060,,,1918,1920,1918-1920,,EDC_1920_116; EDC_1918_99,FALSE,FALSE
EDCPT_7160,PRESENT_AT,Teacher at,EDCT_060,,,1916,1920,1916-1920,,EDC_1916_04,FALSE,FALSE
EDCPT_7203,PRESENT_AT,Teacher at,EDCT_060,,,1917,1918,1917-1918,,EDC_1918_6; EDC_1917_5,FALSE,FALSE
EDCPT_8465,PRESENT_AT,Teacher at,EDCT_060,,,1916,1920,1916-1920,,EDC_1916_35,FALSE,TRUE
EDCPT_8635,PRESENT_AT,Teacher at,EDCT_060,,,1916,1917,1916-1917,,EDC_1916_38,FALSE,TRUE
EDCPT_8636,PRESENT_AT,Teacher at,EDCT_060,,,1916,1920,1916-1920,,EDC_1916_38,FALSE,FALSE
EDCPT_10342,PRESENT_AT,Teacher at,EDCT_061,,,1917,1920,1917-1920,,EDC_1920_104; EDC_1918_89; EDC_1917_68,FALSE,FALSE
EDCPT_10753,PRESENT_AT,Teacher at,EDCT_061,,,1917,1918,1917-1918,,EDC_1918_103; EDC_1917_79,FALSE,FALSE
EDCPT_11877,PRESENT_AT,Teacher at,EDCT_061,,,1917,1920,1917-1920,,EDC_1920_157; EDC_1917_108; EDC_1918_138,FALSE,FALSE
EDCPT_11963,PRESENT_AT,Teacher at,EDCT_061,,,1917,1918,1917-1918,,EDC_1917_110; EDC_1918_141,FALSE,FALSE
EDCPT_7536,PRESENT_AT,Teacher at,EDCT_061,,,1917,1918,1917-1918,,EDC_1918_16; EDC_1917_13,FALSE,FALSE
EDCPT_7675,PRESENT_AT,Teacher at,EDCT_061,,,1916,1917,1916-1917,,EDC_1916_17,FALSE,TRUE
EDCPT_9639,PRESENT_AT,Teacher at,EDCT_061,,,1916,1918,1916-1918,,EDC_1918_73; EDC_1917_57; EDC_1916_60,FALSE,FALSE
EDCPT_7176,PRESENT_AT,Teacher at,EDCT_067,,,1916,1920,1916-1920,,EDC_1916_04,FALSE,FALSE
EDCPT_11512,PRESENT_AT,Teacher at,EDCT_068,,,1918,1920,1918-1920,,EDC_1920_145; EDC_1918_125,FALSE,FALSE
EDCPT_11898,PRESENT_AT,Teacher at,EDCT_068,,,1917,1920,1917-1920,,EDC_1920_157; EDC_1917_108; EDC_1918_139,FALSE,FALSE
EDCPT_10363,PRESENT_AT,Teacher at,EDCT_069,,,1920,,1920-,,EDC_1920_105,FALSE,FALSE
EDCPT_10575,PRESENT_AT,Teacher at,EDCT_071,,,1916,,1916-,,EDC_1916_81,FALSE,FALSE
EDCPT_10619,PRESENT_AT,Teacher at,EDCT_071,,,1917,1920,1917-1920,,EDC_1920_114; EDC_1918_97; EDC_1917_74,FALSE,FALSE
EDCPT_11052,PRESENT_AT,Teacher at,EDCT_071,,,1917,1920,1917-1920,,EDC_1920_130; EDC_1918_112;EDC_1917_86,FALSE,FALSE
EDCPT_8573,PRESENT_AT,Teacher at,EDCT_071,,,1916,1917,1916-1917,,EDC_1916_37,FALSE,TRUE
EDCPT_11746,PRESENT_AT,Teacher at,EDCT_073,,,1918,1920,1918-1920,,EDC_1920_152; EDC_1918_133,FALSE,FALSE
EDCPT_11871,PRESENT_AT,Teacher at,EDCT_073,,,1917,1918,1917-1918,,EDC_1917_107; EDC_1918_138,FALSE,FALSE
EDCPT_8640,PRESENT_AT,Teacher at,EDCT_073,,,1917,1918,1917-1918,,EDC_1918_45; EDC_1917_34,FALSE,FALSE
EDCPT_10415,PRESENT_AT,Teacher at,EDCT_075,,,1917,1920,1917-1920,,EDC_1920_107; EDC:1918_91; EDC_1917_70,FALSE,FALSE
EDCPT_12051,PRESENT_AT,Teacher at,EDCT_075,,,1917,1918,1917-1918,Absent in 2018,EDC_1917_112; EDC_1918_144,FALSE,FALSE
EDCPT_10557,PRESENT_AT,Teacher at,EDCT_077,,,1917,1920,1917-1920,,EDC_1920_112; EDC_1918_96; EDC_1917_73,FALSE,FALSE
EDCPT_10423,PRESENT_AT,Teacher at,EDCT_078,,,1914,1920,1914-1920,,EDC_1920_107; EDC_1918_92; EDC_1917_70; EDC_1914_23,FALSE,FALSE
EDCPT_10431,PRESENT_AT,Teacher at,EDCT_078,,,1917,1918,1917-1918,,EDC_1918_92; EDC_1917_70,FALSE,FALSE
EDCPT_7248,PRESENT_AT,Teacher at,EDCT_078,,,1917,1918,1917-1918,,EDC_1918_7; EDC_1917_6,FALSE,FALSE
EDCPT_8022,PRESENT_AT,Teacher at,EDCT_078,,,1917,1918,1917-1918,,EDC_1918_27; EDC_1917_21,FALSE,FALSE
EDCPT_8881,PRESENT_AT,Teacher at,EDCT_078,,,1917,1918,1917-1918,,EDC_1917_40; EDC_1918_52,FALSE,TRUE
EDCPT_9712,PRESENT_AT,Teacher at,EDCT_078,,,1917,1918,1917-1918,,EDC_1918_74; EDC_1917_57,FALSE,FALSE
EDCPT_11812,PRESENT_AT,Teacher at,EDCT_079,,,1918,1920,1918-1920,,EDC_1920_154; EDC_1918_135,FALSE,FALSE
EDCPT_11723,PRESENT_AT,Teacher at,EDCT_080,,,1914,1920,1914-1920,,EDC_1920_152; EDC_1917_102; EDC_1918_132; EDC_1914_34,FALSE,FALSE
EDCPT_11835,PRESENT_AT,Teacher at,EDCT_080,,,1917,1920,1917-1920,,EDC_1920_155; EDC_1917_106,FALSE,FALSE
EDCPT_8158,PRESENT_AT,Teacher at,EDCT_081,,,1917,1918,1917-1918,,EDC_1918_31; EDC_1917_23,FALSE,FALSE
EDCPT_10287,PRESENT_AT,Teacher at,EDCT_085,,,1916,1920,1916-1920,,EDC_1920_102; EDC_1918_88; EDC_1917_66; EDC_1916_74,FALSE,FALSE
EDCPT_10458,PRESENT_AT,Teacher at,EDCT_085,,,1914,,1914-,,EDC_1914_23,FALSE,FALSE
EDCPT_10499,PRESENT_AT,Teacher at,EDCT_085,,,1917,1920,1917-1920,,EDC_1920_110; EDC_1918_94; EDC_1917_72,FALSE,FALSE
EDCPT_10875,PRESENT_AT,Teacher at,EDCT_085,,,1917,1918,1917-1918,,EDC_1917_82; EDC_1918_106,FALSE,FALSE
EDCPT_11919,PRESENT_AT,Teacher at,EDCT_085,,,1917,1918,1917-1918,,EDC_1917_109; EDC_1918_139,FALSE,FALSE
EDCPT_11925,PRESENT_AT,Teacher at,EDCT_085,,,1918,1920,1918-1920,,EDC_1920_158; EDC_1918_140,FALSE,FALSE
EDCPT_7400,PRESENT_AT,Teacher at,EDCT_085,,,1916,1920,1916-1920,,EDC_1916_09,FALSE,FALSE
EDCPT_7543,PRESENT_AT,Teacher at,EDCT_085,,,1916,1917,1916-1917,,EDC_1916_13,FALSE,FALSE
EDCPT_7551,PRESENT_AT,Teacher at,EDCT_085,,,1916,1920,1916-1920,,EDC_1916_15,FALSE,FALSE
EDCPT_7671,PRESENT_AT,Teacher at,EDCT_085,,,1916,1920,1916-1920,,EDC_1916_17,FALSE,FALSE
EDCPT_7949,PRESENT_AT,Teacher at,EDCT_085,,,1917,1918,1917-1918,,EDC_1918_25; EDC_1917_19,FALSE,FALSE
EDCPT_7951,PRESENT_AT,Teacher at,EDCT_085,,,1916,1920,1916-1920,,EDC_1916_22,FALSE,FALSE
EDCPT_7978,PRESENT_AT,Teacher at,EDCT_085,,,1916,1918,1916-1918,,EDC_1916_23,FALSE,TRUE
EDCPT_7978,PRESENT_AT,Teacher at,EDCT_085,,,1917,1918,1917-1918,,EDC_1918_26; EDC_1917_20,FALSE,TRUE
EDCPT_9002,PRESENT_AT,Teacher at,EDCT_085,,,1916,1918,1916-1918,,EDC_1917_43; EDC_1918_55; EDC_1916_47,FALSE,FALSE
EDCPT_10611,PRESENT_AT,Teacher at,EDCT_087,,,1917,,1917-,,EDC_1917_74,FALSE,TRUE
EDCPT_10611,PRESENT_AT,Teacher at,EDCT_087,,,1918,,1918-,,EDC_1918_97,FALSE,TRUE
EDCPT_9740,PRESENT_AT,Teacher at,EDCT_089,,,1917,1918,1917-1918,,EDC_1918_75; EDC_1917_58,FALSE,FALSE
EDCPT_7710,PRESENT_AT,Teacher at,EDCT_091,,,1917,1918,1917-1918,,EDC_1918_20; EDC_1917_16,FALSE,FALSE
EDCPT_8646,PRESENT_AT,Teacher at,EDCT_091,,,1917,1918,1917-1918,,EDC_1918_45; EDC_1917_34,FALSE,FALSE
EDCPT_9034,PRESENT_AT,Teacher at,EDCT_093,,,1917,1918,1917-1918,,EDC_1918_56 ; EDC_1917_43,FALSE,FALSE
EDCPT_10198,PRESENT_AT,Teacher at,EDCT_094,,,1920,,1920-,,EDC_1920_100,FALSE,FALSE
EDCPT_7916,PRESENT_AT,Teacher at,EDCT_094,,,1916,1920,1916-1920,,EDC_1916_21,FALSE,FALSE
EDCPT_8718,PRESENT_AT,Teacher at,EDCT_095,,,1917,1918,1917-1918,,EDC_1918_47; EDC_1917_36,FALSE,FALSE
EDCPT_10173,PRESENT_AT,Teacher at,EDCT_099,,,1918,,1918-,,EDC_1918_85,FALSE,FALSE
EDCPT_10631,PRESENT_AT,Teacher at,EDCT_099,,,1918,1920,1918-1920,,EDC_1920_114; EDC_1918_98,FALSE,FALSE
EDCPT_10951,PRESENT_AT,Teacher at,EDCT_099,,,1917,1920,1917-1920,,EDC_1920_127;EDC_1917_83,FALSE,FALSE
EDCPT_11100,PRESENT_AT,Teacher at,EDCT_099,,,1918,1920,1918-1920,,EDC_1920_132; EDC_1918_114,FALSE,TRUE
EDCPT_10083,PRESENT_AT,Teacher at,EDCT_100,,,1916,1920,1916-1920,,EDC_1920_96; EDC_1918_82; EDC_1917_62; EDC_1916_70,FALSE,FALSE
EDCPT_9433,PRESENT_AT,Teacher at,EDCT_100,,,1917,1918,1917-1918,,EDC_1917_52; EDC_1918_67,FALSE,FALSE
EDCPT_10148,PRESENT_AT,Teacher at,EDCT_103,,,1920,,1920-,,EDC_1920_98,FALSE,FALSE
EDCPT_10307,PRESENT_AT,Teacher at,EDCT_108,,,1918,,1918-,,EDC_1918_88,FALSE,FALSE
EDCPT_10583,PRESENT_AT,Teacher at,EDCT_108,,,1916,1918,1916-1918,,EDC_1918_97; EDC_1916_81,FALSE,FALSE
EDCPT_8142,PRESENT_AT,Teacher at,EDCT_111,,,1916,1918,1916-1918,,EDC_1918_31; EDC_1917_23; EDC_1916_27,FALSE,FALSE
EDCPT_8149,PRESENT_AT,Teacher at,EDCT_111,,,1916,1918,1916-1918,,EDC_1918_31; EDC_1917_23; EDC_1916_27,FALSE,FALSE
EDCPT_8280,PRESENT_AT,Teacher at,EDCT_111,,,1917,1918,1917-1918,,EDC_1918_35; EDC_1917_26,FALSE,FALSE
EDCPT_10608,PRESENT_AT,Teacher at,EDCT_112,,,1920,,1920-,,EDC_1920_114,FALSE,FALSE
EDCPT_11644,PRESENT_AT,Teacher at,EDCT_114,,,1917,1920,1917-1920,,EDC_1920_149; EDC_1917_101; EDC_1918_130,FALSE,FALSE
EDCPT_9409,PRESENT_AT,Teacher at,EDCT_117,,,1916,1918,1916-1918,,EDC_1917_52; EDC_1918_67; EDC_1916_56,FALSE,FALSE
EDCPT_9417,PRESENT_AT,Teacher at,EDCT_117,,,1916,1918,1916-1918,,EDC_1918_67; EDC_1916_56,FALSE,FALSE
EDCPT_10186,PRESENT_AT,Teacher at,EDCT_118,,,1920,,1920-,,EDC_1920_100,FALSE,FALSE
EDCPT_10534,PRESENT_AT,Teacher at,EDCT_122,,,1918,,1918-,,EDC_1918_95,FALSE,FALSE
EDCPT_10556,PRESENT_AT,Teacher at,EDCT_126,,,1918,1920,1918-1920,,EDC_1920_112; EDC_1918_96,FALSE,FALSE
EDCPT_10742,PRESENT_AT,Teacher at,EDCT_127,,,1918,1920,1918-1920,,EDC_1920_119; EDC_1918_102,FALSE,FALSE
EDCPT_10980,PRESENT_AT,Teacher at,EDCT_127,,,1918,1920,1918-1920,,EDC_1920_128; EDC_1918_110,FALSE,FALSE
EDCPT_11468,PRESENT_AT,Teacher at,EDCT_127,,,1918,1920,1918-1920,Teacher of Physiology and Hygiene,EDC_1920_143; EDC_1918_124;EDC_1917_95,FALSE,FALSE
EDCPT_10903,PRESENT_AT,Teacher at,EDCT_128,,,1917,1918,1917-1918,,EDC_1917_82; EDC_1918_107,FALSE,FALSE
EDCPT_7165,PRESENT_AT,Teacher at,EDCT_128,,,1917,1918,1917-1918,,EDC_1918_4; EDC_1917_4,FALSE,TRUE
EDCPT_7388,PRESENT_AT,Teacher at,EDCT_128,,,1916,1920,1916-1920,,EDC_1916_09,FALSE,FALSE
EDCPT_9117,PRESENT_AT,Teacher at,EDCT_128,,,1917,1918,1917-1918,,EDC_1918_58 ; EDC_1917_45,FALSE,FALSE
EDCPT_10250,PRESENT_AT,Teacher at,EDCT_131,,,1920,,1920-,,EDC_1920_101,FALSE,FALSE
EDCPT_9411,PRESENT_AT,Teacher at,EDCT_132,,,1917,1918,1917-1918,,EDC_1917_52; EDC_1918_67,FALSE,FALSE
EDCPT_11793,PRESENT_AT,Teacher at,EDCT_134,,,1914,1920,1914-1920,,EDC_1920_154; EDC_1917_104; EDC_1918_134; EDC_1914_34,FALSE,FALSE
EDCPT_9478,PRESENT_AT,Teacher at,EDCT_137,,,1917,1918,1917-1918,,EDC_1917_53; EDC_1918_68,FALSE,FALSE
EDCPT_10543,PRESENT_AT,Teacher at,EDCT_138,,,1914,1916,1914-1916,,EDC_1916_80; EDC_1914_24,FALSE,FALSE
EDCPT_8391,PRESENT_AT,Teacher at,EDCT_139,,,1918,1920,1918-1920,,EDC_1918_37,FALSE,FALSE
EDCPT_7860,PRESENT_AT,Teacher at,EDCT_141,,,1917,1918,1917-1918,,EDC_1918_23; EDC_1917_17,FALSE,FALSE
EDCPT_9999,PRESENT_AT,Teacher at,EDCT_141,,,1917,1918,1917-1918,,EDC_1918_80; EDC_1917_60,FALSE,FALSE
EDCPT_8729,PRESENT_AT,Teacher at,EDCT_147,,,1913,1918,1913-1918,,EDC_1918_47; EDC_1917_36; EDC_1916_41,FALSE,FALSE
EDCPT_8657,PRESENT_AT,Teacher at,EDCT_151,,,1917,1918,1917-1918,,EDC_1918_45; EDC_1917_35,FALSE,FALSE
EDCPT_7492,PRESENT_AT,Teacher at,EDCT_153,,,1916,1920,1916-1920,,EDC_1920_18; EDC_1916_58,FALSE,FALSE
EDCPT_10055,PRESENT_AT,Teacher at,EDCT_157,,,1917,,1917-,,EDC_1917_61,FALSE,FALSE
EDCPT_10056,PRESENT_AT,Teacher at,EDCT_157,,,1917,,1917-,,EDC_1917_61,FALSE,FALSE
EDCPT_10212,PRESENT_AT,Teacher at,EDCT_161,,,1918,,1918-,,EDC_1918_86,FALSE,FALSE
EDCPT_10479,PRESENT_AT,Teacher at,EDCT_161,,,1917,1920,1917-1920,,EDC_1920_109; EDC_1918_93; EDC_1917_71,FALSE,FALSE
EDCPT_11505,PRESENT_AT,Teacher at,EDCT_161,,,1918,1920,1918-1920,,EDC_1920_145; EDC_1918_125;EDC_1917_96,FALSE,FALSE
EDCPT_8327,PRESENT_AT,Teacher at,EDCT_161,,,1917,1918,1917-1918,,EDC_1918_36; EDC_1917_27,FALSE,FALSE
EDCPT_9000,PRESENT_AT,Teacher at,EDCT_161,,,1917,1918,1917-1918,,EDC_1917_42; EDC_1918_55,FALSE,FALSE
EDCPT_8994,PRESENT_AT,Teacher at,EDCT_162,,,1917,1918,1917-1918,,EDC_1918_56 ; EDC_1917_43,FALSE,TRUE
EDCPT_9479,PRESENT_AT,Teacher at,EDCT_162,,,1917,1918,1917-1918,,EDC_1917_53; EDC_1918_69,FALSE,FALSE
EDCPT_12215,PRESENT_AT,Teacher at,EDCT_163,,,1917,1920,1917-1920,,EDC_1920_167; EDC_1917_115,FALSE,FALSE
EDCPT_7211,PRESENT_AT,Teacher at,EDCT_173,,,1917,1918,1917-1918,,EDC_1918_6; EDC_1917_5,FALSE,FALSE
EDCPT_9701,PRESENT_AT,Teacher at,EDCT_173,,,1916,1917,1916-1917,,EDC_1917_58; EDC_1916_62,FALSE,FALSE
EDCPT_10105,PRESENT_AT,Teacher at,EDCT_179,,,1916,1920,1916-1920,,EDC_1920_97; EDC_1918_83; EDC_1917_63; EDC_1916_70,FALSE,FALSE
EDCPT_10464,PRESENT_AT,Teacher at,EDCT_179,,,1920,,1920-,,EDC_1920_109,FALSE,FALSE
EDCPT_10465,PRESENT_AT,Teacher at,EDCT_179,,,1916,1918,1916-1918,,EDC_1918_93; EDC_1917_71; EDC_1916_79,FALSE,FALSE
EDCPT_10638,PRESENT_AT,Teacher at,EDCT_179,,,1918,1920,1918-1920,,EDC_1920_115; EDC_1918_98,FALSE,FALSE
EDCPT_10827,PRESENT_AT,Teacher at,EDCT_179,,,1918,1920,1918-1920,,EDC_1920_123; EDC_1918_105,FALSE,FALSE
EDCPT_11005,PRESENT_AT,Teacher at,EDCT_179,,,1918,1920,1918-1920,,EDC_1920_129; EDC_1918_111,FALSE,FALSE
EDCPT_12094,PRESENT_AT,Teacher at,EDCT_179,,,1917,1920,1917-1920,,EDC_1920_164; EDC_1917_113; EDC_1918_145,FALSE,FALSE
EDCPT_7564,PRESENT_AT,Teacher at,EDCT_179,,,1916,1920,1916-1920,,EDC_1916_15,FALSE,FALSE
EDCPT_7895,PRESENT_AT,Teacher at,EDCT_179,,,1916,1920,1916-1920,,EDC_1916_21,FALSE,FALSE
EDCPT_10201,PRESENT_AT,Teacher at,EDCT_180,,,1918,1920,1918-1920,,EDC_1920_100; EDC_1918_85,FALSE,FALSE
EDCPT_11880,PRESENT_AT,Teacher at,EDCT_180,,,1917,1918,1917-1918,,EDC_1917_108; EDC_1918_138,FALSE,FALSE
EDCPT_9466,PRESENT_AT,Teacher at,EDCT_180,,,1916,1918,1916-1918,,EDC_1917_53; EDC_1918_68; EDC_1916_56,FALSE,FALSE
EDCPT_9469,PRESENT_AT,Teacher at,EDCT_180,,,1916,1917,1916-1917,,EDC_1917_53; EDC_1916_56,FALSE,FALSE
EDCPT_11624,PRESENT_AT,Teacher at,EDCT_181,,,1917,1918,1917-1918,,EDC_1917_100; EDC_1918_129,FALSE,FALSE
EDCPT_7541,PRESENT_AT,Teacher at,EDCT_181,,,1917,1918,1917-1918,,EDC_1918_16; EDC_1917_13,FALSE,FALSE
EDCPT_7756,PRESENT_AT,Teacher at,EDCT_181,,,1917,1918,1917-1918,,EDC_1918_21; EDC_1917_16,FALSE,FALSE
EDCPT_10547,PRESENT_AT,Teacher at,EDCT_187,,,1920,,1920-,,EDC_1920_112,FALSE,FALSE
EDCPT_8998,PRESENT_AT,Teacher at,EDCT_187,,,1917,1918,1917-1918,,EDC_1917_42; EDC_1918_55,FALSE,FALSE
EDCPT_9153,PRESENT_AT,Teacher at,EDCT_187,,,1917,1918,1917-1918,,EDC_1918_59 ; EDC_1917_45,FALSE,FALSE
EDCPT_7601,PRESENT_AT,Teacher at,EDCT_189,,,1916,1920,1916-1920,,EDC_1916_14,FALSE,FALSE
EDCPT_9358,PRESENT_AT,Teacher at,EDCT_189,,,1916,1918,1916-1918,,EDC_1917_50; EDC_1918_65; EDC_1916_54,FALSE,FALSE
EDCPT_9642,PRESENT_AT,Teacher at,EDCT_192,,,1917,1918,1917-1918,,EDC_1918_73; EDC_1917_57,FALSE,FALSE
EDCPT_7623,PRESENT_AT,Teacher at,EDCT_194,,,1916,1920,1916-1920,,EDC_1916_16,FALSE,FALSE
EDCPT_12043,PRESENT_AT,Teacher at,EDCT_195,,,1917,1918,1917-1918,,EDC_1917_112; EDC_1918_143,FALSE,FALSE
EDCPT_10174,PRESENT_AT,Teacher at,EDCT_196,,,1916,1917,1916-1917,,EDC_1917_64; EDC_1916_72,FALSE,FALSE
EDCPT_10175,PRESENT_AT,Teacher at,EDCT_196,,,1916,1917,1916-1917,,EDC_1917_64; EDC_1916_72,FALSE,FALSE
EDCPT_10367,PRESENT_AT,Teacher at,EDCT_196,,,1916,1920,1916-1920,,EDC_1920_105; EDC_1917_68; EDC_1916_77,FALSE,FALSE
EDCPT_8091,PRESENT_AT,Teacher at,EDCT_196,,,1916,1918,1916-1918,,EDC_1918_29; EDC_1917_22; EDC_1916_26,FALSE,FALSE
EDCPT_10142,PRESENT_AT,Teacher at,EDCT_198,,,1918,1920,1918-1920,,EDC_1920_98; EDC_1918_83,FALSE,FALSE
EDCPT_11851,PRESENT_AT,Teacher at,EDCT_198,,,1917,1918,1917-1918,,EDC_1917_107; EDC_1918_137,FALSE,FALSE
EDCPT_10080,PRESENT_AT,Teacher at,EDCT_199,,,1917,1918,1917-1918,,EDC_1918_82; EDC_1917_62,FALSE,FALSE
EDCPT_10268,PRESENT_AT,Teacher at,EDCT_199,,,1917,,1917-,,EDC_1917_66,FALSE,FALSE
EDCPT_10286,PRESENT_AT,Teacher at,EDCT_199,,,1917,,1917-,,EDC_1917_66,FALSE,FALSE
EDCPT_10498,PRESENT_AT,Teacher at,EDCT_199,,,1917,1920,1917-1920,,EDC_1920_110; EDC_1918_94; EDC_1917_72,FALSE,FALSE
EDCPT_11495,PRESENT_AT,Teacher at,EDCT_199,,,1917,1918,1917-1918,,EDC_1918_124;EDC_1917_96,FALSE,FALSE
EDCPT_12049,PRESENT_AT,Teacher at,EDCT_199,,,1917,1918,1917-1918,,EDC_1917_112; EDC_1918_144,FALSE,FALSE
EDCPT_12063,PRESENT_AT,Teacher at,EDCT_199,,,1917,1918,1917-1918,,EDC_1917_112; EDC_1918_144,FALSE,FALSE
EDCPT_9032,PRESENT_AT,Teacher at,EDCT_199,,,1917,1918,1917-1918,,EDC_1918_56 ; EDC_1917_43,FALSE,FALSE
EDCPT_9086,PRESENT_AT,Teacher at,EDCT_199,,,1917,1918,1917-1918,,EDC_1918_57 ; EDC_1917_44,FALSE,FALSE
EDCPT_9844,PRESENT_AT,Teacher at,EDCT_199,,,1916,1918,1916-1918,,EDC_1918_77; EDC_1916_64,FALSE,FALSE
EDCPT_10445,PRESENT_AT,Teacher at,EDCT_200,,,1920,,1920-,,EDC_1920_108,FALSE,FALSE
EDCPT_11743,PRESENT_AT,Teacher at,EDCT_207,,,1917,1918,1917-1918,,EDC_1917_103; EDC_1918_133,FALSE,FALSE
EDCPT_8930,PRESENT_AT,Teacher at,EDCT_207,,,1916,1918,1916-1918,,EDC_1917_41; EDC_1918_53; EDC_1916_45,FALSE,FALSE
EDCPT_9366,PRESENT_AT,Teacher at,EDCT_207,,,1916,1918,1916-1918,,EDC_1918_65; EDC_1917_51; EDC_1916_54,FALSE,FALSE
EDCPT_10365,PRESENT_AT,Teacher at,EDCT_216,,,1917,,1917-,,EDC_1917_68,FALSE,FALSE
EDCPT_11822,PRESENT_AT,Teacher at,EDCT_216,,,1917,1920,1917-1920,,EDC_1920_155; EDC_1917_105; EDC_1918_136,FALSE,FALSE
EDCPT_10406,PRESENT_AT,Teacher at,EDCT_220,,,1920,,1920-,,EDC_1920_107,FALSE,FALSE
EDCPT_9457,PRESENT_AT,Teacher at,EDCT_225,,,1917,1918,1917-1918,,EDC_1917_53; EDC_1918_68,FALSE,FALSE
EDCPT_10066,PRESENT_AT,Teacher at,EDCT_232,,,1917,1918,1917-1918,,EDC_1918_82; EDC_1917_62,FALSE,FALSE
EDCPT_9462,PRESENT_AT,Teacher at,EDCT_236,,,1917,1918,1917-1918,,EDC_1917_53; EDC_1918_68,FALSE,FALSE
EDCPT_7827,PRESENT_AT,Teacher at,EDCT_238,,,1918,1920,1918-1920,,EDC_1920_27; EDC_1918_22,FALSE,FALSE
EDCPT_9416,PRESENT_AT,Teacher at,EDCT_245,,,1917,1918,1917-1918,,EDC_1917_52; EDC_1918_67,FALSE,FALSE
EDCPT_10143,PRESENT_AT,Teacher at,EDCT_249,,,1920,,1920-,,EDC_1920_98,FALSE,FALSE
EDCPT_10540,PRESENT_AT,Teacher at,EDCT_249,,,1914,1920,1914-1920,,EDC_1920_111; EDC_1918_95; EDC_1917_73; EDC_1916_80; EDC_1914_24,FALSE,FALSE
EDCPT_11804,PRESENT_AT,Teacher at,EDCT_249,,,1917,1918,1917-1918,,EDC_1917_105; EDC_1918_135,FALSE,FALSE
EDCPT_10485,PRESENT_AT,Teacher at,EDCT_250,,,1920,,1920-,,EDC_1920_109,FALSE,FALSE
EDCPT_11566,PRESENT_AT,Teacher at,EDCT_250,,,1914,1920,1914-1920,,EDC_1920_146; EDC_1918_127;EDC_1917_98; EDC_1914_32,FALSE,FALSE
EDCPT_11739,PRESENT_AT,Teacher at,EDCT_250,,,1914,1920,1914-1920,,EDC_1920_152; EDC_1917_103; EDC_1918_133; EDC_1914_34,FALSE,FALSE
EDCPT_10252,PRESENT_AT,Teacher at,EDCT_251,,,1917,1920,1917-1920,,EDC_1920_101; EDC_1918_86; EDC_1917_65,FALSE,FALSE
EDCPT_8647,PRESENT_AT,Teacher at,EDCT_253,,,1918,1920,1918-1920,,EDC_1918_45,FALSE,FALSE
EDCPT_10355,PRESENT_AT,Teacher at,EDCT_254,,,1920,,1920-,,EDC_1920_105,FALSE,FALSE
EDCPT_9937,PRESENT_AT,Teacher at,EDCT_254,,,1918,1920,1918-1920,,EDC_1920_91; EDC_1918_79,FALSE,FALSE
EDCPT_9938,PRESENT_AT,Teacher at,EDCT_254,,,1918,1920,1918-1920,,EDC_1920_91; EDC_1918_79,FALSE,FALSE
EDCPT_10314,PRESENT_AT,Teacher at,EDCT_255,,,1920,,1920-,,EDC_1920_103,FALSE,FALSE
EDCPT_11872,PRESENT_AT,Teacher at,EDCT_255,,,1917,1920,1917-1920,,EDC_1920_157; EDC_1917_107; EDC_1918_138,FALSE,FALSE
EDCPT_10196,PRESENT_AT,Teacher at,EDCT_256,,,1918,1920,1918-1920,,EDC_1920_100; EDC_1918_85,FALSE,TRUE
EDCPT_10196,PRESENT_AT,Teacher at,EDCT_256,,,1920,,1920-,,EDC_1920_100,FALSE,TRUE
EDCPT_12261,PRESENT_AT,Teacher at,EDCT_256,,,1917,1918,1917-1918,,EDC_1918_50; EDC_1917_39,FALSE,FALSE
EDCPT_11714,PRESENT_AT,Teacher at,EDCT_262,,,1917,1918,1917-1918,,EDC_1917_102; EDC_1918_132,FALSE,FALSE
EDCPT_12024,PRESENT_AT,Teacher at,EDCT_262,,,1917,1920,1917-1920,,EDC_1920_162; EDC_1917_112; EDC_1918_143,FALSE,FALSE
EDCPT_9480,PRESENT_AT,Teacher at,EDCT_262,,,1917,1918,1917-1918,,EDC_1917_53; EDC_1918_69,FALSE,FALSE
EDCPT_7301,PRESENT_AT,Teacher at,EDCT_265,,,1917,1918,1917-1918,,EDC_1918_9; EDC_1917_7,FALSE,FALSE
EDCPT_8292,PRESENT_AT,Teacher at,EDCT_268,,,1917,1918,1917-1918,,EDC_1918_35; EDC_1917_26,FALSE,FALSE
EDCPT_11118,PRESENT_AT,Teacher at,EDCT_271,,,1918,1920,1918-1920,,EDC_1920_132; EDC_1918_115,FALSE,FALSE
EDCPT_7654,PRESENT_AT,Teacher at,EDCT_271,,,1917,1918,1917-1918,,EDC_1918_19; EDC_1917_15,FALSE,FALSE
EDCPT_8357,PRESENT_AT,Teacher at,EDCT_271,,,1917,1918,1917-1918,,EDC_1918_37; EDC_1917_27,FALSE,FALSE
EDCPT_10439,PRESENT_AT,Teacher at,EDCT_275,,,1920,,1920-,,EDC_1920_108,FALSE,FALSE
EDCPT_10429,PRESENT_AT,Teacher at,EDCT_276,,,1917,1918,1917-1918,,EDC_1918_92; EDC_1917_70,FALSE,FALSE
EDCPT_10450,PRESENT_AT,Teacher at,EDCT_276,,,1918,,1918-,,EDC_1918_92; EDC_1917_71,FALSE,FALSE
EDCPT_11427,PRESENT_AT,Teacher at,EDCT_278,,,1917,1920,1917-1920,,EDC_1920_142; EDC_1918_122;EDC_1917_94,FALSE,FALSE
EDCPT_10172,PRESENT_AT,Teacher at,EDCT_279,,,1916,1918,1916-1918,,EDC_1918_85; EDC_1917_64; EDC_1916_72,FALSE,FALSE
EDCPT_10670,PRESENT_AT,Teacher at,EDCT_279,,,1917,1920,1917-1920,,EDC_1920_117; EDC_1918_99; EDC_1917_76,FALSE,FALSE
EDCPT_11155,PRESENT_AT,Teacher at,EDCT_279,,,1918,1920,1918-1920,,EDC_1920_134; EDC_1918; 116,FALSE,FALSE
EDCPT_11696,PRESENT_AT,Teacher at,EDCT_279,,,1917,1918,1917-1918,,EDC_1917_101; EDC_1918_131,FALSE,FALSE
EDCPT_11863,PRESENT_AT,Teacher at,EDCT_279,,,1917,1918,1917-1918,,EDC_1917_107; EDC_1918_138,FALSE,FALSE
EDCPT_11818,PRESENT_AT,Teacher at,EDCT_283,,,1917,1920,1917-1920,,EDC_1920_155; EDC_1917_105,FALSE,FALSE
EDCPT_11820,PRESENT_AT,Teacher at,EDCT_283,,,1918,1920,1918-1920,,EDC_1920_155; EDC_1918_136,FALSE,FALSE
EDCPT_10162,PRESENT_AT,Teacher at,EDCT_286,,,1918,1920,1918-1920,,EDC_1920_99; EDC_1918_84,FALSE,FALSE
EDCPT_10156,PRESENT_AT,Teacher at,EDCT_289,,,1920,,1920-,,EDC_1920_99,FALSE,FALSE
EDCPT_11828,PRESENT_AT,Teacher at,EDCT_289,,,1917,1920,1917-1920,,EDC_1920_155; EDC_1917_106; EDC_1918_136,FALSE,FALSE
EDCPT_11848,PRESENT_AT,Teacher at,EDCT_289,,,1917,1920,1917-1920,,EDC_1920_156; EDC_1917_107,FALSE,FALSE
EDCPT_8122,PRESENT_AT,Teacher at,EDCT_289,,,1917,1918,1917-1918,,EDC_1918_30; EDC_1917_23,FALSE,FALSE
EDCPT_10433,PRESENT_AT,Teacher at,EDCT_290,,,1917,,1917-,,EDC_1917_70,FALSE,FALSE
EDCPT_8883,PRESENT_AT,Teacher at,EDCT_290,,,1917,1918,1917-1918,,EDC_1917_40; EDC_1918_52,FALSE,TRUE
EDCPT_9095,PRESENT_AT,Teacher at,EDCT_292,,,1917,1918,1917-1918,,EDC_1918_57 ; EDC_1917_44,FALSE,FALSE
EDCPT_11783,PRESENT_AT,Teacher at,EDCT_293,,,1917,1918,1917-1918,,EDC_1917_104; EDC_1918_134,FALSE,FALSE
EDCPT_12095,PRESENT_AT,Teacher at,EDCT_293,,,1914,1918,1914-1918,,EDC_1917_113; EDC_1918_145; EDC_1914_37,FALSE,FALSE
EDCPT_12121,PRESENT_AT,Teacher at,EDCT_293,,,1917,1918,1917-1918,,EDC_1917_113; EDC_1918_146,FALSE,FALSE
EDCPT_8730,PRESENT_AT,Teacher at,EDCT_293,,,1917,1918,1917-1918,,EDC_1918_48; EDC_1917_36,FALSE,FALSE
EDCPT_10023,PRESENT_AT,Teacher at,EDCT_298,,,1914,1918,1914-1918,,EDC_1918_80; EDC_1917_61; EDC_1916_68; EDC_1914_20,FALSE,FALSE
EDCPT_9215,PRESENT_AT,Teacher at,EDCT_300,,,1917,1918,1917-1918,,EDC_1918_61 ; EDC_1917_47,FALSE,FALSE
EDCPT_12118,PRESENT_AT,Teacher at,EDCT_301,,,1917,1920,1917-1920,,EDC_1920_165; EDC_1917_113; EDC_1918_146,FALSE,FALSE
EDCPT_8579,PRESENT_AT,Teacher at,EDCT_301,,,1917,1918,1917-1918,,EDC_1918_43; EDC_1917_33,FALSE,FALSE
EDCPT_10578,PRESENT_AT,Teacher at,EDCT_302,,,1914,1920,1914-1920,,EDC_1920_113; EDC_1918_96; EDC_1917_74; EDC_1916_81; EDC_1914_24,FALSE,FALSE
EDCPT_7358,PRESENT_AT,Teacher at,EDCT_311,,,1916,1917,1916-1917,,EDC_1916_09,FALSE,FALSE
EDCPT_10819,PRESENT_AT,Teacher at,EDCT_317,,,1918,1920,1918-1920,,EDC_1920_122; EDC_1918_104,FALSE,FALSE
EDCPT_10163,PRESENT_AT,Teacher at,EDCT_318,,,1920,,1920-,,EDC_1920_99,FALSE,FALSE
EDCPT_11984,PRESENT_AT,Teacher at,EDCT_318,,,1918,1920,1918-1920,,EDC_1920_161; EDC_1918_142,FALSE,FALSE
EDCPT_10254,PRESENT_AT,Teacher at,EDCT_320,,,1916,1917,1916-1917,,EDC_1917_65; EDC_1916_73,FALSE,FALSE
EDCPT_10277,PRESENT_AT,Teacher at,EDCT_320,,,1917,,1917-,,EDC_1917_66,FALSE,FALSE
EDCPT_7981,PRESENT_AT,Teacher at,EDCT_320,,,1916,1920,1916-1920,,EDC_1916_23,FALSE,FALSE
EDCPT_8678,PRESENT_AT,Teacher at,EDCT_320,,,1916,1917,1916-1917,,EDC_1917_35; EDC_1916_39,FALSE,FALSE
EDCPT_10885,PRESENT_AT,Teacher at,EDCT_322,,,1917,1918,1917-1918,,EDC_1917_82; EDC_1918_107,FALSE,FALSE
EDCPT_10305,PRESENT_AT,Teacher at,EDCT_323,,,1920,,1920-,,EDC_1920_103,FALSE,FALSE
EDCPT_8731,PRESENT_AT,Teacher at,EDCT_323,,,1917,1918,1917-1918,,EDC_1918_48; EDC_1917_36,FALSE,FALSE
EDCPT_10612,PRESENT_AT,Teacher at,EDCT_324,,,1916,,1916-,"This person was recorded earlier at the same institution; however, I noticed that the St. Hilda's it refers to in EDC 1916 is the one in Wuchang, not Guangzhou",EDC_1916_82,FALSE,FALSE
EDCPT_11006,PRESENT_AT,Teacher at,EDCT_328,,,1918,1920,1918-1920,,EDC_1920_129; EDC_1918_111,FALSE,FALSE
EDCPT_8014,PRESENT_AT,Teacher at,EDCT_328,,,1916,1918,1916-1918,,EDC_1918_29; EDC_1917_22; EDC_1916_25,FALSE,FALSE
EDCPT_9286,PRESENT_AT,Teacher at,EDCT_328,,,1917,1918,1917-1918,,EDC_1917_49; EDC_1918_63,FALSE,FALSE
EDCPT_9553,PRESENT_AT,Teacher at,EDCT_328,,,1916,1918,1916-1918,,EDC_1918_71; EDC_1916_58,FALSE,FALSE
EDCPT_10961,PRESENT_AT,Teacher at,EDCT_329,,,1917,1918,1917-1918,,EDC_1917_84; EDC_1918_109,FALSE,FALSE
EDCPT_9321,PRESENT_AT,Teacher at,EDCT_329,,,1916,1917,1916-1917,,EDC_1917_49; EDC_1916_54,FALSE,FALSE
EDCPT_8132,PRESENT_AT,Teacher at,EDCT_330,,,1916,1918,1916-1918,,EDC_1918_30; EDC_1917_23; EDC_1916_27,FALSE,FALSE
EDCPT_10139,PRESENT_AT,Teacher at,EDCT_331,,,1914,,1914-,,EDC_1914_21,FALSE,FALSE
EDCPT_10396,PRESENT_AT,Teacher at,EDCT_338,,,1917,1920,1917-1920,,EDC_1920_106; EDC:1918_91; EDC_1917_69,FALSE,FALSE
EDCPT_12082,PRESENT_AT,Teacher at,EDCT_338,,,1917,1918,1917-1918,,EDC_1917_113; EDC_1918_145,FALSE,FALSE
EDCPT_10169,PRESENT_AT,Teacher at,EDCT_339,,,1918,1920,1918-1920,,EDC_1920_99; EDC_1918_85,FALSE,FALSE
EDCPT_8164,PRESENT_AT,Teacher at,EDCT_339,,,1916,1918,1916-1918,,EDC_1918_31; EDC_1917_23; EDC_1916_28,FALSE,FALSE
EDCPT_10869,PRESENT_AT,Teacher at,EDCT_344,,,1918,1920,1918-1920,,EDC_1920_124; EDC_1918_106,FALSE,FALSE
EDCPT_10583,PRESENT_AT,Teacher at,EDCT_346,,,1917,,1917-,,EDC_1917_74,FALSE,FALSE
EDCPT_11807,PRESENT_AT,Teacher at,EDCT_350,,,1917,1920,1917-1920,,EDC_1920_154; EDC_1917_105; EDC_1918_135,FALSE,FALSE
EDCPT_9314,PRESENT_AT,Teacher at,EDCT_351,,,1917,1918,1917-1918,,EDC_1917_49; EDC_1918_63,FALSE,FALSE
EDCPT_10265,PRESENT_AT,Teacher at,EDCT_362,,,1920,,1920-,,EDC_1920_101,FALSE,FALSE
EDCPT_11884,PRESENT_AT,Teacher at,EDCT_363,,,1917,1920,1917-1920,,EDC_1920_157; EDC_1917_108,FALSE,FALSE
EDCPT_10136,PRESENT_AT,Teacher at,EDCT_371,,,1917,1920,1917-1920,,EDC_1920_98; EDC_1918_83; EDC_1917_64,FALSE,FALSE
EDCPT_10922,PRESENT_AT,Teacher at,EDCT_371,,,1917,1918,1917-1918,Teacher of Music,EDC_1918_108;EDC_1917_83,FALSE,FALSE
EDCPT_8712,PRESENT_AT,Teacher at,EDCT_371,,,1917,1918,1917-1918,,EDC_1918_47; EDC_1917_36,FALSE,FALSE
EDCPT_10313,PRESENT_AT,Teacher at,EDCT_379,,,1916,1918,1916-1918,,EDC_1918_88; EDC_1917_67; EDC_1916_75,FALSE,FALSE
EDCPT_10895,PRESENT_AT,Teacher at,EDCT_379,,,1918,1920,1918-1920,,EDC_1920_125; EDC_1918_107,FALSE,FALSE
EDCPT_11037,PRESENT_AT,Teacher at,EDCT_379,,,1917,1920,1917-1920,,EDC_1920_130; EDS_1918_112;EDC_1917_86,FALSE,FALSE
EDCPT_7830,PRESENT_AT,Teacher at,EDCT_379,,,1917,1918,1917-1918,,EDC_1918_22; EDC_1917_17,FALSE,TRUE
EDCPT_7830,PRESENT_AT,Teacher at,EDCT_379,,,1916,1920,1916-1920,,EDC_1916_20,FALSE,TRUE
EDCPT_10326,PRESENT_AT,Teacher at,EDCT_380,,,1917,1920,1917-1920,,EDC_1920_104; EDC_1918_88; EDC_1917_67,FALSE,FALSE
EDCPT_11199,PRESENT_AT,Teacher at,EDCT_380,,,1917,1920,1917-1920,,EDC_1920_135;EDC_1917_90,FALSE,FALSE
EDCPT_10721,PRESENT_AT,Teacher at,EDCT_382,,,1917,1920,1917-1920,,EDC_1920_119; EDC_1917_78,FALSE,FALSE
EDCPT_10757,PRESENT_AT,Teacher at,EDCT_385,,,1917,1920,1917-1920,,EDC_1920_120; EDC_1917_79,FALSE,FALSE
EDCPT_10404,PRESENT_AT,Teacher at,EDCT_390,,,1918,,1918-,,EDC_1918_91,FALSE,FALSE
EDCPT_10592,PRESENT_AT,Teacher at,EDCT_392,,,1920,,1920-,,EDC_1920_113,FALSE,FALSE
EDCPT_9414,PRESENT_AT,Teacher at,EDCT_392,,,1917,1918,1917-1918,,EDC_1917_52; EDC_1918_67,FALSE,FALSE
EDCPT_9464,PRESENT_AT,Teacher at,EDCT_392,,,1917,1918,1917-1918,,EDC_1917_53; EDC_1918_68,FALSE,FALSE
EDCPT_10217,PRESENT_AT,Teacher at,EDCT_394,,,1920,,1920-,,EDC_1920_100,FALSE,FALSE
EDCPT_10218,PRESENT_AT,Teacher at,EDCT_394,,,1916,1920,1916-1920,,EDC_1920_100; EDC_1916_72,FALSE,FALSE
EDCPT_9330,PRESENT_AT,Teacher at,EDCT_394,,,1916,1917,1916-1917,,EDC_1917_50; EDC_1916_54,FALSE,FALSE
EDCPT_10299,PRESENT_AT,Teacher at,EDCT_404,,,1918,1920,1918-1920,,EDC_1920_103; EDC_1918_88,FALSE,FALSE
EDCPT_12042,PRESENT_AT,Teacher at,EDCT_414,,,1917,1918,1917-1918,,EDC_1917_112; EDC_1918_144,FALSE,FALSE
EDCPT_10567,PRESENT_AT,Teacher at,EDCT_419,,,1920,,1920-,,EDC_1920_113,FALSE,FALSE
EDCPT_12018,PRESENT_AT,Teacher at,EDCT_423,,,1917,1920,1917-1920,,EDC_1920_162; EDC_1917_111; EDC_1918_143,FALSE,FALSE
EDCPT_10324,PRESENT_AT,Teacher at,EDCT_424,,,1918,1920,1918-1920,,EDC_1920_104; EDC_1918_88,FALSE,FALSE
EDCPT_10231,PRESENT_AT,Teacher at,EDCT_425,,,1920,,1920-,,EDC_1920_101,TRUE,TRUE
EDCPT_10938,PRESENT_AT,Teacher at,EDCT_425,,,1917,1920,1917-1920,,EDC_1920_126;EDC_1917_83,FALSE,FALSE
EDCPT_10735,PRESENT_AT,Teacher at,EDCT_429,,,1918,1920,1918-1920,,EDC_1920_119; EDC_1918_102,FALSE,FALSE
EDCPT_8380,PRESENT_AT,Teacher at,EDCT_429,,,1916,1920,1916-1920,,EDC_1916_32,FALSE,TRUE
EDCPT_10285,PRESENT_AT,Teacher at,EDCT_435,,,1917,,1917-,,EDC_1917_66,FALSE,FALSE
EDCPT_10292,PRESENT_AT,Teacher at,EDCT_435,,,1916,,1916-,,EDC_1916_74,FALSE,FALSE
EDCPT_8325,PRESENT_AT,Teacher at,EDCT_444,,,1917,1918,1917-1918,,EDC_1918_36; EDC_1917_27,FALSE,FALSE
EDCPT_10181,PRESENT_AT,Teacher at,EDCT_447,,,1920,,1920-,,EDC_1920_100,FALSE,FALSE
EDCPT_10323,PRESENT_AT,Teacher at,EDCT_447,,,1920,,1920-,,EDC_1920_104,FALSE,FALSE
EDCPT_10364,PRESENT_AT,Teacher at,EDCT_447,,,1920,,1920-,,EDC_1920_105,FALSE,FALSE
EDCPT_7610,PRESENT_AT,Teacher at,EDCT_448,,,1917,1918,1917-1918,,EDC_1918_18; EDC_1917_14,FALSE,FALSE
EDCPT_7618,PRESENT_AT,Teacher at,EDCT_448,,,1917,1918,1917-1918,,EDC_1918_18; EDC_1917_14,FALSE,FALSE
EDCPT_8313,PRESENT_AT,Teacher at,EDCT_452,,,1918,1920,1918-1920,,EDC_1918_36,FALSE,FALSE
EDCPT_11809,PRESENT_AT,Teacher at,EDCT_453,,,1917,1918,1917-1918,,EDC_1917_105; EDC_1918_135,FALSE,FALSE
EDCPT_7264,PRESENT_AT,Teacher at,EDCT_460,,,1917,1918,1917-1918,,EDC_1918_8; EDC_1917_6; EDC_1918_128;EDC_1917_99,FALSE,FALSE
EDCPT_10796,PRESENT_AT,Teacher at,EDCT_461,,,1918,1920,1918-1920,,EDC_1920_121; EDC_1918_104,FALSE,FALSE
EDCPT_9671,PRESENT_AT,Teacher at,EDCT_464,,,1917,1918,1917-1918,,EDC_1918_73; EDC_1917_57,FALSE,FALSE
EDCPT_9159,PRESENT_AT,Teacher at,EDCT_468,,,1917,1918,1917-1918,,EDC_1918_59 ; EDC_1917_45,FALSE,FALSE
EDCPT_10191,PRESENT_AT,Teacher at,EDCT_470,,,1920,,1920-,,EDC_1920_100,FALSE,FALSE
EDCPT_10192,PRESENT_AT,Teacher at,EDCT_470,,,1920,,1920-,,EDC_1920_100,FALSE,FALSE
EDCPT_10412,PRESENT_AT,Teacher at,EDCT_474,,,1918,,1918-,,EDC_1918_91,FALSE,FALSE
EDCPT_10358,PRESENT_AT,Teacher at,EDCT_475,,,1920,,1920-,,EDC_1920_105,FALSE,FALSE
EDCPT_10359,PRESENT_AT,Teacher at,EDCT_475,,,1920,,1920-,,EDC_1920_105,FALSE,FALSE
EDCPT_8916,PRESENT_AT,Teacher at,EDCT_475,,,1917,1918,1917-1918,,EDC_1917_41; EDC_1918_53,FALSE,FALSE
EDCPT_12149,PRESENT_AT,Teacher at,EDCT_480,,,1917,1918,1917-1918,,EDC_1917_114; EDC_1918_147,FALSE,FALSE
EDCPT_9140,PRESENT_AT,Teacher at,EDCT_482,,,1916,1918,1916-1918,,EDC_1918_59; EDC_1916_49,FALSE,FALSE
EDCPT_10617,PRESENT_AT,Teacher at,EDCT_484,,,1920,,1920-,,EDC_1920_114,FALSE,FALSE
EDCPT_10661,PRESENT_AT,Teacher at,EDCT_486,,,1917,1918,1917-1918,,EDC_1918_99; EDC_1917_76,FALSE,FALSE
EDCPT_10756,PRESENT_AT,Teacher at,EDCT_490,,,1917,1920,1917-1920,,EDC_1920_120; EDC_1918_103; EDC_1917_79,FALSE,FALSE
EDCPT_10111,PRESENT_AT,Teacher at,EDCT_493,,,1916,1918,1916-1918,,EDC_1918_83; EDC_1917_63; EDC_1916_71,FALSE,FALSE
EDCPT_10718,PRESENT_AT,Teacher at,EDCT_493,,,1917,1920,1917-1920,,EDC_1920_119; EDC_1918_101; EDC_1917_78,FALSE,FALSE
EDCPT_8224,PRESENT_AT,Teacher at,EDCT_495,,,1916,1917,1916-1917,,EDC_1917_25; EDC_1916_29,FALSE,FALSE
EDCPT_11669,PRESENT_AT,Teacher at,EDCT_498,,,1917,1918,1917-1918,,EDC_1917_101; EDC_1918_131,FALSE,FALSE
EDCPT_8117,PRESENT_AT,Teacher at,EDCT_518,,,1917,1918,1917-1918,,EDC_1918_30; EDC_1917_23,FALSE,FALSE
EDCPT_8197,PRESENT_AT,Teacher at,EDCT_519,,,1917,1918,1917-1918,,EDC_1918_32; EDC_1917_24,FALSE,FALSE
EDCPT_8908,PRESENT_AT,Teacher at,EDCT_523,,,1916,1918,1916-1918,,EDC_1917_41; EDC_1918_53; EDC_1916_45,FALSE,FALSE
EDCPT_9226,PRESENT_AT,Teacher at,EDCT_529,,,1917,1918,1917-1918,,EDC_1918_61 ; EDC_1917_47,FALSE,FALSE
EDCPT_10261,PRESENT_AT,Teacher at,EDCT_531,,,1917,1918,1917-1918,,EDC_1918_87; EDC_1917_66,FALSE,FALSE
EDCPT_10610,PRESENT_AT,Teacher at,EDCT_531,,,1916,,1916-,,EDC_1916_82,FALSE,FALSE
EDCPT_10822,PRESENT_AT,Teacher at,EDCT_531,,,1917,1918,1917-1918,,EDC_1917_80; EDC_1918_105,FALSE,FALSE
EDCPT_12202,PRESENT_AT,Teacher at,EDCT_531,,,1914,1918,1914-1918,,EDC_1917_115; EDC_1918_148; EDC_1914_37,FALSE,FALSE
EDCPT_9460,PRESENT_AT,Teacher at,EDCT_531,,,1916,1918,1916-1918,,EDC_1917_53; EDC_1918_68; EDC_1916_56,FALSE,FALSE
EDCPT_12039,PRESENT_AT,Teacher at,EDCT_535,,,1917,1918,1917-1918,,EDC_1917_112; EDC_1918_144,FALSE,FALSE
EDCPT_8821,PRESENT_AT,Teacher at,EDCT_535,,,1917,1918,1917-1918,,EDC_1918_50; EDC_1917_39,FALSE,FALSE
EDCPT_10854,PRESENT_AT,Teacher at,EDCT_536,,,1917,1918,1917-1918,,EDC_1917_81; EDC_1918_106,FALSE,FALSE
EDCPT_8853,PRESENT_AT,Teacher at,EDCT_537,,,1917,1918,1917-1918,,EDC_1918_51; EDC_1917_39,FALSE,FALSE
EDCPT_12038,PRESENT_AT,Teacher at,EDCT_539,,,1917,1918,1917-1918,,EDC_1917_112; EDC_1918_144,FALSE,FALSE
EDCPT_12260,PRESENT_AT,Teacher at,EDCT_540,,,1916,1918,1916-1918,,EDC_1918_56 ; EDC_1917_43; EDC_1916_47,FALSE,FALSE
EDCPT_12019,PRESENT_AT,Teacher at,EDCT_541,,,1917,1918,1917-1918,,EDC_1917_112; EDC_1918_143,FALSE,FALSE
EDCPT_9039,PRESENT_AT,Teacher at,EDCT_541,,,1917,1918,1917-1918,,EDC_1918_56 ; EDC_1917_43,FALSE,FALSE
EDCPT_9775,PRESENT_AT,Teacher at,EDCT_542,,,1916,1918,1916-1918,,EDC_1918_75; EDC_1917_58,FALSE,FALSE
EDCPT_11903,PRESENT_AT,Teacher at,EDCT_549,,,1917,1918,1917-1918,,EDC_1917_108; EDC_1918_139,FALSE,FALSE
EDCPT_9400,PRESENT_AT,Teacher at,EDCT_549,,,1916,1918,1916-1918,,EDC_1918_66; EDC_1917_51; EDC_1916_55,FALSE,FALSE
EDCPT_10586,PRESENT_AT,Teacher at,EDCT_551,,,1916,,1916-,,EDC_1916_81,FALSE,FALSE
EDCPT_10738,PRESENT_AT,Teacher at,EDCT_552,,,1917,1918,1917-1918,,EDC_1918_102; EDC_1917_78,FALSE,FALSE
EDCPT_9098,PRESENT_AT,Teacher at,EDCT_552,,,1917,1918,1917-1918,,EDC_1918_58 ;EDC_1917_44,FALSE,FALSE
EDCPT_8203,PRESENT_AT,Teacher at,EDCT_553,,,1916,1917,1916-1917,,EDC_1917_24; EDC_1916_29,FALSE,FALSE
EDCPT_10044,PRESENT_AT,Teacher at,EDCT_557,,,1916,1918,1916-1918,,EDC_1918_81; EDC_1917_61; EDC_1916_69,FALSE,FALSE
EDCPT_10691,PRESENT_AT,Teacher at,EDCT_557,,,1917,1918,1917-1918,,EDC_1918_100; EDC_1917_77,FALSE,FALSE
EDCPT_10882,PRESENT_AT,Teacher at,EDCT_557,,,1917,1918,1917-1918,,EDC_1917_82; EDC_1918_107,FALSE,FALSE
EDCPT_12184,PRESENT_AT,Teacher at,EDCT_557,,,1917,1918,1917-1918,,EDC_1917_115; EDC_1918_148,FALSE,FALSE
EDCPT_12188,PRESENT_AT,Teacher at,EDCT_557,,,1917,1918,1917-1918,,EDC_1917_115; EDC_1918_148,FALSE,FALSE
EDCPT_8452,PRESENT_AT,Teacher at,EDCT_557,,,1918,1920,1918-1920,,EDC_1918_39,FALSE,FALSE
EDCPT_9924,PRESENT_AT,Teacher at,EDCT_557,,,1916,1918,1916-1918,,EDC_1918_78; EDC_1917_60; EDC_1916_66,FALSE,FALSE
EDCPT_8369,PRESENT_AT,Teacher at,EDCT_560,,,1916,1917,1916-1917,,EDC_1916_32,FALSE,TRUE
EDCPT_8789,PRESENT_AT,Teacher at,EDCT_560,,,1916,1917,1916-1917,,EDC_1917_38; EDC_1916_43,FALSE,FALSE
EDCPT_10073,PRESENT_AT,Teacher at,EDCT_565,,,1916,1918,1916-1918,,EDC_1918_82; EDC_1917_62; EDC_1916_70,FALSE,FALSE
EDCPT_9111,PRESENT_AT,Teacher at,EDCT_565,,,1916,1918,1916-1918,,EDC_1918_58; EDC_1916_49,FALSE,FALSE
EDCPT_10467,PRESENT_AT,Teacher at,EDCT_567,,,1918,,1918-,,EDC_1918_93,FALSE,FALSE
EDCPT_9392,PRESENT_AT,Teacher at,EDCT_567,,,1917,1918,1917-1918,,EDC_1918_66; EDC_1917_51,FALSE,FALSE
EDCPT_10441,PRESENT_AT,Teacher at,EDCT_568,,,1917,,1917-,,EDC_1917_70,FALSE,FALSE
EDCPT_10449,PRESENT_AT,Teacher at,EDCT_570,,,1917,1918,1917-1918,,EDC_1918_92; EDC_1917_71,FALSE,FALSE
EDCPT_10526,PRESENT_AT,Teacher at,EDCT_570,,,1916,,1916-,Worked at different job in other EDCs,EDC_1916_80,FALSE,FALSE
EDCPT_12064,PRESENT_AT,Teacher at,EDCT_570,,,1917,1918,1917-1918,,EDC_1917_113; EDC_1918_144,FALSE,FALSE
EDCPT_7517,PRESENT_AT,Teacher at,EDCT_570,,,1916,1920,1916-1920,,EDC_1916_13,FALSE,FALSE
EDCPT_9152,PRESENT_AT,Teacher at,EDCT_571,,,1917,1918,1917-1918,,EDC_1918_59 ; EDC_1917_45,FALSE,FALSE
EDCPT_10234,PRESENT_AT,Teacher at,EDCT_572,,,1917,1918,1917-1918,,EDC_1918_86; EDC_1917_65,FALSE,FALSE
EDCPT_9168,PRESENT_AT,Teacher at,EDCT_572,,,1917,1918,1917-1918,,EDC_1918_61 ; EDC_1917_46,FALSE,FALSE
EDCPT_10026,PRESENT_AT,Teacher at,EDCT_573,,,1916,1918,1916-1918,,EDC_1918_80; EDC_1916_68,FALSE,FALSE
EDCPT_10194,PRESENT_AT,Teacher at,EDCT_574,,,1917,,1917-,,EDC_1917_65,FALSE,FALSE
EDCPT_10531,PRESENT_AT,Teacher at,EDCT_579,,,1917,1918,1917-1918,,EDC_1918_95; EDC_1917_73,FALSE,FALSE
EDCPT_10568,PRESENT_AT,Teacher at,EDCT_579,,,1916,,1916-,,EDC_1916_81,FALSE,FALSE
EDCPT_7578,PRESENT_AT,Teacher at,EDCT_579,,,1916,1920,1916-1920,,EDC_1916_14,FALSE,FALSE
EDCPT_8019,PRESENT_AT,Teacher at,EDCT_581,,,1916,1917,1916-1917,,EDC_1916_24,TRUE,TRUE
EDCPT_11999,PRESENT_AT,Teacher at,EDCT_586,,,1917,1918,1917-1918,,EDC_1917_111; EDC_1918_142,FALSE,FALSE
EDCPT_12148,PRESENT_AT,Teacher at,EDCT_588,,,1917,1918,1917-1918,,EDC_1917_114; EDC_1918_147,FALSE,FALSE
EDCPT_10595,PRESENT_AT,Teacher at,EDCT_592,,,1916,1918,1916-1918,,EDC_1918_97; EDC_1917_74; EDC_1916_82,FALSE,FALSE
EDCPT_9360,PRESENT_AT,Teacher at,EDCT_600,,,1917,1918,1917-1918,,EDC_1917_50; EDC_1918_65,FALSE,FALSE
EDCPT_12065,PRESENT_AT,Teacher at,EDCT_601,,,1917,1918,1917-1918,,EDC_1917_113; EDC_1918_144,FALSE,FALSE
EDCPT_8000,PRESENT_AT,Teacher at,EDCT_603,,,1916,1917,1916-1917,,EDC_1916_24,FALSE,TRUE
EDCPT_10432,PRESENT_AT,Teacher at,EDCT_606,,,1917,,1917-,,EDC_1917_70,FALSE,FALSE
EDCPT_10496,PRESENT_AT,Teacher at,EDCT_606,,,1917,,1917-,,EDC_1917_72,FALSE,FALSE
EDCPT_9373,PRESENT_AT,Teacher at,EDCT_606,,,1916,1917,1916-1917,,EDC_1917_51; EDC_1916_54,FALSE,FALSE
EDCPT_10978,PRESENT_AT,Teacher at,EDCT_610,,,1917,1918,1917-1918,,EDC_1917_84; EDC_1918_110,FALSE,FALSE
EDCPT_10085,PRESENT_AT,Teacher at,EDCT_611,,,1917,,1917-,,EDC_1917_62,FALSE,FALSE
EDCPT_11633,PRESENT_AT,Teacher at,EDCT_616,,,1917,1918,1917-1918,,EDC_1917_100; EDC_1918_129,FALSE,FALSE
EDCPT_10052,PRESENT_AT,Teacher at,EDCT_636,,,1914,,1914-,,EDC_1914_20,FALSE,FALSE
EDCPT_10356,PRESENT_AT,Teacher at,EDCT_653,,,1917,,1917-,,EDC_1917_68,FALSE,FALSE
EDCPT_10315,PRESENT_AT,Teacher at,EDCT_680,,,1917,,1917-,,EDC_1917_67,FALSE,FALSE
EDCPT_8709,PRESENT_AT,Teacher at,EDCT_697,,,1916,1917,1916-1917,"says 6 years experience in schools; assistant teacher, ching chong school",EDC_1917_36; EDC_1916_40,FALSE,FALSE
EDCPT_10083,PRESENT_AT,Teacher at,EDCT_756,,,1914,,1914-,,EDC_1914_20,FALSE,FALSE
EDCPT_10050,PRESENT_AT,Teacher at,EDCT_768,,,1914,,1914-,,EDC_1914_20,FALSE,FALSE
EDCPT_10962,PRESENT_AT,Teacher at,EDCT_781,,,1917,1918,1917-1918,,EDC_1917_84; EDC_1918_109,FALSE,FALSE
EDCPT_10978,PRESENT_AT,Teacher at,EDCT_781,,,1917,1918,1917-1918,,EDC_1917_84; EDC_1918_110,FALSE,FALSE
EDCPT_11715,PRESENT_AT,Teacher at,EDCT_781,,,1917,1918,1917-1918,,EDC_1917_102; EDC_1918_132,FALSE,FALSE
EDCPT_10427,PRESENT_AT,Teacher at,EDCT_788,,,1917,,1917-,,EDC_1917_70,FALSE,FALSE
EDCPT_11352,PRESENT_AT,Teacher at,EDCT_788,,,1914,1916,1914-1916,,EDC_1914_31; EDC_1916_101,FALSE,FALSE
EDCPT_10282,PRESENT_AT,Teacher at,EDCT_832,,,1914,,1914-,,EDC_1914_22,FALSE,FALSE
EDCPT_7819,PRESENT_AT,Teacher at,EDCT_842,,,1916,1918,1916-1918,,EDC_1916_19,FALSE,FALSE
EDCPT_7860,PRESENT_AT,Teacher at,EDCT_842,,,1916,1918,1916-1918,,EDC_1916_20,FALSE,FALSE
EDCPT_10550,PRESENT_AT,Teacher at,EDCT_874,,,1916,,1916-,,EDC_1916_81,FALSE,FALSE
EDCPT_10133,PRESENT_AT,Teacher at,EDCT_916,,,1916,1917,1916-1917,,EDC_1917_63; EDC_1916_71,FALSE,FALSE
EDCPT_10423,PRESENT_AT,Teacher at,EDCT_920,,,1916,,1916-,,EDC_1916_78,FALSE,FALSE
EDCPT_10216,PRESENT_AT,Teacher at,EDCT_924,,,1914,,1914-,,EDC_1914_21,FALSE,FALSE
EDCPT_10575,PRESENT_AT,Teacher at,EDCT_927,,,1914,,1914-,,EDC_1914_24,FALSE,FALSE
EDCPT_10390,PRESENT_AT,Teacher at,EDCT_942,,,1917,,1917-,,EDC_1917_69,FALSE,FALSE
EDCPT_8530,PRESENT_AT,Teacher at,EDCT_942,,,1916,,1916-,,EDC_1916_37,FALSE,FALSE
EDCPT_9944,PRESENT_AT,Teacher at,EDCT_942,,,1916,1917,1916-1917,,EDC_1917_60; EDC_1916_66,FALSE,FALSE
EDCPT_10295,PRESENT_AT,Teacher at,EDCT_951,,,1914,,1914-,,EDC_1914_22,FALSE,FALSE
EDCPT_9804,PRESENT_AT,Teacher at,EDCT_962,,,1917,1918,1917-1918,,EDC_1918_76; EDC_1917_58,FALSE,FALSE
EDCPT_9885,PRESENT_AT,Teacher at,EDCT_962,,,1917,1918,1917-1918,,EDC_1918_77; EDC_1917_59,FALSE,FALSE
EDCPT_10090,PRESENT_AT,Teacher in,EDCT_006,,,1916,,1916-,,EDC_1916_70,FALSE,FALSE
EDCPT_11374,PRESENT_AT,Teacher in,EDCT_025,,,1917,1918,1917-1918,,EDC_1918_121;EDC_1917_93,FALSE,FALSE
EDCPT_10504,PRESENT_AT,Teacher in,EDCT_026,,,1916,,1916-,,EDC_1916_80,FALSE,FALSE
EDCPT_8247,PRESENT_AT,Teacher in,EDCT_047,,,1918,1920,1918-1920,,EDC_1918_34,FALSE,FALSE
EDCPT_11590,PRESENT_AT,Teacher in,EDCT_052,,,1917,1918,1917-1918,,EDC_1918_128;EDC_1917_99,FALSE,FALSE
EDCPT_10478,PRESENT_AT,Teacher in,EDCT_060,,,1916,,1916-,,EDC_1916_79,FALSE,FALSE
EDCPT_11313,PRESENT_AT,Teacher in,EDCT_061,,,1916,1918,1916-1918,Teacher of English,EDC_1918_119; EDC_1917_92; EDC_1916_100,FALSE,FALSE
EDCPT_10003,PRESENT_AT,Teacher in,EDCT_067,,,1916,,1916-,,EDC_1916_68,FALSE,FALSE
EDCPT_10069,PRESENT_AT,Teacher in,EDCT_085,,,1916,,1916-,,EDC_1916_69,FALSE,FALSE
EDCPT_11531,PRESENT_AT,Teacher in,EDCT_085,,,1917,1918,1917-1918,,EDC_1918_126;EDC_1917_97,FALSE,FALSE
EDCPT_11557,PRESENT_AT,Teacher in,EDCT_085,,,1917,1918,1917-1918,,EDC_1918_127;EDC_1917_98,FALSE,FALSE
EDCPT_10010,PRESENT_AT,Teacher in,EDCT_095,,,1916,,1916-,,EDC_1916_68,FALSE,FALSE
EDCPT_10481,PRESENT_AT,Teacher in,EDCT_132,,,1916,,1916-,,EDC_1916_79,FALSE,FALSE
EDCPT_11355,PRESENT_AT,Teacher in,EDCT_139,,,1917,1918,1917-1918,,EDC_1918_120;EDC_1917_92,FALSE,FALSE
EDCPT_11542,PRESENT_AT,Teacher in,EDCT_153,,,1917,1918,1917-1918,,EDC_1918_126;EDC_1917_97,FALSE,FALSE
EDCPT_9877,PRESENT_AT,Teacher in,EDCT_179,,,1916,1920,1916-1920,,EDC_1920_90; EDC_1916_65,FALSE,FALSE
EDCPT_11219,PRESENT_AT,Teacher in,EDCT_180,,,1917,1918,1917-1918,,EDC_1918_118;EDC_1917_90,FALSE,FALSE
EDCPT_11514,PRESENT_AT,Teacher in,EDCT_189,,,1917,1918,1917-1918,,EDC_1918_125;EDC_1917_96,FALSE,FALSE
EDCPT_11531,PRESENT_AT,Teacher in,EDCT_199,,,1917,1918,1917-1918,,EDC_1918_126;EDC_1917_97,FALSE,FALSE
EDCPT_11438,PRESENT_AT,Teacher in,EDCT_204,,,1917,1918,1917-1918,,EDC_1918_123;EDC_1917_95,FALSE,FALSE
EDCPT_10466,PRESENT_AT,Teacher in,EDCT_250,,,1916,,1916-,,EDC_1916_79,FALSE,FALSE
EDCPT_12256,PRESENT_AT,Teacher in,EDCT_271,,,1914,1916,1914-1916,,EDC_1916_74; EDC_1914_22,FALSE,FALSE
EDCPT_9806,PRESENT_AT,Teacher in,EDCT_279,,,1916,1918,1916-1918,,EDC_1918_76; EDC_1917_58; EDC_1916_63,FALSE,FALSE
EDCPT_11459,PRESENT_AT,Teacher in,EDCT_286,,,1917,1918,1917-1918,,EDC_1918_123;EDC_1917_95,FALSE,FALSE
EDCPT_11574,PRESENT_AT,Teacher in,EDCT_291,,,1917,1918,1917-1918,,EDC_1918_127;EDC_1917_98,FALSE,FALSE
EDCPT_11384,PRESENT_AT,Teacher in,EDCT_293,,,1917,1918,1917-1918,,EDC_1918_121;EDC_1917_93,FALSE,FALSE
EDCPT_12256,PRESENT_AT,Teacher in,EDCT_320,,,1914,1916,1914-1916,,EDC_1916_72; EDC_1914_21,FALSE,FALSE
EDCPT_11458,PRESENT_AT,Teacher in,EDCT_322,,,1917,1918,1917-1918,,EDC_1918_123;EDC_1917_95,FALSE,FALSE
EDCPT_10222,PRESENT_AT,Teacher in,EDCT_329,,,1916,,1916-,,EDC_1916_72,FALSE,FALSE
EDCPT_10440,PRESENT_AT,Teacher in,EDCT_392,,,1916,,1916-,,EDC_1916_78,FALSE,FALSE
EDCPT_10074,PRESENT_AT,Teacher in,EDCT_394,,,1916,,1916-,,EDC_1916_70,FALSE,FALSE
EDCPT_10047,PRESENT_AT,Teacher in,EDCT_401,,,1916,,1916-,,EDC_1916_69,FALSE,FALSE
EDCPT_11571,PRESENT_AT,Teacher in,EDCT_414,,,1917,1918,1917-1918,Teacher of English,EDC_1918_127;EDC_1917_98,FALSE,FALSE
EDCPT_11520,PRESENT_AT,Teacher in,EDCT_423,,,1917,1918,1917-1918,,EDC_1918_125;EDC_1917_96,FALSE,FALSE
EDCPT_11639,PRESENT_AT,Teacher in,EDCT_439,,,1914,1918,1914-1918,,EDC_1918_130; EDC_1914_33,FALSE,FALSE
EDCPT_10279,PRESENT_AT,Teacher in,EDCT_444,,,1916,,1916-,,EDC_1916_74,FALSE,FALSE
EDCPT_10280,PRESENT_AT,Teacher in,EDCT_444,,,1916,,1916-,,EDC_1916_74,FALSE,FALSE
EDCPT_10389,PRESENT_AT,Teacher in,EDCT_444,,,1916,,1916-,,EDC_1916_77,FALSE,FALSE
EDCPT_11589,PRESENT_AT,Teacher in,EDCT_446,,,1917,1920,1917-1920,,EDC_1920_147; EDC_1918_128;EDC_1917_99,FALSE,FALSE
EDCPT_11763,PRESENT_AT,Teacher in,EDCT_504,,,1914,1918,1914-1918,"Teacher of New Testament Exegesis, Sunday School Pedagogy, etc.",EDC_1918_133; EDC_1914_34,FALSE,FALSE
EDCPT_11607,PRESENT_AT,Teacher in,EDCT_507,,,1917,1918,1917-1918,,EDC_1918_128;EDC_1917_99,FALSE,FALSE
EDCPT_11580,PRESENT_AT,Teacher in,EDCT_531,,,1917,1918,1917-1918,,EDC_1918_127;EDC_1917_98,FALSE,FALSE
EDCPT_10238,PRESENT_AT,Teacher in,EDCT_539,,,1916,,1916-,,EDC_1916_73,FALSE,FALSE
EDCPT_10408,PRESENT_AT,Teacher in,EDCT_549,,,1916,,1916-,,EDC_1916_78,FALSE,FALSE
EDCPT_11447,PRESENT_AT,Teacher in,EDCT_557,,,1917,1918,1917-1918,,EDC_1918_123;EDC_1917_95,FALSE,FALSE
EDCPT_11528,PRESENT_AT,Teacher in,EDCT_557,,,1917,1918,1917-1918,,EDC_1918_125;EDC_1917_97,FALSE,FALSE
EDCPT_10235,PRESENT_AT,Teacher in,EDCT_572,,,1916,,1916-,,EDC_1916_73,FALSE,FALSE
EDCPT_11611,PRESENT_AT,Teacher in,EDCT_572,,,1917,1918,1917-1918,,EDC_1918_129;EDC_1917_99,FALSE,FALSE
EDCPT_10384,PRESENT_AT,Teacher in,EDCT_579,,,1916,,1916-,,EDC_1916_77,FALSE,FALSE
EDCPT_11477,PRESENT_AT,Teacher in,EDCT_675,,,1917,1918,1917-1918,,EDC_1918_124;EDC_1917_96,FALSE,FALSE
EDCPT_12115,PRESENT_AT,Teacher in,EDCT_798,,,1914,1918,1914-1918,,EDC_1918_146; EDC-1914_37,FALSE,FALSE
EDCPT_10233,PRESENT_AT,Teacher in,EDCT_825,,,1916,,1916-,,EDC_1916_73,FALSE,FALSE
EDCPT_11885,PRESENT_AT,Teacher in,EDCT_835,,,1914,1918,1914-1918,,EDC_1918_138; EDC_1914_36,FALSE,FALSE
EDCPT_11471,PRESENT_AT,Teacher in,EDCT_953,,,1917,1918,1917-1918,,EDC_1918_123;EDC_1917_95,FALSE,FALSE
EDCPT_12127,PRESENT_AT,Teachet at,EDCT_040,,,1917,1918,1917-1918,,EDC_1917_114; EDC_1918_146,FALSE,FALSE
EDCPT_8604,PRESENT_AT,Teaching at,EDCT_541,,,1917,1918,1917-1918,,EDC_1918_44; EDC_1917_33,FALSE,FALSE
EDCPT_10337,PRESENT_AT,Temporary Principal at,EDCT_291,,,1917,1918,1917-1918,,EDC_1918_89; EDC_1917_68,FALSE,FALSE
EDCPT_7199,PRESENT_AT,Teucher at,EDCT_006,,,1917,1918,1917-1918,,EDC_1918_6; EDC_1917_5,FALSE,FALSE
EDCPT_11638,PRESENT_AT,Treasurer and Instructor at,EDCT_085,,,1914,1920,1914-1920,,EDC_1920_149; EDC_1917_100; EDC_1918_129; EDC_1914_33,FALSE,FALSE
EDCPT_7626,PRESENT_AT,Treasurer at,EDCT_053,,,1916,1920,1916-1920,,EDC_1916_16,FALSE,FALSE
EDCPT_12255,PRESENT_AT,Treasurer at,EDCT_320,,,1914,1916,1914-1916,,EDC_1916_72; EDC_1914_21,FALSE,FALSE
EDCPT_10588,PRESENT_AT,Tutor at,EDCT_147,,,1914,1920,1914-1920,,EDC_1920_113; EDC_1918_97; EDC_1914_24,FALSE,FALSE
EDCPT_10559,PRESENT_AT,Tutor at,EDCT_198,,,1917,,1917-,,EDC_1917_73,FALSE,FALSE
EDCPT_10373,PRESENT_AT,Tutor at,EDCT_638,,,1916,1917,1916-1917,,EDC_1917_69; EDC_1916_77,FALSE,FALSE
EDCPT_10590,PRESENT_AT,Tutor at,EDCT_638,,,1914,1917,1914-1917,,EDC_1917_74; EDC_1916_82; EDC_1914_24,FALSE,FALSE
EDCPT_8309,PRESENT_AT,Tutor at,EDCT_924,,,1916,1917,1916-1917,,EDC_1917_26; EDC_1916_31,FALSE,FALSE
EDCPT_11841,PRESENT_AT,Vice President and Professor at,EDCT_061,,,1917,1920,1917-1920,,EDC_1920_156; EDC_1917_106; EDC_1918_137,FALSE,FALSE
EDCPT_10888,PRESENT_AT,Vice president at,EDCT_048,,,1917,1918,1917-1918,,EDC_1917_82; EDC_1918_107,FALSE,FALSE
EDCPT_10889,PRESENT_AT,Vice president at,EDCT_048,,,1917,1918,1917-1918,,EDC_1917_82; EDC_1918_107,FALSE,FALSE
EDCPT_11974,PRESENT_AT,Vice President at,EDCT_089,,,1918,1920,1918-1920,,EDC_1920_160; EDC_1918_142,FALSE,FALSE
EDCPT_8271,PRESENT_AT,Vice-Chancellor and Principal at,EDCT_053,,,1916,1918,1916-1918,,EDC_1918_34; EDC_1917_26; EDC_1916_30,FALSE,FALSE
EDCPT_8273,PRESENT_AT,Vice-President and Dean at,EDCT_238,,,1916,1920,1916-1920,,EDC_1918_35; EDC_1917_26; EDC_1916_30,FALSE,FALSE
EDCPT_11134,PRESENT_AT,Vice-President and Professor at,EDCT_075,,,1914,1918,1914-1918,Professor of Psychology and Philosophy,EDC_1918_115; EDC_1914_29,FALSE,TRUE
EDCPT_10391,PRESENT_AT,Vice-president and Professor at,EDCT_094,,,1917,1920,1917-1920,,EDC_1920_106; EDC:1918_91; EDC_1917_69,FALSE,FALSE
EDCPT_11002,PRESENT_AT,Vice-President at,EDCT_312,,,1917,1918,1917-1918,,EDC_1917_85; EDC_1918_111,FALSE,FALSE
EDCPT_12157,PRESENT_AT,Vice-President at,EDCT_312,,,1917,1920,1917-1920,,EDC_1920_166; EDC_1917_114; EDC_1918_147,FALSE,FALSE
EDCPT_11414,PRESENT_AT,Vice-President of,EDCT_581,,,1917,1918,1917-1918,,EDC_1918_122;EDC_1917_94,FALSE,FALSE
EDCPT_10438,PRESENT_AT,Vice-Principal at,EDCT_059,,,1917,1920,1917-1920,,EDC_1920_108; EDC_1918_92; EDC_1917_70,FALSE,FALSE
EDCPT_11265,PRESENT_AT,Vice-principal at,EDCT_128,,,1918,1920,1918-1920,,EDC_1920_137; EDC_1918_118;EDC_1917_91,FALSE,FALSE
EDCPT_9453,PRESENT_AT,Vice-Principal at,EDCT_372,,,1916,1918,1916-1918,,EDC_1917_53; EDC_1918_68; EDC_1916_56,FALSE,FALSE
EDCPT_10791,PRESENT_AT,Vice-Principal at,EDCT_459,,,1914,1917,1914-1917,,EDC_1917_79; EDC_1914_26,FALSE,FALSE
EDCPT_10332,PRESENT_AT,Vice-Principal at,EDCT_808,,,1917,,1917-,,EDC_1917_67,FALSE,FALSE
EDCPT_11190,PRESENT_AT,Vice-Principal of,EDCT_122,,,1917,1918,1917-1918,,EDC_1918_117;EDC_1917_90,FALSE,FALSE
EDCPT_10366,PRESENT_AT,Vice-Principal of,EDCT_642,,,1916,,1916-,,EDC_1916_76,FALSE,FALSE
EDCPT_10348,PRESENT_AT,Visiting Teacher at,EDCT_120,,,1918,,1918-,,EDC_1918_89,FALSE,FALSE
EDCPT_10579,PRESENT_AT,Warden,EDCT_506,,,1917,1920,1917-1920,,EDC_1920_116; EDC_1918_97; EDC_1917_74,FALSE,FALSE
EDCPT_10937,PRESENT_AT,Warden at,EDCT_443,,,1917,1920,1917-1920,,EDC_1920_126; EDC_1918_108;EDC_1917_83,FALSE,FALSE
EDCPT_10614,PRESENT_AT,Woked at,EDCT_029,,,1920,,1920-,,EDC_1920_114,FALSE,FALSE
EDCPT_8449,PRESENT_AT,work at,EDCT_022,,,1918,1920,1918-1920,,EDC_1918_39,FALSE,FALSE
EDCPT_7303,PRESENT_AT,Work at,EDCT_161,,,1916,1918,1916-1918,,EDC_1916_07,FALSE,FALSE
EDCPT_7172,PRESENT_AT,work at,EDCT_581,,,1916,1920,1916-1920,,EDC_1916_04,FALSE,FALSE
EDCPT_7002,PRESENT_AT,Worked at,EDCT_001,,,1918,1920,1918-1920,,EDC_1920_1; EDC_1918_1,FALSE,FALSE
EDCPT_7196,PRESENT_AT,Worked at,EDCT_002,,,1918,1920,1918-1920,,EDC_1920_6; EDC_1918_5,FALSE,FALSE
EDCPT_9293,PRESENT_AT,Worked at,EDCT_002,,,1917,1920,1917-1920,,EDC_1920_70; EDC_1917_49; EDC_1918_63,FALSE,FALSE
EDCPT_9306,PRESENT_AT,Worked at,EDCT_002,,,1918,1920,1918-1920,,EDC_1920_71; EDC_1918_63,FALSE,FALSE
EDCPT_7007,PRESENT_AT,Worked at,EDCT_003,,,1917,1920,1917-1920,,EDC_1920_1; EDC_1917_1,FALSE,FALSE
EDCPT_8083,PRESENT_AT,Worked at,EDCT_003,,,1918,1920,1918-1920,,EDC_1920_36; EDC_1918_29,FALSE,FALSE
EDCPT_7008,PRESENT_AT,Worked at,EDCT_004,,,1917,1920,1917-1920,,EDC_1920_1; EDC_1917_1,FALSE,FALSE
EDCPT_7159,PRESENT_AT,Worked at,EDCT_004,,,1918,1920,1918-1920,,EDC_1920_5; ECD_1918_4,FALSE,FALSE
EDCPT_9237,PRESENT_AT,Worked at,EDCT_004,,,1918,1920,1918-1920,,EDC_1920_68; EDC_1918_61,FALSE,FALSE
EDCPT_9569,PRESENT_AT,Worked at,EDCT_004,,,1917,1920,1917-1920,,EDC_1920_79; EDC_1918_71,FALSE,FALSE
EDCPT_7200,PRESENT_AT,Worked at,EDCT_006,,,1918,1920,1918-1920,,EDC_1920_6; EDC_1918_6,FALSE,FALSE
EDCPT_8590,PRESENT_AT,Worked at,EDCT_006,,,1917,1920,1917-1920,,EDC_1920_51; EDC_1917_33,FALSE,FALSE
EDCPT_10037,PRESENT_AT,Worked at,EDCT_008,,,1920,,1920-,,EDC_1920_95,FALSE,FALSE
EDCPT_7168,PRESENT_AT,Worked at,EDCT_008,,,1917,1920,1917-1920,,EDC_1920_6; EDC_1918_5; EDC_1917_4;EDC_1914_1,FALSE,FALSE
EDCPT_7394,PRESENT_AT,Worked at,EDCT_008,,,1917,1920,1917-1920,"""Formerly president,"" but still on the University Council.",EDC_1920_14 (Teachers section); EDC_1920_90-91 (Schools section); EDC_1918_11; EDC_1917_9,FALSE,FALSE
EDCPT_7429,PRESENT_AT,Worked at,EDCT_008,,,1917,1920,1917-1920,,EDC_1920_15; EDC_1918_13; EDC_1917_10,FALSE,FALSE
EDCPT_7480,PRESENT_AT,Worked at,EDCT_008,,,1918,1920,1918-1920,,EDC_1920_17; EDC_1918_15,FALSE,FALSE
EDCPT_7923,PRESENT_AT,Worked at,EDCT_008,,,1918,1920,1918-1920,,EDC_1920_31; EDC_1918_24,FALSE,FALSE
EDCPT_7967,PRESENT_AT,Worked at,EDCT_008,,,1917,1920,1917-1920,,EDC_1920_32; EDC_1918_26; EDC_1917_20,FALSE,FALSE
EDCPT_8048,PRESENT_AT,Worked at,EDCT_008,,,1917,1920,1917-1920,"""Former"" dean of the College of Arts and Sciences; doesn't work there anymore.",EDC_1920_35; EDC_1918_28; EDC_1917_21,FALSE,FALSE
EDCPT_8402,PRESENT_AT,Worked at,EDCT_008,,,1917,1920,1917-1920,,EDC_1920_46; EDC_1918_38; EDC_1917_28;EDC_1914_11,FALSE,FALSE
EDCPT_8559,PRESENT_AT,Worked at,EDCT_008,,,1917,1920,1917-1920,,EDC_1920_51; EDC_1917_32,FALSE,FALSE
EDCPT_8753,PRESENT_AT,Worked at,EDCT_008,,,1916,1920,1916-1920,,EDC_1920_55; EDC_1918_48; EDC_1917_37; EDC_1916_41,FALSE,FALSE
EDCPT_8804,PRESENT_AT,Worked at,EDCT_008,,,1917,1920,1917-1920,"Former dean of School of Theology. 1882 was when he began working at Tengchow College, which was a predecessor to Shantung Christian U.",EDC_1920_57; EDC_1918_49; EDC_1917_38,FALSE,FALSE
EDCPT_8818,PRESENT_AT,Worked at,EDCT_008,,,1916,1920,1916-1920,Professor of Economics and Political Sciences,EDC_1920_57; EDC_1918_50; EDC_1917_38; EDC_1916_43,FALSE,FALSE
EDCPT_9252,PRESENT_AT,Worked at,EDCT_008,,,1916,1920,1916-1920,Professor in Union Medical College,EDC_1920_69; EDC_1917_48; EDC_1918_62; EDC_1916_52,FALSE,FALSE
EDCPT_9526,PRESENT_AT,Worked at,EDCT_008,,,1917,1920,1917-1920,,EDC_1920_78; EDC_1917_55,FALSE,FALSE
EDCPT_9560,PRESENT_AT,Worked at,EDCT_008,,,1917,1920,1917-1920,,EDC_1920_79; EDC_1918_71; EDC_1917_55,FALSE,FALSE
EDCPT_9842,PRESENT_AT,Worked at,EDCT_008,,,1889,1894,1889-1894,,EDC_1920_88: EDC_1918_76,FALSE,FALSE
EDCPT_10082,PRESENT_AT,Worked at,EDCT_009,,,1917,1920,1917-1920,,EDC_1920_96; EDC_1918_82; EDC_1917_62,FALSE,FALSE
EDCPT_10084,PRESENT_AT,Worked at,EDCT_009,,,1917,1920,1917-1920,,EDC_1920_96; EDC_1917_62,FALSE,FALSE
EDCPT_7114,PRESENT_AT,Worked at,EDCT_009,,,1916,1920,1916-1920,,EDC_1920_4; EDC_1916_56,FALSE,FALSE
EDCPT_7150,PRESENT_AT,Worked at,EDCT_009,,,1917,1920,1917-1920,,EDC_1920_5; EDC_1917_3,FALSE,FALSE
EDCPT_9429,PRESENT_AT,Worked at,EDCT_009,,,1916,1920,1916-1920,,EDC_1920_75; EDC_1917_52; EDC_1918_67; EDC_1916_56,FALSE,FALSE
EDCPT_7929,PRESENT_AT,Worked at,EDCT_010,,,1918,1920,1918-1920,,EDC_1920_31; EDC_1918_25,FALSE,FALSE
EDCPT_7575,PRESENT_AT,Worked at,EDCT_011,,,1918,1920,1918-1920,,EDC_1920_20; EDC_1918_17,FALSE,FALSE
EDCPT_7671,PRESENT_AT,Worked at,EDCT_011,,,1918,1920,1918-1920,,EDC_1920_23; EDC_1918_19,FALSE,FALSE
EDCPT_7025,PRESENT_AT,Worked at,EDCT_013,,,1917,1920,1917-1920,,EDC_1920_1; EDC_1917_1,FALSE,FALSE
EDCPT_7336,PRESENT_AT,Worked at,EDCT_014,,,1918,1920,1918-1920,,EDC_1920_11; EDC_1918_9,FALSE,FALSE
EDCPT_10081,PRESENT_AT,Worked at,EDCT_017,,,1917,1920,1917-1920,,EDC_1920_96; EDC_1918_82; EDC_917_62,FALSE,FALSE
EDCPT_9246,PRESENT_AT,Worked at,EDCT_017,,,1917,1920,1917-1920,,EDC_1920_69; EDC_1918_62; EDC_1917_48,FALSE,FALSE
EDCPT_7224,PRESENT_AT,Worked at,EDCT_018,,,1917,1920,1917-1920,,EDC_1920_7; EDC_1918_6; EDC_1917_5,FALSE,FALSE
EDCPT_7297,PRESENT_AT,Worked at,EDCT_018,,,1917,1920,1917-1920,,EDC_1920_10; EDC_1918_9; EDC_1917_7,FALSE,FALSE
EDCPT_7990,PRESENT_AT,Worked at,EDCT_018,,,1918,1920,1918-1920,,EDC_1920_33; EDC_1918_26,FALSE,FALSE
EDCPT_9220,PRESENT_AT,Worked at,EDCT_018,,,1917,1920,1917-1920,,EDC_1920_68; EDC_1918_61 ; EDC_1917_47,FALSE,FALSE
EDCPT_9942,PRESENT_AT,Worked at,EDCT_018,,,1918,1920,1918-1920,,EDC_1920_91; EDC_1918_79,FALSE,FALSE
EDCPT_7050,PRESENT_AT,Worked at,EDCT_022,,,1917,1920,1917-1920,,EDC_1920_2; EDC_1917_1,FALSE,FALSE
EDCPT_7239,PRESENT_AT,Worked at,EDCT_022,,,1917,1920,1917-1920,,EDC_1920_7; EDC_1918_7; EDC_1917_6,FALSE,FALSE
EDCPT_8039,PRESENT_AT,Worked at,EDCT_022,,,1918,1920,1918-1920,,EDC_1920_35; EDC_1918_28,FALSE,FALSE
EDCPT_9627,PRESENT_AT,Worked at,EDCT_024,,,1918,1920,1918-1920,,EDC_1920_81; EDC_1918_72,FALSE,FALSE
EDCPT_9643,PRESENT_AT,Worked at,EDCT_024,,,1918,1920,1918-1920,,EDC_1920_82; EDC_1918_73,FALSE,FALSE
EDCPT_7052,PRESENT_AT,Worked at,EDCT_025,,,1917,1920,1917-1920,,EDC_1920_2; EDC_1917_1,FALSE,FALSE
EDCPT_7169,PRESENT_AT,Worked at,EDCT_025,,,1918,1920,1918-1920,,EDC_1920_6; EDC_1918; 5,FALSE,FALSE
EDCPT_7274,PRESENT_AT,Worked at,EDCT_025,,,1917,1920,1917-1920,,EDC_1920_9; EDC_1918_8; EDC_1917_7,FALSE,FALSE
EDCPT_7343,PRESENT_AT,Worked at,EDCT_025,,,1917,1920,1917-1920,,EDC_1920_12; EDC_1918_10; EDC_1917_8,FALSE,FALSE
EDCPT_8471,PRESENT_AT,Worked at,EDCT_025,,,1916,1917,1916-1917,,EDC_1916_35,FALSE,FALSE
EDCPT_7137,PRESENT_AT,Worked at,EDCT_026,,,1917,1920,1917-1920,,EDC_1920_4; EDC_1917_3,FALSE,FALSE
EDCPT_8196,PRESENT_AT,Worked at,EDCT_026,,,1918,1920,1918-1920,,EDC_1920_40; EDC_1918_32,FALSE,FALSE
EDCPT_9847,PRESENT_AT,Worked at,EDCT_026,,,1918,1920,1918-1920,,EDC_1920_88; EDC_1918_76,FALSE,FALSE
EDCPT_7063,PRESENT_AT,Worked at,EDCT_027,,,1917,1920,1917-1920,,EDC_1920_2; EDC_1917_2,FALSE,FALSE
EDCPT_8770,PRESENT_AT,Worked at,EDCT_027,,,1916,1920,1916-1920,,EDC_1920_56; EDC_1918_48; EDC_1917_37; EDDC_1916_42;EDC_1914_13,FALSE,FALSE
EDCPT_7289,PRESENT_AT,Worked at,EDCT_028,,,1917,1920,1917-1920,,EDC_1920_10; EDC_1918_9; EDC_1917_7,FALSE,FALSE
EDCPT_7935,PRESENT_AT,Worked at,EDCT_028,,,1917,1920,1917-1920,,EDC_1920_31; EDC_1918_25; EDC_1917_19,FALSE,FALSE
EDCPT_8267,PRESENT_AT,Worked at,EDCT_028,,,1916,1920,1916-1920,,EDC_1920_42; EDC_1916_30,FALSE,FALSE
EDCPT_9386,PRESENT_AT,Worked at,EDCT_028,,,1917,1920,1917-1920,,EDC_1920_73; EDC_1918_66; EDC_1917_51,FALSE,FALSE
EDCPT_7068,PRESENT_AT,Worked at,EDCT_029,,,1917,1920,1917-1920,,EDC_1920_2; EDC_1917_2,FALSE,FALSE
EDCPT_7989,PRESENT_AT,Worked at,EDCT_029,,,1917,1920,1917-1920,,EDC_1920_33; EDC_1918_27; EDC_1917_20,FALSE,FALSE
EDCPT_7069,PRESENT_AT,Worked at,EDCT_030,,,1917,1920,1917-1920,,EDC_1920_2; EDC_1917_2,FALSE,FALSE
EDCPT_8245,PRESENT_AT,Worked at,EDCT_030,,,1917,1920,1917-1920,,EDC_1920_42; EDC_1918_34; EDC_1917_25,FALSE,FALSE
EDCPT_9792,PRESENT_AT,Worked at,EDCT_030,,,1916,1920,1916-1920,,EDC_1920_86; EDC_1918_76; EDC_1917_58; EDC_1916_63,FALSE,FALSE
EDCPT_8217,PRESENT_AT,Worked at,EDCT_031,,,1911,1913,1911-1913,,EDC_1920_41,FALSE,FALSE
EDCPT_8648,PRESENT_AT,Worked at,EDCT_031,,,1916,1920,1916-1920,,EDC_1920_53; EDC_1917_34; EDC_1916_39,FALSE,FALSE
EDCPT_7083,PRESENT_AT,Worked at,EDCT_032,,,1917,1920,1917-1920,,EDC_1920_3; EDC_1917_2,FALSE,FALSE
EDCPT_7077,PRESENT_AT,Worked at,EDCT_033,,,1917,1920,1917-1920,,EDC_1920_3; EDC_1917_2,FALSE,FALSE
EDCPT_10012,PRESENT_AT,Worked at,EDCT_034,,,1917,1920,1917-1920,,EDC_1920_94; EDC_1918_80; EDC_1917_61,FALSE,FALSE
EDCPT_12259,PRESENT_AT,Worked at,EDCT_034,,,1917,1920,1917-1920,,EDC_1920_59; EDC_1917_40; EDC_1918_51,FALSE,FALSE
EDCPT_7371,PRESENT_AT,Worked at,EDCT_034,,,1917,1920,1917-1920,,EDC_1920_13; EDC_1918_11; EDC_1917_9,FALSE,FALSE
EDCPT_8742,PRESENT_AT,Worked at,EDCT_034,,,1917,1920,1917-1920,,EDC_1920_55; EDC_1918_48; EDC_1917_37,FALSE,FALSE
EDCPT_9100,PRESENT_AT,Worked at,EDCT_034,,,1918,1920,1918-1920,,EDC_1920_64; EDC_1918_57,FALSE,FALSE
EDCPT_9134,PRESENT_AT,Worked at,EDCT_034,,,1917,1920,1917-1920,,EDC_1920_65; EDC_1918_58 ; EDC_1917_45,FALSE,FALSE
EDCPT_9367,PRESENT_AT,Worked at,EDCT_034,,,1916,1920,1916-1920,On furlough in 1916,EDC_1920_72; EDC_1918_65; EDC_1917_51; EDC_1916_54;EDC_1914_16,FALSE,FALSE
EDCPT_9495,PRESENT_AT,Worked at,EDCT_034,,,1917,1920,1917-1920,,EDC_1920_77; EDC_1918_69; EDC_1917_54,FALSE,FALSE
EDCPT_8634,PRESENT_AT,Worked at,EDCT_035,,,1917,1920,1917-1920,,EDC_1920_53; EDC_1917_34,FALSE,FALSE
EDCPT_7081,PRESENT_AT,Worked at,EDCT_036,,,1917,1920,1917-1920,,EDC_1920_3; EDC_1917_2,FALSE,FALSE
EDCPT_9150,PRESENT_AT,Worked at,EDCT_036,,,1917,1920,1917-1920,,EDC_1920_65; ; EDC_1917_45,FALSE,FALSE
EDCPT_9160,PRESENT_AT,Worked at,EDCT_036,,,1916,1920,1916-1920,,EDC_1920_66; EDC_1918_59; EDC_1917_45; EDC_1916_49,FALSE,FALSE
EDCPT_7760,PRESENT_AT,Worked at,EDCT_037,,,1917,1920,1917-1920,,EDC_1920_26; EDC_1918_21; EDC_1917_16,FALSE,FALSE
EDCPT_9181,PRESENT_AT,Worked at,EDCT_037,,,1917,1920,1917-1920,,EDC_1920_67; EDC_1918_60 ; EDC_1917_46;EDC_1914_15,FALSE,FALSE
EDCPT_9094,PRESENT_AT,Worked at,EDCT_038,,,1917,1920,1917-1920,,EDC_1920_64; EDC_1918_57 ; EDC_1917_44,FALSE,FALSE
EDCPT_7091,PRESENT_AT,Worked at,EDCT_039,,,1917,1920,1917-1920,,EDC_1920_3; EDC_1917_2,FALSE,FALSE
EDCPT_8137,PRESENT_AT,Worked at,EDCT_039,,,1916,1920,1916-1920,,EDC_1920_38; EDC_1918_30; EDC_1917_23; EDC_1916_27,FALSE,FALSE
EDCPT_8781,PRESENT_AT,Worked at,EDCT_039,,,1918,1920,1918-1920,"""Formerly,"" so she stopped working at Hanbury some time prior to 1920 (no specific year is given).",EDC_1920_56; EDC_1918_48,FALSE,FALSE
EDCPT_8211,PRESENT_AT,Worked at,EDCT_040,,,1917,1920,1917-1920,,EDC_1920_40; EDC_1918_32; EDC_1917_24,FALSE,FALSE
EDCPT_10046,PRESENT_AT,Worked at,EDCT_041,,,1920,,1920-,,EDC_1920_95,FALSE,FALSE
EDCPT_8031,PRESENT_AT,Worked at,EDCT_041,,,1917,1920,1917-1920,,EDC_1920_35; EDC_1918_27; EDC_1917_21,FALSE,FALSE
EDCPT_8677,PRESENT_AT,Worked at,EDCT_041,,,1917,1920,1917-1920,,EDC_1920_54; EDC_1917_35,FALSE,FALSE
EDCPT_8835,PRESENT_AT,Worked at,EDCT_041,,,1916,1920,1916-1920,,EDC_1920_58; EDC_1918_50; EDC_1917_39; EDC_1916_44,FALSE,FALSE
EDCPT_8837,PRESENT_AT,Worked at,EDCT_041,,,1917,1920,1917-1920,,EDC_1920_58; EDC_1918_50; EDC_1917_39,FALSE,FALSE
EDCPT_10072,PRESENT_AT,Worked at,EDCT_042,,,1920,,1920-,,EDC_1920_96,FALSE,FALSE
EDCPT_7098,PRESENT_AT,Worked at,EDCT_042,,,1917,1920,1917-1920,,EDC_1920_3; EDC_1917_2,FALSE,FALSE
EDCPT_7100,PRESENT_AT,Worked at,EDCT_043,,,1917,1920,1917-1920,,EDC_1920_3;EDC_1917_2,FALSE,FALSE
EDCPT_7100,PRESENT_AT,Worked at,EDCT_044,,,1917,1920,1917-1920,,EDC_1920_3; EDC_1917_2,FALSE,FALSE
EDCPT_7141,PRESENT_AT,Worked at,EDCT_045,,,1917,1920,1917-1920,,EDC_1920_4; EDC_1917_3,FALSE,FALSE
EDCPT_7110,PRESENT_AT,Worked at,EDCT_047,,,1917,1920,1917-1920,,EDC_1920_4; EDC_1917_3,FALSE,FALSE
EDCPT_9941,PRESENT_AT,Worked at,EDCT_047,,,1918,1920,1918-1920,,EDC_1920_91; EDC_1918_79,FALSE,FALSE
EDCPT_7754,PRESENT_AT,Worked at,EDCT_048,,,1918,1920,1918-1920,,EDC_1920_26; EDC_1918_20,FALSE,FALSE
EDCPT_9044,PRESENT_AT,Worked at,EDCT_048,,,1916,1920,1916-1920,,EDC_1920_63; EDC_1918_56 ; EDC_1917_43; EDC_1916_48,FALSE,FALSE
EDCPT_9243,PRESENT_AT,Worked at,EDCT_048,,,1916,1920,1916-1920,,EDC_1920_69; EDC_1918_62; EDC_1917_48; EDC_1916_52,FALSE,FALSE
EDCPT_9244,PRESENT_AT,Worked at,EDCT_048,,,1916,1920,1916-1920,,EDC_1920_69; EDC_1918_62; EDC_1917_48; EDC_1916_52,FALSE,FALSE
EDCPT_9901,PRESENT_AT,Worked at,EDCT_048,,,1917,1920,1917-1920,,EDC_1920_90; EDC_1918_78; EDC_1917_59,FALSE,FALSE
EDCPT_7126,PRESENT_AT,Worked at,EDCT_049,,,1917,1920,1917-1920,,EDC_1920_4; EDC_1917_3,FALSE,FALSE
EDCPT_7954,PRESENT_AT,Worked at,EDCT_049,,,1917,1920,1917-1920,,EDC_1920_32; EDC_1918_25; EDC_1917_19,FALSE,FALSE
EDCPT_8736,PRESENT_AT,Worked at,EDCT_050,,,1916,1920,1916-1920,,EDC_1920_55; EDC_1920_47; EDC_1916_41,FALSE,FALSE
EDCPT_9355,PRESENT_AT,Worked at,EDCT_050,,,1918,1920,1918-1920,,EDC_1920_72;EDC_1918_64,FALSE,FALSE
EDCPT_10091,PRESENT_AT,Worked at,EDCT_051,,,1920,,1920-,,EDC_1920_97,FALSE,FALSE
EDCPT_7987,PRESENT_AT,Worked at,EDCT_051,,,1918,1920,1918-1920,,EDC_1920_33; EDC_1918_26,FALSE,FALSE
EDCPT_8809,PRESENT_AT,Worked at,EDCT_052,,,1918,1920,1918-1920,,EDC_1920_57; EDC_1918_49,FALSE,FALSE
EDCPT_10032,PRESENT_AT,Worked at,EDCT_053,,,1920,,1920-,,EDC_1920_95,FALSE,FALSE
EDCPT_10109,PRESENT_AT,Worked at,EDCT_053,,,1918,1920,1918-1920,,EDC_1920_97; EDC_1918_83,FALSE,FALSE
EDCPT_7139,PRESENT_AT,Worked at,EDCT_053,,,1917,1920,1917-1920,,EDC_1920_4; EDC_1917_3,FALSE,FALSE
EDCPT_7351,PRESENT_AT,Worked at,EDCT_053,,,1917,1920,1917-1920,,EDC_1920_12; EDC_1918_10; EDC_1917_9,FALSE,FALSE
EDCPT_7387,PRESENT_AT,Worked at,EDCT_053,,,1917,1920,1917-1920,,EDC_1920_13; EDC_1918_11; EDC_1917_9,FALSE,FALSE
EDCPT_7626,PRESENT_AT,Worked at,EDCT_053,,,1917,1920,1917-1920,,EDC_1920_22; EDC_1917_14,FALSE,FALSE
EDCPT_8067,PRESENT_AT,Worked at,EDCT_053,,,1916,1920,1916-1920,,EDC_1920_36; EDC_1918_29; EDC_1917_22; EDC_1916_25,FALSE,FALSE
EDCPT_8107,PRESENT_AT,Worked at,EDCT_053,,,1916,1920,1916-1920,,EDC_1920_37; EDC_1918_30; EDC_1917_22; EDC_1916_26;EDC_1914_8,FALSE,FALSE
EDCPT_8246,PRESENT_AT,Worked at,EDCT_053,,,1916,1920,1916-1920,,EDC_1920_42; EDC_1916_30,FALSE,FALSE
EDCPT_8430,PRESENT_AT,Worked at,EDCT_053,,,1917,1920,1917-1920,,EDC_1920_47; EDC_1917_29,FALSE,FALSE
EDCPT_8772,PRESENT_AT,Worked at,EDCT_053,,,1916,1920,1916-1920,teacher of ophthalmology,EDC_1920_56; EDC_1920_48; EDC_1917_37; EDC_1916_42,FALSE,FALSE
EDCPT_8871,PRESENT_AT,Worked at,EDCT_053,,,1916,1920,1916-1920,,EDC_1920_59; EDC_1917_40; EDC_1918_51; EDC_1916_45;EDC_1914_14,FALSE,FALSE
EDCPT_8886,PRESENT_AT,Worked at,EDCT_053,,,1917,1918,1917-1918,,EDC_1917_40; EDC_1918_52,FALSE,FALSE
EDCPT_8929,PRESENT_AT,Worked at,EDCT_053,,,1917,1920,1917-1920,,EDC_1920_60 ; EDC_1917_41; EDC_1918_53,FALSE,FALSE
EDCPT_9192,PRESENT_AT,Worked at,EDCT_053,,,1917,1920,1917-1920,,EDC_1920_67; EDC_1918_60 ; EDC_1917_46,FALSE,FALSE
EDCPT_9283,PRESENT_AT,Worked at,EDCT_053,,,1916,1920,1916-1920,,EDC_1920_70; EDC_1917_49; EDC_1918_63; EDC_1916_53;EDC_1914_16,FALSE,FALSE
EDCPT_9383,PRESENT_AT,Worked at,EDCT_053,,,1918,1920,1918-1920,,EDC_1920_73; EDC_1918_66,FALSE,FALSE
EDCPT_9396,PRESENT_AT,Worked at,EDCT_053,,,1916,1920,1916-1920,,EDC_1920_74; EDC_1916_55,FALSE,FALSE
EDCPT_9451,PRESENT_AT,Worked at,EDCT_053,,,1916,1920,1916-1920,,EDC_1920_75; EDC_1916_56;EDC_1914_17,FALSE,FALSE
EDCPT_7142,PRESENT_AT,Worked at,EDCT_054,,,1917,1920,1917-1920,,EDC_1920_4; EDC_1917_3,FALSE,FALSE
EDCPT_7187,PRESENT_AT,Worked at,EDCT_054,,,1918,1920,1918-1920,,EDC_1920_6; EDC_1918_5,FALSE,FALSE
EDCPT_7208,PRESENT_AT,Worked at,EDCT_054,,,1917,1920,1917-1920,,EDC_1920_7; EDC_1918_6; EDC_1917_5,FALSE,FALSE
EDCPT_7392,PRESENT_AT,Worked at,EDCT_054,,,1917,1920,1917-1920,,EDC_1920_14; EDC_1918_11; EDC_1917_9,FALSE,FALSE
EDCPT_7439,PRESENT_AT,Worked at,EDCT_054,,,1917,1920,1917-1920,,EDC_1920_15; EDC_1918_13; EDC_1917_11,FALSE,FALSE
EDCPT_7444,PRESENT_AT,Worked at,EDCT_054,,,1918,1920,1918-1920,,EDC_1920_16;EDC_1918_13;EDC_1914_4,FALSE,FALSE
EDCPT_7943,PRESENT_AT,Worked at,EDCT_054,,,1918,1920,1918-1920,,EDC_1920_32; EDC_1918_25,FALSE,FALSE
EDCPT_7983,PRESENT_AT,Worked at,EDCT_054,,,1918,1920,1918-1920,,EDC_1920_33; EDC_1918_26,FALSE,FALSE
EDCPT_8200,PRESENT_AT,Worked at,EDCT_054,,,1916,1920,1916-1920,,EDC_1920_40; EDC_1918_32; EDC_1917_24; EDC_1916_29,FALSE,FALSE
EDCPT_8250,PRESENT_AT,Worked at,EDCT_054,,,1916,1920,1916-1920,,EDC_1920_42; EDC_1916_30,FALSE,FALSE
EDCPT_8482,PRESENT_AT,Worked at,EDCT_054,,,1917,1920,1917-1920,,EDC_1920_49; EDC_1917_31,FALSE,FALSE
EDCPT_8670,PRESENT_AT,Worked at,EDCT_054,,,1916,1920,1916-1920,,EDC_1920_54; EDC_1917_35; EDC_1916_39;EDC_1914_12,FALSE,FALSE
EDCPT_8966,PRESENT_AT,Worked at,EDCT_054,,,1918,1920,1918-1920,,EDC_1920_61; EDC_1918_54,FALSE,FALSE
EDCPT_9441,PRESENT_AT,Worked at,EDCT_054,,,1916,1920,1916-1920,,EDC_1920_75; EDC_1916_56,FALSE,FALSE
EDCPT_9521,PRESENT_AT,Worked at,EDCT_054,,,1912,1917,1912-1917,,EDC_1920_77; EDC_1916_58,FALSE,FALSE
EDCPT_9685,PRESENT_AT,Worked at,EDCT_054,,,1918,1920,1918-1920,,EDC_1920_83; EDC_1918_74,FALSE,FALSE
EDCPT_9307,PRESENT_AT,Worked at,EDCT_055,,,1917,1920,1917-1920,,EDC_1920_71; EDC_1917_49; EDC_1918_63,FALSE,FALSE
EDCPT_7718,PRESENT_AT,Worked at,EDCT_056,,,1918,1920,1918-1920,,EDC_1920_25; EDC_1918_20,FALSE,FALSE
EDCPT_7731,PRESENT_AT,Worked at,EDCT_056,,,1918,1920,1918-1920,,EDC_1920_25; EDC_1918_20,FALSE,FALSE
EDCPT_7751,PRESENT_AT,Worked at,EDCT_056,,,1918,1920,1918-1920,,EDC_1920_26; EDC_1918_20,FALSE,FALSE
EDCPT_11058,PRESENT_AT,Worked at,EDCT_057,,,1914,1917,1914-1917,,EDC_1917_86; EDC_1914_28,FALSE,FALSE
EDCPT_7608,PRESENT_AT,Worked at,EDCT_057,,,1918,1920,1918-1920,,EDC_1920_22; EDC_1918_18,FALSE,FALSE
EDCPT_8894,PRESENT_AT,Worked at,EDCT_057,,,1917,1920,1917-1920,,EDC_1920_59 ; EDC_1917_40; EDC_1918_52;EDC_1914_14,FALSE,FALSE
EDCPT_9377,PRESENT_AT,Worked at,EDCT_057,,,1918,1920,1918-1920,,EDC_1920_72; EDC_1918_65,FALSE,FALSE
EDCPT_7160,PRESENT_AT,Worked at,EDCT_060,,,1917,1920,1917-1920,,EDC_1920_5; EDC_1918_4; EDC_1917_3;EDC_1914_1,FALSE,FALSE
EDCPT_7951,PRESENT_AT,Worked at,EDCT_060,,,1917,1920,1917-1920,,EDC_1920_32; EDC_1918_25; EDC_1917_19,FALSE,FALSE
EDCPT_8465,PRESENT_AT,Worked at,EDCT_060,,,1917,1920,1917-1920,,EDC_1920_48; EDC_1917_30,FALSE,FALSE
EDCPT_10097,PRESENT_AT,Worked at,EDCT_061,,,1916,1917,1916-1917,,EDC_1917_63; EDC_1916_70,FALSE,FALSE
EDCPT_10104,PRESENT_AT,Worked at,EDCT_061,,,1914,,1914-,,EDC_1914_20,FALSE,FALSE
EDCPT_10107,PRESENT_AT,Worked at,EDCT_061,,,1920,,1920-,,EDC_1920_97,FALSE,FALSE
EDCPT_7161,PRESENT_AT,Worked at,EDCT_061,,,1917,1920,1917-1920,,EDC_1920_5; EDC_1918_4; EDC_1917_4;EDC_1914_1,FALSE,FALSE
EDCPT_7337,PRESENT_AT,Worked at,EDCT_061,,,1917,1920,1917-1920,,EDC_1920_12; EDC_1918_10; EDC_1917_8;EDC_1914_3,FALSE,FALSE
EDCPT_7914,PRESENT_AT,Worked at,EDCT_061,,,1917,1920,1917-1920,,EDC_1920_30; EDC_1918_23; EDC_1917_18;EDC_1914_7,FALSE,FALSE
EDCPT_8105,PRESENT_AT,Worked at,EDCT_061,,,1918,1920,1918-1920,,EDC_1920_36; EDC_1918_30,FALSE,FALSE
EDCPT_8185,PRESENT_AT,Worked at,EDCT_061,,,1917,1920,1917-1920,,EDC_1920_39; EDC_1918_31; EDC_1917_24,FALSE,FALSE
EDCPT_8713,PRESENT_AT,Worked at,EDCT_061,,,1917,1920,1917-1920,,EDC_1920_54; EDC_1918_47; EDC_1917_36,FALSE,FALSE
EDCPT_9103,PRESENT_AT,Worked at,EDCT_061,,,1918,1920,1918-1920,,EDC_1920_64; EDC_1918_58,FALSE,FALSE
EDCPT_9108,PRESENT_AT,Worked at,EDCT_061,,,1916,1918,1916-1918,,EDC_1918_58; EDC_1916_49,FALSE,FALSE
EDCPT_9139,PRESENT_AT,Worked at,EDCT_061,,,1918,1920,1918-1920,,EDC_1920_65; EDC_1918_58,FALSE,FALSE
EDCPT_9177,PRESENT_AT,Worked at,EDCT_061,,,1918,1920,1918-1920,,EDC_1920_66; EDC_1918_60,FALSE,FALSE
EDCPT_9365,PRESENT_AT,Worked at,EDCT_061,,,1916,1920,1916-1920,Dean of the Department of Missionary Training,EDC_1920_72; EDC_1917_50; EDC_1918_65; EDC_1916_54,FALSE,FALSE
EDCPT_9873,PRESENT_AT,Worked at,EDCT_061,,,1915,1919,1915-1919,,EDC_1920_89,FALSE,FALSE
EDCPT_7163,PRESENT_AT,Worked at,EDCT_063,,,1917,1920,1917-1920,,EDC_1920_5; EDC_1917_4,FALSE,FALSE
EDCPT_7176,PRESENT_AT,Worked at,EDCT_067,,,1917,1920,1917-1920,,EDC_1920_6; EDC_1918_5; EDC_1917_4,FALSE,FALSE
EDCPT_8177,PRESENT_AT,Worked at,EDCT_067,,,1917,1920,1917-1920,,EDC_1920_39; EDC_1918_31; EDC_1917_24,FALSE,FALSE
EDCPT_10006,PRESENT_AT,Worked at,EDCT_068,,,1918,1920,1918-1920,,EDC_1920_94; EDC_1918_81,FALSE,FALSE
EDCPT_10011,PRESENT_AT,Worked at,EDCT_068,,,1920,,1920-,,EDC_1920_94,FALSE,FALSE
EDCPT_7178,PRESENT_AT,Worked at,EDCT_068,,,1917,1920,1917-1920,,EDC_1920_6; EDC_1918_5; EDC_1917_4,FALSE,FALSE
EDCPT_7185,PRESENT_AT,Worked at,EDCT_069,,,1917,1920,1917-1920,,EDC_1920_6; EDC_1918_5; EDC_1917_4,FALSE,FALSE
EDCPT_7417,PRESENT_AT,Worked at,EDCT_070,,,1918,1920,1918-1920,,EDC_1920_15; EDC_1918_12,FALSE,FALSE
EDCPT_7194,PRESENT_AT,Worked at,EDCT_071,,,1917,1918,1917-1918,,EDC_1918_5; EDC_1917_5,FALSE,FALSE
EDCPT_7386,PRESENT_AT,Worked at,EDCT_072,,,1918,1920,1918-1920,,EDC_1920_14,FALSE,FALSE
EDCPT_7206,PRESENT_AT,Worked at,EDCT_073,,,1917,1920,1917-1920,,EDC_1920_6; EDC_1918_6; EDC_1917_5,FALSE,FALSE
EDCPT_8561,PRESENT_AT,Worked at,EDCT_073,,,1917,1920,1917-1920,,EDC_1920_51; EDC_1917_32,FALSE,FALSE
EDCPT_8904,PRESENT_AT,Worked at,EDCT_073,,,1917,1920,1917-1920,,EDC_1920_59 ; EDC_1917_40; EDC_1918_52,FALSE,FALSE
EDCPT_8905,PRESENT_AT,Worked at,EDCT_073,,,1917,1920,1917-1920,,EDC_1920_59 ; EDC_1917_40; EDC_1918_52,FALSE,FALSE
EDCPT_10007,PRESENT_AT,Worked at,EDCT_074,,,1920,,1920-,,EDC_1920_94,FALSE,FALSE
EDCPT_7365,PRESENT_AT,Worked at,EDCT_074,,,1917,1920,1917-1920,,EDC_1920_13; EDC_1918_11; EDC_1917_9,FALSE,FALSE
EDCPT_8815,PRESENT_AT,Worked at,EDCT_074,,,1916,1920,1916-1920,,EDC_1920_57; EDC_1917_38; EDC_1916_43,FALSE,FALSE
EDCPT_8960,PRESENT_AT,Worked at,EDCT_074,,,1918,1920,1918-1920,,EDC_1920_61; EDC_1918_54,FALSE,FALSE
EDCPT_7210,PRESENT_AT,Worked at,EDCT_075,,,1917,1920,1917-1920,,EDC_1920_7; EDC_1918_6; EDC_1917_5;EDC_1914_2,FALSE,FALSE
EDCPT_7242,PRESENT_AT,Worked at,EDCT_075,,,1917,1920,1917-1920,,EDC_1920_7; EDC_1918_7; EDC_1917_6,FALSE,FALSE
EDCPT_7353,PRESENT_AT,Worked at,EDCT_075,,,1917,1920,1917-1920,,EDC_1920_12; EDC_1918_10; EDC_1917_9,FALSE,FALSE
EDCPT_7448,PRESENT_AT,Worked at,EDCT_075,,,1917,1920,1917-1920,,EDC_1920_16;EDC_1918_13; EDC_1917_11,FALSE,FALSE
EDCPT_7468,PRESENT_AT,Worked at,EDCT_075,,,1917,1920,1917-1920,,EDC_1920_16;EDC_1918_14; EDC_1917_11,FALSE,FALSE
EDCPT_7469,PRESENT_AT,Worked at,EDCT_075,,,1917,1920,1917-1920,,EDC_1920_16;EDC_1918_14; EDC_1917_12;EDC_1914_4,FALSE,FALSE
EDCPT_7670,PRESENT_AT,Worked at,EDCT_075,,,1917,1920,1917-1920,,EDC_1920_23; EDC_1918_19; EDC_1917_15,FALSE,FALSE
EDCPT_8215,PRESENT_AT,Worked at,EDCT_075,,,1916,1920,1916-1920,,EDC_1920_40; EDC_1918_33; EDC_1917_24; EDC_1916_29,FALSE,FALSE
EDCPT_9249,PRESENT_AT,Worked at,EDCT_075,,,1916,1920,1916-1920,Instructor in Maths at the College of Science,EDC_1920_69; EDC_1917_48; EDC_1918_62; EDC_1916_52,FALSE,FALSE
EDCPT_9376,PRESENT_AT,Worked at,EDCT_075,,,1917,1920,1917-1920,,EDC_1920_72; EDC_1918_65; EDC_1917_51,FALSE,FALSE
EDCPT_9407,PRESENT_AT,Worked at,EDCT_075,,,1917,1920,1917-1920,,EDC_1920_74; EDC_1918_66; EDC_1917_52,FALSE,FALSE
EDCPT_9408,PRESENT_AT,Worked at,EDCT_075,,,1916,1920,1916-1920,,EDC_1920_74; EDC_1918_66; EDC_1917_52; EDC_1916_55,FALSE,FALSE
EDCPT_7276,PRESENT_AT,Worked at,EDCT_076,,,1917,1920,1917-1920,,EDC_1920_9; EDC_1918_8; EDC_1917_7,FALSE,FALSE
EDCPT_7218,PRESENT_AT,Worked at,EDCT_077,,,1917,1920,1917-1920,,EDC_1920_7; EDC_1918_6; EDC_1917_5,FALSE,FALSE
EDCPT_7219,PRESENT_AT,Worked at,EDCT_077,,,1917,1920,1917-1920,,EDC_1920_7; EDC_1918_6; EDC_1917_5,FALSE,FALSE
EDCPT_7330,PRESENT_AT,Worked at,EDCT_077,,,1918,1920,1918-1920,,EDC_1920_11; EDC_1918_9,FALSE,FALSE
EDCPT_8495,PRESENT_AT,Worked at,EDCT_077,,,1892,1917,1892-1917,"Teacher 1892-1910, president 1911-17",EDC_1920_49,FALSE,FALSE
EDCPT_7221,PRESENT_AT,Worked at,EDCT_078,,,1917,1920,1917-1920,,EDC_1920_7; EDC_1918_6; EDC_1917_5;EDC_1914_2,FALSE,FALSE
EDCPT_7823,PRESENT_AT,Worked at,EDCT_078,,,1918,1920,1918-1920,,EDC_1920_27; EDC_1918_22,FALSE,FALSE
EDCPT_7824,PRESENT_AT,Worked at,EDCT_078,,,1918,1920,1918-1920,,EDC_1920_27; EDC_1918_22,FALSE,FALSE
EDCPT_7887,PRESENT_AT,Worked at,EDCT_078,,,1917,1920,1917-1920,,EDC_1920_29; EDC_1918_23; EDC_1917_18,FALSE,FALSE
EDCPT_8505,PRESENT_AT,Worked at,EDCT_078,,,1917,1920,1917-1920,,EDC_1920_49; EDC_1917_31,FALSE,FALSE
EDCPT_7758,PRESENT_AT,Worked at,EDCT_080,,,1917,1918,1917-1918,,EDC_1918_20; EDC_1917_1,FALSE,FALSE
EDCPT_7765,PRESENT_AT,Worked at,EDCT_080,,,1917,1920,1917-1920,,EDC_1920_26; EDC_1918_21; EDC_1917_16,FALSE,FALSE
EDCPT_7232,PRESENT_AT,Worked at,EDCT_081,,,1917,1918,1917-1918,,EDC_1918_7; EDC_1917_6,FALSE,FALSE
EDCPT_7236,PRESENT_AT,Worked at,EDCT_081,,,1917,1920,1917-1920,,EDC_1920_7; EDC_1918_7; EDC_1917_6,FALSE,FALSE
EDCPT_7406,PRESENT_AT,Worked at,EDCT_081,,,1917,1920,1917-1920,,EDC_1920_14; EDC_1918_12; EDC_1917_10,FALSE,FALSE
EDCPT_9370,PRESENT_AT,Worked at,EDCT_082,,,1918,1920,1918-1920,,EDC_1920_72; EDC_1918_65;EDC_1914_16,FALSE,FALSE
EDCPT_7250,PRESENT_AT,Worked at,EDCT_084,,,1917,1920,1917-1920,,EDC_1920_8; EDC_1918_7; EDC_1917_6,FALSE,FALSE
EDCPT_7400,PRESENT_AT,Worked at,EDCT_085,,,1917,1920,1917-1920,,EDC_1920_14; EDC_1918_12; EDC_1917_10,FALSE,FALSE
EDCPT_8470,PRESENT_AT,Worked at,EDCT_085,,,1917,1920,1917-1920,,EDC_1920_48; EDC_1917_30,FALSE,FALSE
EDCPT_8632,PRESENT_AT,Worked at,EDCT_085,,,1917,1920,1917-1920,,EDC_1920_53; EDC_1917_34,FALSE,FALSE
EDCPT_9471,PRESENT_AT,Worked at,EDCT_085,,,1916,1920,1916-1920,,EDC_1920_76; EDC_1917_53; EDC_1918_68; EDC_1916_57,FALSE,FALSE
EDCPT_9600,PRESENT_AT,Worked at,EDCT_085,,,1917,1920,1917-1920,,EDC_1920_80; EDC_1918_72; EDC_1917_56,FALSE,FALSE
EDCPT_9621,PRESENT_AT,Worked at,EDCT_085,,,1918,1920,1918-1920,,EDC_1920_81; EDC_1918_72,FALSE,FALSE
EDCPT_9837,PRESENT_AT,Worked at,EDCT_085,,,1918,1920,1918-1920,,EDC_1920_87; EDC_1918_77,FALSE,FALSE
EDCPT_10086,PRESENT_AT,Worked at,EDCT_086,,,1917,1920,1917-1920,,EDC_1920_96; EDC_1917_62,FALSE,FALSE
EDCPT_7839,PRESENT_AT,Worked at,EDCT_086,,,1917,1920,1917-1920,,EDC_1920_28; EDC_1918_22; EDC_1917_17,FALSE,FALSE
EDCPT_8868,PRESENT_AT,Worked at,EDCT_086,,,1917,1920,1917-1920,,EDC_1920_59 ;EDC_1917_40; EDC_1918_51,FALSE,FALSE
EDCPT_7256,PRESENT_AT,Worked at,EDCT_087,,,1917,1920,1917-1920,,EDC_1920_8; EDC_1918_8; EDC_1917_6,FALSE,FALSE
EDCPT_7403,PRESENT_AT,Worked at,EDCT_087,,,1917,1920,1917-1920,,EDC_1920_14; EDC_1917_10,FALSE,FALSE
EDCPT_8186,PRESENT_AT,Worked at,EDCT_087,,,1918,1920,1918-1920,,EDC_1920_39; EDC_1918_31,FALSE,FALSE
EDCPT_7257,PRESENT_AT,Worked at,EDCT_088,,,1917,1920,1917-1920,,EDC_1920_8; EDC_1918_8; EDC_1917_6,FALSE,FALSE
EDCPT_9198,PRESENT_AT,Worked at,EDCT_088,,,1917,1920,1917-1920,,EDC_1920_67; EDC_1918_60 ; EDC_1917_47,FALSE,FALSE
EDCPT_8952,PRESENT_AT,Worked at,EDCT_090,,,1916,1920,1916-1920,,EDC_1920_61 ; EDC_1917_41; EDC_1918_54; EDC_1916_46,FALSE,FALSE
EDCPT_7366,PRESENT_AT,Worked at,EDCT_091,,,1918,1920,1918-1920,,EDC_1920_13; EDC_1918_11,FALSE,FALSE
EDCPT_8851,PRESENT_AT,Worked at,EDCT_091,,,1916,1920,1916-1920,,EDC_1920_58; EDC_1918_50; EDC_1917_39; EDC_1916_44,FALSE,FALSE
EDCPT_9081,PRESENT_AT,Worked at,EDCT_092,,,1918,1920,1918-1920,,EDC_1920_64; EDC_1918_57,FALSE,FALSE
EDCPT_10205,PRESENT_AT,Worked at,EDCT_093,,,1916,,1916-,,EDC_1916_72,FALSE,FALSE
EDCPT_8924,PRESENT_AT,Worked at,EDCT_093,,,1917,1920,1917-1920,,EDC_1920_60 ; EDC_1917_40; EDC_1918_52,FALSE,FALSE
EDCPT_9388,PRESENT_AT,Worked at,EDCT_093,,,1918,1920,1918-1920,,EDC_1920_73; EDC_1918_66,FALSE,FALSE
EDCPT_12268,PRESENT_AT,Worked at,EDCT_094,,,1917,1920,1917-1920,,EDC_1920_31; EDC_1917_18,FALSE,FALSE
EDCPT_12269,PRESENT_AT,Worked at,EDCT_094,,,1917,1920,1917-1920,,EDC_1920_31; EDC_1918_24; EDC_1917_18,FALSE,FALSE
EDCPT_7676,PRESENT_AT,Worked at,EDCT_094,,,1917,1918,1917-1918,,EDC_1918_19; EDC_1917_15,FALSE,FALSE
EDCPT_9016,PRESENT_AT,Worked at,EDCT_094,,,1918,1920,1918-1920,,EDC_1920_62; EDC_1918_55,FALSE,FALSE
EDCPT_9275,PRESENT_AT,Worked at,EDCT_094,,,1917,1920,1917-1920,,EDC_1920_70; EDC_1917_48; EDC_1918_62,FALSE,FALSE
EDCPT_7682,PRESENT_AT,Worked at,EDCT_096,,,1918,1920,1918-1920,,EDC_1920_24; EDC_1918_19,FALSE,FALSE
EDCPT_7981,PRESENT_AT,Worked at,EDCT_096,,,1918,1920,1918-1920,,EDC_1920_33; EDC_1918_26,FALSE,FALSE
EDCPT_8906,PRESENT_AT,Worked at,EDCT_096,,,1916,1920,1916-1920,,EDC_1920_60 ; EDC_1917_40; EDC_1918_52; EDC_1916_45,FALSE,FALSE
EDCPT_9420,PRESENT_AT,Worked at,EDCT_096,,,1916,1920,1916-1920,,EDC_1920_74; EDC_1918_67; EDC_1917_52; EDC_1916_56,FALSE,FALSE
EDCPT_10031,PRESENT_AT,Worked at,EDCT_099,,,1917,1920,1917-1920,,EDC_1920_95,FALSE,FALSE
EDCPT_10118,PRESENT_AT,Worked at,EDCT_100,,,1920,,1920-,,EDC_1920_97,FALSE,FALSE
EDCPT_10119,PRESENT_AT,Worked at,EDCT_100,,,1916,1920,1916-1920,,EDC_1920_97; EDC_1918_83; EDC_1917_63; EDC_1916_71,FALSE,FALSE
EDCPT_8066,PRESENT_AT,Worked at,EDCT_100,,,1918,1920,1918-1920,,EDC_1920_36; EDC_1918_29,FALSE,FALSE
EDCPT_7294,PRESENT_AT,Worked at,EDCT_101,,,1918,1920,1918-1920,,EDC_1920_10; EDC_1918_9,FALSE,FALSE
EDCPT_9992,PRESENT_AT,Worked at,EDCT_101,,,1918,1920,1918-1920,,EDC_1920_93; EDC_1918_80,FALSE,FALSE
EDCPT_7299,PRESENT_AT,Worked at,EDCT_102,,,1917,1920,1917-1920,,EDC_1920_10; EDC_1918_9; EDC_1917_7,FALSE,FALSE
EDCPT_9372,PRESENT_AT,Worked at,EDCT_103,,,1918,1920,1918-1920,,EDC_1920_72; EDC_1918_65,FALSE,FALSE
EDCPT_7445,PRESENT_AT,Worked at,EDCT_106,,,1917,1920,1917-1920,,EDC_1920_16;EDC_1918_13; EDC_1917_11,FALSE,FALSE
EDCPT_7311,PRESENT_AT,Worked at,EDCT_107,,,1918,1920,1918-1920,,EDC_1920_11; EDC_1918_9,FALSE,FALSE
EDCPT_8138,PRESENT_AT,Worked at,EDCT_108,,,1916,1920,1916-1920,,EDC_1920_38; EDC_1918_33; EDC_1917_23; EDC_1916_27,FALSE,FALSE
EDCPT_7316,PRESENT_AT,Worked at,EDCT_109,,,1917,1920,1917-1920,,EDC_1920_11; EDC_1918_9; EDC_1917_8,FALSE,FALSE
EDCPT_7341,PRESENT_AT,Worked at,EDCT_109,,,1917,1920,1917-1920,,EDC_1920_12; EDC_1918_10; EDC_1917_8;EDC_1914_3,FALSE,FALSE
EDCPT_7578,PRESENT_AT,Worked at,EDCT_109,,,1918,1920,1918-1920,,EDC_1920_20; EDC_1918_17,FALSE,FALSE
EDCPT_9442,PRESENT_AT,Worked at,EDCT_109,,,1916,1920,1916-1920,Headmaster of High School Department,EDC_1920_75; EDC_1918_68; EDC_1917_53; EDC_1916_56,FALSE,FALSE
EDCPT_7319,PRESENT_AT,Worked at,EDCT_110,,,1918,1920,1918-1920,,EDC_1920_11; EDC_1918_9,FALSE,FALSE
EDCPT_7324,PRESENT_AT,Worked at,EDCT_111,,,1917,1920,1917-1920,,EDC_1920_11; EDC_1918_9; EDC_1917_8,FALSE,FALSE
EDCPT_9745,PRESENT_AT,Worked at,EDCT_111,,,1917,1918,1917-1918,,EDC_1918_75; EDC_1917_58,FALSE,FALSE
EDCPT_7347,PRESENT_AT,Worked at,EDCT_115,,,1917,1920,1917-1920,,EDC_1920_12; EDC_1918_10; EDC_1917_8,FALSE,FALSE
EDCPT_7982,PRESENT_AT,Worked at,EDCT_115,,,1918,1920,1918-1920,,EDC_1920_33; EDC_1918_26,FALSE,FALSE
EDCPT_8689,PRESENT_AT,Worked at,EDCT_115,,,1917,1920,1917-1920,,EDC_1920_54; EDC_1917_35,FALSE,FALSE
EDCPT_9102,PRESENT_AT,Worked at,EDCT_115,,,1916,1920,1916-1920,,EDC_1920_64; EDC_1918_57 ; EDC_1917_44; EDC_1916_48,FALSE,FALSE
EDCPT_7350,PRESENT_AT,Worked at,EDCT_116,,,1918,1920,1918-1920,,EDC_1920_12; EDC_1918_10,FALSE,FALSE
EDCPT_7352,PRESENT_AT,Worked at,EDCT_117,,,1918,1920,1918-1920,,EDC_1920_12; EDC_1918_10,FALSE,FALSE
EDCPT_9227,PRESENT_AT,Worked at,EDCT_117,,,1918,1920,1918-1920,,EDC_1920_68; EDC_1918_59,FALSE,FALSE
EDCPT_7449,PRESENT_AT,Worked at,EDCT_118,,,1917,1920,1917-1920,,EDC_1920_16;EDC_1918_13; EDC_1917_11,FALSE,FALSE
EDCPT_8099,PRESENT_AT,Worked at,EDCT_118,,,1918,1920,1918-1920,,EDC_1920_36; EDC_1918_29,FALSE,FALSE
EDCPT_9408,PRESENT_AT,Worked at,EDCT_118,,,1917,1920,1917-1920,,EDC_1920_74; EDC_1918_66; EDC_1917_52,FALSE,FALSE
EDCPT_7356,PRESENT_AT,Worked at,EDCT_120,,,1917,1920,1917-1920,,EDC_1920_13; EDC_1918_10; EDC_1917_9,FALSE,FALSE
EDCPT_7360,PRESENT_AT,Worked at,EDCT_121,,,1918,1920,1918-1920,,EDC_1920_13; EDC_1918_10,FALSE,FALSE
EDCPT_7361,PRESENT_AT,Worked at,EDCT_121,,,1918,1920,1918-1920,,EDC_1920_13; EDC_1918_11,FALSE,FALSE
EDCPT_7939,PRESENT_AT,Worked at,EDCT_121,,,1918,1920,1918-1920,,EDC_1920_31; EDC_1918_25,FALSE,FALSE
EDCPT_8756,PRESENT_AT,Worked at,EDCT_121,,,1918,1920,1918-1920,,EDC_1920_55; EDC_1918_48,FALSE,FALSE
EDCPT_7362,PRESENT_AT,Worked at,EDCT_122,,,1917,1920,1917-1920,,EDC_1920_13; EDC_1918_11; EDC_1917_9;EDC_1914_3,FALSE,FALSE
EDCPT_8531,PRESENT_AT,Worked at,EDCT_122,,,1913,1920,1913-1920,,EDC_1920_50,FALSE,FALSE
EDCPT_9138,PRESENT_AT,Worked at,EDCT_125,,,1917,1920,1917-1920,,EDC_1920_65; EDC_1918_58 ; EDC_1917_45,FALSE,FALSE
EDCPT_7379,PRESENT_AT,Worked at,EDCT_126,,,1918,1920,1918-1920,,EDC_1920_13; EDC_1918_11,FALSE,FALSE
EDCPT_7679,PRESENT_AT,Worked at,EDCT_126,,,1918,1920,1918-1920,,EDC_1920_24; EDC_1918_19,FALSE,FALSE
EDCPT_7380,PRESENT_AT,Worked at,EDCT_127,,,1918,1920,1918-1920,,EDC_1920_13; EDC_1918_11,FALSE,FALSE
EDCPT_7723,PRESENT_AT,Worked at,EDCT_127,,,1918,1920,1918-1920,,EDC_1920_25; EDC_1918_20,FALSE,FALSE
EDCPT_8608,PRESENT_AT,Worked at,EDCT_127,,,1917,1920,1917-1920,,EDC_1920_52; EDC_1917_33,FALSE,FALSE
EDCPT_7388,PRESENT_AT,Worked at,EDCT_128,,,1917,1920,1917-1920,,EDC_1920_14; EDC_1918_11; EDC_1917_9,FALSE,FALSE
EDCPT_7854,PRESENT_AT,Worked at,EDCT_128,,,1917,1920,1917-1920,,EDC_1920_29; EDC_1918_23; EDC_1917_17,FALSE,FALSE
EDCPT_8938,PRESENT_AT,Worked at,EDCT_128,,,1916,1920,1916-1920,,EDC_1920_60 ; EDC_1917_41; EDC_1918_53; EDC_1916_46,FALSE,FALSE
EDCPT_9950,PRESENT_AT,Worked at,EDCT_128,,,1917,1920,1917-1920,,EDC_1920_92; EDC_1918_79; EDC_1917_60,FALSE,FALSE
EDCPT_7395,PRESENT_AT,Worked at,EDCT_129,,,1917,1920,1917-1920,,EDC_1920_14; EDC_1918_11; EDC_1917_9,FALSE,FALSE
EDCPT_7399,PRESENT_AT,Worked at,EDCT_130,,,1918,1920,1918-1920,,EDC_1920_14; EDC_1918_12,FALSE,FALSE
EDCPT_7410,PRESENT_AT,Worked at,EDCT_131,,,1917,1920,1917-1920,,EDC_1920_14; EDC_1918_12; EDC_1917_10,FALSE,FALSE
EDCPT_8571,PRESENT_AT,Worked at,EDCT_132,,,1917,1920,1917-1920,,EDC_1920_51; EDC_1917_33,FALSE,FALSE
EDCPT_9994,PRESENT_AT,Worked at,EDCT_132,,,1917,1920,1917-1920,,EDC_1920_93; EDC_1918_80; EDC_1917_60,FALSE,FALSE
EDCPT_7411,PRESENT_AT,Worked at,EDCT_133,,,1918,1920,1918-1920,,EDC_1920_14; EDC_1918_12;EDC_1914_4,FALSE,FALSE
EDCPT_7482,PRESENT_AT,Worked at,EDCT_134,,,1917,1920,1917-1920,,EDC_1920_17; EDC_1918_15; EDC_1917_12,FALSE,FALSE
EDCPT_8105,PRESENT_AT,Worked at,EDCT_134,,,1918,1920,1918-1920,,EDC_1920_36; EDC_1918_30,FALSE,FALSE
EDCPT_7416,PRESENT_AT,Worked at,EDCT_135,,,1918,1920,1918-1920,,EDC_1920_15; EDC_1918_12,FALSE,FALSE
EDCPT_10021,PRESENT_AT,Worked at,EDCT_136,,,1917,1920,1917-1920,,EDC_1920_94; EDC_1918_80; EDC_1917_61,FALSE,FALSE
EDCPT_10022,PRESENT_AT,Worked at,EDCT_136,,,1920,,1920-,,EDC_1920_94,FALSE,FALSE
EDCPT_7422,PRESENT_AT,Worked at,EDCT_137,,,1918,1920,1918-1920,,EDC_1920_15; EDC_1918_13,FALSE,FALSE
EDCPT_7436,PRESENT_AT,Worked at,EDCT_139,,,1918,1920,1918-1920,,EDC_1920_15; EDC_1918_13,FALSE,FALSE
EDCPT_9622,PRESENT_AT,Worked at,EDCT_139,,,1918,1920,1918-1920,,EDC_1920_81; EDC_1918_72,FALSE,FALSE
EDCPT_7437,PRESENT_AT,Worked at,EDCT_140,,,1917,1920,1917-1920,,EDC_1920_15; EDC_1918_13; EDC_1917_10,FALSE,FALSE
EDCPT_10018,PRESENT_AT,Worked at,EDCT_141,,,1918,1920,1918-1920,,EDC_1920_94; EDC_1918_80,FALSE,FALSE
EDCPT_7451,PRESENT_AT,Worked at,EDCT_142,,,1917,1920,1917-1920,,EDC_1920_16;EDC_1918_14; EDC_1917_11,FALSE,FALSE
EDCPT_7461,PRESENT_AT,Worked at,EDCT_142,,,1917,1920,1917-1920,,EDC_1920_16;EDC_1918_14; EDC_1917_11,FALSE,FALSE
EDCPT_7453,PRESENT_AT,Worked at,EDCT_143,,,1917,1920,1917-1920,,EDC_1920_16;EDC_1918_14; EDC_1917_11,FALSE,FALSE
EDCPT_9852,PRESENT_AT,Worked at,EDCT_143,,,1918,1920,1918-1920,,EDC_1920_88; EDC_1918_77,FALSE,FALSE
EDCPT_7463,PRESENT_AT,Worked at,EDCT_144,,,1917,1920,1917-1920,,EDC_1920_16;EDC_1918_14; EDC_1917_11,FALSE,FALSE
EDCPT_7878,PRESENT_AT,Worked at,EDCT_144,,,1917,1920,1917-1920,,EDC_1920_29; EDC_1918_23; EDC_1917_18,FALSE,FALSE
EDCPT_7979,PRESENT_AT,Worked at,EDCT_144,,,1917,1920,1917-1920,,EDC_1920_33; EDC_1918_26; EDC_1917_20,FALSE,FALSE
EDCPT_7470,PRESENT_AT,Worked at,EDCT_145,,,1918,1920,1918-1920,,EDC_1920_17;EDC_1918_14; EDC_1917_12,FALSE,FALSE
EDCPT_7471,PRESENT_AT,Worked at,EDCT_145,,,1918,1920,1918-1920,,EDC_1920_17;EDC_1918_14;EDC_1917_12,FALSE,FALSE
EDCPT_7473,PRESENT_AT,Worked at,EDCT_146,,,1917,1920,1917-1920,,EDC_1920_17;EDC_1918_14; EDC_1917_12,FALSE,FALSE
EDCPT_10078,PRESENT_AT,Worked at,EDCT_147,,,1920,,1920-,,EDC_1920_96,FALSE,FALSE
EDCPT_7633,PRESENT_AT,Worked at,EDCT_147,,,1918,1920,1918-1920,,EDC_1920_22; EDC_1918_19,FALSE,FALSE
EDCPT_7744,PRESENT_AT,Worked at,EDCT_147,,,1917,1920,1917-1920,,EDC_1920_26;EDC_1917_16,FALSE,FALSE
EDCPT_8006,PRESENT_AT,Worked at,EDCT_147,,,1918,1920,1918-1920,,EDC_1920_34; EDC_1918_27,FALSE,FALSE
EDCPT_7481,PRESENT_AT,Worked at,EDCT_148,,,1917,1920,1917-1920,,EDC_1920_17; EDC_1918_15; EDC_1917_12,FALSE,FALSE
EDCPT_12267,PRESENT_AT,Worked at,EDCT_149,,,1917,1920,1917-1920,,EDC_1920_17; EDC_1917_12,FALSE,FALSE
EDCPT_7486,PRESENT_AT,Worked at,EDCT_150,,,1918,1920,1918-1920,,EDC_1920_17; EDC_1918_15,FALSE,FALSE
EDCPT_8666,PRESENT_AT,Worked at,EDCT_151,,,1916,1920,1916-1920,,EDC_1920_53; EDC_1917_35; EDC_1916_39,FALSE,FALSE
EDCPT_10065,PRESENT_AT,Worked at,EDCT_153,,,1920,,1920-,,EDC_1920_96,FALSE,FALSE
EDCPT_7629,PRESENT_AT,Worked at,EDCT_157,,,1918,1920,1918-1920,,EDC_1920_22; EDC_1918_18,FALSE,FALSE
EDCPT_9668,PRESENT_AT,Worked at,EDCT_158,,,1917,1920,1917-1920,,EDC_1920_83; EDC_1918_73; EDC_1917_57,FALSE,FALSE
EDCPT_7523,PRESENT_AT,Worked at,EDCT_159,,,1918,1920,1918-1920,,EDC_1920_18; EDC_1918_16,FALSE,FALSE
EDCPT_7817,PRESENT_AT,Worked at,EDCT_160,,,1918,1920,1918-1920,,EDC_1920_27; EDC_1918_22,FALSE,FALSE
EDCPT_7518,PRESENT_AT,Worked at,EDCT_161,,,1918,1920,1918-1920,,EDC_1920_18; EDC_1918_15,FALSE,FALSE
EDCPT_7672,PRESENT_AT,Worked at,EDCT_161,,,1917,1920,1917-1920,,EDC_1920_23; EDC_1918_19; EDC_1917_15,FALSE,FALSE
EDCPT_7522,PRESENT_AT,Worked at,EDCT_162,,,1918,1920,1918-1920,,EDC_1920_18; EDC_1918_15,FALSE,FALSE
EDCPT_8356,PRESENT_AT,Worked at,EDCT_162,,,1917,1920,1917-1920,,EDC_1920_45; EDC_1917_27,FALSE,FALSE
EDCPT_7521,PRESENT_AT,Worked at,EDCT_163,,,1918,1920,1918-1920,,EDC_1920_19; EDC_1918_15,FALSE,FALSE
EDCPT_7694,PRESENT_AT,Worked at,EDCT_163,,,1918,1920,1918-1920,,EDC_1920_24; EDC_1918_20,FALSE,FALSE
EDCPT_10014,PRESENT_AT,Worked at,EDCT_167,,,1920,,1920-,,EDC_1920_94,FALSE,FALSE
EDCPT_7622,PRESENT_AT,Worked at,EDCT_167,,,1918,1920,1918-1920,,EDC_1920_22; EDC_1918_18,FALSE,FALSE
EDCPT_7531,PRESENT_AT,Worked at,EDCT_168,,,1917,1920,1917-1920,,EDC_1920_19; EDC_1918_15; EDC_1917_13,FALSE,FALSE
EDCPT_8779,PRESENT_AT,Worked at,EDCT_168,,,1916,1920,1916-1920,,EDC_1920_56; EDC_1918_48; EDC_1917_37; EDC_1916_42,FALSE,FALSE
EDCPT_9612,PRESENT_AT,Worked at,EDCT_168,,,1918,1920,1918-1920,,EDC_1920_81; EDC_1918_72,FALSE,FALSE
EDCPT_9307,PRESENT_AT,Worked at,EDCT_169,,,1918,1920,1918-1920,,EDC_1920_71; EDC_1918_63,FALSE,FALSE
EDCPT_8202,PRESENT_AT,Worked at,EDCT_170,,,1916,1920,1916-1920,,EDC_1920_40; EDC_1918_32; EDC_1917_24; EDC_1916_29,FALSE,FALSE
EDCPT_8522,PRESENT_AT,Worked at,EDCT_170,,,1917,1920,1917-1920,,EDC_1920_50; EDC_1917_32; EDC_1918_42,FALSE,FALSE
EDCPT_8970,PRESENT_AT,Worked at,EDCT_172,,,1918,1920,1918-1920,,EDC_1920_62; EDC_1918_54,FALSE,FALSE
EDCPT_9038,PRESENT_AT,Worked at,EDCT_172,,,1917,1920,1917-1920,,EDC_1920_63; EDC_1918_56 ; EDC_1917_43,FALSE,FALSE
EDCPT_7551,PRESENT_AT,Worked at,EDCT_173,,,1917,1920,1917-1920,,EDC_1920_19; EDC_1918_16; EDC_1917_13,FALSE,FALSE
EDCPT_9210,PRESENT_AT,Worked at,EDCT_173,,,1917,1920,1917-1920,,EDC_1920_68; EDC_1918_61 ; EDC_1917_47,FALSE,FALSE
EDCPT_9302,PRESENT_AT,Worked at,EDCT_173,,,1916,1920,1916-1920,,EDC_1920_70; EDC_1918_63; EDC_1916_53,FALSE,FALSE
EDCPT_9540,PRESENT_AT,Worked at,EDCT_173,,,1917,1920,1917-1920,,EDC_1920_78; EDC_1917_55,FALSE,FALSE
EDCPT_7553,PRESENT_AT,Worked at,EDCT_174,,,1917,1920,1917-1920,,EDC_1920_19; EDC_1918_16; EDC_1917_13,FALSE,FALSE
EDCPT_7563,PRESENT_AT,Worked at,EDCT_178,,,1918,1920,1918-1920,,EDC_1920_20; EDC_1918_16,FALSE,FALSE
EDCPT_8317,PRESENT_AT,Worked at,EDCT_179,,,1916,1920,1916-1920,,EDC_1920_44; EDC_1918_36; EDC_1917_27; EDC_1916_31,FALSE,FALSE
EDCPT_8539,PRESENT_AT,Worked at,EDCT_179,,,1917,1920,1917-1920,,EDC_1920_50; EDC_1917_32,FALSE,FALSE
EDCPT_9488,PRESENT_AT,Worked at,EDCT_179,,,1916,1920,1916-1920,,EDC_1920_76; EDC_1918_69; EDC_1917_54; EDC_1916_57,FALSE,FALSE
EDCPT_7591,PRESENT_AT,Worked at,EDCT_186,,,1917,1920,1917-1920,,EDC_1920_21; EDC_1918_17; EDC_1917_14,FALSE,FALSE
EDCPT_9730,PRESENT_AT,Worked at,EDCT_186,,,1918,1920,1918-1920,,EDC_1920_84; EDC_1918_74,FALSE,FALSE
EDCPT_7595,PRESENT_AT,Worked at,EDCT_187,,,1917,1920,1917-1920,,EDC_1920_18; EDC_1918_15; EDC_1917_14,FALSE,FALSE
EDCPT_7801,PRESENT_AT,Worked at,EDCT_187,,,1917,1920,1917-1920,,EDC_1920_27; EDC_1918_21; EDC_1917_17,FALSE,FALSE
EDCPT_7612,PRESENT_AT,Worked at,EDCT_191,,,1918,1920,1918-1920,,EDC_1920_22; EDC_1918_18,FALSE,FALSE
EDCPT_12023,PRESENT_AT,Worked at,EDCT_194,,,1918,1920,1918-1920,,EDC_1920_162; EDC_1918_143,FALSE,FALSE
EDCPT_7623,PRESENT_AT,Worked at,EDCT_194,,,1918,1920,1918-1920,,EDC_1920_22; EDC_1918_18,FALSE,FALSE
EDCPT_7624,PRESENT_AT,Worked at,EDCT_194,,,1917,1920,1917-1920,,EDC_1920_22; EDC_1918_18; EDC_1917_14;EDC_1914_5,FALSE,FALSE
EDCPT_7992,PRESENT_AT,Worked at,EDCT_195,,,1917,1920,1917-1920,,EDC_1920_34; EDC_1917_20,FALSE,FALSE
EDCPT_8583,PRESENT_AT,Worked at,EDCT_196,,,1917,1920,1917-1920,,EDC_1920_51; EDC_1917_33,FALSE,FALSE
EDCPT_9969,PRESENT_AT,Worked at,EDCT_196,,,1918,1920,1918-1920,,EDC_1920_92; EDC_1918_79,FALSE,FALSE
EDCPT_7862,PRESENT_AT,Worked at,EDCT_197,,,1918,1920,1918-1920,,EDC_1920_29; EDC_1918_23,FALSE,FALSE
EDCPT_8249,PRESENT_AT,Worked at,EDCT_198,,,1916,1920,1916-1920,,EDC_1920_42; EDC_1916_30;EDC_1914_9,FALSE,FALSE
EDCPT_7922,PRESENT_AT,Worked at,EDCT_200,,,1917,1920,1917-1920,,EDC_1920_31; EDC_1918_24; EDC_1917_18,FALSE,FALSE
EDCPT_7660,PRESENT_AT,Worked at,EDCT_201,,,1918,1920,1918-1920,,EDC_1920_23; EDC_1918_20,FALSE,FALSE
EDCPT_8081,PRESENT_AT,Worked at,EDCT_202,,,1918,1920,1918-1920,,EDC_1920_36; EDC_1918_29,FALSE,FALSE
EDCPT_7665,PRESENT_AT,Worked at,EDCT_203,,,1917,1920,1917-1920,,EDC_1920_23; EDC_1917_15,FALSE,FALSE
EDCPT_9617,PRESENT_AT,Worked at,EDCT_204,,,1916,1920,1916-1920,,EDC_1920_81; EDC_1918_72; EDC_1916_60,FALSE,FALSE
EDCPT_9717,PRESENT_AT,Worked at,EDCT_204,,,1918,1920,1918-1920,,EDC_1920_84; EDC_1918_74,FALSE,FALSE
EDCPT_7671,PRESENT_AT,Worked at,EDCT_206,,,1917,1920,1917-1920,,EDC_1920_23; EDC_1917_15,FALSE,FALSE
EDCPT_7850,PRESENT_AT,Worked at,EDCT_206,,,1918,1920,1918-1920,,EDC_1920_28; EDC_1918_22,FALSE,FALSE
EDCPT_7748,PRESENT_AT,Worked at,EDCT_209,,,1918,1920,1918-1920,,EDC_1920_26; EDC_1918_20,FALSE,FALSE
EDCPT_12270,PRESENT_AT,Worked at,EDCT_214,,,1917,1920,1917-1920,,EDC_1920_55; EDC_1917_37,FALSE,FALSE
EDCPT_8527,PRESENT_AT,Worked at,EDCT_214,,,1916,1920,1916-1920,,EDC_1916_37,FALSE,TRUE
EDCPT_7732,PRESENT_AT,Worked at,EDCT_217,,,1917,1920,1917-1920,,EDC_1920_25; EDC_1918_20; EDC_1917_16,FALSE,FALSE
EDCPT_7940,PRESENT_AT,Worked at,EDCT_219,,,1917,1920,1917-1920,,EDC_1920_31; EDC_1918_25; EDC_1917_19,FALSE,FALSE
EDCPT_7869,PRESENT_AT,Worked at,EDCT_223,,,1918,1920,1918-1920,,EDC_1920_29; EDC_1918_23,FALSE,FALSE
EDCPT_8928,PRESENT_AT,Worked at,EDCT_225,,,1917,1920,1917-1920,,EDC_1920_60 ; EDC_1917_41; EDC_1918_53,FALSE,FALSE
EDCPT_9364,PRESENT_AT,Worked at,EDCT_226,,,1918,1920,1918-1920,,EDC_1920_72; EDC_1918_65,FALSE,FALSE
EDCPT_7777,PRESENT_AT,Worked at,EDCT_227,,,1918,1920,1918-1920,,EDC_1920_26; EDC_1918_21,FALSE,FALSE
EDCPT_9338,PRESENT_AT,Worked at,EDCT_227,,,1918,1920,1918-1920,,EDC_1920_71; EDC_1918_64,FALSE,FALSE
EDCPT_9887,PRESENT_AT,Worked at,EDCT_227,,,1918,1920,1918-1920,,EDC_1920_90; EDC_1918_78,FALSE,FALSE
EDCPT_7810,PRESENT_AT,Worked at,EDCT_232,,,1917,1920,1917-1920,,EDC_1920_27; EDC_1918_22; EDC_1917_17,FALSE,FALSE
EDCPT_7851,PRESENT_AT,Worked at,EDCT_233,,,1918,1920,1918-1920,,EDC_1920_28; EDC_1918_22,FALSE,FALSE
EDCPT_7814,PRESENT_AT,Worked at,EDCT_235,,,1918,1920,1918-1920,,EDC_1920_27; EDC_1918_22,FALSE,FALSE
EDCPT_10036,PRESENT_AT,Worked at,EDCT_238,,,1920,,1920-,,EDC_1920_95,FALSE,FALSE
EDCPT_7827,PRESENT_AT,Worked at,EDCT_238,,,1918,1920,1918-1920,,EDC_1920_27; EDC_1918_22,FALSE,FALSE
EDCPT_7995,PRESENT_AT,Worked at,EDCT_238,,,1917,1920,1917-1920,,EDC_1920_33; EDC_1918_27; EDC_1917_20,FALSE,FALSE
EDCPT_8273,PRESENT_AT,Worked at,EDCT_238,,,1916,1920,1916-1920,,EDC_1920_42; EDC_1916_30;EDC_1914_10,FALSE,FALSE
EDCPT_10092,PRESENT_AT,Worked at,EDCT_240,,,1917,1920,1917-1920,,EDC_1920_97; EDC_1918_82; EDC_1917_62,FALSE,FALSE
EDCPT_7855,PRESENT_AT,Worked at,EDCT_244,,,1918,1920,1918-1920,,EDC_1920_29; EDC_1918_23,FALSE,FALSE
EDCPT_9647,PRESENT_AT,Worked at,EDCT_244,,,1918,1920,1918-1920,,EDC_1920_82; EDC_1918_73,FALSE,FALSE
EDCPT_7888,PRESENT_AT,Worked at,EDCT_247,,,1918,1920,1918-1920,,EDC_1920_30; EDC_1918_23,FALSE,FALSE
EDCPT_8876,PRESENT_AT,Worked at,EDCT_249,,,1917,1920,1917-1920,,EDC_1920_59; EDC_1917_40; EDC_1918_51,FALSE,FALSE
EDCPT_7891,PRESENT_AT,Worked at,EDCT_250,,,1915,1920,1915-1920,,EDC_1920_30,FALSE,FALSE
EDCPT_7928,PRESENT_AT,Worked at,EDCT_251,,,1917,1920,1917-1920,,EDC_1920_31; EDC_1918_25; EDC_1917_18,FALSE,FALSE
EDCPT_7898,PRESENT_AT,Worked at,EDCT_253,,,1918,1920,1918-1920,,EDC_1920_30; EDC_1918_24,FALSE,FALSE
EDCPT_8576,PRESENT_AT,Worked at,EDCT_255,,,1917,1920,1917-1920,,EDC_1920_51; EDC_1917_33,FALSE,FALSE
EDCPT_7910,PRESENT_AT,Worked at,EDCT_256,,,1917,1920,1917-1920,,EDC_1920_30; EDC_1918_23; EDC_1917_18,FALSE,FALSE
EDCPT_9232,PRESENT_AT,Worked at,EDCT_256,,,1916,1920,1916-1920,,EDC_1920_68; EDC_1918_61; EDC_1917_47; EDC_1916_51,FALSE,FALSE
EDCPT_7927,PRESENT_AT,Worked at,EDCT_258,,,1918,1920,1918-1920,,EDC_1920_31; EDC_1918_25,FALSE,FALSE
EDCPT_7931,PRESENT_AT,Worked at,EDCT_259,,,1918,1920,1918-1920,,EDC_1920_31; EDC_1918_25,FALSE,FALSE
EDCPT_7937,PRESENT_AT,Worked at,EDCT_260,,,1918,1920,1918-1920,,EDC_1920_31; EDC_1918_25,FALSE,FALSE
EDCPT_7945,PRESENT_AT,Worked at,EDCT_261,,,1918,1920,1918-1920,,EDC_1920_32; EDC_1918_25,FALSE,FALSE
EDCPT_7948,PRESENT_AT,Worked at,EDCT_262,,,1917,1920,1917-1920,,EDC_1920_32; EDC_1918_25; EDC_1917_19,FALSE,FALSE
EDCPT_8606,PRESENT_AT,Worked at,EDCT_263,,,1916,1920,1916-1920,,EDC_1920_52; EDC_1916_38,FALSE,FALSE
EDCPT_8773,PRESENT_AT,Worked at,EDCT_264,,,1918,1920,1918-1920,,EDC_1920_56; EDC_1918_48,FALSE,FALSE
EDCPT_7987,PRESENT_AT,Worked at,EDCT_265,,,1917,1920,1917-1920,,EDC_1920_33; EDC_1917_20,FALSE,FALSE
EDCPT_7987,PRESENT_AT,Worked at,EDCT_266,,,1916,1917,1916-1917,,EDC_1920_33,FALSE,FALSE
EDCPT_7991,PRESENT_AT,Worked at,EDCT_267,,,1916,1920,1916-1920,,EDC_1920_33,FALSE,FALSE
EDCPT_10009,PRESENT_AT,Worked at,EDCT_272,,,1918,1920,1918-1920,,EDC_1920_94; EDC_1918_80,FALSE,FALSE
EDCPT_8605,PRESENT_AT,Worked at,EDCT_272,,,1907,1911,1907-1911,,EDC_1920_52,FALSE,FALSE
EDCPT_9380,PRESENT_AT,Worked at,EDCT_272,,,1916,1920,1916-1920,,EDC_1920_73; EDC_1918_65; EDC_1917_51; EDC_1916_55,FALSE,FALSE
EDCPT_9930,PRESENT_AT,Worked at,EDCT_272,,,1916,1920,1916-1920,,EDC_1920_91; EDC_1918_78; EDC_1917_60; EDC_1916_66,FALSE,FALSE
EDCPT_8011,PRESENT_AT,Worked at,EDCT_275,,,1918,1920,1918-1920,,EDC_1920_34; EDC_1918_27,FALSE,FALSE
EDCPT_8020,PRESENT_AT,Worked at,EDCT_275,,,1918,1920,1918-1920,,EDC_1920_34; EDC_1918_27,FALSE,FALSE
EDCPT_8025,PRESENT_AT,Worked at,EDCT_278,,,1918,1920,1918-1920,,EDC_1920_35; EDC_1918_27,FALSE,FALSE
EDCPT_8061,PRESENT_AT,Worked at,EDCT_278,,,1916,1920,1916-1920,,EDC_1920_36; EDC_1918_28; EDC_1917_21; EDC_1916_25,FALSE,FALSE
EDCPT_9985,PRESENT_AT,Worked at,EDCT_281,,,1918,1920,1918-1920,,EDC_1920_93,FALSE,FALSE
EDCPT_8042,PRESENT_AT,Worked at,EDCT_282,,,1916,1920,1916-1920,,EDC_1920_35; EDC_1918_28; EDC_1917_21; EDC_1916_24,FALSE,FALSE
EDCPT_8058,PRESENT_AT,Worked at,EDCT_286,,,1916,1920,1916-1920,,EDC_1920_36; EDC_1917_21; EDC_1916_25,FALSE,FALSE
EDCPT_8059,PRESENT_AT,Worked at,EDCT_286,,,1916,1920,1916-1920,,EDC_1920_35; EDC_1917_21; EDC_1916_25,FALSE,FALSE
EDCPT_8069,PRESENT_AT,Worked at,EDCT_287,,,1918,1920,1918-1920,,EDC_1920_36; EDC_1918_29,FALSE,FALSE
EDCPT_8118,PRESENT_AT,Worked at,EDCT_289,,,1916,1920,1916-1920,,EDC_1920_37; EDC_1918_30; EDC_1917_23; EDC_1916_27,FALSE,FALSE
EDCPT_8120,PRESENT_AT,Worked at,EDCT_290,,,1918,1920,1918-1920,,EDC_1920_37; EDC_1918_30,FALSE,FALSE
EDCPT_9547,PRESENT_AT,Worked at,EDCT_290,,,1916,1920,1916-1920,,EDC_1920_79; EDC_1918_70;EDC_1917_55; EDC_1916_58,FALSE,FALSE
EDCPT_8135,PRESENT_AT,Worked at,EDCT_292,,,1918,1920,1918-1920,,EDC_1920_37; EDC_1918_30,FALSE,FALSE
EDCPT_8145,PRESENT_AT,Worked at,EDCT_294,,,1916,1920,1916-1920,,EDC_1920_38; EDC_1916_27,FALSE,FALSE
EDCPT_8727,PRESENT_AT,Worked at,EDCT_295,,,1917,1920,1917-1920,,EDC_1920_55; EDC_1920_47; EDC_1917_36,FALSE,FALSE
EDCPT_9337,PRESENT_AT,Worked at,EDCT_298,,,1918,1920,1918-1920,,EDC_1920_71; EDC_1918_64,FALSE,FALSE
EDCPT_8178,PRESENT_AT,Worked at,EDCT_299,,,1916,1920,1916-1920,,EDC_1920_39; EDC_1918_31; EDC_1917_24; EDC_1916_28,FALSE,FALSE
EDCPT_10004,PRESENT_AT,Worked at,EDCT_300,,,1920,,1920-,,EDC_1920_93,FALSE,FALSE
EDCPT_8179,PRESENT_AT,Worked at,EDCT_300,,,1918,1920,1918-1920,,EDC_1920_39; EDC_1918_31;EDC_1914_9,FALSE,FALSE
EDCPT_9212,PRESENT_AT,Worked at,EDCT_300,,,1917,1920,1917-1920,,EDC_1920_68; EDC_1918_61 ; EDC_1917_47,FALSE,FALSE
EDCPT_8183,PRESENT_AT,Worked at,EDCT_301,,,1916,1920,1916-1920,,EDC_1920_39; EDC_1918_31; EDC_1917_24; EDC_1916_28,FALSE,FALSE
EDCPT_8579,PRESENT_AT,Worked at,EDCT_301,,,1917,1920,1917-1920,,EDC_1920_51; EDC_1917_33,FALSE,FALSE
EDCPT_9839,PRESENT_AT,Worked at,EDCT_301,,,1918,1920,1918-1920,,EDC_1920_88; EDC_1918_76,FALSE,FALSE
EDCPT_9906,PRESENT_AT,Worked at,EDCT_301,,,1918,1920,1918-1920,,EDC_1920_90; EDC_1918_78,FALSE,FALSE
EDCPT_10067,PRESENT_AT,Worked at,EDCT_302,,,1920,,1920-,,EDC_1920_96,FALSE,FALSE
EDCPT_8187,PRESENT_AT,Worked at,EDCT_302,,,1916,1920,1916-1920,,EDC_1920_39; EDC_1918_31; EDC_1917_24; EDC_1916_28;EDC_1914_9,FALSE,FALSE
EDCPT_8217,PRESENT_AT,Worked at,EDCT_304,,,1918,1920,1918-1920,,EDC_1920_41; EDC_1918_33,FALSE,FALSE
EDCPT_8850,PRESENT_AT,Worked at,EDCT_305,,,1918,1920,1918-1920,,EDC_1920_58; EDC_1918_50,FALSE,FALSE
EDCPT_8235,PRESENT_AT,Worked at,EDCT_307,,,1916,1920,1916-1920,,EDC_1920_41; EDC_1917_25; EDC_1916_29,FALSE,FALSE
EDCPT_8849,PRESENT_AT,Worked at,EDCT_310,,,1918,1920,1918-1920,,EDC_1920_58; EDC_1918_50,FALSE,FALSE
EDCPT_9934,PRESENT_AT,Worked at,EDCT_311,,,1916,1920,1916-1920,,EDC_1920_91; EDC_1917_60; EDC_1916_66,FALSE,FALSE
EDCPT_8296,PRESENT_AT,Worked at,EDCT_312,,,1917,1920,1917-1920,,EDC_1920_43; EDC_1917_26,FALSE,FALSE
EDCPT_8299,PRESENT_AT,Worked at,EDCT_313,,,1916,1920,1916-1920,,EDC_1920_43; EDC_1917_26; EDC_1916_31,FALSE,FALSE
EDCPT_8971,PRESENT_AT,Worked at,EDCT_314,,,1918,1920,1918-1920,,EDC_1920_62; EDC_1918_54,FALSE,FALSE
EDCPT_9359,PRESENT_AT,Worked at,EDCT_314,,,1917,1920,1917-1920,,EDC_1920_72; EDC_1917_50; EDC_1918_65,FALSE,FALSE
EDCPT_9384,PRESENT_AT,Worked at,EDCT_314,,,1917,1920,1917-1920,,EDC_1920_73; EDC_1918_66; EDC_1917_51;EDC_1914_16,FALSE,FALSE
EDCPT_9662,PRESENT_AT,Worked at,EDCT_314,,,1918,1920,1918-1920,,EDC_1920_83; EDC_1918_73,FALSE,FALSE
EDCPT_9948,PRESENT_AT,Worked at,EDCT_314,,,1918,1920,1918-1920,,EDC_1920_92; EDC_1918_79,FALSE,FALSE
EDCPT_9530,PRESENT_AT,Worked at,EDCT_318,,,1917,1920,1917-1920,,EDC_1920_78; EDC_1917_55,FALSE,FALSE
EDCPT_9624,PRESENT_AT,Worked at,EDCT_318,,,1918,1920,1918-1920,,EDC_1920_81; EDC_1918_72,FALSE,FALSE
EDCPT_9018,PRESENT_AT,Worked at,EDCT_322,,,1918,1920,1918-1920,,EDC_1920_62; EDC_1918_55,FALSE,FALSE
EDCPT_10114,PRESENT_AT,Worked at,EDCT_323,,,1920,,1920-,,EDC_1920_97,FALSE,FALSE
EDCPT_8556,PRESENT_AT,Worked at,EDCT_327,,,1916,1920,1916-1920,,EDC_1916_37,FALSE,TRUE
EDCPT_9795,PRESENT_AT,Worked at,EDCT_328,,,1917,1920,1917-1920,,EDC_1920_86; EDC_1918_76; EDC_1917_58,FALSE,FALSE
EDCPT_9324,PRESENT_AT,Worked at,EDCT_329,,,1917,1920,1917-1920,,EDC_1920_71; EDC_1917_49; EDC_1918_64,FALSE,FALSE
EDCPT_9522,PRESENT_AT,Worked at,EDCT_329,,,1917,1920,1917-1920,,EDC_1920_78 ; EDC_1917_55,FALSE,FALSE
EDCPT_9369,PRESENT_AT,Worked at,EDCT_330,,,1916,1920,1916-1920,,EDC_1920_72; EDC_1918_65; EDC_1917_51; EDC_1916_54,FALSE,FALSE
EDCPT_9370,PRESENT_AT,Worked at,EDCT_330,,,1916,1920,1916-1920,,EDC_1920_72; EDC_1918_65; EDC_1917_51; EDC_1916_54,FALSE,FALSE
EDCPT_11324,PRESENT_AT,Worked at,EDCT_331,,,1916,1917,1916-1917,,EDC_1917_92; EDC_1916_100,FALSE,FALSE
EDCPT_8615,PRESENT_AT,Worked at,EDCT_331,,,1916,1920,1916-1920,,EDC_1920_52; EDC_1917_34; EDC_1916_38,FALSE,FALSE
EDCPT_10002,PRESENT_AT,Worked at,EDCT_338,,,1918,1920,1918-1920,,EDC_1920_93; EDC_1918_80,FALSE,FALSE
EDCPT_8696,PRESENT_AT,Worked at,EDCT_339,,,1916,1920,1916-1920,,EDC_1920_54; EDC_1917_36; EDC_1916_40,FALSE,FALSE
EDCPT_8697,PRESENT_AT,Worked at,EDCT_340,,,1918,1920,1918-1920,,EDC_1920_54; EDC_1918_46,FALSE,FALSE
EDCPT_8697,PRESENT_AT,Worked at,EDCT_341,,,1917,1920,1917-1920,,EDC_1920_54; EDC_1918_46; EDC_1917_36,FALSE,FALSE
EDCPT_8749,PRESENT_AT,Worked at,EDCT_345,,,1918,1920,1918-1920,,EDC_1920_55; EDC_1920_48,FALSE,FALSE
EDCPT_9274,PRESENT_AT,Worked at,EDCT_346,,,1917,1920,1917-1920,,EDC_1920_70; EDC_1918_62,FALSE,FALSE
EDCPT_10043,PRESENT_AT,Worked at,EDCT_349,,,1918,1920,1918-1920,,EDC_1920_95; EDC_1918_81,FALSE,FALSE
EDCPT_8800,PRESENT_AT,Worked at,EDCT_350,,,1916,1920,1916-1920,,EDC_1920_57; EDC_1918_49; EDC_1917_38; EDC_1916_42,FALSE,FALSE
EDCPT_8801,PRESENT_AT,Worked at,EDCT_350,,,1917,1920,1917-1920,,EDC_1920_57; EDC_1918_49; EDC_1917_38,FALSE,FALSE
EDCPT_8812,PRESENT_AT,Worked at,EDCT_351,,,1916,1920,1916-1920,,EDC_1920_57; EDC_1918_49; EDC_1917_38; EDC_1916_43,FALSE,FALSE
EDCPT_8856,PRESENT_AT,Worked at,EDCT_353,,,1918,1920,1918-1920,,EDC_1920_58; EDC_1918_51,FALSE,FALSE
EDCPT_8860,PRESENT_AT,Worked at,EDCT_354,,,1918,1920,1918-1920,,EDC_1920_58; EDC_1918_51,FALSE,FALSE
EDCPT_8949,PRESENT_AT,Worked at,EDCT_357,,,1917,1920,1917-1920,,EDC_1920_61 ; EDC-1917_41; EDC_1918_53,FALSE,FALSE
EDCPT_8963,PRESENT_AT,Worked at,EDCT_358,,,1917,1920,1917-1920,,EDC_1920_61 ; EDC_1917_42; EDC_1918_54,FALSE,FALSE
EDCPT_8974,PRESENT_AT,Worked at,EDCT_359,,,1918,1920,1918-1920,,EDC_1920_62; EDC_1918_54,FALSE,FALSE
EDCPT_9013,PRESENT_AT,Worked at,EDCT_361,,,1909,1911,1909-1911,,EDC_1920_62,FALSE,FALSE
EDCPT_9103,PRESENT_AT,Worked at,EDCT_363,,,1917,1920,1917-1920,,EDC_1920_64; EDC_1918_58; EDC_1917_44,FALSE,FALSE
EDCPT_9122,PRESENT_AT,Worked at,EDCT_365,,,1917,1920,1917-1920,,EDC_1920_65; EDC_1918_58 ; EDC_1917_45,FALSE,FALSE
EDCPT_10100,PRESENT_AT,Worked at,EDCT_366,,,1920,,1920-,,EDC_1920_97,FALSE,FALSE
EDCPT_10101,PRESENT_AT,Worked at,EDCT_366,,,1918,1920,1918-1920,,EDC_1920_97; EDC_1918_82,FALSE,FALSE
EDCPT_9130,PRESENT_AT,Worked at,EDCT_367,,,1917,1920,1917-1920,,EDC_1920_65; EDC_1918_58 ; EDC_1917_45,FALSE,FALSE
EDCPT_9167,PRESENT_AT,Worked at,EDCT_368,,,1917,1920,1917-1920,,EDC_1920_66; EDC_1918_59 ;EDC_1917_45,FALSE,FALSE
EDCPT_9171,PRESENT_AT,Worked at,EDCT_369,,,1917,1920,1917-1920,,EDC_1920_66; EDC_1918_59 ; EDC_1917_46,FALSE,FALSE
EDCPT_9178,PRESENT_AT,Worked at,EDCT_371,,,1918,1920,1918-1920,,EDC_1920_67; EDC_1918_60,FALSE,FALSE
EDCPT_9991,PRESENT_AT,Worked at,EDCT_371,,,1918,1920,1918-1920,,EDC_1920_93; EDC_1918_80,FALSE,FALSE
EDCPT_9184,PRESENT_AT,Worked at,EDCT_372,,,1917,1920,1917-1920,,EDC_1920_67; EDC_1918_60 ; EDC_1917_46,FALSE,FALSE
EDCPT_9185,PRESENT_AT,Worked at,EDCT_372,,,1917,1920,1917-1920,,EDC_1920_67; EDC_1918_60 ; EDC_1917_46,FALSE,FALSE
EDCPT_9202,PRESENT_AT,Worked at,EDCT_374,,,1917,1920,1917-1920,,EDC_1920_67; EDC_1918_61 ; EDC_1917_47,FALSE,FALSE
EDCPT_9230,PRESENT_AT,Worked at,EDCT_376,,,1918,1920,1918-1920,,EDC_1920_68; EDC_1918_61,FALSE,FALSE
EDCPT_9231,PRESENT_AT,Worked at,EDCT_376,,,1917,1920,1917-1920,,EDC_1920_68; EDC_1918_61 ; EDC_1917_47,FALSE,FALSE
EDCPT_9866,PRESENT_AT,Worked at,EDCT_379,,,1916,1918,1916-1918,,EDC_1918_77; EDC_1917_59; EDC_1916_65,FALSE,FALSE
EDCPT_9259,PRESENT_AT,Worked at,EDCT_380,,,1917,1920,1917-1920,,EDC_1920_69; EDC_1917_48; EDC_1918_62,FALSE,FALSE
EDCPT_9281,PRESENT_AT,Worked at,EDCT_383,,,1917,1920,1917-1920,,EDC_1920_70 ; EDC_1917_49; EDC_1918_63,FALSE,FALSE
EDCPT_9607,PRESENT_AT,Worked at,EDCT_383,,,1917,1920,1917-1920,,EDC_1920_80; EDC_1918_72; EDC_1917_56,FALSE,FALSE
EDCPT_9359,PRESENT_AT,Worked at,EDCT_385,,,1917,1920,1917-1920,,EDC_1920_72; EDC_1917_50; EDC_1918_65,FALSE,FALSE
EDCPT_9363,PRESENT_AT,Worked at,EDCT_388,,,1918,1920,1918-1920,,EDC_1920_72; EDC_1918_65,FALSE,FALSE
EDCPT_9378,PRESENT_AT,Worked at,EDCT_389,,,1917,1920,1917-1920,,EDC_1920_72; EDC_1918_65; EDC_1917_51,FALSE,FALSE
EDCPT_9423,PRESENT_AT,Worked at,EDCT_391,,,1917,1920,1917-1920,,EDC_1920_74; EDC_1918_67,FALSE,FALSE
EDCPT_9426,PRESENT_AT,Worked at,EDCT_392,,,1918,1920,1918-1920,,EDC_1920_75; EDC_1918_67,FALSE,FALSE
EDCPT_9434,PRESENT_AT,Worked at,EDCT_394,,,1918,1920,1918-1920,,EDC_1918_67; EDC_1920_75,FALSE,FALSE
EDCPT_9455,PRESENT_AT,Worked at,EDCT_396,,,1918,1920,1918-1920,,EDC_1920_75; EDC_1918_68,FALSE,FALSE
EDCPT_9548,PRESENT_AT,Worked at,EDCT_398,,,1918,1920,1918-1920,,EDC_1920_79; EDC_1918_70;EDC_1914_17,FALSE,FALSE
EDCPT_9551,PRESENT_AT,Worked at,EDCT_399,,,1918,1920,1918-1920,,EDC_1920_79; EDC_1918_71,FALSE,FALSE
EDCPT_9610,PRESENT_AT,Worked at,EDCT_402,,,1917,1920,1917-1920,,EDC_1920_80; EDC_1918_72; EDC_1917_56,FALSE,FALSE
EDCPT_9619,PRESENT_AT,Worked at,EDCT_403,,,1918,1920,1918-1920,,EDC_1920_81; EDC_1918_72,FALSE,FALSE
EDCPT_9627,PRESENT_AT,Worked at,EDCT_404,,,1918,1920,1918-1920,,EDC_1920_81; EDC_1918_72,FALSE,FALSE
EDCPT_9691,PRESENT_AT,Worked at,EDCT_406,,,1910,1915,1910-1915,,EDC_1920_83,FALSE,FALSE
EDCPT_9408,PRESENT_AT,Worked at,EDCT_407,,,1918,1920,1918-1920,,EDC_1920_74; EDC_1918_66,FALSE,FALSE
EDCPT_9781,PRESENT_AT,Worked at,EDCT_412,,,1917,1920,1917-1920,,EDC_1920_86; EDC_1918_75; EDC_1917_58,FALSE,FALSE
EDCPT_9782,PRESENT_AT,Worked at,EDCT_413,,,1917,1920,1917-1920,,EDC_1920_86; EDC_1918_75; EDC_1917_58,FALSE,FALSE
EDCPT_9842,PRESENT_AT,Worked at,EDCT_416,,,1906,1913,1906-1913,,EDC_1920_88; EDC_1918_77,FALSE,FALSE
EDCPT_9908,PRESENT_AT,Worked at,EDCT_422,,,1918,1920,1918-1920,,EDC_1920_90; EDC_1918_78,FALSE,FALSE
EDCPT_9922,PRESENT_AT,Worked at,EDCT_423,,,1917,1920,1917-1920,,EDC_1920_91; EDC_1918_78; EDC_1917_60,FALSE,FALSE
EDCPT_9953,PRESENT_AT,Worked at,EDCT_428,,,1917,1920,1917-1920,,EDC_1920_92; EDC_1918_79; EDC-1917_60,FALSE,FALSE
EDCPT_10001,PRESENT_AT,Worked at,EDCT_435,,,1920,,1920-,,EDC_1920_93,FALSE,FALSE
EDCPT_10017,PRESENT_AT,Worked at,EDCT_436,,,1920,,1920-,,EDC_1920_94,FALSE,FALSE
EDCPT_10029,PRESENT_AT,Worked at,EDCT_437,,,1918,1920,1918-1920,,EDC_1920_95; EDC_1918_81,FALSE,FALSE
EDCPT_10030,PRESENT_AT,Worked at,EDCT_437,,,1917,1920,1917-1920,,EDC_1920_94; EDC_1918_81; EDC_1917_61,FALSE,FALSE
EDCPT_10041,PRESENT_AT,Worked at,EDCT_438,,,1920,,1920-,,EDC_1920_95,FALSE,FALSE
EDCPT_10063,PRESENT_AT,Worked at,EDCT_439,,,1920,,1920-,,EDC_1920_96,FALSE,FALSE
EDCPT_10095,PRESENT_AT,Worked at,EDCT_440,,,1917,1920,1917-1920,,EDC_1920_97; EDC_1918_82; EDC_1917_63,FALSE,FALSE
EDCPT_10095,PRESENT_AT,Worked at,EDCT_441,,,1920,,1920-,,EDC_1920_97,FALSE,FALSE
EDCPT_10095,PRESENT_AT,Worked at,EDCT_442,,,1920,,1920-,,EDC_1920_97,FALSE,FALSE
EDCPT_10099,PRESENT_AT,Worked at,EDCT_443,,,1917,1920,1917-1920,,EDC_1920_97; EDC_1917_63,FALSE,FALSE
EDCPT_9182,PRESENT_AT,Worked at,EDCT_444,,,1917,1920,1917-1920,,EDC_1920_67; EDC_1918_60 ; EDC_1917_46,FALSE,FALSE
EDCPT_10112,PRESENT_AT,Worked at,EDCT_445,,,1920,,1920-,,EDC_1920_97,FALSE,FALSE
EDCPT_10125,PRESENT_AT,Worked at,EDCT_447,,,1920,,1920-,,EDC_1920_98,FALSE,FALSE
EDCPT_10270,PRESENT_AT,Worked at,EDCT_447,,,1920,,1920-,,EDC_1920_102,FALSE,FALSE
EDCPT_10514,PRESENT_AT,Worked at,EDCT_447,,,1920,,1920-,,EDC_1920_110,FALSE,FALSE
EDCPT_11634,PRESENT_AT,Worked at,EDCT_460,,,1914,1918,1914-1918,,EDC_1918_129; EDC_1914_33,FALSE,FALSE
EDCPT_10131,PRESENT_AT,Worked at,EDCT_552,,,1917,,1917-,,EDC_1917_63,FALSE,FALSE
EDCPT_10045,PRESENT_AT,Worked at,EDCT_553,,,1916,,1916-,,EDC_1916_69,FALSE,FALSE
EDCPT_10328,PRESENT_AT,Worked at,EDCT_582,,,1917,,1917-,,EDC_1917_67,FALSE,FALSE
EDCPT_10005,PRESENT_AT,Worked at,EDCT_715,,,1920,,1920-,,EDC_1920_94,FALSE,FALSE
EDCPT_10253,PRESENT_AT,Worked at,EDCT_733,,,1916,,1916-,,EDC_1916_73,FALSE,FALSE
EDCPT_10308,PRESENT_AT,Worked at,EDCT_759,,,1916,,1916-,,EDC_1916_75,FALSE,FALSE
EDCPT_10402,PRESENT_AT,Worked at,EDCT_759,,,1916,,1916-,,EDC_1916_77,FALSE,FALSE
EDCPT_11015,PRESENT_AT,Worked at,EDCT_780,,,1914,1917,1914-1917,,EDC_1917_85; EDC_1914_28,FALSE,FALSE
EDCPT_10388,PRESENT_AT,Worked at,EDCT_913,,,1916,,1916-,,EDC_1916_77,FALSE,FALSE
EDCPT_10584,PRESENT_AT,Worked at,EDCT_784,,,1916,,1916-,,EDC_1916_81,FALSE,FALSE
EDCPT_11300,PRESENT_AT,Worked in,EDCT_566,,,1917,1918,1917-1918,Formely Dean of Studies at Tietsin Anglo-Chinese College,EDC_1918_119;EDC_1917_91,FALSE,FALSE
EDCPT_9431,PRESENT_AT,A. C. P. Lond. Assistant Master,EDCT_007,,,1914,,1914-,,EDC_1914_17,FALSE,FALSE
EDCPT_12130,PRESENT_AT,Accountant at,EDCT_066,,,1920,,1920-,,EDC_1920_165,FALSE,FALSE
EDCPT_11110,PRESENT_AT,Acting Headmaster at,EDCT_255,,,1920,,1920-,,EDC_1920_132,FALSE,FALSE
EDCPT_9914,PRESENT_AT,Acting Principal,EDCT_771,,,1914,,1914-,,EDC_1914_19,FALSE,FALSE
EDCPT_12240,PRESENT_AT,Acting Principal,EDCT_967,,,1914,,1914-,,EDC_1914_12,FALSE,FALSE
EDCPT_9850,PRESENT_AT,Acting Principal at,EDCT_024,,,1918,,1918-,,EDC_1918_77,FALSE,FALSE
EDCPT_10966,PRESENT_AT,Acting Principal at,EDCT_429,,,1917,,1917-,,EDC_1917_84,FALSE,FALSE
EDCPT_7338,PRESENT_AT,Acting Principal at,EDCT_495,,,1917,,1917-,,EDC_1917_8,FALSE,FALSE
EDCPT_9116,PRESENT_AT,Acting Principal at,EDCT_554,,,1918,,1918-,,EDC_1918_58,FALSE,FALSE
EDCPT_8053,PRESENT_AT,Acting Principal at,EDCT_603,,,1917,,1917-,,EDC_1917_21,FALSE,FALSE
EDCPT_10987,PRESENT_AT,Acting Principal at,EDCT_634,,,1917,,1917-,,EDC_1917_84,FALSE,FALSE
EDCPT_11300,PRESENT_AT,Acting Principal at,EDCT_638,,,1916,,1916-,,EDC_1916_100,FALSE,FALSE
EDCPT_9278,PRESENT_AT,Acting Principal of,EDCT_827,,,1916,,1916-,,EDC_1916_53,FALSE,FALSE
EDCPT_11577,PRESENT_AT,Acting Principle,EDCT_338,,,1920,,1920-,,EDC_1920_147;EDC_1917_98,FALSE,FALSE
EDCPT_9628,PRESENT_AT,Acting-Chaplain at,EDCT_091,,,1918,,1918-,,EDC_1918_72,FALSE,FALSE
EDCPT_11182,PRESENT_AT,Acting-President at,EDCT_807,,,1914,,1914-,,EDC_1914_29,FALSE,FALSE
EDCPT_8581,PRESENT_AT,Acting-Principal at,EDCT_349,,,1917,,1917-,,EDC_1917_33,FALSE,FALSE
EDCPT_9245,PRESENT_AT,Acting-Principal at,EDCT_349,,,1917,,1917-,,EDC_1917_48,FALSE,FALSE
EDCPT_9248,PRESENT_AT,Acting-Principal at,EDCT_349,,,1918,,1918-,,EDC_1918_62,FALSE,FALSE
EDCPT_11140,PRESENT_AT,Art Department at,EDCT_004,,,1918,,1918-,,EDC_1918_115,FALSE,FALSE
EDCPT_10787,PRESENT_AT,Asisstant Mistress at,EDCT_127,,,1917,,1917-,,EDC_1917_79,FALSE,FALSE
EDCPT_10679,PRESENT_AT,Asisstant Mistress at,EDCT_324,,,1917,,1917-,,EDC_1917_76,FALSE,FALSE
EDCPT_9603,PRESENT_AT,Asisstant Mistress at,EDCT_685,,,1917,,1917-,,EDC_1917_56,FALSE,FALSE
EDCPT_10652,PRESENT_AT,Asistant Principal at,EDCT_374,,,1920,,1920-,,EDC_1920_116,FALSE,FALSE
EDCPT_11408,PRESENT_AT,Assistant at,EDCT_161,,,1914,,1914-,,EDC_1914_31,FALSE,FALSE
EDCPT_9904,PRESENT_AT,Assistant at,EDCT_276,,,1916,,1916-,,EDC_1916_65;EDC_1914_19,FALSE,FALSE
EDCPT_11263,PRESENT_AT,Assistant at,EDCT_347,,,1920,,1920-,,EDC_1920_137,FALSE,FALSE
EDCPT_11148,PRESENT_AT,Assistant at,EDCT_755,,,1914,,1914-,,EDC_1914_29,FALSE,FALSE
EDCPT_10793,PRESENT_AT,Assistant at,EDCT_759,,,1914,,1914-,,EDC_1914_26,FALSE,FALSE
EDCPT_9570,PRESENT_AT,Assistant Director,EDCT_859,,,1914,,1914-,,EDC_1914_17,FALSE,FALSE
EDCPT_11975,PRESENT_AT,Assistant Librarian at,EDCT_085,,,1920,,1920-,,EDC_1920_160,FALSE,FALSE
EDCPT_11359,PRESENT_AT,Assistant Master,EDCT_007,,,1917,,1917-,,EDC_1917_92,FALSE,FALSE
EDCPT_9758,PRESENT_AT,Assistant Master,EDCT_008,,,1914,,1914-,,EDC_1914_18,FALSE,FALSE
EDCPT_7963,PRESENT_AT,Assistant Master,EDCT_013,,,1914,,1914-,,EDC_1914_7,FALSE,FALSE
EDCPT_8001,PRESENT_AT,Assistant Master,EDCT_050,,,1914,,1914-,,EDC_1914_8,FALSE,FALSE
EDCPT_8261,PRESENT_AT,Assistant Master,EDCT_050,,,1914,,1914-,,EDC_1914_9,FALSE,FALSE
EDCPT_9562,PRESENT_AT,Assistant Master,EDCT_054,,,1914,,1914-,,EDC_1914_17,FALSE,FALSE
EDCPT_12212,PRESENT_AT,Assistant Master,EDCT_070,,,1917,,1917-,,EDC_1917_115,FALSE,FALSE
EDCPT_8951,PRESENT_AT,Assistant Master,EDCT_070,,,1914,,1914-,,EDC_1914_14,FALSE,FALSE
EDCPT_8733,PRESENT_AT,Assistant Master,EDCT_091,,,1914,,1914-,,EDC_1914_13,FALSE,FALSE
EDCPT_12253,PRESENT_AT,Assistant Master,EDCT_111,,,1914,,1914-,,EDC_1914_19,FALSE,FALSE
EDCPT_10835,PRESENT_AT,Assistant Master,EDCT_167,,,1917,,1917-,Professor of Romance Languages,EDC_1917_80,FALSE,FALSE
EDCPT_7622,PRESENT_AT,Assistant Master,EDCT_214,,,1917,,1917-,,EDC_1917_15,FALSE,FALSE
EDCPT_7620,PRESENT_AT,Assistant Master,EDCT_301,,,1917,,1917-,,EDC_1917_15,FALSE,FALSE
EDCPT_7844,PRESENT_AT,Assistant Master,EDCT_444,,,1917,,1917-,,EDC_1917_17,FALSE,FALSE
EDCPT_8912,PRESENT_AT,Assistant Master,EDCT_518,,,1914,,1914-,,EDC_1914_14,FALSE,FALSE
EDCPT_7228,PRESENT_AT,Assistant Master,EDCT_519,,,1914,,1914-,,EDC_1914_2,FALSE,FALSE
EDCPT_7233,PRESENT_AT,Assistant Master,EDCT_543,,,1914,,1914-,,EDC_1914_2,FALSE,FALSE
EDCPT_9931,PRESENT_AT,Assistant Master,EDCT_634,,,1914,,1914-,,EDC_1914_19,FALSE,FALSE
EDCPT_9980,PRESENT_AT,Assistant Master,EDCT_634,,,1914,,1914-,,EDC_1914_19,FALSE,FALSE
EDCPT_9733,PRESENT_AT,Assistant Master,EDCT_657,,,1914,,1914-,,EDC_1914_18,FALSE,FALSE
EDCPT_8015,PRESENT_AT,Assistant Master,EDCT_700,,,1914,,1914-,,EDC_1914_8,FALSE,FALSE
EDCPT_8085,PRESENT_AT,Assistant Master,EDCT_714,,,1914,,1914-,,EDC_1914_8,FALSE,FALSE
EDCPT_8407,PRESENT_AT,Assistant Master,EDCT_717,,,1914,,1914-,,EDC_1914_11,FALSE,FALSE
EDCPT_8125,PRESENT_AT,Assistant Master,EDCT_727,,,1914,,1914-,,EDC_1914_8,FALSE,FALSE
EDCPT_8988,PRESENT_AT,Assistant Master,EDCT_732,,,1914,,1914-,,EDC_1914_13,FALSE,FALSE
EDCPT_8825,PRESENT_AT,Assistant Master,EDCT_734,,,1914,,1914-,,EDC_1914_14,FALSE,FALSE
EDCPT_9186,PRESENT_AT,Assistant Master,EDCT_750,,,1914,,1914-,,EDC_1914_15,FALSE,FALSE
EDCPT_9371,PRESENT_AT,Assistant Master,EDCT_753,,,1914,,1914-,,EDC_1914_16,FALSE,FALSE
EDCPT_10912,PRESENT_AT,Assistant Master,EDCT_754,,,1914,,1914-,,EDC_1914_27,FALSE,FALSE
EDCPT_12230,PRESENT_AT,Assistant Master,EDCT_768,,,1914,,1914-,,EDC_1914_11,FALSE,FALSE
EDCPT_9343,PRESENT_AT,Assistant Master,EDCT_778,,,1914,,1914-,,EDC_1914_16,FALSE,FALSE
EDCPT_8852,PRESENT_AT,Assistant Master,EDCT_788,,,1914,,1914-,,EDC_1914_14,FALSE,FALSE
EDCPT_8392,PRESENT_AT,Assistant Master,EDCT_799,,,1914,,1914-,,EDC_1914_10,FALSE,FALSE
EDCPT_9778,PRESENT_AT,Assistant Master,EDCT_804,,,1914,,1914-,,EDC_1914_18,FALSE,FALSE
EDCPT_8406,PRESENT_AT,Assistant Master,EDCT_856,,,1914,,1914-,,EDC_1914_11,FALSE,FALSE
EDCPT_7940,PRESENT_AT,Assistant Master,EDCT_907,,,1914,,1914-,,EDC_1914_7,FALSE,FALSE
EDCPT_12243,PRESENT_AT,Assistant Master,EDCT_940,,,1914,,1914-,,EDC_1914_14,FALSE,FALSE
EDCPT_8986,PRESENT_AT,Assistant Master,EDCT_948,,,1914,,1914-,,EDC_1914_14,FALSE,FALSE
EDCPT_12187,PRESENT_AT,Assistant Master,EDCT_951,,,1914,,1914-,,EDC_1914_37,FALSE,FALSE
EDCPT_8778,PRESENT_AT,Assistant Master,EDCT_954,,,1914,,1914-,,EDC_1914_13,FALSE,FALSE
EDCPT_9589,PRESENT_AT,Assistant Master,EDCT_954,,,1914,,1914-,,EDC_1914_17,FALSE,FALSE
EDCPT_9683,PRESENT_AT,Assistant Master,EDCT_958,,,1914,,1914-,,EDC_1914_18,FALSE,FALSE
EDCPT_8551,PRESENT_AT,Assistant Master,EDCT_977,,,1914,,1914-,,EDC_1914_12,FALSE,FALSE
EDCPT_8625,PRESENT_AT,Assistant Master,EDCT_981,,,1914,,1914-,,EDC_1914_12,FALSE,FALSE
EDCPT_9070,PRESENT_AT,Assistant Master,EDCT_990,,,1914,,1914-,,EDC_1914_14,FALSE,FALSE
EDCPT_9320,PRESENT_AT,Assistant Master,EDCT_993,,,1914,,1914-,,EDC_1914_16,FALSE,FALSE
EDCPT_9442,PRESENT_AT,Assistant Master,EDCT_995,,,1914,,1914-,,EDC_1914_17,FALSE,FALSE
EDCPT_9454,PRESENT_AT,Assistant Master,EDCT_996,,,1914,,1914-,,EDC_1914_17,FALSE,FALSE
EDCPT_9742,PRESENT_AT,Assistant Master,EDCT_993,,,1914,,1914-,,EDC_1914_18,FALSE,FALSE
EDCPT_9729,PRESENT_AT,Assistant Master (Chemical Analysis and Physics),EDCT_645,,,1914,,1914-,,EDC_1914_18,FALSE,FALSE
EDCPT_7147,PRESENT_AT,Assistant Master at,EDCT_002,,,1917,,1917-,,EDC_1917_4,FALSE,FALSE
EDCPT_10729,PRESENT_AT,Assistant Master at,EDCT_007,,,1914,,1914-,,EDC_1914_26,FALSE,FALSE
EDCPT_11024,PRESENT_AT,Assistant master at,EDCT_007,,,1917,,1917-,,EDC_1917_85,FALSE,FALSE
EDCPT_11440,PRESENT_AT,Assistant Master at,EDCT_007,,,1914,,1914-,,EDC_1914_31,FALSE,FALSE
EDCPT_11563,PRESENT_AT,Assistant Master at,EDCT_007,,,1914,,1914-,,EDC_1914_32,FALSE,FALSE
EDCPT_8810,PRESENT_AT,Assistant Master at,EDCT_007,,,1916,,1916-,,EDC_1916_43;EDC_1914_13,FALSE,FALSE
EDCPT_9528,PRESENT_AT,Assistant Master at,EDCT_007,,,1917,,1917-,,EDC_1917_55,FALSE,FALSE
EDCPT_10743,PRESENT_AT,Assistant Master at,EDCT_009,,,1917,,1917-,,EDC_1917_78,FALSE,FALSE
EDCPT_10823,PRESENT_AT,Assistant Master at,EDCT_009,,,1920,,1920-,,EDC_1920_122,FALSE,FALSE
EDCPT_11102,PRESENT_AT,Assistant Master at,EDCT_009,,,1920,,1920-,,EDC_1920_132,FALSE,FALSE
EDCPT_12061,PRESENT_AT,Assistant Master at,EDCT_009,,,1920,,1920-,,EDC_1920_163,FALSE,FALSE
EDCPT_7443,PRESENT_AT,Assistant Master at,EDCT_009,,,1916,,1916-,,EDC_1916_10,FALSE,FALSE
EDCPT_10824,PRESENT_AT,Assistant Master at,EDCT_015,,,1920,,1920-,,EDC_1920_122,FALSE,FALSE
EDCPT_11301,PRESENT_AT,Assistant Master at,EDCT_027,,,1916,,1916-,,EDC_1916_100,FALSE,FALSE
EDCPT_7063,PRESENT_AT,Assistant Master at,EDCT_027,,,1916,,1916-,,EDC_1916_02,FALSE,FALSE
EDCPT_9605,PRESENT_AT,Assistant Master at,EDCT_027,,,1916,,1916-,,EDC_1916_59,FALSE,FALSE
EDCPT_12197,PRESENT_AT,Assistant Master at,EDCT_031,,,1914,,1914-,,EDC_1914_37,FALSE,FALSE
EDCPT_11026,PRESENT_AT,Assistant Master at,EDCT_039,,,1920,,1920-,,EDC_1920_129,FALSE,FALSE
EDCPT_11101,PRESENT_AT,Assistant Master at,EDCT_039,,,1920,,1920-,,EDC_1920_132,FALSE,FALSE
EDCPT_11139,PRESENT_AT,Assistant Master at,EDCT_039,,,1920,,1920-,,EDC_1920_133,FALSE,FALSE
EDCPT_11429,PRESENT_AT,Assistant Master at,EDCT_039,,,1920,,1920-,,EDC_1920_142,FALSE,FALSE
EDCPT_7091,PRESENT_AT,Assistant Master at,EDCT_039,,,1916,,1916-,,EDC_1916_02,FALSE,FALSE
EDCPT_8385,PRESENT_AT,Assistant Master at,EDCT_039,,,1916,,1916-,,EDC_1916_32,FALSE,FALSE
EDCPT_10902,PRESENT_AT,Assistant Master at,EDCT_045,,,1920,,1920-,,EDC_1920_125;EDC_1917_82;EDC_1918_107,FALSE,FALSE
EDCPT_7041,PRESENT_AT,Assistant Master at,EDCT_045,,,1917,,1917-,,EDC_1917_2,FALSE,FALSE
EDCPT_11197,PRESENT_AT,Assistant Master at,EDCT_050,,,1914,,1914-,,EDC_1914_30,FALSE,FALSE
EDCPT_7650,PRESENT_AT,Assistant Master at,EDCT_068,,,1916,,1916-,,EDC_1916_16,FALSE,FALSE
EDCPT_11936,PRESENT_AT,Assistant Master at,EDCT_070,,,1920,,1920-,,EDC_1920_159,FALSE,FALSE
EDCPT_9391,PRESENT_AT,Assistant Master at,EDCT_070,,,1917,,1917-,,EDC_1917_51,FALSE,FALSE
EDCPT_9253,PRESENT_AT,Assistant Master at,EDCT_077,,,1916,,1916-,,EDC_1916_52,FALSE,FALSE
EDCPT_11022,PRESENT_AT,Assistant master at,EDCT_083,,,1917,,1917-,,EDC_1917_85,FALSE,FALSE
EDCPT_8338,PRESENT_AT,Assistant Master at,EDCT_090,,,1918,,1918-,,EDC_1918_36,FALSE,FALSE
EDCPT_8806,PRESENT_AT,Assistant Master at,EDCT_090,,,1916,,1916-,,EDC_1916_43,FALSE,FALSE
EDCPT_11560,PRESENT_AT,Assistant Master at,EDCT_091,,,1914,,1914-,,EDC_1914_32,FALSE,FALSE
EDCPT_7179,PRESENT_AT,Assistant Master at,EDCT_091,,,1916,,1916-,,EDC_1916_05,FALSE,FALSE
EDCPT_7368,PRESENT_AT,Assistant Master at,EDCT_091,,,1916,,1916-,,EDC_1916_09,FALSE,TRUE
EDCPT_7368,PRESENT_AT,Assistant Master at,EDCT_091,,,1917,,1917-,,EDC_1917_10,FALSE,TRUE
EDCPT_9823,PRESENT_AT,Assistant Master at,EDCT_091,,,1917,,1917-,,EDC_1917_59,FALSE,FALSE
EDCPT_8017,PRESENT_AT,Assistant Master at,EDCT_105,,,1918,,1918-,,EDC_1918_27,FALSE,FALSE
EDCPT_11222,PRESENT_AT,Assistant master at,EDCT_116,,,1920,,1920-,,EDC_1920_136,FALSE,FALSE
EDCPT_9747,PRESENT_AT,Assistant Master at,EDCT_117,,,1916,,1916-,,EDC_1916_62,FALSE,FALSE
EDCPT_11287,PRESENT_AT,Assistant Master at,EDCT_134,,,1920,,1920-,,EDC_1920_138,FALSE,FALSE
EDCPT_7462,PRESENT_AT,Assistant Master at,EDCT_142,,,1916,,1916-,,EDC_1916_11,FALSE,FALSE
EDCPT_8898,PRESENT_AT,Assistant Master at,EDCT_157,,,1916,,1916-,,EDC_1916_45,FALSE,FALSE
EDCPT_10725,PRESENT_AT,Assistant Master at,EDCT_167,,,1918,,1918-,,EDC_1918_101,FALSE,FALSE
EDCPT_7005,PRESENT_AT,Assistant Master at,EDCT_168,,,1914,,1914-,,EDC_1914_1,FALSE,FALSE
EDCPT_9208,PRESENT_AT,Assistant Master at,EDCT_173,,,1917,,1917-,,EDC_1917_47,FALSE,FALSE
EDCPT_9718,PRESENT_AT,Assistant Master at,EDCT_173,,,1916,,1916-,,EDC_1916_62;EDC_1914_18,FALSE,FALSE
EDCPT_10797,PRESENT_AT,Assistant Master at,EDCT_206,,,1914,,1914-,,EDC_1914_26,FALSE,FALSE
EDCPT_11110,PRESENT_AT,Assistant Master at,EDCT_213,,,1917,,1917-,,EDC_1917_88,FALSE,FALSE
EDCPT_11160,PRESENT_AT,Assistant Master at,EDCT_244,,,1914,,1914-,,EDC_1914_29,FALSE,FALSE
EDCPT_8163,PRESENT_AT,Assistant Master at,EDCT_265,,,1916,,1916-,,EDC_1916_28,FALSE,FALSE
EDCPT_8834,PRESENT_AT,Assistant Master at,EDCT_266,,,1916,,1916-,,EDC_1916_44,FALSE,FALSE
EDCPT_9896,PRESENT_AT,Assistant Master at,EDCT_269,,,1917,,1917-,,EDC_1917_59,FALSE,FALSE
EDCPT_7559,PRESENT_AT,Assistant Master at,EDCT_272,,,1916,,1916-,,EDC_1916_14;EDC_1914_4,FALSE,FALSE
EDCPT_11413,PRESENT_AT,Assistant master at,EDCT_281,,,1920,,1920-,,EDC_1920_142,FALSE,FALSE
EDCPT_11494,PRESENT_AT,Assistant Master at,EDCT_281,,,1920,,1920-,,EDC_1920_144,FALSE,FALSE
EDCPT_7752,PRESENT_AT,Assistant Master at,EDCT_281,,,1918,,1918-,,EDC_1918_20,FALSE,FALSE
EDCPT_8936,PRESENT_AT,Assistant Master at,EDCT_281,,,1916,,1916-,,EDC_1916_45,FALSE,FALSE
EDCPT_9328,PRESENT_AT,Assistant Master at,EDCT_281,,,1917,,1917-,,EDC_1917_49,FALSE,FALSE
EDCPT_9329,PRESENT_AT,Assistant Master at,EDCT_281,,,1918,,1918-,,EDC_1918_64,FALSE,FALSE
EDCPT_9537,PRESENT_AT,Assistant Master at,EDCT_281,,,1916,,1916-,,EDC_1916_58,FALSE,FALSE
EDCPT_10660,PRESENT_AT,Assistant Master at,EDCT_344,,,1917,,1917-,,EDC_1917_76,FALSE,FALSE
EDCPT_8029,PRESENT_AT,Assistant Master at,EDCT_391,,,1916,,1916-,,EDC_1916_24,FALSE,FALSE
EDCPT_9520,PRESENT_AT,Assistant Master at,EDCT_392,,,1916,,1916-,,EDC_1916_58,FALSE,FALSE
EDCPT_9902,PRESENT_AT,Assistant Master at,EDCT_421,,,1918,,1918-,,EDC_1918_78,FALSE,FALSE
EDCPT_11331,PRESENT_AT,Assistant Master at,EDCT_429,,,1920,,1920-,,EDC_1920_139,FALSE,FALSE
EDCPT_7859,PRESENT_AT,Assistant Master at,EDCT_444,,,1918,,1918-,,EDC_1918_22,FALSE,FALSE
EDCPT_11555,PRESENT_AT,Assistant Master at,EDCT_448,,,1914,,1914-,,EDC_1914_32,FALSE,FALSE
EDCPT_11083,PRESENT_AT,Assistant Master at,EDCT_482,,,1917,,1917-,,EDC_1917_87,FALSE,FALSE
EDCPT_9834,PRESENT_AT,Assistant Master at,EDCT_518,,,1918,,1918-,,EDC_1918_77,FALSE,FALSE
EDCPT_8493,PRESENT_AT,Assistant Master at,EDCT_531,,,1916,,1916-,,EDC_1916_36,FALSE,FALSE
EDCPT_7790,PRESENT_AT,Assistant Master at,EDCT_579,,,1916,,1916-,,EDC_1916_19,FALSE,FALSE
EDCPT_11538,PRESENT_AT,Assistant Master at,EDCT_602,,,1914,,1914-,,EDC_1914_32,FALSE,FALSE
EDCPT_8256,PRESENT_AT,Assistant Master at,EDCT_616,,,1916,,1916-,,EDC_1916_30,FALSE,FALSE
EDCPT_9590,PRESENT_AT,Assistant Master at,EDCT_636,,,1916,,1916-,,EDC_1916_59,FALSE,FALSE
EDCPT_8425,PRESENT_AT,Assistant Master at,EDCT_637,,,1916,,1916-,,EDC_1916_34,FALSE,FALSE
EDCPT_9072,PRESENT_AT,Assistant Master at,EDCT_644,,,1916,,1916-,,EDC_1916_48,FALSE,FALSE
EDCPT_10776,PRESENT_AT,Assistant Master at,EDCT_677,,,1917,,1917-,,EDC_1917_79,FALSE,FALSE
EDCPT_11586,PRESENT_AT,Assistant Master at,EDCT_768,,,1914,,1914-,,EDC_1914_32,FALSE,FALSE
EDCPT_11723,PRESENT_AT,Assistant Master at,EDCT_781,,,1914,,1914-,,EDC_1914_34,FALSE,FALSE
EDCPT_7370,PRESENT_AT,Assistant Master at,EDCT_788,,,1916,,1916-,,EDC_1916_09,FALSE,FALSE
EDCPT_8656,PRESENT_AT,Assistant Master at,EDCT_788,,,1916,,1916-,,EDC_1916_39,FALSE,FALSE
EDCPT_9238,PRESENT_AT,Assistant Master at,EDCT_788,,,1916,,1916-,,EDC_1916_51,FALSE,FALSE
EDCPT_10749,PRESENT_AT,Assistant Master at,EDCT_797,,,1914,,1914-,,EDC_1914_26,FALSE,FALSE
EDCPT_9864,PRESENT_AT,Assistant Master at,EDCT_817,,,1916,,1916-,,EDC_1916_65,FALSE,FALSE
EDCPT_9756,PRESENT_AT,Assistant Master at,EDCT_818,,,1916,,1916-,,EDC_1916_62,FALSE,FALSE
EDCPT_9897,PRESENT_AT,Assistant Master at,EDCT_818,,,1916,,1916-,,EDC_1916_65,FALSE,FALSE
EDCPT_9879,PRESENT_AT,Assistant Master at,EDCT_850,,,1916,,1916-,,EDC_1916_65,FALSE,FALSE
EDCPT_11867,PRESENT_AT,Assistant Master at,EDCT_951,,,1914,,1914-,,EDC_1914_35,FALSE,FALSE
EDCPT_12174,PRESENT_AT,Assistant Master at,EDCT_951,,,1914,,1914-,,EDC_1914_37,FALSE,FALSE
EDCPT_12216,PRESENT_AT,Assistant Master at,EDCT_951,,,1914,,1914-,,EDC_1914_37,FALSE,FALSE
EDCPT_10697,PRESENT_AT,Assistant Master at,EDCT_958,,,1914,,1914-,,EDC_1914_25,FALSE,FALSE
EDCPT_11270,PRESENT_AT,Assistant Master at,EDCT_958,,,1914,,1914-,,EDC_1914_30,FALSE,FALSE
EDCPT_8721,PRESENT_AT,Assistant Master at,EDCT_962,,,1916,,1916-,,EDC_1916_40,FALSE,FALSE
EDCPT_9432,PRESENT_AT,Assistant Master in,EDCT_070,,,1916,,1916-,,EDC_1916_56,FALSE,FALSE
EDCPT_11775,PRESENT_AT,Assistant Master in,EDCT_091,,,1918,,1918-,,EDC_1918_134,FALSE,FALSE
EDCPT_11767,PRESENT_AT,Assistant Master in,EDCT_266,,,1918,,1918-,,EDC_1918_134,FALSE,FALSE
EDCPT_11754,PRESENT_AT,Assistant Master in,EDCT_281,,,1918,,1918-,,EDC_1918_133,FALSE,FALSE
EDCPT_9779,PRESENT_AT,Assistant Master in,EDCT_781,,,1916,,1916-,,EDC_1916_63,FALSE,FALSE
EDCPT_9767,PRESENT_AT,Assistant Master in,EDCT_816,,,1916,,1916-,,EDC_1916_63,FALSE,FALSE
EDCPT_7349,PRESENT_AT,"Assistant Master,",EDCT_004,,,1914,,1914-,,EDC_1914_3,FALSE,FALSE
EDCPT_7573,PRESENT_AT,"Assistant Master,",EDCT_007,,,1914,,1914-,,EDC_1914_5,FALSE,FALSE
EDCPT_7496,PRESENT_AT,"Assistant Master,",EDCT_023,,,1914,,1914-,,EDC_1914_4,FALSE,FALSE
EDCPT_7661,PRESENT_AT,"Assistant Master,",EDCT_023,,,1914,,1914-,,EDC_1914_5,FALSE,FALSE
EDCPT_7715,PRESENT_AT,"Assistant Master,",EDCT_023,,,1914,,1914-,,EDC_1914_5,FALSE,FALSE
EDCPT_7177,PRESENT_AT,"Assistant Master,",EDCT_050,,,1914,,1914-,,EDC_1914_2,FALSE,FALSE
EDCPT_7280,PRESENT_AT,"Assistant Master,",EDCT_050,,,1914,,1914-,,EDC_1914_2,FALSE,FALSE
EDCPT_7281,PRESENT_AT,"Assistant Master,",EDCT_050,,,1914,,1914-,,EDC_1914_2,FALSE,FALSE
EDCPT_7180,PRESENT_AT,"Assistant Master,",EDCT_091,,,1914,,1914-,,EDC_1914_2,FALSE,FALSE
EDCPT_7420,PRESENT_AT,"Assistant Master,",EDCT_563,,,1914,,1914-,,EDC_1914_4,FALSE,FALSE
EDCPT_7383,PRESENT_AT,"Assistant Master,",EDCT_634,,,1914,,1914-,,EDC_1914_3,FALSE,FALSE
EDCPT_7678,PRESENT_AT,"Assistant Master,",EDCT_638,,,1914,,1914-,,EDC_1914_5,FALSE,FALSE
EDCPT_7799,PRESENT_AT,"Assistant Master,",EDCT_641,,,1914,,1914-,,EDC_1914_6,FALSE,FALSE
EDCPT_7750,PRESENT_AT,"Assistant Master,",EDCT_669,,,1914,,1914-,,EDC_1914_6,FALSE,FALSE
EDCPT_7066,PRESENT_AT,"Assistant Master,",EDCT_671,,,1914,,1914-,,EDC_1914_1,FALSE,FALSE
EDCPT_7173,PRESENT_AT,"Assistant Master,",EDCT_700,,,1914,,1914-,,EDC_1914_1,FALSE,FALSE
EDCPT_7699,PRESENT_AT,"Assistant Master,",EDCT_704,,,1914,,1914-,,EDC_1914_5,FALSE,FALSE
EDCPT_7825,PRESENT_AT,"Assistant Master,",EDCT_725,,,1914,,1914-,,EDC_1914_6,FALSE,FALSE
EDCPT_7875,PRESENT_AT,"Assistant Master,",EDCT_734,,,1914,,1914-,,EDC_1914_6,FALSE,FALSE
EDCPT_7152,PRESENT_AT,"Assistant Master,",EDCT_779,,,1914,,1914-,,EDC_1914_1,FALSE,FALSE
EDCPT_7059,PRESENT_AT,"Assistant Master,",EDCT_786,,,1914,,1914-,,EDC_1914_1,FALSE,FALSE
EDCPT_7631,PRESENT_AT,"Assistant Master,",EDCT_823,,,1914,,1914-,,EDC_1914_5,FALSE,FALSE
EDCPT_7635,PRESENT_AT,"Assistant Master,",EDCT_824,,,1914,,1914-,,EDC_1914_5,FALSE,FALSE
EDCPT_7642,PRESENT_AT,"Assistant Master,",EDCT_824,,,1914,,1914-,,EDC_1914_5,FALSE,FALSE
EDCPT_7328,PRESENT_AT,"Assistant Master,",EDCT_880,,,1914,,1914-,,EDC_1914_3,FALSE,FALSE
EDCPT_7204,PRESENT_AT,"Assistant Master,",EDCT_890,,,1914,,1914-,,EDC_1914_2,FALSE,FALSE
EDCPT_7894,PRESENT_AT,"Assistant Master,",EDCT_895,,,1914,,1914-,,EDC_1914_6,FALSE,FALSE
EDCPT_7266,PRESENT_AT,"Assistant Master,",EDCT_906,,,1914,,1914-,,EDC_1914_2,FALSE,FALSE
EDCPT_7374,PRESENT_AT,"Assistant Master,",EDCT_940,,,1914,,1914-,,EDC_1914_3,FALSE,FALSE
EDCPT_7574,PRESENT_AT,"Assistant Master,",EDCT_951,,,1914,,1914-,,EDC_1914_5,FALSE,FALSE
EDCPT_7593,PRESENT_AT,"Assistant Master,",EDCT_951,,,1914,,1914-,,EDC_1914_5,FALSE,FALSE
EDCPT_8693,PRESENT_AT,"Assistant Master,",EDCT_984,,,1914,,1914-,,EDC_1914_12,FALSE,FALSE
EDCPT_7815,PRESENT_AT,Assistant Master.,EDCT_951,,,1914,,1914-,,EDC_1914_6,FALSE,FALSE
EDCPT_11432,PRESENT_AT,Assistant Mistress,EDCT_022,,,1920,,1920-,,EDC_1920_142,FALSE,FALSE
EDCPT_9114,PRESENT_AT,Assistant Mistress,EDCT_052,,,1914,,1914-,,EDC_1914_15,FALSE,FALSE
EDCPT_11018,PRESENT_AT,Assistant Mistress,EDCT_064,,,1917,,1917-,,EDC_1917_85,FALSE,FALSE
EDCPT_9142,PRESENT_AT,Assistant Mistress,EDCT_064,,,1916,,1916-,,EDC_1916_49,FALSE,FALSE
EDCPT_9123,PRESENT_AT,Assistant Mistress,EDCT_090,,,1918,,1918-,,EDC_1918_58,FALSE,FALSE
EDCPT_10803,PRESENT_AT,Assistant Mistress,EDCT_125,,,1920,,1920-,,EDC_1920_122,FALSE,FALSE
EDCPT_11127,PRESENT_AT,Assistant Mistress,EDCT_254,,,1917,,1917-,,EDC_1917_88,FALSE,FALSE
EDCPT_8765,PRESENT_AT,Assistant Mistress,EDCT_467,,,1916,,1916-,,EDC_1916_42,FALSE,FALSE
EDCPT_7458,PRESENT_AT,Assistant Mistress,EDCT_632,,,1914,,1914-,,EDC_1914_4,FALSE,FALSE
EDCPT_8827,PRESENT_AT,Assistant Mistress,EDCT_655,,,1914,,1914-,,EDC_1914_13,FALSE,FALSE
EDCPT_7934,PRESENT_AT,Assistant Mistress,EDCT_668,,,1914,,1914-,,EDC_1914_7,FALSE,FALSE
EDCPT_11238,PRESENT_AT,Assistant Mistress,EDCT_703,,,1917,,1917-,,EDC_1917_90,FALSE,FALSE
EDCPT_8379,PRESENT_AT,Assistant Mistress,EDCT_712,,,1914,,1914-,,EDC_1914_10,FALSE,FALSE
EDCPT_7140,PRESENT_AT,Assistant Mistress,EDCT_728,,,1914,,1914-,,EDC_1914_1,FALSE,FALSE
EDCPT_7397,PRESENT_AT,Assistant Mistress,EDCT_736,,,1914,,1914-,,EDC_1914_3,FALSE,FALSE
EDCPT_8744,PRESENT_AT,Assistant Mistress,EDCT_788,,,1914,,1914-,,EDC_1914_13,FALSE,FALSE
EDCPT_12232,PRESENT_AT,Assistant Mistress,EDCT_813,,,1914,,1914-,,EDC_1914_11,FALSE,FALSE
EDCPT_9933,PRESENT_AT,Assistant Mistress,EDCT_814,,,1914,,1914-,,EDC_1914_19,FALSE,FALSE
EDCPT_7956,PRESENT_AT,Assistant Mistress,EDCT_832,,,1914,,1914-,,EDC_1914_7,FALSE,FALSE
EDCPT_9146,PRESENT_AT,Assistant Mistress,EDCT_876,,,1914,,1914-,,EDC_1914_15,FALSE,FALSE
EDCPT_7930,PRESENT_AT,Assistant Mistress,EDCT_906,,,1914,,1914-,,EDC_1914_7,FALSE,FALSE
EDCPT_9686,PRESENT_AT,Assistant Mistress,EDCT_906,,,1914,,1914-,,EDC_1914_18,FALSE,FALSE
EDCPT_8383,PRESENT_AT,Assistant Mistress,EDCT_971,,,1914,,1914-,,EDC_1914_10,FALSE,FALSE
EDCPT_8569,PRESENT_AT,Assistant Mistress,EDCT_979,,,1914,,1914-,,EDC_1914_12,FALSE,FALSE
EDCPT_8631,PRESENT_AT,Assistant Mistress,EDCT_982,,,1914,,1914-,,EDC_1914_12,FALSE,FALSE
EDCPT_9254,PRESENT_AT,Assistant Mistress,EDCT_971,,,1914,,1914-,,EDC_1914_15,FALSE,FALSE
EDCPT_9257,PRESENT_AT,Assistant Mistress,EDCT_971,,,1914,,1914-,,EDC_1914_15,FALSE,FALSE
EDCPT_9443,PRESENT_AT,Assistant Mistress,EDCT_995,,,1914,,1914-,,EDC_1914_17,FALSE,FALSE
EDCPT_7006,PRESENT_AT,Assistant Mistress at,EDCT_003,,,1916,,1916-,,EDC_1916_01,FALSE,FALSE
EDCPT_11955,PRESENT_AT,Assistant Mistress at,EDCT_004,,,1917,,1917-,,EDC_1917_110,FALSE,FALSE
EDCPT_7135,PRESENT_AT,Assistant Mistress at,EDCT_004,,,1917,,1917-,,EDC_1917_3,FALSE,FALSE
EDCPT_7349,PRESENT_AT,Assistant Mistress at,EDCT_004,,,1916,,1916-,,EDC_1916_08,FALSE,FALSE
EDCPT_10851,PRESENT_AT,Assistant Mistress at,EDCT_022,,,1917,,1917-,,EDC_1917_81,FALSE,FALSE
EDCPT_10943,PRESENT_AT,Assistant Mistress at,EDCT_022,,,1917,,1917-,,EDC_1917_83,FALSE,FALSE
EDCPT_11122,PRESENT_AT,Assistant Mistress at,EDCT_022,,,1920,,1920-,,EDC_1920_132,FALSE,FALSE
EDCPT_7238,PRESENT_AT,Assistant Mistress at,EDCT_022,,,1916,,1916-,,EDC_1916_06,FALSE,FALSE
EDCPT_8519,PRESENT_AT,Assistant Mistress at,EDCT_022,,,1917,,1917-,,EDC_1917_32,FALSE,FALSE
EDCPT_9274,PRESENT_AT,Assistant Mistress at,EDCT_027,,,1916,,1916-,,EDC_1916_52,FALSE,FALSE
EDCPT_7935,PRESENT_AT,Assistant Mistress at,EDCT_028,,,1916,,1916-,,EDC_1916_22,FALSE,FALSE
EDCPT_7133,PRESENT_AT,Assistant Mistress at,EDCT_039,,,1917,,1917-,,EDC_1917_3,FALSE,FALSE
EDCPT_7924,PRESENT_AT,Assistant Mistress at,EDCT_039,,,1916,,1916-,,EDC_1916_22,FALSE,FALSE
EDCPT_10943,PRESENT_AT,Assistant Mistress at,EDCT_045,,,1918,,1918-,,EDC_1918_109,FALSE,FALSE
EDCPT_11948,PRESENT_AT,Assistant Mistress at,EDCT_045,,,1918,,1918-,,EDC_1918_141,FALSE,FALSE
EDCPT_9430,PRESENT_AT,Assistant Mistress at,EDCT_045,,,1916,,1916-,,EDC_1916_56,FALSE,FALSE
EDCPT_11053,PRESENT_AT,Assistant Mistress at,EDCT_052,,,1914,,1914-,,EDC_1914_28,FALSE,FALSE
EDCPT_8668,PRESENT_AT,Assistant Mistress at,EDCT_054,,,1917,,1917-,,EDC_1917_35,FALSE,FALSE
EDCPT_8669,PRESENT_AT,Assistant Mistress at,EDCT_054,,,1918,,1918-,was secretary in 1916,EDC_1918_46,FALSE,FALSE
EDCPT_11069,PRESENT_AT,Assistant Mistress at,EDCT_060,,,1918,,1918-,,EDC_1918_113,FALSE,FALSE
EDCPT_7896,PRESENT_AT,Assistant Mistress at,EDCT_061,,,1918,,1918-,,EDC_1918_24,FALSE,FALSE
EDCPT_10722,PRESENT_AT,Assistant Mistress at,EDCT_064,,,1917,,1917-,,EDC_1917_78,FALSE,FALSE
EDCPT_9145,PRESENT_AT,Assistant Mistress at,EDCT_064,,,1917,,1917-,,EDC_1917_45,FALSE,FALSE
EDCPT_10676,PRESENT_AT,Assistant Mistress at,EDCT_077,,,1920,,1920-,,EDC_1920_117,FALSE,FALSE
EDCPT_8829,PRESENT_AT,Assistant Mistress at,EDCT_087,,,1916,,1916-,,EDC_1916_44,FALSE,FALSE
EDCPT_10817,PRESENT_AT,Assistant Mistress at,EDCT_088,,,1920,,1920-,,EDC_1920_122,FALSE,FALSE
EDCPT_11730,PRESENT_AT,Assistant Mistress at,EDCT_090,,,1920,,1920-,,EDC_1920_152,FALSE,FALSE
EDCPT_11304,PRESENT_AT,Assistant Mistress at,EDCT_102,,,1916,,1916-,,EDC_1916_100,FALSE,FALSE
EDCPT_7464,PRESENT_AT,Assistant Mistress at,EDCT_102,,,1916,,1916-,,EDC_1916_11;EDC_1914_4,FALSE,FALSE
EDCPT_10709,PRESENT_AT,Assistant Mistress at,EDCT_125,,,1918,,1918-,,EDC_1918_101,FALSE,FALSE
EDCPT_7271,PRESENT_AT,Assistant Mistress at,EDCT_125,,,1918,,1918-,,EDC_1918_8,FALSE,FALSE
EDCPT_7430,PRESENT_AT,Assistant Mistress at,EDCT_125,,,1918,,1918-,,EDC_1918_13,FALSE,FALSE
EDCPT_11114,PRESENT_AT,Assistant mistress at,EDCT_147,,,1917,,1917-,,EDC_1917_88,FALSE,FALSE
EDCPT_8401,PRESENT_AT,Assistant Mistress at,EDCT_147,,,1917,,1917-,,EDC_1917_28,FALSE,FALSE
EDCPT_9894,PRESENT_AT,Assistant Mistress at,EDCT_231,,,1916,,1916-,,EDC_1916_65,FALSE,FALSE
EDCPT_8811,PRESENT_AT,Assistant Mistress at,EDCT_254,,,1916,,1916-,,EDC_1916_43,FALSE,FALSE
EDCPT_8761,PRESENT_AT,Assistant Mistress at,EDCT_271,,,1916,,1916-,,EDC_1916_41;EDC_1914_13,FALSE,FALSE
EDCPT_8653,PRESENT_AT,Assistant Mistress at,EDCT_280,,,1918,,1918-,,EDC_1918_45,FALSE,FALSE
EDCPT_10780,PRESENT_AT,Assistant Mistress at,EDCT_281,,,1917,,1917-,,EDC_1917_79,FALSE,FALSE
EDCPT_7491,PRESENT_AT,Assistant Mistress at,EDCT_289,,,1918,,1918-,,EDC_1918_15,FALSE,FALSE
EDCPT_7899,PRESENT_AT,Assistant Mistress at,EDCT_289,,,1918,,1918-,,EDC_1918_24,FALSE,FALSE
EDCPT_10759,PRESENT_AT,Assistant Mistress at,EDCT_346,,,1920,,1920-,,EDC_1920_120,FALSE,FALSE
EDCPT_8205,PRESENT_AT,Assistant Mistress at,EDCT_349,,,1917,,1917-,,EDC_1917_25,FALSE,FALSE
EDCPT_11573,PRESENT_AT,Assistant Mistress at,EDCT_414,,,1920,,1920-,,EDC_1920_147,FALSE,FALSE
EDCPT_7058,PRESENT_AT,Assistant Mistress at,EDCT_416,,,1918,,1918-,,EDC_1918_2,FALSE,FALSE
EDCPT_7062,PRESENT_AT,Assistant Mistress at,EDCT_416,,,1917,,1917-,,EDC_1917_2,FALSE,FALSE
EDCPT_8440,PRESENT_AT,Assistant Mistress at,EDCT_431,,,1917,,1917-,,EDC_1917_29,FALSE,TRUE
EDCPT_8440,PRESENT_AT,Assistant Mistress at,EDCT_431,,,1918,,1918-,,EDC_1918_39,FALSE,TRUE
EDCPT_11097,PRESENT_AT,Assistant Mistress at,EDCT_469,,,1918,,1918-,,EDC_1918_96,FALSE,FALSE
EDCPT_11351,PRESENT_AT,Assistant Mistress at,EDCT_469,,,1918,,1918-,,EDC_1918_120,FALSE,FALSE
EDCPT_7104,PRESENT_AT,Assistant Mistress at,EDCT_469,,,1918,,1918-,,EDC_1918_3,FALSE,FALSE
EDCPT_11874,PRESENT_AT,Assistant Mistress at,EDCT_482,,,1917,,1917-,,EDC_1917_107,FALSE,FALSE
EDCPT_8576,PRESENT_AT,Assistant Mistress at,EDCT_482,,,1916,,1916-,,EDC_1916_37,FALSE,FALSE
EDCPT_7213,PRESENT_AT,Assistant Mistress at,EDCT_525,,,1917,,1917-,,EDC_1917_7,FALSE,FALSE
EDCPT_8558,PRESENT_AT,Assistant Mistress at,EDCT_525,,,1916,,1916-,,EDC_1916_37,FALSE,FALSE
EDCPT_10692,PRESENT_AT,Assistant Mistress at,EDCT_557,,,1917,,1917-,,EDC_1917_77,FALSE,FALSE
EDCPT_8175,PRESENT_AT,Assistant Mistress at,EDCT_583,,,1917,,1917-,,EDC_1917_23,FALSE,FALSE
EDCPT_8176,PRESENT_AT,Assistant Mistress at,EDCT_583,,,1916,,1916-,,EDC_1916_28,FALSE,FALSE
EDCPT_8051,PRESENT_AT,Assistant Mistress at,EDCT_603,,,1917,,1917-,,EDC_1917_21,FALSE,FALSE
EDCPT_8100,PRESENT_AT,Assistant Mistress at,EDCT_622,,,1917,,1917-,,EDC_1917_22,FALSE,FALSE
EDCPT_9268,PRESENT_AT,Assistant Mistress at,EDCT_659,,,1916,,1916-,,EDC_1916_53,FALSE,FALSE
EDCPT_11603,PRESENT_AT,Assistant Mistress at,EDCT_665,,,1914,,1914-,,EDC_1914_32,FALSE,FALSE
EDCPT_10855,PRESENT_AT,Assistant Mistress at,EDCT_668,,,1914,,1914-,,EDC_1914_27,FALSE,FALSE
EDCPT_11307,PRESENT_AT,Assistant Mistress at,EDCT_685,,,1916,,1916-,,EDC_1916_100,FALSE,FALSE
EDCPT_9269,PRESENT_AT,Assistant Mistress at,EDCT_685,,,1916,,1916-,,EDC_1916_52,FALSE,FALSE
EDCPT_11203,PRESENT_AT,Assistant Mistress at,EDCT_693,,,1918,,1918-,,EDC_1918_117,FALSE,FALSE
EDCPT_11238,PRESENT_AT,Assistant Mistress at,EDCT_703,,,1916,,1916-,,EDC_1916_99,FALSE,FALSE
EDCPT_9399,PRESENT_AT,Assistant Mistress at,EDCT_735,,,1916,,1916-,,EDC_1916_55,FALSE,FALSE
EDCPT_9404,PRESENT_AT,Assistant Mistress at,EDCT_735,,,1916,,1916-,,EDC_1916_55,FALSE,FALSE
EDCPT_7460,PRESENT_AT,Assistant Mistress at,EDCT_740,,,1916,,1916-,,EDC_1916_11,FALSE,FALSE
EDCPT_9239,PRESENT_AT,Assistant Mistress at,EDCT_788,,,1916,,1916-,,EDC_1916_51,FALSE,FALSE
EDCPT_9256,PRESENT_AT,Assistant Mistress at,EDCT_820,,,1916,,1916-,,EDC_1916_52,FALSE,FALSE
EDCPT_10722,PRESENT_AT,Assistant Mistress at,EDCT_856,,,1914,,1914-,,EDC_1914_25,FALSE,FALSE
EDCPT_11428,PRESENT_AT,Assistant Mistress at,EDCT_873,,,1914,,1914-,,EDC_1914_31,FALSE,FALSE
EDCPT_11113,PRESENT_AT,Assistant Mistress at,EDCT_906,,,1914,,1914-,,EDC_1914_29,FALSE,FALSE
EDCPT_11645,PRESENT_AT,Assistant Mistress in,EDCT_022,,,1918,,1918-,,EDC_1918_130,FALSE,FALSE
EDCPT_9973,PRESENT_AT,Assistant Mistress in,EDCT_045,,,1916,,1916-,,EDC_1916_67,FALSE,FALSE
EDCPT_11849,PRESENT_AT,Assistant Mistress in,EDCT_069,,,1918,,1918-,,EDC_1918_137,FALSE,FALSE
EDCPT_7108,PRESENT_AT,"Assistant Mistress,",EDCT_004,,,1914,,1914-,,EDC_1914_1,FALSE,FALSE
EDCPT_7175,PRESENT_AT,"Assistant Mistress,",EDCT_004,,,1914,,1914-,,EDC_1914_1,FALSE,FALSE
EDCPT_7282,PRESENT_AT,"Assistant Mistress,",EDCT_088,,,1914,,1914-,,EDC_1914_2,FALSE,FALSE
EDCPT_7452,PRESENT_AT,"Assistant Mistress,",EDCT_111,,,1914,,1914-,,EDC_1914_4,FALSE,FALSE
EDCPT_7339,PRESENT_AT,"Assistant Mistress,",EDCT_810,,,1914,,1914-,,EDC_1914_3,FALSE,FALSE
EDCPT_7455,PRESENT_AT,"Assistant Mistress,",EDCT_856,,,1914,,1914-,,EDC_1914_4,FALSE,FALSE
EDCPT_7254,PRESENT_AT,Assistant Mistress.,EDCT_791,,,1914,,1914-,,EDC_1914_2,FALSE,FALSE
EDCPT_7402,PRESENT_AT,Assistant Mistress.,EDCT_906,,,1914,,1914-,,EDC_1914_3,FALSE,FALSE
EDCPT_7130,PRESENT_AT,Assistant Mistrss at,EDCT_531,,,1916,,1916-,,EDC_1916_03,FALSE,FALSE
EDCPT_11220,PRESENT_AT,Assistant Physician at,EDCT_057,,,1917,,1917-,,EDC_1917_90,FALSE,FALSE
EDCPT_11708,PRESENT_AT,Assistant principal at,EDCT_063,,,1920,,1920-,,EDC_1920_151,FALSE,FALSE
EDCPT_9263,PRESENT_AT,Assistant Principal at,EDCT_089,,,1916,,1916-,,EDC_1916_52,FALSE,FALSE
EDCPT_8050,PRESENT_AT,Assistant Principal at,EDCT_106,,,1916,,1916-,,EDC_1916_24,FALSE,FALSE
EDCPT_11676,PRESENT_AT,Assistant Principal in,EDCT_617,,,1918,,1918-,,EDC_1918_131,FALSE,FALSE
EDCPT_7247,PRESENT_AT,"Assistant Principal,",EDCT_861,,,1914,,1914-,,EDC_1914_2,FALSE,FALSE
EDCPT_12021,PRESENT_AT,Assistant Proctor at,EDCT_057,,,1920,,1920-,,EDC_1920_162,FALSE,FALSE
EDCPT_7594,PRESENT_AT,Assistant Professor,EDCT_841,,,1914,,1914-,,EDC_1914_5,FALSE,FALSE
EDCPT_9989,PRESENT_AT,Assistant professor at,EDCT_066,,,1917,,1917-,,EDC_1917_60,FALSE,FALSE
EDCPT_10911,PRESENT_AT,Assistant professor at,EDCT_115,,,1920,,1920-,,EDC_1920_125,FALSE,FALSE
EDCPT_11465,PRESENT_AT,Assistant Professor at,EDCT_115,,,1920,,1920-,,EDC_1920_143,FALSE,FALSE
EDCPT_9737,PRESENT_AT,Assistant Registrar and Teacher at,EDCT_057,,,1917,,1917-,,EDC_1917_57,FALSE,FALSE
EDCPT_12217,PRESENT_AT,Assistant Registrar at,EDCT_085,,,1918,,1918-,,EDC_1918_149,FALSE,FALSE
EDCPT_7679,PRESENT_AT,Assistant Registrar at,EDCT_085,,,1917,,1917-,,EDC_1917_15,FALSE,FALSE
EDCPT_8456,PRESENT_AT,Assistant Sup at,EDCT_321,,,1916,,1916-,,EDC_1916_35,FALSE,FALSE
EDCPT_11159,PRESENT_AT,Assistant Teacher at,EDCT_100,,,1920,,1920-,,EDC_1920_134,FALSE,FALSE
EDCPT_9214,PRESENT_AT,Assistant teacher at,EDCT_173,,,1916,,1916-,,EDC_1916_51,FALSE,FALSE
EDCPT_9335,PRESENT_AT,Assistant Teacher in,EDCT_067,,,1916,,1916-,Assstant Teacher in Mathematics,EDC_1916_53,FALSE,FALSE
EDCPT_10803,PRESENT_AT,Assistnat Mistress at,EDCT_873,,,1914,,1914-,,EDC_1914_26,FALSE,FALSE
EDCPT_9859,PRESENT_AT,Associate University Librarian at,EDCT_061,,,1916,,1916-,,EDC_1916_65,FALSE,FALSE
EDCPT_8174,PRESENT_AT,"Asst, Mistress",EDCT_658,,,1914,,1914-,,EDC_1914_9,FALSE,FALSE
EDCPT_8216,PRESENT_AT,Asst. Master,EDCT_805,,,1914,,1914-,,EDC_1914_9,FALSE,FALSE
EDCPT_10937,PRESENT_AT,Asst. Master at,EDCT_091,,,1920,,1920-,(five years experience at above school before 1918),EDC_1920_126; EDC_1918_108,FALSE,FALSE
EDCPT_9295,PRESENT_AT,Athletic Coach at,EDCT_147,,,1916,,1916-,,EDC_1916_53,FALSE,FALSE
EDCPT_8208,PRESENT_AT,B. A. Illinois State Univ. M. D. Professor,EDCT_759,,,1914,,1914-,,EDC_1914_9,FALSE,FALSE
EDCPT_8201,PRESENT_AT,B. A. Teacher,EDCT_054,,,1914,,1914-,,EDC_1914_9,FALSE,FALSE
EDCPT_9819,PRESENT_AT,"B. Litt., F. R. Met. Soc., Co-Principal at",EDCT_999,,,1914,,1914-,,EDC_1914_18,FALSE,FALSE
EDCPT_7099,PRESENT_AT,Bible Teacher at,EDCT_044,,,1916,,1916-,,EDC_1916_02,FALSE,FALSE
EDCPT_11415,PRESENT_AT,Buisness Manager at,EDCT_057,,,1917,,1917-,,EDC_1917_94,FALSE,FALSE
EDCPT_11426,PRESENT_AT,Bursar and Secretary at,EDCT_094,,,1920,,1920-,,EDC_1920_142,FALSE,FALSE
EDCPT_11491,PRESENT_AT,Bursar at,EDCT_085,,,1920,,1920-,,EDC_1920_144,FALSE,FALSE
EDCPT_9536,PRESENT_AT,Bursar at,EDCT_578,,,1917,,1917-,,EDC_1917_55,FALSE,FALSE
EDCPT_9656,PRESENT_AT,Bursar at,EDCT_759,,,1916,,1916-,,EDC_1916_60,FALSE,FALSE
EDCPT_8935,PRESENT_AT,Business Manager at,EDCT_189,,,1916,,1916-,,EDC_1916_46,FALSE,FALSE
EDCPT_12016,PRESENT_AT,Chair of Mathematics and Physics,EDCT_541,,,1918,,1918-,,EDC_1918_143,FALSE,FALSE
EDCPT_11503,PRESENT_AT,Chairman and on Educational Committee at,EDCT_960,,,1918,,1918-,,EDC_1918_125;EDC_1917_96,FALSE,FALSE
EDCPT_11164,PRESENT_AT,Chancellor at,EDCT_053,,,1920,,1920-,,EDC_1920_134,FALSE,FALSE
EDCPT_11446,PRESENT_AT,Chancellor at,EDCT_465,,,1917,,1917-,,EDC_1917_95,FALSE,FALSE
EDCPT_10826,PRESENT_AT,Chancellor at,EDCT_540,,,1914,,1914-,,EDC_1914_26,FALSE,FALSE
EDCPT_10937,PRESENT_AT,Chaplain at,EDCT_091,,,1914,,1914-,,EDC_1914_27,FALSE,FALSE
EDCPT_11729,PRESENT_AT,Chaplain at,EDCT_453,,,1917,,1917-,,EDC_1917_102,FALSE,FALSE
EDCPT_7995,PRESENT_AT,Chemist at the Moukden Medical College,EDCT_238,,,1914,,1914-,,EDC_1914_7,FALSE,FALSE
EDCPT_11683,PRESENT_AT,Chief English Instructor,EDCT_215,,,1920,,1920-,,EDC_1920_150,FALSE,FALSE
EDCPT_11262,PRESENT_AT,Clerk at,EDCT_085,,,1920,,1920-,,EDC_1920_137,FALSE,FALSE
EDCPT_11654,PRESENT_AT,Consulting Physician at,EDCT_066,,,1920,,1920-,,EDC_1920_150,FALSE,FALSE
EDCPT_8769,PRESENT_AT,Co-Principal,EDCT_711,,,1914,,1914-,,EDC_1914_13,FALSE,FALSE
EDCPT_7900,PRESENT_AT,Dean,EDCT_931,,,1914,,1914-,,EDC_1914_6,FALSE,FALSE
EDCPT_9028,PRESENT_AT,Dean and teacher at,EDCT_011,,,1916,,1916-,,EDC_1916_47,FALSE,FALSE
EDCPT_8057,PRESENT_AT,Dean at,EDCT_008,,,1916,,1916-,,EDC_1916_25,FALSE,FALSE
EDCPT_10708,PRESENT_AT,Dean at,EDCT_057,,,1917,,1917-,,EDC_1917_77,FALSE,FALSE
EDCPT_11917,PRESENT_AT,Dean at,EDCT_057,,,1920,,1920-,,EDC_1920_158,FALSE,FALSE
EDCPT_11036,PRESENT_AT,Dean at,EDCT_061,,,1914,,1914-,Prior experience in Instructor at University of Virginia,EDC_1914_28,FALSE,FALSE
EDCPT_8694,PRESENT_AT,Dean at,EDCT_168,,,1917,,1917-,,EDC_1917_36,FALSE,FALSE
EDCPT_8703,PRESENT_AT,Dean at,EDCT_168,,,1918,,1918-,,EDC_1918_47,FALSE,FALSE
EDCPT_11233,PRESENT_AT,Dean at,EDCT_223,,,1916,,1916-,,EDC_1916_99,FALSE,TRUE
EDCPT_11233,PRESENT_AT,Dean at,EDCT_223,,,1917,,1917-,,EDC_1917_90,FALSE,TRUE
EDCPT_10774,PRESENT_AT,Dean at,EDCT_292,,,1917,,1917-,,EDC_1917_79,FALSE,FALSE
EDCPT_10773,PRESENT_AT,Dean at,EDCT_374,,,1914,,1914-,,EDC_1914_26,FALSE,FALSE
EDCPT_7778,PRESENT_AT,Dean at,EDCT_504,,,1918,,1918-,,EDC_1918_21,FALSE,FALSE
EDCPT_11480,PRESENT_AT,Dean at,EDCT_540,,,1914,,1914-,,EDC_1914_31,FALSE,FALSE
EDCPT_9487,PRESENT_AT,Dean at,EDCT_541,,,1917,,1917-,,EDC_1917_54,FALSE,FALSE
EDCPT_10813,PRESENT_AT,Dean at,EDCT_783,,,1914,,1914-,,EDC_1914_26,FALSE,FALSE
EDCPT_7901,PRESENT_AT,Dean of,EDCT_053,,,1916,,1916-,,EDC_1916_21,FALSE,FALSE
EDCPT_10871,PRESENT_AT,Dean of Facultly at,EDCT_053,,,1914,,1914-,,EDC_1914_27,FALSE,FALSE
EDCPT_11221,PRESENT_AT,Dean of Women at,EDCT_054,,,1920,,1920-,,EDC_1920_136,FALSE,FALSE
EDCPT_11912,PRESENT_AT,Demonstrator at,EDCT_053,,,1920,,1920-,,EDC_1920_158,FALSE,FALSE
EDCPT_7509,PRESENT_AT,Demonstrator at,EDCT_053,,,1918,,1918-,,EDC_1918_15,FALSE,FALSE
EDCPT_10992,PRESENT_AT,Department supervisor at,EDCT_078,,,1917,,1917-,In charge of the departments of psychology and music,EDC_1917_84,FALSE,FALSE
EDCPT_8193,PRESENT_AT,Director,EDCT_519,,,1914,,1914-,,EDC_1914_9,FALSE,FALSE
EDCPT_9296,PRESENT_AT,Director,EDCT_790,,,1914,,1914-,,EDC_1914_16,FALSE,FALSE
EDCPT_8453,PRESENT_AT,Director at,EDCT_040,,,1918,,1918-,,EDC_1918_39,FALSE,FALSE
EDCPT_7053,PRESENT_AT,Director at,EDCT_049,,,1917,,1917-,,EDC_1917_2,FALSE,FALSE
EDCPT_11418,PRESENT_AT,Director at,EDCT_085,,,1917,,1917-,Physical Director,EDC_1917_94,FALSE,FALSE
EDCPT_8356,PRESENT_AT,Director at,EDCT_162,,,1918,,1918-,,EDC_1918_37,FALSE,FALSE
EDCPT_7872,PRESENT_AT,Director at,EDCT_199,,,1917,,1917-,,EDC_1917_18,FALSE,FALSE
EDCPT_12102,PRESENT_AT,Director at,EDCT_205,,,1920,,1920-,,EDC_1920_164,FALSE,FALSE
EDCPT_11068,PRESENT_AT,Director at,EDCT_249,,,1917,,1917-,Director of music,EDC_1917_86,FALSE,FALSE
EDCPT_7124,PRESENT_AT,Director at,EDCT_515,,,1917,,1917-,,EDC_1917_3,FALSE,FALSE
EDCPT_8194,PRESENT_AT,Director at,EDCT_557,,,1916,,1916-,,EDC_1916_29,FALSE,FALSE
EDCPT_8799,PRESENT_AT,Director at,EDCT_579,,,1916,,1916-,,EDC_1916_42,FALSE,FALSE
EDCPT_8486,PRESENT_AT,Director at,EDCT_584,,,1916,,1916-,,EDC_1916_35,FALSE,FALSE
EDCPT_11136,PRESENT_AT,Director at,EDCT_604,,,1918,,1918-,,EDC_1918_115,FALSE,FALSE
EDCPT_10711,PRESENT_AT,Director at,EDCT_770,,,1914,,1914-,,EDC_1914_25,FALSE,FALSE
EDCPT_10981,PRESENT_AT,Director at,EDCT_910,,,1914,,1914-,Director of Physical Training and Athletics,EDC_1914_28,FALSE,FALSE
EDCPT_11266,PRESENT_AT,Director of Kindergarten at,EDCT_128,,,1916,,1916-,,EDC_1916_99,FALSE,FALSE
EDCPT_11068,PRESENT_AT,Director of Music at,EDCT_249,,,1918,,1918-,,EDC_1918_113,FALSE,FALSE
EDCPT_11529,PRESENT_AT,Director of Studies at,EDCT_189,,,1920,,1920-,,EDC_1920_145,FALSE,FALSE
EDCPT_10747,PRESENT_AT,Director-in-chief at,EDCT_784,,,1914,,1914-,,EDC_1914_26,FALSE,FALSE
EDCPT_11281,PRESENT_AT,Directress at,EDCT_030,,,1920,,1920-,,,FALSE,FALSE
EDCPT_11942,PRESENT_AT,Directress at,EDCT_656,,,1918,,1918-,,EDC_1918_140,FALSE,FALSE
EDCPT_8116,PRESENT_AT,Divinity School,EDCT_725,,,1914,,1914-,,EDC_1914_8,FALSE,FALSE
EDCPT_8683,PRESENT_AT,Educational Director at,EDCT_953,,,1916,,1916-,,EDC_1916_39,FALSE,FALSE
EDCPT_11539,PRESENT_AT,Educational Secretary and DIrector at,EDCT_181,,,1920,,1920-,,EDC_1920_145;EDC_1917_97,FALSE,FALSE
EDCPT_7030,PRESENT_AT,Engineer at,EDCT_061,,,1916,,1916-,,EDC_1916_01,FALSE,FALSE
EDCPT_9127,PRESENT_AT,English and Athletics Instructor at,EDCT_764,,,1916,,1916-,,EDC_1916_49,FALSE,FALSE
EDCPT_11235,PRESENT_AT,English Instructor at,EDCT_011,,,1916,,1916-,may be a repeat entry,EDC_1916_99,FALSE,FALSE
EDCPT_9069,PRESENT_AT,English Instructor at,EDCT_011,,,1916,,1916-,,EDC_1916_48,FALSE,FALSE
EDCPT_9047,PRESENT_AT,English Instructor at,EDCT_853,,,1916,,1916-,,EDC_1916_47,FALSE,FALSE
EDCPT_11235,PRESENT_AT,English Teacher at,EDCT_011,,,1916,,1916-,,EDC_1916_99,FALSE,FALSE
EDCPT_8750,PRESENT_AT,English Teacher at,EDCT_171,,,1916,,1916-,,EDC_1916_41,FALSE,FALSE
EDCPT_11223,PRESENT_AT,English Teacher at,EDCT_644,,,1916,,1916-,,EDC_1916_99,FALSE,FALSE
EDCPT_7997,PRESENT_AT,Executive Secretary at,EDCT_602,,,1917,,1917-,,EDC_1917_20,FALSE,FALSE
EDCPT_8828,PRESENT_AT,First Assistant Mistress at,EDCT_254,,,1916,,1916-,,EDC_1916_43,FALSE,FALSE
EDCPT_8737,PRESENT_AT,French Instructor at,EDCT_011,,,1916,,1916-,,EDC_1916_41,FALSE,FALSE
EDCPT_8692,PRESENT_AT,General Agent at,EDCT_783,,,1916,,1916-,,EDC_1916_40,FALSE,FALSE
EDCPT_8840,PRESENT_AT,General Secretary at,EDCT_529,,,1917,,1917-,,EDC_1917_39,FALSE,FALSE
EDCPT_7938,PRESENT_AT,General Secretary at,EDCT_594,,,1917,,1917-,,EDC_1917_19;EDC_1914_7,FALSE,FALSE
EDCPT_7722,PRESENT_AT,Graduate of,EDCT_038,,,1920,,1920-,,EDC_1920_25,FALSE,FALSE
EDCPT_7726,PRESENT_AT,Graduate of,EDCT_050,,,1920,,1920-,,EDC_1920_25,FALSE,FALSE
EDCPT_7687,PRESENT_AT,Graduate of,EDCT_061,,,1920,,1920-,,EDC_1920_24,FALSE,FALSE
EDCPT_7685,PRESENT_AT,Graduate of,EDCT_207,,,1920,,1920-,,EDC_1920_24,FALSE,FALSE
EDCPT_9056,PRESENT_AT,Graduated from,EDCT_061,,,1920,,1920-,,EDC_1920_63,FALSE,FALSE
EDCPT_9063,PRESENT_AT,Graduated from,EDCT_061,,,1920,,1920-,,EDC_1920_63,FALSE,FALSE
EDCPT_9732,PRESENT_AT,Graduated from,EDCT_077,,,1920,,1920-,,EDC_1920_84,FALSE,FALSE
EDCPT_8999,PRESENT_AT,Graduated from,EDCT_085,,,1920,,1920-,,EDC_1920_62,FALSE,FALSE
EDCPT_9760,PRESENT_AT,Graduated from,EDCT_085,,,1920,,1920-,,EDC_1920_85,FALSE,FALSE
EDCPT_9078,PRESENT_AT,Graduated from,EDCT_178,,,1920,,1920-,"Actually graduated from ""Nankai Middle School,"" which I assume is a middle school connected to the University",EDC_1920_64,FALSE,FALSE
EDCPT_9880,PRESENT_AT,Graduated from,EDCT_214,,,1920,,1920-,,EDC_1920_90,FALSE,FALSE
EDCPT_8478,PRESENT_AT,Graduated from,EDCT_314,,,1920,,1920-,,EDC_1920_48,FALSE,FALSE
EDCPT_7978,PRESENT_AT,"Harvard Medical School, Shanghai",EDCT_930,,,1914,,1914-,,EDC_1914_7,FALSE,FALSE
EDCPT_11150,PRESENT_AT,Head and Treasurer at,EDCT_101,,,1920,,1920-,,EDC_1920_134,FALSE,FALSE
EDCPT_7411,PRESENT_AT,Head at,EDCT_061,,,1916,,1916-,,EDC_1916_10,FALSE,FALSE
EDCPT_7323,PRESENT_AT,"Head Master,",EDCT_111,,,1914,,1914-,,EDC_1914_3,FALSE,FALSE
EDCPT_8958,PRESENT_AT,Head Mistress,EDCT_792,,,1914,,1914-,,EDC_1914_14,FALSE,FALSE
EDCPT_8927,PRESENT_AT,Head Mistress,EDCT_987,,,1914,,1914-,,EDC_1914_14,FALSE,FALSE
EDCPT_7314,PRESENT_AT,"Head Mistress,",EDCT_873,,,1914,,1914-,,EDC_1914_3,FALSE,FALSE
EDCPT_10727,PRESENT_AT,Head of Department at,EDCT_101,,,1920,,1920-,,EDC_1920_119,FALSE,FALSE
EDCPT_11339,PRESENT_AT,Head of Kindergarten Training Department at,EDCT_271,,,1918,,1918-,,EDC_1918_119,FALSE,FALSE
EDCPT_12050,PRESENT_AT,Head of Normal Dept. at,EDCT_459,,,1920,,1920-,,EDC_1920_163,FALSE,FALSE
EDCPT_7411,PRESENT_AT,Head of School at,EDCT_061,,,1917,,1917-,,EDC_1917_10,FALSE,FALSE
EDCPT_8717,PRESENT_AT,Head Teacher at,EDCT_296,,,1916,,1916-,,EDC_1916_40,FALSE,FALSE
EDCPT_9382,PRESENT_AT,Headmaster,EDCT_007,,,1914,,1914-,,EDC_1914_16,FALSE,FALSE
EDCPT_10842,PRESENT_AT,Headmaster,EDCT_027,,,1917,,1917-,,EDC_1917_81,FALSE,FALSE
EDCPT_8080,PRESENT_AT,Headmaster,EDCT_050,,,1914,,1914-,,EDC_1914_8,FALSE,FALSE
EDCPT_8182,PRESENT_AT,Headmaster,EDCT_070,,,1914,,1914-,,EDC_1914_9,FALSE,FALSE
EDCPT_7971,PRESENT_AT,Headmaster,EDCT_088,,,1914,,1914-,,EDC_1914_7,FALSE,FALSE
EDCPT_8320,PRESENT_AT,Headmaster,EDCT_595,,,1914,,1914-,,EDC_1914_10,FALSE,FALSE
EDCPT_7958,PRESENT_AT,Headmaster,EDCT_597,,,1914,,1914-,,EDC_1914_7,FALSE,FALSE
EDCPT_8350,PRESENT_AT,Headmaster,EDCT_715,,,1914,,1914-,,EDC_1914_10,FALSE,FALSE
EDCPT_8040,PRESENT_AT,Headmaster,EDCT_730,,,1914,,1914-,,EDC_1914_8,FALSE,FALSE
EDCPT_12235,PRESENT_AT,Headmaster,EDCT_776,,,1914,,1914-,,EDC_1914_11,FALSE,FALSE
EDCPT_8012,PRESENT_AT,Headmaster,EDCT_958,,,1914,,1914-,,EDC_1914_8,FALSE,FALSE
EDCPT_8594,PRESENT_AT,Headmaster at,EDCT_006,,,1916,,1916-,,EDC_1916_38,FALSE,FALSE
EDCPT_11563,PRESENT_AT,Headmaster at,EDCT_014,,,1917,,1917-,,EDC_1917_98,FALSE,TRUE
EDCPT_9093,PRESENT_AT,Headmaster at,EDCT_038,,,1916,,1916-,,EDC_1916_48,FALSE,FALSE
EDCPT_7098,PRESENT_AT,Headmaster at,EDCT_042,,,1916,,1916-,,EDC_1916_02,FALSE,FALSE
EDCPT_11142,PRESENT_AT,Headmaster at,EDCT_139,,,1920,,1920-,,EDC_1920_133,FALSE,FALSE
EDCPT_11259,PRESENT_AT,Headmaster at,EDCT_216,,,1916,,1916-,,EDC_1916_99,FALSE,FALSE
EDCPT_8708,PRESENT_AT,Headmaster at,EDCT_252,,,1916,,1916-,,EDC_1916_40,FALSE,FALSE
EDCPT_7818,PRESENT_AT,Headmaster at,EDCT_268,,,1917,,1917-,,EDC_1917_17,FALSE,FALSE
EDCPT_7819,PRESENT_AT,Headmaster at,EDCT_268,,,1918,,1918-,,EDC_1918_22,FALSE,FALSE
EDCPT_9316,PRESENT_AT,Headmaster at,EDCT_298,,,1917,,1917-,,EDC_1917_50,FALSE,FALSE
EDCPT_10675,PRESENT_AT,Headmaster at,EDCT_315,,,1920,,1920-,,EDC_1920_117,FALSE,FALSE
EDCPT_8595,PRESENT_AT,Headmaster at,EDCT_328,,,1916,,1916-,,EDC_1916_38,FALSE,FALSE
EDCPT_10935,PRESENT_AT,Headmaster at,EDCT_388,,,1920,,1920-,,EDC_1920_126,FALSE,FALSE
EDCPT_11070,PRESENT_AT,Headmaster at,EDCT_411,,,1917,,1917-,,EDC_1917_87,FALSE,FALSE
EDCPT_11070,PRESENT_AT,Headmaster at,EDCT_448,,,1918,,1918-,,EDC_1918_113,FALSE,FALSE
EDCPT_8764,PRESENT_AT,Headmaster at,EDCT_467,,,1916,,1916-,,EDC_1916_42,FALSE,FALSE
EDCPT_7131,PRESENT_AT,Headmaster at,EDCT_531,,,1916,,1916-,,EDC_1916_03,FALSE,FALSE
EDCPT_7310,PRESENT_AT,Headmaster at,EDCT_548,,,1917,,1917-,,EDC_1917_8,FALSE,FALSE
EDCPT_8148,PRESENT_AT,Headmaster at,EDCT_553,,,1916,,1916-,,EDC_1916_27,FALSE,FALSE
EDCPT_7957,PRESENT_AT,Headmaster at,EDCT_597,,,1917,,1917-,,EDC_1917_19,FALSE,TRUE
EDCPT_11226,PRESENT_AT,Headmaster at,EDCT_703,,,1916,,1916-,,EDC_1916_99,FALSE,FALSE
EDCPT_11485,PRESENT_AT,Headmaster at,EDCT_884,,,1914,,1914-,,EDC_1914_32,FALSE,FALSE
EDCPT_12073,PRESENT_AT,Headmaster at,EDCT_932,,,1914,,1914-,,EDC_1914_37,FALSE,FALSE
EDCPT_11469,PRESENT_AT,Headmaster at,EDCT_952,,,1914,,1914-,,EDC_1914_31,FALSE,FALSE
EDCPT_9994,PRESENT_AT,Headmaster of,EDCT_378,,,1916,,1916-,,EDC_1916_67,FALSE,FALSE
EDCPT_9449,PRESENT_AT,Headmaster of,EDCT_392,,,1916,,1916-,,EDC_1916_56,FALSE,FALSE
EDCPT_11891,PRESENT_AT,Headmaster of,EDCT_432,,,1918,,1918-,,EDC_1918_139,FALSE,FALSE
EDCPT_9583,PRESENT_AT,Headmaster of,EDCT_684,,,1916,,1916-,,EDC_1916_59,FALSE,FALSE
EDCPT_11226,PRESENT_AT,Headmaster of,EDCT_703,,,1918,,1918-,,EDC_1918_118;EDC_1917_90,FALSE,FALSE
EDCPT_9979,PRESENT_AT,Headmaster of,EDCT_722,,,1916,,1916-,,EDC_1916_67,FALSE,FALSE
EDCPT_9724,PRESENT_AT,Headmaster of,EDCT_723,,,1916,,1916-,,EDC_1916_62,FALSE,FALSE
EDCPT_12170,PRESENT_AT,Headmaster of,EDCT_769,,,1918,,1918-,,EDC_1918_147,FALSE,FALSE
EDCPT_9809,PRESENT_AT,Headmaster of,EDCT_818,,,1916,,1916-,,EDC_1916_63,FALSE,FALSE
EDCPT_11856,PRESENT_AT,Headmaster of,EDCT_894,,,1918,,1918-,,EDC_1918_138,FALSE,FALSE
EDCPT_11780,PRESENT_AT,Headmaster of,EDCT_936,,,1918,,1918-,,EDC_1918_134,FALSE,FALSE
EDCPT_9508,PRESENT_AT,Headmaster of,EDCT_936,,,1916,,1916-,,EDC_1916_57,FALSE,FALSE
EDCPT_11488,PRESENT_AT,Headmaster of,EDCT_950,,,1918,,1918-,,EDC_1918_124,FALSE,FALSE
EDCPT_11878,PRESENT_AT,Headmaster of,EDCT_961,,,1918,,1918-,,EDC_1918_138,FALSE,FALSE
EDCPT_7456,PRESENT_AT,Headmaster of,EDCT_962,,,1917,,1917-,,EDC_1917_11,FALSE,FALSE
EDCPT_7184,PRESENT_AT,"Headmaster,",EDCT_460,,,1914,,1914-,,EDC_1914_2,FALSE,FALSE
EDCPT_7279,PRESENT_AT,"Headmaster,",EDCT_876,,,1914,,1914-,,EDC_1914_2,FALSE,FALSE
EDCPT_9356,PRESENT_AT,"Headmaster, Professor of Physics",EDCT_994,,,1914,,1914-,,EDC_1914_16,FALSE,FALSE
EDCPT_11091,PRESENT_AT,Headmistress,EDCT_654,,,1917,,1917-,,EDC_1917_87,FALSE,FALSE
EDCPT_8192,PRESENT_AT,Headmistress,EDCT_788,,,1914,,1914-,,EDC_1914_9,FALSE,FALSE
EDCPT_8411,PRESENT_AT,Headmistress,EDCT_809,,,1914,,1914-,,EDC_1914_11,FALSE,FALSE
EDCPT_9565,PRESENT_AT,Headmistress at,EDCT_054,,,1918,,1918-,,EDC_1918_71,FALSE,FALSE
EDCPT_7198,PRESENT_AT,Headmistress at,EDCT_251,,,1918,,1918-,,EDC_1918_6,FALSE,FALSE
EDCPT_11565,PRESENT_AT,Headmistress at,EDCT_254,,,1917,,1917-,,EDC_1917_98,FALSE,FALSE
EDCPT_7367,PRESENT_AT,Headmistress at,EDCT_303,,,1917,,1917-,,EDC_1917_9,FALSE,FALSE
EDCPT_7920,PRESENT_AT,Headmistress at,EDCT_562,,,1917,,1917-,,EDC_1917_18,FALSE,FALSE
EDCPT_10750,PRESENT_AT,Headmistress at,EDCT_658,,,1914,,1914-,,EDC_1914_26,FALSE,FALSE
EDCPT_10844,PRESENT_AT,Headmistress at,EDCT_740,,,1914,,1914-,,EDC_1914_27,FALSE,FALSE
EDCPT_11152,PRESENT_AT,Headmistress at,EDCT_774,,,1918,,1918-,,EDC_1918_116,FALSE,FALSE
EDCPT_9749,PRESENT_AT,Head-teacher at,EDCT_275,,,1918,,1918-,,EDC_1918_74,FALSE,FALSE
EDCPT_11970,PRESENT_AT,Hon. President of,EDCT_849,,,1918,,1918-,,EDC_1918_142,FALSE,FALSE
EDCPT_10643,PRESENT_AT,Hon. Principal at,EDCT_257,,,1920,,1920-,,EDC_1920_115,FALSE,FALSE
EDCPT_11558,PRESENT_AT,Hon. Supt. and Teacher in,EDCT_257,,,1918,,1918-,,EDC_1918_127,FALSE,FALSE
EDCPT_10641,PRESENT_AT,Hon. Treasurer at,EDCT_257,,,1920,,1920-,,EDC_1920_123,FALSE,FALSE
EDCPT_9868,PRESENT_AT,House Officer at,EDCT_759,,,1916,,1916-,,EDC_1916_65,FALSE,FALSE
EDCPT_7495,PRESENT_AT,In Charge of,EDCT_154,,,1920,,1920-,,EDC_1920_18,FALSE,FALSE
EDCPT_9999,PRESENT_AT,In charge of,EDCT_672,,,1895,,1895-,,EDC_1895_68,FALSE,FALSE
EDCPT_11840,PRESENT_AT,In Charge of the Department of Biology at,EDCT_168,,,1920,,1920-,,EDC_1920_155,FALSE,FALSE
EDCPT_10711,PRESENT_AT,Inspector at,EDCT_902,,,1917,,1917-,,EDC_1917_77,FALSE,FALSE
EDCPT_7644,PRESENT_AT,Instrnctor at,EDCT_539,,,1916,,1916-,,EDC_1916_16,FALSE,FALSE
EDCPT_11578,PRESENT_AT,Instructed at,EDCT_338,,,1920,,1920-,,EDC_1920_147,FALSE,FALSE
EDCPT_11170,PRESENT_AT,Instructo at,EDCT_807,,,1917,,1917-,,EDC_1917_89,FALSE,FALSE
EDCPT_7308,PRESENT_AT,Instructor,EDCT_057,,,1914,,1914-,,EDC_1914_3,FALSE,FALSE
EDCPT_7659,PRESENT_AT,Instructor,EDCT_096,,,1914,,1914-,,EDC_1914_5,FALSE,FALSE
EDCPT_11393,PRESENT_AT,Instructor,EDCT_100,,,1920,,1920-,,EDC_1920_141,FALSE,FALSE
EDCPT_11023,PRESENT_AT,Instructor,EDCT_151,,,1920,,1920-,,EDC_1920_129,FALSE,FALSE
EDCPT_8972,PRESENT_AT,Instructor,EDCT_540,,,1914,,1914-,,EDC_1914_14,FALSE,FALSE
EDCPT_7552,PRESENT_AT,Instructor,EDCT_782,,,1914,,1914-,,EDC_1914_4,FALSE,FALSE
EDCPT_7683,PRESENT_AT,Instructor,EDCT_867,,,1914,,1914-,,EDC_1914_5,FALSE,FALSE
EDCPT_7546,PRESENT_AT,Instructor,EDCT_887,,,1914,,1914-,,EDC_1914_4,FALSE,FALSE
EDCPT_8283,PRESENT_AT,Instructor,EDCT_887,,,1914,,1914-,,EDC_1914_10,FALSE,FALSE
EDCPT_9921,PRESENT_AT,Instructor,EDCT_890,,,1914,,1914-,,EDC_1914_19,FALSE,FALSE
EDCPT_11138,PRESENT_AT,Instructor ad Dean at,EDCT_447,,,1920,,1920-,,EDC_1920_133,FALSE,FALSE
EDCPT_11522,PRESENT_AT,Instructor and Assistant Scoutmaster at,EDCT_173,,,1918,,1918-,,EDC_1918_125,FALSE,FALSE
EDCPT_11314,PRESENT_AT,Instructor at,EDCT_004,,,1920,,1920-,,EDC_1920_138,FALSE,FALSE
EDCPT_11327,PRESENT_AT,Instructor at,EDCT_004,,,1920,,1920-,,EDC_1920_139,FALSE,FALSE
EDCPT_11687,PRESENT_AT,Instructor at,EDCT_005,,,1920,,1920-,,EDC_1920_151,FALSE,FALSE
EDCPT_11698,PRESENT_AT,Instructor at,EDCT_005,,,1920,,1920-,,EDC_1920_151,FALSE,FALSE
EDCPT_11702,PRESENT_AT,Instructor at,EDCT_005,,,1920,,1920-,,EDC_1920_151,FALSE,FALSE
EDCPT_11990,PRESENT_AT,Instructor at,EDCT_005,,,1920,,1920-,,EDC_1920_161,FALSE,FALSE
EDCPT_11211,PRESENT_AT,Instructor at,EDCT_008,,,1920,,1920-,,EDC_1920_136,FALSE,FALSE
EDCPT_11386,PRESENT_AT,Instructor at,EDCT_008,,,1920,,1920-,,EDC_1920_141,FALSE,FALSE
EDCPT_11391,PRESENT_AT,Instructor at,EDCT_008,,,1918,,1918-,,EDC_1918_121;EDC_1917_93,FALSE,FALSE
EDCPT_11675,PRESENT_AT,Instructor at,EDCT_008,,,1920,,1920-,,EDC_1920_150,FALSE,FALSE
EDCPT_11679,PRESENT_AT,Instructor at,EDCT_008,,,1920,,1920-,,EDC_1920_150,FALSE,FALSE
EDCPT_11972,PRESENT_AT,Instructor at,EDCT_008,,,1920,,1920-,,EDC_1920_160,FALSE,FALSE
EDCPT_12056,PRESENT_AT,Instructor at,EDCT_008,,,1920,,1920-,,EDC_1920_163,FALSE,FALSE
EDCPT_11168,PRESENT_AT,Instructor at,EDCT_011,,,1917,,1917-,,EDC_1917_89,FALSE,FALSE
EDCPT_11235,PRESENT_AT,Instructor at,EDCT_011,,,1917,,1917-,Instructor in English,EDC_1917_91,FALSE,FALSE
EDCPT_11479,PRESENT_AT,Instructor at,EDCT_011,,,1917,,1917-,Instroctor in Chinese Literature,EDC_1917_96,FALSE,FALSE
EDCPT_11515,PRESENT_AT,Instructor at,EDCT_011,,,1917,,1917-,Instructor in French and Music,EDC_1917_96,FALSE,FALSE
EDCPT_11533,PRESENT_AT,Instructor at,EDCT_011,,,1917,,1917-,Instructor in Mathematics,EDC_1917_97,FALSE,FALSE
EDCPT_11933,PRESENT_AT,Instructor at,EDCT_011,,,1920,,1920-,,EDC_1920_159,FALSE,FALSE
EDCPT_9702,PRESENT_AT,Instructor at,EDCT_011,,,1917,,1917-,,EDC_1917_58,FALSE,FALSE
EDCPT_11545,PRESENT_AT,Instructor at,EDCT_023,,,1917,,1917-,,EDC_1917_97,FALSE,FALSE
EDCPT_10650,PRESENT_AT,Instructor at,EDCT_024,,,1920,,1920-,,EDC_1920_115,FALSE,FALSE
EDCPT_7171,PRESENT_AT,Instructor at,EDCT_025,,,1917,,1917-,,EDC_1917_5,FALSE,FALSE
EDCPT_7274,PRESENT_AT,Instructor at,EDCT_025,,,1916,,1916-,,EDC_1916_07,FALSE,FALSE
EDCPT_7735,PRESENT_AT,Instructor at,EDCT_025,,,1916,,1916-,,EDC_1916_18,FALSE,FALSE
EDCPT_7764,PRESENT_AT,Instructor at,EDCT_025,,,1916,,1916-,,EDC_1916_19,FALSE,FALSE
EDCPT_7772,PRESENT_AT,Instructor at,EDCT_025,,,1916,,1916-,,EDC_1916_19,FALSE,FALSE
EDCPT_7877,PRESENT_AT,Instructor at,EDCT_025,,,1916,,1916-,,EDC_1916_21,FALSE,FALSE
EDCPT_8969,PRESENT_AT,Instructor at,EDCT_025,,,1916,,1916-,also an ophthalmic surgeon to the canton hospital,EDC_1916_46,FALSE,FALSE
EDCPT_9555,PRESENT_AT,Instructor at,EDCT_025,,,1918,,1918-,,EDC_1918_71,FALSE,FALSE
EDCPT_9917,PRESENT_AT,Instructor at,EDCT_025,,,1917,,1917-,,EDC_1917_59,FALSE,FALSE
EDCPT_11596,PRESENT_AT,Instructor at,EDCT_029,,,1920,,1920-,,EDC_1920_148;EDC_1917_99,FALSE,FALSE
EDCPT_11272,PRESENT_AT,Instructor at,EDCT_034,,,1920,,1920-,,EDC_1920_137,FALSE,FALSE
EDCPT_11588,PRESENT_AT,Instructor at,EDCT_034,,,1920,,1920-,,EDC_1920_147,FALSE,FALSE
EDCPT_12180,PRESENT_AT,Instructor at,EDCT_034,,,1920,,1920-,,EDC_1920_167,FALSE,FALSE
EDCPT_8218,PRESENT_AT,Instructor at,EDCT_034,,,1918,,1918-,,EDC_1918_33,FALSE,FALSE
EDCPT_8964,PRESENT_AT,Instructor at,EDCT_041,,,1917,,1917-,,EDC_1917_42,FALSE,FALSE
EDCPT_10953,PRESENT_AT,Instructor at,EDCT_042,,,1920,,1920-,,EDC_1920_127,FALSE,FALSE
EDCPT_7151,PRESENT_AT,Instructor at,EDCT_045,,,1916,,1916-,,EDC_1916_04,FALSE,FALSE
EDCPT_11444,PRESENT_AT,Instructor at,EDCT_048,,,1920,,1920-,,EDC_1920_143,FALSE,FALSE
EDCPT_12139,PRESENT_AT,Instructor at,EDCT_048,,,1920,,1920-,,EDC_1920_166,FALSE,FALSE
EDCPT_9445,PRESENT_AT,Instructor at,EDCT_048,,,1917,,1917-,,EDC_1917_53,FALSE,FALSE
EDCPT_11383,PRESENT_AT,Instructor at,EDCT_050,,,1920,,1920-,,EDC_1920_141,FALSE,FALSE
EDCPT_8923,PRESENT_AT,Instructor at,EDCT_050,,,1916,,1916-,,EDC_1916_45,FALSE,FALSE
EDCPT_12053,PRESENT_AT,Instructor at,EDCT_051,,,1920,,1920-,,EDC_1920_163,FALSE,FALSE
EDCPT_10874,PRESENT_AT,Instructor at,EDCT_054,,,1914,,1914-,,EDC_1914_27,FALSE,FALSE
EDCPT_11332,PRESENT_AT,Instructor at,EDCT_054,,,1917,,1917-,,EDC_1917_90,FALSE,FALSE
EDCPT_11740,PRESENT_AT,Instructor at,EDCT_054,,,1920,,1920-,,EDC_1920_152,FALSE,FALSE
EDCPT_11836,PRESENT_AT,Instructor at,EDCT_054,,,1914,,1914-,,EDC_1914_35,FALSE,FALSE
EDCPT_11977,PRESENT_AT,Instructor at,EDCT_054,,,1917,,1917-,,EDC_1917_111,FALSE,FALSE
EDCPT_12263,PRESENT_AT,Instructor at,EDCT_054,,,1918,,1918-,,EDC_1918_54,FALSE,FALSE
EDCPT_9228,PRESENT_AT,Instructor at,EDCT_054,,,1918,,1918-,,EDC_1918_62,FALSE,FALSE
EDCPT_9567,PRESENT_AT,Instructor at,EDCT_054,,,1918,,1918-,,EDC_1918_71,FALSE,FALSE
EDCPT_11673,PRESENT_AT,Instructor at,EDCT_056,,,1920,,1920-,,EDC_1920_150,FALSE,FALSE
EDCPT_11692,PRESENT_AT,Instructor at,EDCT_056,,,1920,,1920-,,EDC_1920_151,FALSE,FALSE
EDCPT_11725,PRESENT_AT,Instructor at,EDCT_056,,,1920,,1920-,,EDC_1920_152,FALSE,FALSE
EDCPT_11965,PRESENT_AT,Instructor at,EDCT_056,,,1920,,1920-,,EDC_1920_160,FALSE,FALSE
EDCPT_11107,PRESENT_AT,Instructor at,EDCT_057,,,1917,,1917-,Instructor in Drawing,EDC_1917_87,FALSE,FALSE
EDCPT_11416,PRESENT_AT,Instructor at,EDCT_057,,,1917,,1917-,,EDC_1917_94,FALSE,FALSE
EDCPT_12169,PRESENT_AT,Instructor at,EDCT_057,,,1920,,1920-,,EDC_1920_165,FALSE,FALSE
EDCPT_7550,PRESENT_AT,Instructor at,EDCT_057,,,1918,,1918-,,EDC_1918_17,FALSE,FALSE
EDCPT_8775,PRESENT_AT,Instructor at,EDCT_057,,,1916,,1916-,,EDC_1916_42,FALSE,FALSE
EDCPT_11373,PRESENT_AT,Instructor at,EDCT_061,,,1920,,1920-,,EDC_1920_140,FALSE,FALSE
EDCPT_11868,PRESENT_AT,Instructor at,EDCT_061,,,1914,,1914-,,EDC_1914_35,FALSE,FALSE
EDCPT_7648,PRESENT_AT,Instructor at,EDCT_061,,,1917,,1917-,,EDC_1917_15,FALSE,FALSE
EDCPT_9415,PRESENT_AT,Instructor at,EDCT_061,,,1917,,1917-,,EDC_1917_52,FALSE,FALSE
EDCPT_12045,PRESENT_AT,Instructor at,EDCT_065,,,1920,,1920-,,EDC_1920_163,FALSE,FALSE
EDCPT_10993,PRESENT_AT,Instructor at,EDCT_066,,,1917,,1917-,,EDC_1917_84,FALSE,FALSE
EDCPT_12126,PRESENT_AT,Instructor at,EDCT_066,,,1917,,1917-,,EDC_1917_114,FALSE,FALSE
EDCPT_11417,PRESENT_AT,Instructor at,EDCT_068,,,1918,,1918-,,EDC_1918_122,FALSE,FALSE
EDCPT_11513,PRESENT_AT,Instructor at,EDCT_068,,,1917,,1917-,,EDC_1917_96,FALSE,FALSE
EDCPT_9998,PRESENT_AT,Instructor at,EDCT_068,,,1917,,1917-,,EDC_1917_61,FALSE,FALSE
EDCPT_8103,PRESENT_AT,Instructor at,EDCT_078,,,1916,,1916-,,EDC_1916_26,FALSE,FALSE
EDCPT_8134,PRESENT_AT,Instructor at,EDCT_078,,,1916,,1916-,,EDC_1916_27,FALSE,FALSE
EDCPT_8136,PRESENT_AT,Instructor at,EDCT_078,,,1916,,1916-,,EDC_1916_27,FALSE,FALSE
EDCPT_10940,PRESENT_AT,Instructor at,EDCT_080,,,1920,,1920-,,EDC_1920_126,FALSE,FALSE
EDCPT_11998,PRESENT_AT,Instructor at,EDCT_080,,,1920,,1920-,,EDC_1920_161,FALSE,FALSE
EDCPT_12026,PRESENT_AT,Instructor at,EDCT_080,,,1920,,1920-,,EDC_1920_162,FALSE,FALSE
EDCPT_11647,PRESENT_AT,Instructor at,EDCT_081,,,1920,,1920-,,EDC_1920_149,FALSE,FALSE
EDCPT_10997,PRESENT_AT,Instructor at,EDCT_085,,,1920,,1920-,,EDC_1920_128,FALSE,FALSE
EDCPT_11242,PRESENT_AT,Instructor at,EDCT_085,,,1917,,1917-,,EDC_1917_91,FALSE,FALSE
EDCPT_11378,PRESENT_AT,Instructor at,EDCT_085,,,1920,,1920-,Professor of English Literature,EDC_1920_140,FALSE,FALSE
EDCPT_11966,PRESENT_AT,Instructor at,EDCT_085,,,1920,,1920-,,EDC_1920_160,FALSE,FALSE
EDCPT_12199,PRESENT_AT,Instructor at,EDCT_085,,,1920,,1920-,,EDC_1920_167,FALSE,FALSE
EDCPT_7346,PRESENT_AT,Instructor at,EDCT_085,,,1917,,1917-,,EDC_1917_9,FALSE,FALSE
EDCPT_9300,PRESENT_AT,Instructor at,EDCT_085,,,1917,,1917-,,EDC_1917_49,FALSE,FALSE
EDCPT_9302,PRESENT_AT,Instructor at,EDCT_085,,,1916,,1916-,,EDC_1916_53,FALSE,FALSE
EDCPT_9350,PRESENT_AT,Instructor at,EDCT_085,,,1916,,1916-,Instructor of Clinical Surgery,EDC_1916_54,FALSE,FALSE
EDCPT_9450,PRESENT_AT,Instructor at,EDCT_085,,,1918,,1918-,,EDC_1918_68,FALSE,FALSE
EDCPT_11506,PRESENT_AT,Instructor at,EDCT_089,,,1920,,1920-,,EDC_1920_145,FALSE,FALSE
EDCPT_11978,PRESENT_AT,Instructor at,EDCT_089,,,1917,,1917-,,EDC_1917_110,FALSE,FALSE
EDCPT_11279,PRESENT_AT,Instructor at,EDCT_091,,,1920,,1920-,,,FALSE,FALSE
EDCPT_10848,PRESENT_AT,Instructor at,EDCT_092,,,1920,,1920-,,EDC_1920_123,FALSE,FALSE
EDCPT_10716,PRESENT_AT,Instructor at,EDCT_094,,,1914,,1914-,,EDC_1914_25,FALSE,FALSE
EDCPT_10977,PRESENT_AT,Instructor at,EDCT_094,,,1920,,1920-,,EDC_1920_128,FALSE,FALSE
EDCPT_11697,PRESENT_AT,Instructor at,EDCT_094,,,1917,,1917-,,EDC_1917_102,FALSE,FALSE
EDCPT_7716,PRESENT_AT,Instructor at,EDCT_094,,,1916,,1916-,,EDC_1916_17,FALSE,FALSE
EDCPT_7734,PRESENT_AT,Instructor at,EDCT_094,,,1916,,1916-,,EDC_1916_18,FALSE,FALSE
EDCPT_8368,PRESENT_AT,Instructor at,EDCT_094,,,1916,,1916-,,EDC_1916_32,FALSE,FALSE
EDCPT_8720,PRESENT_AT,Instructor at,EDCT_094,,,1916,,1916-,,EDC_1916_40,FALSE,FALSE
EDCPT_10644,PRESENT_AT,Instructor at,EDCT_096,,,1917,,1917-,,EDC_1917_75,FALSE,FALSE
EDCPT_11175,PRESENT_AT,Instructor at,EDCT_096,,,1917,,1917-,,EDC_1917_89,FALSE,FALSE
EDCPT_11298,PRESENT_AT,Instructor at,EDCT_096,,,1917,,1917-,,EDC_1917_97,FALSE,FALSE
EDCPT_11508,PRESENT_AT,Instructor at,EDCT_096,,,1917,,1917-,,EDC_1917_96,FALSE,FALSE
EDCPT_11333,PRESENT_AT,Instructor at,EDCT_109,,,1920,,1920-,,EDC_1920_139,FALSE,FALSE
EDCPT_11556,PRESENT_AT,Instructor at,EDCT_109,,,1920,,1920-,,EDC_1920_146,FALSE,FALSE
EDCPT_11771,PRESENT_AT,Instructor at,EDCT_109,,,1920,,1920-,,EDC_1920_153,FALSE,FALSE
EDCPT_11403,PRESENT_AT,Instructor at,EDCT_110,,,1920,,1920-,,EDC_1920_141,FALSE,FALSE
EDCPT_10645,PRESENT_AT,Instructor at,EDCT_111,,,1920,,1920-,,EDC_1920_115,FALSE,FALSE
EDCPT_10957,PRESENT_AT,Instructor at,EDCT_115,,,1918,,1918-,Instructor in Pathology,EDC_1918_109,FALSE,FALSE
EDCPT_9222,PRESENT_AT,Instructor at,EDCT_115,,,1918,,1918-,,EDC_1918_61,FALSE,FALSE
EDCPT_11908,PRESENT_AT,Instructor at,EDCT_116,,,1920,,1920-,,EDC_1920_158,FALSE,FALSE
EDCPT_11075,PRESENT_AT,Instructor at,EDCT_118,,,1918,,1918-,,EDC_1918_113,FALSE,FALSE
EDCPT_11326,PRESENT_AT,Instructor at,EDCT_118,,,1920,,1920-,,EDC_1920_139,FALSE,FALSE
EDCPT_11631,PRESENT_AT,Instructor at,EDCT_118,,,1920,,1920-,,EDC_1920_149,FALSE,FALSE
EDCPT_7615,PRESENT_AT,Instructor at,EDCT_118,,,1918,,1918-,,EDC_1918_18,FALSE,FALSE
EDCPT_9076,PRESENT_AT,Instructor at,EDCT_118,,,1918,,1918-,,EDC_1918_57,FALSE,FALSE
EDCPT_11274,PRESENT_AT,Instructor at,EDCT_128,,,1920,,1920-,,EDC_1920_137,FALSE,FALSE
EDCPT_11286,PRESENT_AT,Instructor at,EDCT_134,,,1920,,1920-,,EDC_1920_137,FALSE,FALSE
EDCPT_11540,PRESENT_AT,Instructor at,EDCT_134,,,1920,,1920-,,EDC_1920_145,FALSE,FALSE
EDCPT_11564,PRESENT_AT,Instructor at,EDCT_134,,,1920,,1920-,,EDC_1920_146,FALSE,FALSE
EDCPT_12007,PRESENT_AT,Instructor at,EDCT_143,,,1920,,1920-,,EDC_1920_161,FALSE,FALSE
EDCPT_11271,PRESENT_AT,Instructor at,EDCT_153,,,1920,,1920-,,EDC_1920_137,FALSE,FALSE
EDCPT_12099,PRESENT_AT,Instructor at,EDCT_155,,,1920,,1920-,,EDC_1920_164,FALSE,FALSE
EDCPT_11048,PRESENT_AT,Instructor at,EDCT_160,,,1920,,1920-,,EDC_1920_130,FALSE,FALSE
EDCPT_11527,PRESENT_AT,Instructor at,EDCT_161,,,1920,,1920-,,EDC_1920_145;EDC_1917_97,FALSE,FALSE
EDCPT_10905,PRESENT_AT,Instructor at,EDCT_162,,,1920,,1920-,,EDC_1920_125,FALSE,FALSE
EDCPT_11290,PRESENT_AT,Instructor at,EDCT_162,,,1920,,1920-,,EDC_1920_138,FALSE,FALSE
EDCPT_8903,PRESENT_AT,Instructor at,EDCT_162,,,1917,,1917-,,EDC_1917_41,FALSE,FALSE
EDCPT_11694,PRESENT_AT,Instructor at,EDCT_163,,,1920,,1920-,,EDC_1920_151,FALSE,FALSE
EDCPT_11710,PRESENT_AT,Instructor at,EDCT_163,,,1920,,1920-,,EDC_1920_151,FALSE,FALSE
EDCPT_12010,PRESENT_AT,Instructor at,EDCT_163,,,1920,,1920-,,EDC_1920_162,FALSE,FALSE
EDCPT_12156,PRESENT_AT,Instructor at,EDCT_163,,,1920,,1920-,,EDC_1920_166,FALSE,FALSE
EDCPT_12162,PRESENT_AT,Instructor at,EDCT_163,,,1920,,1920-,,EDC_1920_166,FALSE,FALSE
EDCPT_12177,PRESENT_AT,Instructor at,EDCT_163,,,1920,,1920-,,EDC_1920_167,FALSE,FALSE
EDCPT_12221,PRESENT_AT,Instructor at,EDCT_163,,,1920,,1920-,,EDC_1920_168,FALSE,FALSE
EDCPT_8955,PRESENT_AT,Instructor at,EDCT_163,,,1917,,1917-,,EDC_1917_42,FALSE,FALSE
EDCPT_12032,PRESENT_AT,Instructor at,EDCT_165,,,1920,,1920-,,EDC_1920_163,FALSE,FALSE
EDCPT_12205,PRESENT_AT,Instructor at,EDCT_165,,,1920,,1920-,,EDC_1920_168,FALSE,FALSE
EDCPT_7466,PRESENT_AT,Instructor at,EDCT_167,,,1917,,1917-,,EDC_1917_12,FALSE,FALSE
EDCPT_10853,PRESENT_AT,Instructor at,EDCT_168,,,,,-,,,FALSE,FALSE
EDCPT_11064,PRESENT_AT,Instructor at,EDCT_168,,,1918,1918,1918-1918,,EDC_1918_113,FALSE,FALSE
EDCPT_11625,PRESENT_AT,Instructor at,EDCT_168,,,1920,1920,1920-1920,,EDC_1920_148,FALSE,FALSE
EDCPT_7913,PRESENT_AT,Instructor at,EDCT_168,,,1918,1918,1918-1918,,EDC_1918_24,FALSE,FALSE
EDCPT_8639,PRESENT_AT,Instructor at,EDCT_168,,,1917,1917,1917-1917,,EDC_1917_34,FALSE,FALSE
EDCPT_12087,PRESENT_AT,Instructor at,EDCT_172,,,1920,1920,1920-1920,,EDC_1920_164,FALSE,FALSE
EDCPT_12088,PRESENT_AT,Instructor at,EDCT_172,,,1920,1920,1920-1920,,EDC_1920_164,FALSE,FALSE
EDCPT_12098,PRESENT_AT,Instructor at,EDCT_172,,,1920,1920,1920-1920,,EDC_1920_164,FALSE,FALSE
EDCPT_10998,PRESENT_AT,Instructor at,EDCT_173,,,1920,1920,1920-1920,,EDC_1920_128,FALSE,FALSE
EDCPT_11911,PRESENT_AT,Instructor at,EDCT_173,,,1920,1920,1920-1920,,EDC_1920_158,FALSE,FALSE
EDCPT_12195,PRESENT_AT,Instructor at,EDCT_173,,,1920,1920,1920-1920,,EDC_1920_167,FALSE,FALSE
EDCPT_12222,PRESENT_AT,Instructor at,EDCT_173,,,1917,1917,1917-1917,,EDC_1917_115,FALSE,TRUE
EDCPT_9349,PRESENT_AT,Instructor at,EDCT_173,,,1917,1917,1917-1917,,EDC_1917_50,FALSE,FALSE
EDCPT_12054,PRESENT_AT,Instructor at,EDCT_176,,,1920,1920,1920-1920,,EDC_1920_163,FALSE,FALSE
EDCPT_11906,PRESENT_AT,Instructor at,EDCT_178,,,1920,1920,1920-1920,,EDC_1920_158,FALSE,FALSE
EDCPT_12161,PRESENT_AT,Instructor at,EDCT_178,,,1920,1920,1920-1920,,EDC_1920_166,FALSE,FALSE
EDCPT_10857,PRESENT_AT,Instructor at,EDCT_181,,,,,-,,,FALSE,FALSE
EDCPT_11109,PRESENT_AT,Instructor at,EDCT_181,,,1918,1918,1918-1918,,EDC_1918_114,FALSE,FALSE
EDCPT_11493,PRESENT_AT,Instructor at,EDCT_181,,,1920,1920,1920-1920,,EDC_1920_144,FALSE,FALSE
EDCPT_12181,PRESENT_AT,Instructor at,EDCT_181,,,1920,1920,1920-1920,,EDC_1920_167,FALSE,FALSE
EDCPT_7690,PRESENT_AT,Instructor at,EDCT_181,,,1918,1918,1918-1918,,EDC_1918_19,FALSE,FALSE
EDCPT_11442,PRESENT_AT,Instructor at,EDCT_182,,,1917,1917,1917-1917,,EDC_1917_95,FALSE,FALSE
EDCPT_11445,PRESENT_AT,Instructor at,EDCT_182,,,1917,1917,1917-1917,,EDC_1917_95,FALSE,FALSE
EDCPT_11217,PRESENT_AT,Instructor at,EDCT_183,,,1917,1917,1917-1917,,EDC_1917_90,FALSE,FALSE
EDCPT_12090,PRESENT_AT,Instructor at,EDCT_184,,,1920,1920,1920-1920,,EDC_1920_164,FALSE,FALSE
EDCPT_11275,PRESENT_AT,Instructor at,EDCT_187,,,1920,1920,1920-1920,,,FALSE,FALSE
EDCPT_12150,PRESENT_AT,Instructor at,EDCT_187,,,1920,1920,1920-1920,,EDC_1920_166,FALSE,FALSE
EDCPT_9340,PRESENT_AT,Instructor at,EDCT_187,,,1920,1920,1920-1920,,EDC_1920_71,FALSE,FALSE
EDCPT_11183,PRESENT_AT,Instructor at,EDCT_189,,,1920,1920,1920-1920,,EDC_1920_135,FALSE,FALSE
EDCPT_11521,PRESENT_AT,Instructor at,EDCT_189,,,1920,1920,1920-1920,,EDC_1920_145,FALSE,FALSE
EDCPT_11524,PRESENT_AT,Instructor at,EDCT_189,,,1920,1920,1920-1920,,EDC_1920_145,FALSE,FALSE
EDCPT_11630,PRESENT_AT,Instructor at,EDCT_189,,,1920,1920,1920-1920,,EDC_1920_149,FALSE,FALSE
EDCPT_12027,PRESENT_AT,Instructor at,EDCT_189,,,1920,1920,1920-1920,,EDC_1920_162,FALSE,FALSE
EDCPT_9163,PRESENT_AT,Instructor at,EDCT_189,,,1920,1920,1920-1920,,EDC_1920_66,FALSE,FALSE
EDCPT_11655,PRESENT_AT,Instructor at,EDCT_190,,,1920,1920,1920-1920,,EDC_1920_150,FALSE,FALSE
EDCPT_11726,PRESENT_AT,Instructor at,EDCT_190,,,1920,1920,1920-1920,,EDC_1920_152,FALSE,FALSE
EDCPT_11987,PRESENT_AT,Instructor at,EDCT_190,,,1920,1920,1920-1920,,EDC_1920_161,FALSE,FALSE
EDCPT_11325,PRESENT_AT,Instructor at,EDCT_193,,,1920,1920,1920-1920,,EDC_1920_139,FALSE,FALSE
EDCPT_11246,PRESENT_AT,Instructor at,EDCT_195,,,1920,1920,1920-1920,,EDC_1920_136,FALSE,FALSE
EDCPT_11842,PRESENT_AT,Instructor at,EDCT_195,,,1917,1917,1917-1917,,EDC_1917_106,FALSE,FALSE
EDCPT_8314,PRESENT_AT,Instructor at,EDCT_195,,,,,-,,,FALSE,FALSE
EDCPT_12046,PRESENT_AT,Instructor at,EDCT_196,,,1917,1917,1917-1917,,EDC_1917_112,FALSE,FALSE
EDCPT_7405,PRESENT_AT,Instructor at,EDCT_196,,,1918,1918,1918-1918,,EDC_1918_12,FALSE,FALSE
EDCPT_11902,PRESENT_AT,Instructor at,EDCT_197,,,1920,1920,1920-1920,,EDC_1920_158,FALSE,FALSE
EDCPT_12189,PRESENT_AT,Instructor at,EDCT_199,,,1920,1920,1920-1920,,EDC_1920_167,FALSE,FALSE
EDCPT_12206,PRESENT_AT,Instructor at,EDCT_199,,,1920,1920,1920-1920,,EDC_1920_168,FALSE,FALSE
EDCPT_11658,PRESENT_AT,Instructor at,EDCT_201,,,1920,1920,1920-1920,,EDC_1920_150,FALSE,FALSE
EDCPT_12080,PRESENT_AT,Instructor at,EDCT_201,,,1920,1920,1920-1920,,EDC_1920_164,FALSE,FALSE
EDCPT_11380,PRESENT_AT,Instructor at,EDCT_204,,,1917,1917,1917-1917,"Instructor in Maths,History and English",EDC_1917_93,FALSE,FALSE
EDCPT_12085,PRESENT_AT,Instructor at,EDCT_204,,,1917,1917,1917-1917,,EDC_1917_113,FALSE,FALSE
EDCPT_12072,PRESENT_AT,Instructor at,EDCT_205,,,1920,1920,1920-1920,,EDC_1920_164,FALSE,FALSE
EDCPT_12164,PRESENT_AT,Instructor at,EDCT_205,,,1920,1920,1920-1920,,EDC_1920_166,FALSE,FALSE
EDCPT_12196,PRESENT_AT,Instructor at,EDCT_205,,,1920,1920,1920-1920,,EDC_1920_167,FALSE,FALSE
EDCPT_12133,PRESENT_AT,Instructor at,EDCT_206,,,1920,1920,1920-1920,,EDC_1920_165,FALSE,FALSE
EDCPT_11254,PRESENT_AT,Instructor at,EDCT_214,,,1920,1920,1920-1920,,EDC_1920_137,FALSE,FALSE
EDCPT_10952,PRESENT_AT,Instructor at,EDCT_216,,,1920,1920,1920-1920,,EDC_1920_127,FALSE,FALSE
EDCPT_11598,PRESENT_AT,Instructor at,EDCT_216,,,1920,1920,1920-1920,,EDC_1920_148,FALSE,FALSE
EDCPT_11772,PRESENT_AT,Instructor at,EDCT_217,,,1920,1920,1920-1920,,EDC_1920_153,FALSE,FALSE
EDCPT_12131,PRESENT_AT,Instructor at,EDCT_223,,,1920,1920,1920-1920,,EDC_1920_165,FALSE,FALSE
EDCPT_11397,PRESENT_AT,Instructor at,EDCT_233,,,1920,1920,1920-1920,,EDC_1920_141,FALSE,FALSE
EDCPT_11896,PRESENT_AT,Instructor at,EDCT_234,,,1920,1920,1920-1920,,EDC_1920_157,FALSE,FALSE
EDCPT_12284,PRESENT_AT,Instructor at,EDCT_238,,,1920,1920,1920-1920,,EDC_1920_165,FALSE,FALSE
EDCPT_12100,PRESENT_AT,Instructor at,EDCT_244,,,1920,1920,1920-1920,,EDC_1920_164,FALSE,FALSE
EDCPT_11690,PRESENT_AT,Instructor at,EDCT_247,,,1920,1920,1920-1920,,EDC_1920_151,FALSE,FALSE
EDCPT_12257,PRESENT_AT,Instructor at,EDCT_248,,,1916,1916,1916-1916,,EDC_1916_48,FALSE,FALSE
EDCPT_11402,PRESENT_AT,Instructor at,EDCT_255,,,1920,1920,1920-1920,,EDC_1920_141,FALSE,FALSE
EDCPT_11288,PRESENT_AT,Instructor at,EDCT_262,,,1920,1920,1920-1920,,EDC_1920_138,FALSE,FALSE
EDCPT_12224,PRESENT_AT,Instructor at,EDCT_281,,,1920,1920,1920-1920,,EDC_1920_168,FALSE,FALSE
EDCPT_11704,PRESENT_AT,Instructor at,EDCT_286,,,1920,1920,1920-1920,,EDC_1920_151,FALSE,FALSE
EDCPT_12123,PRESENT_AT,Instructor at,EDCT_286,,,1920,1920,1920-1920,,EDC_1920_165,FALSE,FALSE
EDCPT_11285,PRESENT_AT,Instructor at,EDCT_292,,,1920,1920,1920-1920,,,FALSE,FALSE
EDCPT_8389,PRESENT_AT,Instructor at,EDCT_296,,,1918,1918,1918-1918,,EDC_1918_37,FALSE,FALSE
EDCPT_11056,PRESENT_AT,Instructor at,EDCT_297,,,1918,1918,1918-1918,,EDC_1918_113,FALSE,FALSE
EDCPT_11062,PRESENT_AT,Instructor at,EDCT_297,,,1917,1917,1917-1917,,EDC_1917_86,FALSE,FALSE
EDCPT_11476,PRESENT_AT,Instructor at,EDCT_302,,,1920,1920,1920-1920,,EDC_1920_144,FALSE,FALSE
EDCPT_11931,PRESENT_AT,Instructor at,EDCT_302,,,1920,1920,1920-1920,,EDC_1920_159,FALSE,FALSE
EDCPT_11193,PRESENT_AT,Instructor at,EDCT_306,,,1920,1920,1920-1920,,EDC_1920_135,FALSE,FALSE
EDCPT_11453,PRESENT_AT,Instructor at,EDCT_306,,,1920,1920,1920-1920,,EDC_1920_143,FALSE,FALSE
EDCPT_11484,PRESENT_AT,Instructor at,EDCT_306,,,1920,1920,1920-1920,,EDC_1920_144,FALSE,FALSE
EDCPT_11753,PRESENT_AT,Instructor at,EDCT_306,,,1920,1920,1920-1920,,EDC_1920_152,FALSE,FALSE
EDCPT_11756,PRESENT_AT,Instructor at,EDCT_306,,,1920,1920,1920-1920,,EDC_1920_152,FALSE,FALSE
EDCPT_11757,PRESENT_AT,Instructor at,EDCT_306,,,1920,1920,1920-1920,,EDC_1920_153,FALSE,FALSE
EDCPT_12036,PRESENT_AT,Instructor at,EDCT_306,,,1920,1920,1920-1920,,EDC_1920_163,FALSE,FALSE
EDCPT_10915,PRESENT_AT,Instructor at,EDCT_314,,,1920,1920,1920-1920,,EDC_1920_125,FALSE,FALSE
EDCPT_11632,PRESENT_AT,Instructor at,EDCT_314,,,1920,1920,1920-1920,,EDC_1920_149,FALSE,FALSE
EDCPT_11856,PRESENT_AT,Instructor at,EDCT_314,,,1920,1920,1920-1920,,EDC_1920_156,FALSE,FALSE
EDCPT_7964,PRESENT_AT,Instructor at,EDCT_314,,,1918,1918,1918-1918,,EDC_1918_26,FALSE,FALSE
EDCPT_12058,PRESENT_AT,Instructor at,EDCT_318,,,1920,1920,1920-1920,,EDC_1920_163,FALSE,FALSE
EDCPT_11058,PRESENT_AT,Instructor at,EDCT_323,,,1920,1920,1920-1920,,EDC_1920_130,FALSE,FALSE
EDCPT_11249,PRESENT_AT,Instructor at,EDCT_323,,,1920,1920,1920-1920,,EDC_1920_136,FALSE,FALSE
EDCPT_11250,PRESENT_AT,Instructor at,EDCT_323,,,1920,1920,1920-1920,,EDC_1920_136,FALSE,FALSE
EDCPT_11594,PRESENT_AT,Instructor at,EDCT_323,,,1920,1920,1920-1920,,EDC_1920_147,FALSE,FALSE
EDCPT_11595,PRESENT_AT,Instructor at,EDCT_323,,,1920,1920,1920-1920,,EDC_1920_147,FALSE,FALSE
EDCPT_12119,PRESENT_AT,Instructor at,EDCT_340,,,1920,1920,1920-1920,,EDC_1920_165,FALSE,FALSE
EDCPT_11412,PRESENT_AT,Instructor at,EDCT_370,,,1920,1920,1920-1920,,EDC_1920_141,FALSE,FALSE
EDCPT_11612,PRESENT_AT,Instructor at,EDCT_370,,,1920,1920,1920-1920,,EDC_1920_148,FALSE,FALSE
EDCPT_11986,PRESENT_AT,Instructor at,EDCT_370,,,1920,1920,1920-1920,,EDC_1920_161,FALSE,FALSE
EDCPT_12117,PRESENT_AT,Instructor at,EDCT_370,,,1920,1920,1920-1920,,EDC_1920_165,FALSE,FALSE
EDCPT_10970,PRESENT_AT,Instructor at,EDCT_385,,,1920,1920,1920-1920,,EDC_1920_127,FALSE,FALSE
EDCPT_12159,PRESENT_AT,Instructor at,EDCT_385,,,1920,1920,1920-1920,,EDC_1920_166,FALSE,FALSE
EDCPT_12168,PRESENT_AT,Instructor at,EDCT_385,,,1920,1920,1920-1920,,EDC_1920_166,FALSE,FALSE
EDCPT_11457,PRESENT_AT,Instructor at,EDCT_389,,,1920,1920,1920-1920,,EDC_1920_143,FALSE,FALSE
EDCPT_12158,PRESENT_AT,Instructor at,EDCT_389,,,1920,1920,1920-1920,,EDC_1920_166,FALSE,FALSE
EDCPT_11051,PRESENT_AT,Instructor at,EDCT_401,,,1920,1920,1920-1920,,EDC_1920_130,FALSE,FALSE
EDCPT_11455,PRESENT_AT,Instructor at,EDCT_403,,,1920,1920,1920-1920,,EDC_1920_143,FALSE,FALSE
EDCPT_11909,PRESENT_AT,Instructor at,EDCT_403,,,1920,1920,1920-1920,,EDC_1920_158,FALSE,FALSE
EDCPT_11935,PRESENT_AT,Instructor at,EDCT_403,,,1920,1920,1920-1920,,EDC_1920_159,FALSE,FALSE
EDCPT_12218,PRESENT_AT,Instructor at,EDCT_403,,,1920,1920,1920-1920,,EDC_1920_168,FALSE,FALSE
EDCPT_10971,PRESENT_AT,Instructor at,EDCT_408,,,1920,1920,1920-1920,,EDC_1920_127,FALSE,FALSE
EDCPT_11284,PRESENT_AT,Instructor at,EDCT_415,,,1920,1920,1920-1920,,EDC_1920_138,FALSE,FALSE
EDCPT_11439,PRESENT_AT,Instructor at,EDCT_415,,,1920,1920,1920-1920,,EDC_1920_142,FALSE,FALSE
EDCPT_11500,PRESENT_AT,Instructor at,EDCT_415,,,1920,1920,1920-1920,,EDC_1920_144,FALSE,FALSE
EDCPT_11893,PRESENT_AT,Instructor at,EDCT_419,,,1920,1920,1920-1920,,EDC_1920_157,FALSE,FALSE
EDCPT_11256,PRESENT_AT,Instructor at,EDCT_421,,,1920,1920,1920-1920,,EDC_1920_137,FALSE,FALSE
EDCPT_11670,PRESENT_AT,Instructor at,EDCT_424,,,1920,1920,1920-1920,,EDC_1920_150,FALSE,FALSE
EDCPT_10945,PRESENT_AT,Instructor at,EDCT_429,,,1914,1914,1914-1914,,EDC_1914_28,FALSE,FALSE
EDCPT_11914,PRESENT_AT,Instructor at,EDCT_429,,,1920,1920,1920-1920,,EDC_1920_158,FALSE,FALSE
EDCPT_11375,PRESENT_AT,Instructor at,EDCT_431,,,1920,1920,1920-1920,,EDC_1920_140,FALSE,FALSE
EDCPT_11387,PRESENT_AT,Instructor at,EDCT_432,,,1920,1920,1920-1920,,EDC_1920_141,FALSE,FALSE
EDCPT_11525,PRESENT_AT,Instructor at,EDCT_432,,,1920,1920,1920-1920,,EDC_1920_145,FALSE,FALSE
EDCPT_11554,PRESENT_AT,Instructor at,EDCT_432,,,1920,1920,1920-1920,,EDC_1920_146,FALSE,FALSE
EDCPT_11681,PRESENT_AT,Instructor at,EDCT_432,,,1920,1920,1920-1920,,EDC_1920_150,FALSE,FALSE
EDCPT_11786,PRESENT_AT,Instructor at,EDCT_432,,,1920,1920,1920-1920,,EDC_1920_154,FALSE,FALSE
EDCPT_11787,PRESENT_AT,Instructor at,EDCT_432,,,1920,1920,1920-1920,,EDC_1920_154,FALSE,FALSE
EDCPT_12012,PRESENT_AT,Instructor at,EDCT_432,,,1920,1920,1920-1920,,EDC_1920_162,FALSE,FALSE
EDCPT_9009,PRESENT_AT,Instructor at,EDCT_432,,,1920,1920,1920-1920,,EDC_1920_62,FALSE,FALSE
EDCPT_11395,PRESENT_AT,Instructor at,EDCT_433,,,1920,1920,1920-1920,,EDC_1920_141,FALSE,FALSE
EDCPT_11131,PRESENT_AT,Instructor at,EDCT_446,,,1917,1917,1917-1917,,EDC_1917_88,FALSE,TRUE
EDCPT_11131,PRESENT_AT,Instructor at,EDCT_446,,,1918,1918,1918-1918,,EDC_1918_115,FALSE,TRUE
EDCPT_11201,PRESENT_AT,Instructor at,EDCT_447,,,1920,1920,1920-1920,,EDC_1920_135,FALSE,FALSE
EDCPT_11206,PRESENT_AT,Instructor at,EDCT_447,,,1920,1920,1920-1920,,EDC_1920_136,FALSE,FALSE
EDCPT_12203,PRESENT_AT,Instructor at,EDCT_447,,,1920,1920,1920-1920,,EDC_1920_168,FALSE,FALSE
EDCPT_12004,PRESENT_AT,Instructor at,EDCT_457,,,1920,1920,1920-1920,,EDC_1920_161,FALSE,FALSE
EDCPT_11501,PRESENT_AT,Instructor at,EDCT_465,,,1917,1917,1917-1917,,EDC_1917_96,FALSE,FALSE
EDCPT_9058,PRESENT_AT,Instructor at,EDCT_465,,,1916,1916,1916-1916,,EDC_1916_48,FALSE,FALSE
EDCPT_9074,PRESENT_AT,Instructor at,EDCT_465,,,1916,1916,1916-1916,,EDC_1916_48,FALSE,FALSE
EDCPT_9083,PRESENT_AT,Instructor at,EDCT_465,,,1916,1916,1916-1916,,EDC_1916_48,FALSE,FALSE
EDCPT_10762,PRESENT_AT,Instructor at,EDCT_468,,,1918,1918,1918-1918,,EDC_1918_103,FALSE,FALSE
EDCPT_11789,PRESENT_AT,Instructor at,EDCT_474,,,1920,1920,1920-1920,,EDC_1920_154,FALSE,FALSE
EDCPT_10723,PRESENT_AT,Instructor at,EDCT_477,,,1918,1918,1918-1918,,EDC_1918_101,FALSE,FALSE
EDCPT_11678,PRESENT_AT,Instructor at,EDCT_510,,,1920,1920,1920-1920,,EDC_1920_150,FALSE,FALSE
EDCPT_9088,PRESENT_AT,Instructor at,EDCT_518,,,1918,1918,1918-1918,,EDC_1918_57,FALSE,FALSE
EDCPT_7166,PRESENT_AT,Instructor at,EDCT_520,,,1917,1917,1917-1917,,EDC_1917_4,FALSE,FALSE
EDCPT_8831,PRESENT_AT,Instructor at,EDCT_526,,,1916,1916,1916-1916,,EDC_1916_44,FALSE,FALSE
EDCPT_11991,PRESENT_AT,Instructor at,EDCT_539,,,1917,1917,1917-1917,,EDC_1917_110,FALSE,TRUE
EDCPT_8878,PRESENT_AT,Instructor at,EDCT_539,,,1918,1918,1918-1918,,EDC_1918_52,FALSE,FALSE
EDCPT_10914,PRESENT_AT,Instructor at,EDCT_540,,,1914,1914,1914-1914,,EDC_1914_27,FALSE,FALSE
EDCPT_10915,PRESENT_AT,Instructor at,EDCT_540,,,1918,1918,1918-1918,,EDC_1918_108,FALSE,FALSE
EDCPT_8439,PRESENT_AT,Instructor at,EDCT_540,,,1917,1917,1917-1917,,EDC_1917_29,FALSE,FALSE
EDCPT_8458,PRESENT_AT,Instructor at,EDCT_540,,,1918,1918,1918-1918,,EDC_1918_40,FALSE,FALSE
EDCPT_8971,PRESENT_AT,Instructor at,EDCT_540,,,1916,1916,1916-1916,changed schools,EDC_1916_46,FALSE,TRUE
EDCPT_8971,PRESENT_AT,Instructor at,EDCT_540,,,1917,1917,1917-1917,,EDC_1917_42,FALSE,TRUE
EDCPT_7246,PRESENT_AT,Instructor at,EDCT_541,,,1916,1916,1916-1916,,EDC_1916_06,FALSE,FALSE
EDCPT_7955,PRESENT_AT,Instructor at,EDCT_541,,,1917,1917,1917-1917,,EDC_1917_19,FALSE,TRUE
EDCPT_8890,PRESENT_AT,Instructor at,EDCT_542,,,1918,1918,1918-1918,,EDC_1918_52,FALSE,FALSE
EDCPT_9674,PRESENT_AT,Instructor at,EDCT_543,,,1918,1918,1918-1918,,EDC_1918_74,FALSE,FALSE
EDCPT_10955,PRESENT_AT,Instructor at,EDCT_549,,,1918,1918,1918-1918,,EDC_1918_109,FALSE,FALSE
EDCPT_10960,PRESENT_AT,Instructor at,EDCT_549,,,1918,1918,1918-1918,,EDC_1918_109,FALSE,FALSE
EDCPT_9041,PRESENT_AT,Instructor at,EDCT_549,,,1917,1917,1917-1917,,EDC_1917_43,FALSE,FALSE
EDCPT_9054,PRESENT_AT,Instructor at,EDCT_549,,,1916,1916,1916-1916,,EDC_1916_47,FALSE,FALSE
EDCPT_9492,PRESENT_AT,Instructor at,EDCT_549,,,1917,1917,1917-1917,,EDC_1917_54,FALSE,FALSE
EDCPT_7645,PRESENT_AT,Instructor at,EDCT_578,,,1917,1917,1917-1917,,EDC_1917_15,FALSE,FALSE
EDCPT_11109,PRESENT_AT,Instructor at,EDCT_579,,,1917,1917,1917-1917,,EDC_1917_88,FALSE,FALSE
EDCPT_10639,PRESENT_AT,Instructor at,EDCT_594,,,1917,1917,1917-1917,,EDC_1917_75,FALSE,FALSE
EDCPT_8934,PRESENT_AT,Instructor at,EDCT_611,,,1916,1916,1916-1916,,EDC_1916_46,FALSE,FALSE
EDCPT_11030,PRESENT_AT,Instructor at,EDCT_616,,,1918,1918,1918-1918,,EDS_1918_112,FALSE,FALSE
EDCPT_11030,PRESENT_AT,Instructor at,EDCT_636,,,1917,1917,1917-1917,,EDC_1917_85,FALSE,FALSE
EDCPT_11424,PRESENT_AT,Instructor at,EDCT_636,,,1917,1917,1917-1917,,EDC_1917_94,FALSE,FALSE
EDCPT_7975,PRESENT_AT,Instructor at,EDCT_636,,,1916,1916,1916-1916,,EDC_1916_23,FALSE,FALSE
EDCPT_9599,PRESENT_AT,Instructor at,EDCT_726,,,1916,1916,1916-1916,,EDC_1916_59,FALSE,FALSE
EDCPT_9868,PRESENT_AT,Instructor at,EDCT_759,,,1916,1916,1916-1916,,EDC_1916_65,FALSE,FALSE
EDCPT_7471,PRESENT_AT,Instructor at,EDCT_765,,,1916,1916,1916-1916,,EDC_1916_12,FALSE,FALSE
EDCPT_11664,PRESENT_AT,Instructor at,EDCT_781,,,1917,1917,1917-1917,,EDC_1917_101,FALSE,FALSE
EDCPT_7673,PRESENT_AT,Instructor at,EDCT_807,,,1916,1916,1916-1916,,EDC_1916_16,FALSE,FALSE
EDCPT_8343,PRESENT_AT,Instructor at,EDCT_807,,,1916,1916,1916-1916,,EDC_1916_32,FALSE,FALSE
EDCPT_11544,PRESENT_AT,Instructor at,EDCT_826,,,1917,1917,1917-1917,,EDC_1917_97,FALSE,FALSE
EDCPT_11318,PRESENT_AT,Instructor at,EDCT_902,,,1917,1917,1917-1917,Instructor in Science,EDC_1917_92,FALSE,FALSE
EDCPT_11875,PRESENT_AT,Instructor at,EDCT_910,,,1914,1914,1914-1914,,EDC_1914_35,FALSE,FALSE
EDCPT_11240,PRESENT_AT,Instructor at,EDCT_932,,,1914,1914,1914-1914,,EDC_1914_30,FALSE,FALSE
EDCPT_11510,PRESENT_AT,Instructor at,EDCT_932,,,1914,1914,1914-1914,,EDC_1914_32,FALSE,FALSE
EDCPT_11688,PRESENT_AT,Instructor at,EDCT_932,,,1914,1914,1914-1914,,EDC_1914_33,FALSE,FALSE
EDCPT_11727,PRESENT_AT,Instructor at,EDCT_932,,,1914,1914,1914-1914,,EDC_1914_34,FALSE,FALSE
EDCPT_11932,PRESENT_AT,Instructor at,EDCT_932,,,1914,1914,1914-1914,,EDC_1914_36,FALSE,FALSE
EDCPT_12183,PRESENT_AT,Instructor at,EDCT_932,,,1914,1914,1914-1914,,EDC_1914_37,FALSE,FALSE
EDCPT_11230,PRESENT_AT,Instructor at,EDCT_962,,,1916,1916,1916-1916,,EDC_1916_99,FALSE,FALSE
EDCPT_11335,PRESENT_AT,Instructor at,EDCT_962,,,1916,1916,1916-1916,,EDC_1916_100,FALSE,FALSE
EDCPT_9663,PRESENT_AT,Instructor in,EDCT_002,,,1916,1916,1916-1916,,EDC_1916_61,FALSE,FALSE
EDCPT_11968,PRESENT_AT,Instructor in,EDCT_008,,,1918,1918,1918-1918,,EDC_1918_141,FALSE,FALSE
EDCPT_11299,PRESENT_AT,Instructor in,EDCT_009,,,1918,1918,1918-1918,,EDC_1918_126,FALSE,FALSE
EDCPT_9424,PRESENT_AT,Instructor in,EDCT_009,,,1916,1916,1916-1916,,EDC_1916_56,FALSE,FALSE
EDCPT_9577,PRESENT_AT,Instructor in,EDCT_078,,,1916,1916,1916-1916,,EDC_1916_58,FALSE,FALSE
EDCPT_9706,PRESENT_AT,Instructor in,EDCT_078,,,1916,1916,1916-1916,,EDC_1916_61,FALSE,FALSE
EDCPT_9810,PRESENT_AT,Instructor in,EDCT_078,,,1916,1916,1916-1916,,EDC_1916_63,FALSE,FALSE
EDCPT_9811,PRESENT_AT,Instructor in,EDCT_078,,,1916,1916,1916-1916,,EDC_1916_63,FALSE,FALSE
EDCPT_9829,PRESENT_AT,Instructor in,EDCT_078,,,1916,1916,1916-1916,,EDC_1916_64,FALSE,FALSE
EDCPT_9832,PRESENT_AT,Instructor in,EDCT_078,,,1916,1916,1916-1916,,EDC_1916_64,FALSE,FALSE
EDCPT_9833,PRESENT_AT,Instructor in,EDCT_078,,,1916,1916,1916-1916,,EDC_1916_64,FALSE,FALSE
EDCPT_9838,PRESENT_AT,Instructor in,EDCT_078,,,1916,1916,1916-1916,,EDC_1916_64,FALSE,FALSE
EDCPT_11273,PRESENT_AT,Instructor in,EDCT_082,,,1918,1918,1918-1918,*need to confirm if this institution is the same as Fukien Union College,EDC_1918_119,FALSE,FALSE
EDCPT_12084,PRESENT_AT,Instructor in,EDCT_085,,,1918,1918,1918-1918,,EDC_1918_145,FALSE,FALSE
EDCPT_12091,PRESENT_AT,Instructor in,EDCT_094,,,1918,1918,1918-1918,,EDC_1918_145,FALSE,FALSE
EDCPT_11907,PRESENT_AT,Instructor in,EDCT_173,,,1918,1918,1918-1918,,EDC_1918_139,FALSE,FALSE
EDCPT_11651,PRESENT_AT,Instructor in,EDCT_195,,,1918,1918,1918-1918,Instructor in English,EDC_1918_130,FALSE,FALSE
EDCPT_12074,PRESENT_AT,Instructor in,EDCT_199,,,1918,1918,1918-1918,,EDC_1918_145,FALSE,FALSE
EDCPT_12211,PRESENT_AT,Instructor in,EDCT_199,,,1918,1918,1918-1918,,EDC_1918_148,FALSE,FALSE
EDCPT_12111,PRESENT_AT,Instructor in,EDCT_206,,,1918,1918,1918-1918,,EDC_1918_146,FALSE,FALSE
EDCPT_11089,PRESENT_AT,Instructor in,EDCT_266,,,1918,1918,1918-1918,,EDC_1918_114,FALSE,FALSE
EDCPT_11185,PRESENT_AT,Instructor in,EDCT_317,,,1918,1918,1918-1918,,EDC_1918_117,FALSE,FALSE
EDCPT_9766,PRESENT_AT,Instructor in,EDCT_522,,,1916,1916,1916-1916,,EDC_1916_62,FALSE,FALSE
EDCPT_9723,PRESENT_AT,Instructor in,EDCT_539,,,1916,1916,1916-1916,,EDC_1916_62,FALSE,FALSE
EDCPT_11738,PRESENT_AT,Instructor in,EDCT_540,,,1918,1918,1918-1918,,EDC_1918_132,FALSE,FALSE
EDCPT_11941,PRESENT_AT,Instructor in,EDCT_541,,,1918,1918,1918-1918,,EDC_1918_140,FALSE,FALSE
EDCPT_11988,PRESENT_AT,Instructor in,EDCT_542,,,1918,1918,1918-1918,,EDC_1918_142,FALSE,FALSE
EDCPT_11523,PRESENT_AT,Instructor in,EDCT_549,,,1918,1918,1918-1918,,EDC_1918_125,FALSE,FALSE
EDCPT_11755,PRESENT_AT,Instructor in,EDCT_549,,,1918,1918,1918-1918,,EDC_1918_133,FALSE,FALSE
EDCPT_9474,PRESENT_AT,Instructor in,EDCT_549,,,1916,1916,1916-1916,,EDC_1916_57,FALSE,FALSE
EDCPT_9759,PRESENT_AT,Instructor in,EDCT_549,,,1916,1916,1916-1916,,EDC_1916_62;EDC_1914_18,FALSE,FALSE
EDCPT_9764,PRESENT_AT,Instructor in,EDCT_549,,,1916,1916,1916-1916,,EDC_1916_61,FALSE,FALSE
EDCPT_9883,PRESENT_AT,Instructor in,EDCT_553,,,1916,1916,1916-1916,,EDC_1916_65,FALSE,FALSE
EDCPT_9595,PRESENT_AT,Instructor in,EDCT_565,,,1916,1916,1916-1916,,EDC_1916_59,FALSE,FALSE
EDCPT_12114,PRESENT_AT,Instructor in,EDCT_578,,,1918,1918,1918-1918,,EDC_1918_146,FALSE,FALSE
EDCPT_11995,PRESENT_AT,Instructor in,EDCT_581,,,1918,1918,1918-1918,,EDC_1918_142,FALSE,FALSE
EDCPT_12013,PRESENT_AT,Instructor in,EDCT_581,,,1918,1918,1918-1918,,EDC_1918_143,FALSE,FALSE
EDCPT_11665,PRESENT_AT,Instructor in,EDCT_610,,,1918,1918,1918-1918,,EDC_1918_131,FALSE,FALSE
EDCPT_11752,PRESENT_AT,Instructor in,EDCT_703,,,1918,1918,1918-1918,One year experience,EDC_1918_133,FALSE,FALSE
EDCPT_9772,PRESENT_AT,Instructor in,EDCT_733,,,1916,1916,1916-1916,,EDC_1916_63,FALSE,FALSE
EDCPT_11982,PRESENT_AT,Instructor in,EDCT_740,,,1918,1918,1918-1918,,EDC_1918_142,FALSE,FALSE
EDCPT_12220,PRESENT_AT,Instructor in,EDCT_763,,,1918,1918,1918-1918,,EDC_1918_149,FALSE,FALSE
EDCPT_9558,PRESENT_AT,Instructor in,EDCT_794,,,1916,1916,1916-1916,,EDC_1916_58,FALSE,FALSE
EDCPT_9638,PRESENT_AT,Instructor in,EDCT_794,,,1916,1916,1916-1916,,EDC_1916_60,FALSE,FALSE
EDCPT_9640,PRESENT_AT,Instructor in,EDCT_794,,,1916,1916,1916-1916,,EDC_1916_60,FALSE,FALSE
EDCPT_12167,PRESENT_AT,Instructor in,EDCT_807,,,1918,1918,1918-1918,,EDC_1918_147,FALSE,FALSE
EDCPT_9874,PRESENT_AT,Instructor in,EDCT_807,,,1916,1916,1916-1916,,EDC_1916_64,FALSE,FALSE
EDCPT_12089,PRESENT_AT,Instructor in,EDCT_819,,,1918,1918,1918-1918,,EDC_1918_145,FALSE,FALSE
EDCPT_12089,PRESENT_AT,Instructor in,EDCT_822,,,1918,1918,1918-1918,,EDC_1918_145,FALSE,FALSE
EDCPT_9774,PRESENT_AT,Instructor in,EDCT_838,,,1916,1916,1916-1916,,EDC_1916_63,FALSE,FALSE
EDCPT_12155,PRESENT_AT,Instructor in,EDCT_853,,,1918,1918,1918-1918,4 years in position (as of 1918),EDC_1918_147,FALSE,FALSE
EDCPT_9317,PRESENT_AT,Instructor in,EDCT_870,,,1916,1916,1916-1916,,EDC_1916_53,FALSE,FALSE
EDCPT_9750,PRESENT_AT,Instructor in,EDCT_913,,,1916,1916,1916-1916,,EDC_1916_62,FALSE,FALSE
EDCPT_7955,PRESENT_AT,Instructor in Chemistry and Physics,EDCT_830,,,1914,1914,1914-1914,,EDC_1914_7,FALSE,FALSE
EDCPT_11720,PRESENT_AT,Instructor in Chemistry at,EDCT_080,,,1920,1920,1920-1920,,EDC_1920_151,FALSE,FALSE
EDCPT_11108,PRESENT_AT,Instructor in Drawing at,EDCT_910,,,1914,1914,1914-1914,,EDC_1914_29,FALSE,FALSE
EDCPT_9304,PRESENT_AT,Instructor in English,EDCT_887,,,1914,1914,1914-1914,,EDC_1914_16,FALSE,FALSE
EDCPT_9791,PRESENT_AT,Instructor in English,EDCT_910,,,1914,1914,1914-1914,,EDC_1914_18,FALSE,FALSE
EDCPT_11653,PRESENT_AT,Instructor in English and Mathematics at,EDCT_190,,,1920,1920,1920-1920,,EDC_1920_150,FALSE,FALSE
EDCPT_8673,PRESENT_AT,"Instructor in English, Bible, German, and Music",EDCT_983,,,1914,1914,1914-1914,,EDC_1914_12,FALSE,FALSE
EDCPT_9967,PRESENT_AT,Instructor in Law,EDCT_932,,,1914,1914,1914-1914,,EDC_1914_19,FALSE,FALSE
EDCPT_10892,PRESENT_AT,Instructor in Law at,EDCT_093,,,1920,1920,1920-1920,,EDC_1920_124,FALSE,FALSE
EDCPT_11693,PRESENT_AT,Instructor in Law at,EDCT_189,,,1920,1920,1920-1920,,EDC_1920_151,FALSE,FALSE
EDCPT_9790,PRESENT_AT,Instructor in Mathematics,EDCT_910,,,1914,1914,1914-1914,,EDC_1914_18,FALSE,FALSE
EDCPT_9203,PRESENT_AT,Instructor in Maths.,EDCT_706,,,1914,1914,1914-1914,,EDC_1914_15,FALSE,FALSE
EDCPT_12233,PRESENT_AT,Instructor in Pathology,EDCT_966,,,1914,1914,1914-1914,,EDC_1914_11,FALSE,FALSE
EDCPT_9440,PRESENT_AT,Instructor in Physics,EDCT_054,,,1914,1914,1914-1914,,EDC_1914_17,FALSE,FALSE
EDCPT_8817,PRESENT_AT,Instructor in the College of Arts and Science,EDCT_008,,,1914,1914,1914-1914,,EDC_1914_13,FALSE,FALSE
EDCPT_11995,PRESENT_AT,Instructor in Theological Seminary in,EDCT_034,,,1918,1918,1918-1918,,EDC_1918_142,FALSE,FALSE
EDCPT_11498,PRESENT_AT,Instructor ta,EDCT_024,,,1920,1920,1920-1920,,EDC_1920_144,FALSE,FALSE
EDCPT_9611,PRESENT_AT,Insturctor at,EDCT_168,,,1917,1917,1917-1917,,EDC_1917_56,FALSE,FALSE
EDCPT_10877,PRESENT_AT,Intructor in Law at,EDCT_093,,,1920,1920,1920-1920,,EDC_1920_124,FALSE,FALSE
EDCPT_11420,PRESENT_AT,Istructor at,EDCT_068,,,1917,1917,1917-1917,,EDC_1917_94,FALSE,FALSE
EDCPT_12005,PRESENT_AT,Japanese Instructor at,EDCT_323,,,1920,1920,1920-1920,,EDC_1920_161,FALSE,FALSE
EDCPT_12006,PRESENT_AT,Japanese Instructor at,EDCT_323,,,1920,1920,1920-1920,,EDC_1920_161,FALSE,FALSE
EDCPT_8662,PRESENT_AT,Joint Inspector at,EDCT_522,,,1918,1918,1918-1918,,EDC_1918_45,FALSE,FALSE
EDCPT_11436,PRESENT_AT,Kindergarten Mistress at,EDCT_364,,,1917,1917,1917-1917,,EDC_1917_95,FALSE,FALSE
EDCPT_11072,PRESENT_AT,Leacturer in,EDCT_447,,,1918,1918,1918-1918,Lecturer in Clinical Medicine,EDC_1918_113,FALSE,FALSE
EDCPT_11165,PRESENT_AT,Leacuter in,EDCT_447,,,1918,1918,1918-1918,On leave in 1918,EDC_1918_116,FALSE,FALSE
EDCPT_8430,PRESENT_AT,Lecture at,EDCT_053,,,1918,1918,1918-1918,,EDC_1918_38,FALSE,FALSE
EDCPT_12248,PRESENT_AT,Lecturer,EDCT_401,,,1914,1914,1914-1914,,EDC_1914_16,FALSE,FALSE
EDCPT_12251,PRESENT_AT,Lecturer,EDCT_915,,,1914,1914,1914-1914,,EDC_1914_18,FALSE,FALSE
EDCPT_8113,PRESENT_AT,Lecturer,EDCT_915,,,1914,1914,1914-1914,,EDC_1914_8,FALSE,FALSE
EDCPT_7856,PRESENT_AT,Lecturer at,EDCT_008,,,1918,1918,1918-1918,,EDC_1918_23,FALSE,FALSE
EDCPT_8309,PRESENT_AT,Lecturer at,EDCT_043,,,1918,1918,1918-1918,,EDC_1918_35,FALSE,FALSE
EDCPT_11158,PRESENT_AT,Lecturer at,EDCT_053,,,1917,1917,1917-1917,,EDC_1917_89,FALSE,FALSE
EDCPT_11194,PRESENT_AT,Lecturer at,EDCT_053,,,1917,1917,1917-1917,Lecturer of strenght of materials,EDC_1917_90,FALSE,FALSE
EDCPT_8422,PRESENT_AT,Lecturer at,EDCT_053,,,1916,1916,1916-1916,,EDC_1916_34,FALSE,FALSE
EDCPT_11569,PRESENT_AT,Lecturer at,EDCT_057,,,1917,1917,1917-1917,Lecturer in International Law,EDC_1917_98,FALSE,FALSE
EDCPT_11001,PRESENT_AT,Lecturer at,EDCT_075,,,1917,1917,1917-1917,Lecturer in Education,EDC_1917_85,FALSE,TRUE
EDCPT_11165,PRESENT_AT,Lecturer at,EDCT_075,,,1917,1917,1917-1917,,EDC_1917_89,FALSE,FALSE
EDCPT_7856,PRESENT_AT,Lecturer at,EDCT_093,,,1917,1917,1917-1917,,EDC_1917_17,FALSE,FALSE
EDCPT_11897,PRESENT_AT,Lecturer at,EDCT_178,,,1920,1920,1920-1920,,EDC_1920_157,FALSE,FALSE
EDCPT_12057,PRESENT_AT,Lecturer at,EDCT_178,,,1920,1920,1920-1920,,EDC_1920_163,FALSE,FALSE
EDCPT_8714,PRESENT_AT,Lecturer at,EDCT_400,,,1918,1918,1918-1918,,EDC_1918_47,FALSE,FALSE
EDCPT_11072,PRESENT_AT,Lecturer at,EDCT_447,,,1917,1917,1917-1917,Lecturer in Clinical Medicine,EDC_1917_87,FALSE,FALSE
EDCPT_11061,PRESENT_AT,Lecturer at,EDCT_453,,,1917,1917,1917-1917,,EDC_1917_86,FALSE,TRUE
EDCPT_11061,PRESENT_AT,Lecturer at,EDCT_453,,,1918,1918,1918-1918,,EDC_1918_113,FALSE,TRUE
EDCPT_11156,PRESENT_AT,Lecturer at,EDCT_497,,,1917,1917,1917-1917,,EDC_1917_89,FALSE,FALSE
EDCPT_11156,PRESENT_AT,Lecturer at,EDCT_550,,,1918,1918,1918-1918,,EDC_1918_116,FALSE,FALSE
EDCPT_7932,PRESENT_AT,Lecturer at,EDCT_579,,,1916,1916,1916-1916,,EDC_1916_22,FALSE,FALSE
EDCPT_9133,PRESENT_AT,Lecturer at,EDCT_581,,,1916,1916,1916-1916,,EDC_1916_49,FALSE,FALSE
EDCPT_11315,PRESENT_AT,Lecturer at,EDCT_770,,,1914,1914,1914-1914,,EDC_1914_30,FALSE,FALSE
EDCPT_11553,PRESENT_AT,Lecturer at,EDCT_770,,,1914,1914,1914-1914,,EDC_1914_32,FALSE,FALSE
EDCPT_8399,PRESENT_AT,Lecturer at,EDCT_902,,,1916,1916,1916-1916,,EDC_1916_33;EDC_1914_11,FALSE,FALSE
EDCPT_11194,PRESENT_AT,Lecturer at,EDCT_905,,,1914,1914,1914-1914,,EDC_1914_30,FALSE,FALSE
EDCPT_11958,PRESENT_AT,Lecturer at,EDCT_931,,,1914,1914,1914-1914,,EDC_1914_36,FALSE,FALSE
EDCPT_11832,PRESENT_AT,Lecturer in,EDCT_453,,,1918,1918,1918-1918,,EDC_1918_137,FALSE,FALSE
EDCPT_12109,PRESENT_AT,Lecturer in,EDCT_902,,,1918,1918,1918-1918,,EDC_1918_146,FALSE,FALSE
EDCPT_9197,PRESENT_AT,Lecturer in Building Construction and Surveying,EDCT_902,,,1914,1914,1914-1914,,EDC_1914_15,FALSE,FALSE
EDCPT_8354,PRESENT_AT,Lecturer in English at,EDCT_465,,,1918,1918,1918-1918,,EDC_1918_37;EDC_1914_10,FALSE,FALSE
EDCPT_9680,PRESENT_AT,Lecturer in First Aid at,EDCT_902,,,1916,1916,1916-1916,,EDC_1916_61;EDC_1914_18,FALSE,FALSE
EDCPT_11430,PRESENT_AT,Lecturer in History and Logic at,EDCT_053,,,1918,1918,1918-1918,,EDC_1918_122;EDC_1917_94,FALSE,FALSE
EDCPT_8854,PRESENT_AT,Lecturer in Medicine at,EDCT_916,,,1916,1916,1916-1916,on furlough in 1916,EDC_1916_44,FALSE,FALSE
EDCPT_9625,PRESENT_AT,Lecturer in Training School for Nurses at,EDCT_618,,,1916,1916,1916-1916,,EDC_1916_60,FALSE,FALSE
EDCPT_8447,PRESENT_AT,Lecturer on Chemistry,EDCT_972,,,1914,1914,1914-1914,,EDC_1914_11,FALSE,FALSE
EDCPT_7972,PRESENT_AT,Lecturer on Infectious Diseases,EDCT_758,,,1914,1914,1914-1914,,EDC_1914_7,FALSE,FALSE
EDCPT_9395,PRESENT_AT,Lecturer on Medicine,EDCT_905,,,1914,1914,1914-1914,,EDC_1914_16,FALSE,FALSE
EDCPT_8430,PRESENT_AT,Lecturer on Midwifery and Gynaecology,EDCT_931,,,1914,1914,1914-1914,,EDC_1914_11,FALSE,FALSE
EDCPT_7040,PRESENT_AT,"Lecturer,",EDCT_902,,,1914,1914,1914-1914,,EDC_1914_1,FALSE,FALSE
EDCPT_11716,PRESENT_AT,Librarian at,EDCT_008,,,1920,1920,1920-1920,,EDC_1920_151,FALSE,FALSE
EDCPT_11243,PRESENT_AT,Librarian at,EDCT_057,,,1916,1916,1916-1916,,EDC_1916_99,FALSE,TRUE
EDCPT_11243,PRESENT_AT,Librarian at,EDCT_057,,,1917,1917,1917-1917,,EDC_1917_91,FALSE,TRUE
EDCPT_11490,PRESENT_AT,Librarian at,EDCT_085,,,1920,1920,1920-1920,,EDC_1920_144;EDC_1917_96,FALSE,FALSE
EDCPT_11492,PRESENT_AT,Librarian at,EDCT_085,,,1918,1918,1918-1918,,EDC_1918_124,FALSE,FALSE
EDCPT_9549,PRESENT_AT,Librarian at,EDCT_636,,,1916,1916,1916-1916,,EDC_1916_58,FALSE,FALSE
EDCPT_11245,PRESENT_AT,Librarian at,EDCT_887,,,1914,1914,1914-1914,,EDC_1914_30,FALSE,FALSE
EDCPT_11550,PRESENT_AT,Libriarian at,EDCT_163,,,1917,1917,1917-1917,,EDC_1917_97,FALSE,FALSE
EDCPT_9179,PRESENT_AT,M. A. Professor,EDCT_517,,,1914,1914,1914-1914,,EDC_1914_15,FALSE,FALSE
EDCPT_9807,PRESENT_AT,M. D.,EDCT_279,,,1914,1914,1914-1914,,EDC_1914_18,FALSE,FALSE
EDCPT_10630,PRESENT_AT,Manager at,EDCT_172,,,1917,1917,1917-1917,,EDC_1917_75,FALSE,FALSE
EDCPT_10812,PRESENT_AT,Manager at,EDCT_783,,,1914,1914,1914-1914,,EDC_1914_26,FALSE,FALSE
EDCPT_9679,PRESENT_AT,Manager of,EDCT_783,,,1916,1916,1916-1916,,EDC_1916_61,FALSE,FALSE
EDCPT_11380,PRESENT_AT,Master at,EDCT_204,,,1914,1914,1914-1914,,EDC_1914_31,FALSE,FALSE
EDCPT_11651,PRESENT_AT,Master at,EDCT_206,,,1914,1914,1914-1914,,EDC_1914_36,FALSE,FALSE
EDCPT_11310,PRESENT_AT,Master at,EDCT_671,,,1914,1914,1914-1914,,EDC_1914_30,FALSE,FALSE
EDCPT_10712,PRESENT_AT,Master at,EDCT_902,,,1917,1917,1917-1917,,EDC_1917_77,FALSE,FALSE
EDCPT_8520,PRESENT_AT,Matron at,EDCT_022,,,1918,1918,1918-1918,,EDC_1918_42,FALSE,FALSE
EDCPT_7106,PRESENT_AT,Matron at,EDCT_027,,,1916,1916,1916-1916,,EDC_1916_03,FALSE,FALSE
EDCPT_10620,PRESENT_AT,Matron at,EDCT_754,,,1916,1916,1916-1916,,EDC_1918_82,FALSE,FALSE
EDCPT_11616,PRESENT_AT,Member at,EDCT_905,,,1914,1914,1914-1914,,EDC_1914_33,FALSE,FALSE
EDCPT_7627,PRESENT_AT,Member of Council,EDCT_053,,,1916,1916,1916-1916,,EDC_1916_16,FALSE,FALSE
EDCPT_10921,PRESENT_AT,Member of the Court,EDCT_053,,,1918,1918,1918-1918,,EDC_1918_108,FALSE,FALSE
EDCPT_10942,PRESENT_AT,Member of the Court,EDCT_053,,,1918,1918,1918-1918,,EDC_1918_109,FALSE,FALSE
EDCPT_10950,PRESENT_AT,Member of the Court,EDCT_053,,,1918,1918,1918-1918,,EDC_1918_109,FALSE,FALSE
EDCPT_8246,PRESENT_AT,Member of the Court,EDCT_053,,,1914,1914,1914-1914,,EDC_1914_9,FALSE,TRUE
EDCPT_8705,PRESENT_AT,Member of the Court,EDCT_931,,,1914,1914,1914-1914,,EDC_1914_12,FALSE,FALSE
EDCPT_8848,PRESENT_AT,Member of the Court,EDCT_931,,,1914,1914,1914-1914,,EDC_1914_14,FALSE,FALSE
EDCPT_9251,PRESENT_AT,Member of the Court,EDCT_931,,,1914,1914,1914-1914,,EDC_1914_15,FALSE,FALSE
EDCPT_9573,PRESENT_AT,Member of the Court,EDCT_931,,,1914,1914,1914-1914,,EDC_1914_17,FALSE,FALSE
EDCPT_9318,PRESENT_AT,Member of the Court and Council,EDCT_905,,,1914,1914,1914-1914,,EDC_1914_16,FALSE,FALSE
EDCPT_7628,PRESENT_AT,Member of the Court and Council at,EDCT_053,,,1918,1918,1918-1918,,EDC_1918_18,FALSE,FALSE
EDCPT_9594,PRESENT_AT,Member of the Court and Council at,EDCT_053,,,1916,1916,1916-1916,,EDC_1916_59,FALSE,FALSE
EDCPT_11370,PRESENT_AT,Member of the Court at,EDCT_053,,,1918,1918,1918-1918,,EDC_1918_121,FALSE,FALSE
EDCPT_7115,PRESENT_AT,Member of the Court at,EDCT_053,,,1918,1918,1918-1918,,EDC_1918_3,FALSE,FALSE
EDCPT_8242,PRESENT_AT,Member of the Court at,EDCT_053,,,1918,1918,1918-1918,,EDC_1918_34,FALSE,FALSE
EDCPT_8933,PRESENT_AT,Member of the Court at,EDCT_053,,,1918,1918,1918-1918,,EDC_1918_54,FALSE,FALSE
EDCPT_8243,PRESENT_AT,Member of the Court at,EDCT_053,,,1914,1914,1914-1914,,EDC_1914_9,FALSE,FALSE
EDCPT_12165,PRESENT_AT,Member of thr Court and Council at,EDCT_053,,,1920,1920,1920-1920,,EDC_1920_166,FALSE,FALSE
EDCPT_9518,PRESENT_AT,Mining Engineer at,EDCT_038,,,1916,1916,1916-1916,,EDC_1916_57,FALSE,FALSE
EDCPT_11120,PRESENT_AT,Misionary in Charge at,EDCT_188,,,1918,1918,1918-1918,,EDC_1918_115,FALSE,FALSE
EDCPT_7237,PRESENT_AT,Mistress,EDCT_795,,,1914,1914,1914-1914,,EDC_1914_2,FALSE,FALSE
EDCPT_11311,PRESENT_AT,Mistress at,EDCT_562,,,1914,1914,1914-1914,,EDC_1914_30,FALSE,FALSE
EDCPT_7355,PRESENT_AT,"Mistress,",EDCT_805,,,1914,1914,1914-1914,,EDC_1914_3,FALSE,FALSE
EDCPT_9137,PRESENT_AT,Mus. Bac. Assistant Master,EDCT_460,,,1914,1914,1914-1914,,EDC_1914_15,FALSE,FALSE
EDCPT_8855,PRESENT_AT,Nurse at,EDCT_759,,,1916,1916,1916-1916,,EDC_1916_44,FALSE,FALSE
EDCPT_8956,PRESENT_AT,Panchuang Academy,EDCT_836,,,1914,1914,1914-1914,,EDC_1914_14,FALSE,FALSE
EDCPT_11613,PRESENT_AT,Physician at,EDCT_139,,,1920,1920,1920-1920,,EDC_1920_148,FALSE,FALSE
EDCPT_7680,PRESENT_AT,Practical at,EDCT_604,,,1916,1916,1916-1916,,EDC_1916_17,FALSE,FALSE
EDCPT_9582,PRESENT_AT,President,EDCT_041,,,1914,1914,1914-1914,,EDC_1914_17,FALSE,FALSE
EDCPT_8252,PRESENT_AT,President,EDCT_054,,,1914,1914,1914-1914,,EDC_1914_9,FALSE,FALSE
EDCPT_7227,PRESENT_AT,President,EDCT_070,,,1914,1914,1914-1914,,EDC_1914_2,FALSE,FALSE
EDCPT_9957,PRESENT_AT,President,EDCT_096,,,1914,1914,1914-1914,,EDC_1914_19,FALSE,FALSE
EDCPT_9981,PRESENT_AT,President,EDCT_206,,,1914,1914,1914-1914,,EDC_1914_19,FALSE,FALSE
EDCPT_10870,PRESENT_AT,President,EDCT_344,,,1917,1917,1917-1917,,EDC_1917_81,FALSE,FALSE
EDCPT_8796,PRESENT_AT,President,EDCT_797,,,1914,1914,1914-1914,,EDC_1914_13,FALSE,FALSE
EDCPT_8978,PRESENT_AT,President,EDCT_797,,,1914,1914,1914-1914,,EDC_1914_14,FALSE,FALSE
EDCPT_8614,PRESENT_AT,President,EDCT_977,,,1914,1914,1914-1914,,EDC_1914_12,FALSE,FALSE
EDCPT_9077,PRESENT_AT,President,EDCT_991,,,1914,1914,1914-1914,,EDC_1914_14,FALSE,FALSE
EDCPT_12145,PRESENT_AT,President at,EDCT_016,,,1920,1920,1920-1920,,EDC_1920_166,FALSE,FALSE
EDCPT_7077,PRESENT_AT,President at,EDCT_033,,,1916,1916,1916-1916,,EDC_1916_02,FALSE,FALSE
EDCPT_11547,PRESENT_AT,President at,EDCT_057,,,1917,1917,1917-1917,,EDC_1917_97,FALSE,FALSE
EDCPT_12068,PRESENT_AT,President at,EDCT_057,,,1920,1920,1920-1920,,EDC_1920_163,FALSE,FALSE
EDCPT_11705,PRESENT_AT,President at,EDCT_066,,,1914,1914,1914-1914,,EDC_1914_33,FALSE,FALSE
EDCPT_11038,PRESENT_AT,President at,EDCT_083,,,1917,1917,1917-1917,President of the government school,EDC_1917_86,FALSE,FALSE
EDCPT_11341,PRESENT_AT,President at,EDCT_089,,,1920,1920,1920-1920,,EDC_1920_139,FALSE,FALSE
EDCPT_8418,PRESENT_AT,President at,EDCT_136,,,1918,1918,1918-1918,,EDC_1918_38,FALSE,FALSE
EDCPT_9614,PRESENT_AT,President at,EDCT_172,,,1917,1917,1917-1917,,EDC_1917_57,FALSE,FALSE
EDCPT_11837,PRESENT_AT,President at,EDCT_448,,,1917,1917,1917-1917,,EDC_1917_106,FALSE,FALSE
EDCPT_8027,PRESENT_AT,President at,EDCT_495,,,1916,1916,1916-1916,,EDC_1916_24,FALSE,FALSE
EDCPT_8510,PRESENT_AT,President at,EDCT_497,,,1916,1916,1916-1916,,EDC_1916_36,FALSE,FALSE
EDCPT_7996,PRESENT_AT,President at,EDCT_504,,,1918,1918,1918-1918,,EDC_1918_27,FALSE,FALSE
EDCPT_10983,PRESENT_AT,President at,EDCT_615,,,1917,1917,1917-1917,,EDC_1917_84,FALSE,FALSE
EDCPT_10748,PRESENT_AT,President at,EDCT_796,,,1914,1914,1914-1914,,EDC_1914_26,FALSE,FALSE
EDCPT_11171,PRESENT_AT,President at,EDCT_807,,,1917,1917,1917-1917,,EDC_1917_89,FALSE,FALSE
EDCPT_9055,PRESENT_AT,President at,EDCT_853,,,1916,1916,1916-1916,,EDC_1916_48,FALSE,FALSE
EDCPT_11546,PRESENT_AT,President at,EDCT_910,,,1914,1914,1914-1914,,EDC_1914_32,FALSE,FALSE
EDCPT_9666,PRESENT_AT,President of,EDCT_538,,,1916,1916,1916-1916,,EDC_1916_61,FALSE,FALSE
EDCPT_9200,PRESENT_AT,President of,EDCT_540,,,1916,1916,1916-1916,,EDC_1916_50,FALSE,FALSE
EDCPT_11179,PRESENT_AT,President of,EDCT_721,,,1918,1918,1918-1918,,EDC_1918_117,FALSE,FALSE
EDCPT_12155,PRESENT_AT,President of,EDCT_853,,,1918,1918,1918-1918,4 years in position (as of 1918),EDC_1918_147,FALSE,FALSE
EDCPT_12186,PRESENT_AT,President of,EDCT_858,,,1918,1918,1918-1918,,EDC_1918_148,FALSE,FALSE
EDCPT_9201,PRESENT_AT,President of Boone University,EDCT_992,,,1914,1914,1914-1914,,EDC_1914_15,FALSE,FALSE
EDCPT_7494,PRESENT_AT,"President,",EDCT_008,,,1914,1914,1914-1914,,EDC_1914_4,FALSE,FALSE
EDCPT_12239,PRESENT_AT,"President, Professor of Sociology, Principles of Education, and Christian Apologetics",EDCT_830,,,1914,1914,1914-1914,,EDC_1914_11,FALSE,FALSE
EDCPT_9840,PRESENT_AT,Principal,EDCT_416,,,1914,1914,1914-1914,,EDC_1914_18,FALSE,FALSE
EDCPT_8064,PRESENT_AT,Principal,EDCT_471,,,1914,1914,1914-1914,,EDC_1914_8,FALSE,FALSE
EDCPT_12234,PRESENT_AT,Principal,EDCT_517,,,1914,1914,1914-1914,,EDC_1914_11,FALSE,FALSE
EDCPT_7214,PRESENT_AT,Principal,EDCT_525,,,1917,1917,1917-1917,,EDC_1917_6,FALSE,FALSE
EDCPT_7998,PRESENT_AT,Principal,EDCT_603,,,1914,1914,1914-1914,,EDC_1914_8,FALSE,FALSE
EDCPT_12241,PRESENT_AT,Principal,EDCT_629,,,1914,1914,1914-1914,,EDC_1914_13,FALSE,FALSE
EDCPT_9393,PRESENT_AT,Principal,EDCT_652,,,1914,1914,1914-1914,,EDC_1914_16,FALSE,FALSE
EDCPT_8060,PRESENT_AT,Principal,EDCT_710,,,1914,1914,1914-1914,,EDC_1914_8,FALSE,FALSE
EDCPT_7984,PRESENT_AT,Principal,EDCT_720,,,1914,1914,1914-1914,,EDC_1914_7,FALSE,FALSE
EDCPT_9425,PRESENT_AT,Principal,EDCT_745,,,1914,1914,1914-1914,,EDC_1914_16,FALSE,FALSE
EDCPT_8110,PRESENT_AT,Principal,EDCT_749,,,1914,1914,1914-1914,,EDC_1914_8,FALSE,FALSE
EDCPT_8794,PRESENT_AT,Principal,EDCT_757,,,1914,1914,1914-1914,,EDC_1914_13,FALSE,FALSE
EDCPT_9107,PRESENT_AT,Principal,EDCT_762,,,1914,1914,1914-1914,,EDC_1914_15,FALSE,FALSE
EDCPT_8776,PRESENT_AT,Principal,EDCT_777,,,1914,1914,1914-1914,,EDC_1914_13,FALSE,FALSE
EDCPT_12231,PRESENT_AT,Principal,EDCT_795,,,1914,1914,1914-1914,,EDC_1914_11,FALSE,FALSE
EDCPT_9898,PRESENT_AT,Principal,EDCT_826,,,1914,1914,1914-1914,,EDC_1914_19,FALSE,FALSE
EDCPT_8198,PRESENT_AT,Principal,EDCT_844,,,1914,1914,1914-1914,,EDC_1914_9,FALSE,FALSE
EDCPT_9982,PRESENT_AT,Principal,EDCT_884,,,1914,1914,1914-1914,,EDC_1914_19,FALSE,FALSE
EDCPT_7960,PRESENT_AT,Principal,EDCT_915,,,1914,1914,1914-1914,,EDC_1914_7,FALSE,FALSE
EDCPT_9511,PRESENT_AT,Principal,EDCT_940,,,1914,1914,1914-1914,,EDC_1914_17,FALSE,FALSE
EDCPT_12244,PRESENT_AT,Principal,EDCT_949,,,1914,1914,1914-1914,,EDC_1914_14,FALSE,FALSE
EDCPT_8257,PRESENT_AT,Principal,EDCT_949,,,1914,1914,1914-1914,,EDC_1914_9,FALSE,FALSE
EDCPT_12247,PRESENT_AT,Principal,EDCT_969,,,1914,1914,1914-1914,,EDC_1914_16,FALSE,FALSE
EDCPT_7946,PRESENT_AT,Principal,EDCT_970,,,1914,1914,1914-1914,,EDC_1914_7,FALSE,FALSE
EDCPT_8528,PRESENT_AT,Principal,EDCT_974,,,1914,1914,1914-1914,,EDC_1914_12,FALSE,FALSE
EDCPT_8752,PRESENT_AT,Principal,EDCT_985,,,1914,1914,1914-1914,,EDC_1914_13,FALSE,FALSE
EDCPT_9988,PRESENT_AT,Principal,EDCT_1001,,,1914,1914,1914-1914,,EDC_1914_19,FALSE,FALSE
EDCPT_11242,PRESENT_AT,Principal and Instructor in,EDCT_392,,,1918,1918,1918-1918,,EDC_1918_118,FALSE,FALSE
EDCPT_8566,PRESENT_AT,Principal at,EDCT_001,,,1916,1916,1916-1916,,EDC_1916_37,FALSE,FALSE
EDCPT_9268,PRESENT_AT,Principal at,EDCT_001,,,1917,1917,1917-1917,,EDC_1917_48,FALSE,FALSE
EDCPT_9305,PRESENT_AT,Principal at,EDCT_002,,,1918,1918,1918-1918,,EDC_1918_63,FALSE,FALSE
EDCPT_11433,PRESENT_AT,Principal at,EDCT_008,,,1914,1914,1914-1914,,EDC_1914_31,FALSE,FALSE
EDCPT_10956,PRESENT_AT,Principal at,EDCT_011,,,1917,1917,1917-1917,,EDC_1917_84,FALSE,FALSE
EDCPT_7908,PRESENT_AT,Principal at,EDCT_017,,,1916,1916,1916-1916,,EDC_1916_21,FALSE,FALSE
EDCPT_10808,PRESENT_AT,Principal at,EDCT_026,,,1918,1918,1918-1918,,EDC_1918_104,FALSE,FALSE
EDCPT_7074,PRESENT_AT,Principal at,EDCT_031,,,1916,1916,1916-1916,,EDC_1916_02,FALSE,FALSE
EDCPT_8378,PRESENT_AT,Principal at,EDCT_043,,,1917,1917,1917-1917,,EDC_1917_28,FALSE,FALSE
EDCPT_11079,PRESENT_AT,Principal at,EDCT_046,,,1918,1918,1918-1918,,EDC_1918_113,FALSE,FALSE
EDCPT_11686,PRESENT_AT,Principal at,EDCT_056,,,1920,1920,1920-1920,,EDC_1920_151,FALSE,FALSE
EDCPT_8658,PRESENT_AT,Principal at,EDCT_063,,,1916,1916,1916-1916,,EDC_1916_39,FALSE,FALSE
EDCPT_11561,PRESENT_AT,Principal at,EDCT_068,,,1917,1917,1917-1917,,EDC_1917_98,TRUE,TRUE
EDCPT_8547,PRESENT_AT,Principal at,EDCT_079,,,1918,1918,1918-1918,,EDC_1918_42,FALSE,FALSE
EDCPT_11242,PRESENT_AT,Principal at,EDCT_085,,,1917,1917,1917-1917,,EDC_1917_91,FALSE,FALSE
EDCPT_11116,PRESENT_AT,Principal at,EDCT_099,,,1917,1917,1917-1917,,EDC_1917_88,FALSE,FALSE
EDCPT_7477,PRESENT_AT,Principal at,EDCT_108,,,1916,1916,1916-1916,,EDC_1916_12,FALSE,FALSE
EDCPT_7762,PRESENT_AT,Principal at,EDCT_113,,,1918,1918,1918-1918,,EDC_1918_21,FALSE,FALSE
EDCPT_12029,PRESENT_AT,Principal at,EDCT_118,,,1920,1920,1920-1920,,EDC_1920_162,FALSE,FALSE
EDCPT_12031,PRESENT_AT,Principal at,EDCT_118,,,1917,1917,1917-1917,,EDC_1917_112,FALSE,FALSE
EDCPT_7356,PRESENT_AT,Principal at,EDCT_120,,,1916,1916,1916-1916,,EDC_1916_08,FALSE,FALSE
EDCPT_11077,PRESENT_AT,Principal at,EDCT_138,,,1914,1914,1914-1914,,EDC_1914_29,FALSE,FALSE
EDCPT_7112,PRESENT_AT,Principal at,EDCT_139,,,1918,1918,1918-1918,,EDC_1918_3,FALSE,FALSE
EDCPT_11869,PRESENT_AT,Principal at,EDCT_147,,,1920,1920,1920-1920,,EDC_1920_156,FALSE,FALSE
EDCPT_8680,PRESENT_AT,Principal at,EDCT_156,,,1920,1920,1920-1920,,EDC_1920_54,FALSE,FALSE
EDCPT_11997,PRESENT_AT,Principal at,EDCT_166,,,1920,1920,1920-1920,,EDC_1920_161,FALSE,FALSE
EDCPT_11452,PRESENT_AT,Principal at,EDCT_177,,,1917,1917,1917-1917,,EDC_1917_95,FALSE,FALSE
EDCPT_8593,PRESENT_AT,Principal at,EDCT_179,,,1917,1917,1917-1917,,EDC_1917_33,FALSE,TRUE
EDCPT_10689,PRESENT_AT,Principal at,EDCT_188,,,1920,1920,1920-1920,,EDC_1920_123,FALSE,FALSE
EDCPT_8052,PRESENT_AT,Principal at,EDCT_192,,,1916,1916,1916-1916,,EDC_1916_25,FALSE,FALSE
EDCPT_11093,PRESENT_AT,Principal at,EDCT_194,,,1914,1914,1914-1914,,EDC_1914_29,FALSE,TRUE
EDCPT_11093,PRESENT_AT,Principal at,EDCT_194,,,1917,1917,1917-1917,,EDC_1917_87,FALSE,TRUE
EDCPT_10687,PRESENT_AT,Principal at,EDCT_195,,,1918,1918,1918-1918,,EDC_1918_100,FALSE,FALSE
EDCPT_7922,PRESENT_AT,Principal at,EDCT_200,,,1916,1916,1916-1916,,EDC_1916_22,FALSE,FALSE
EDCPT_9506,PRESENT_AT,Principal at,EDCT_209,,,1917,1917,1917-1917,,EDC_1917_54,FALSE,FALSE
EDCPT_9519,PRESENT_AT,Principal at,EDCT_215,,,1920,1920,1920-1920,,EDC_1920_77,FALSE,FALSE
EDCPT_11481,PRESENT_AT,Principal at,EDCT_217,,,1917,1917,1917-1917,,EDC_1917_96,FALSE,FALSE
EDCPT_8046,PRESENT_AT,Principal at,EDCT_219,,,1917,1917,1917-1917,,EDC_1917_39,FALSE,FALSE
EDCPT_11668,PRESENT_AT,Principal at,EDCT_220,,,1920,1920,1920-1920,,EDC_1920_150,FALSE,FALSE
EDCPT_8954,PRESENT_AT,Principal at,EDCT_228,,,1917,1917,1917-1917,,EDC_1917_42,FALSE,FALSE
EDCPT_12041,PRESENT_AT,Principal at,EDCT_233,,,1917,1917,1917-1917,,EDC_1917_112,FALSE,FALSE
EDCPT_12213,PRESENT_AT,Principal at,EDCT_234,,,1920,1920,1920-1920,,EDC_1920_168,FALSE,FALSE
EDCPT_7829,PRESENT_AT,Principal at,EDCT_238,,,1917,1917,1917-1917,,EDC_1917_17,FALSE,FALSE
EDCPT_10642,PRESENT_AT,Principal at,EDCT_257,,,1918,1918,1918-1918,,EDC_1918_98,FALSE,FALSE
EDCPT_11610,PRESENT_AT,Principal at,EDCT_260,,,1917,1917,1917-1917,,EDC_1917_99,FALSE,FALSE
EDCPT_10804,PRESENT_AT,Principal at,EDCT_280,,,1920,1920,1920-1920,,EDC_1920_122,FALSE,FALSE
EDCPT_11394,PRESENT_AT,Principal at,EDCT_292,,,1920,1920,1920-1920,,EDC_1920_141,FALSE,FALSE
EDCPT_7513,PRESENT_AT,Principal at,EDCT_295,,,1917,1917,1917-1917,,EDC_1917_13,FALSE,TRUE
EDCPT_11135,PRESENT_AT,Principal at,EDCT_296,,,1920,1920,1920-1920,,EDC_1920_133,FALSE,FALSE
EDCPT_11055,PRESENT_AT,Principal at,EDCT_297,,,1917,1917,1917-1917,,EDC_1917_86,FALSE,FALSE
EDCPT_7090,PRESENT_AT,Principal at,EDCT_303,,,1917,1917,1917-1917,,EDC_1917_3,FALSE,FALSE
EDCPT_8266,PRESENT_AT,Principal at,EDCT_308,,,1918,1918,1918-1918,,EDC_1918_34,FALSE,FALSE
EDCPT_11002,PRESENT_AT,Principal at,EDCT_312,,,1920,1920,1920-1920,,EDC_1920_128,FALSE,FALSE
EDCPT_8390,PRESENT_AT,Principal at,EDCT_316,,,1917,1917,1917-1917,,EDC_1917_28,FALSE,FALSE
EDCPT_7398,PRESENT_AT,Principal at,EDCT_317,,,1917,1917,1917-1917,,EDC_1917_10,FALSE,FALSE
EDCPT_11044,PRESENT_AT,Principal at,EDCT_319,,,1917,1917,1917-1917,,EDC_1917_86,FALSE,TRUE
EDCPT_11044,PRESENT_AT,Principal at,EDCT_319,,,1920,1920,1920-1920,,EDC_1920_130,FALSE,TRUE
EDCPT_11060,PRESENT_AT,Principal at,EDCT_319,,,1918,1918,1918-1918,,EDC_1918_113,FALSE,FALSE
EDCPT_11104,PRESENT_AT,Principal at,EDCT_329,,,1917,1917,1917-1917,,EDC_1917_87,FALSE,TRUE
EDCPT_10881,PRESENT_AT,Principal at,EDCT_339,,,1920,1920,1920-1920,,EDC_1920_124,FALSE,FALSE
EDCPT_8297,PRESENT_AT,Principal at,EDCT_358,,,1916,1916,1916-1916,,EDC_1916_31,FALSE,FALSE
EDCPT_8397,PRESENT_AT,Principal at,EDCT_362,,,1916,1916,1916-1916,,EDC_1916_33;EDC_1914_10,FALSE,FALSE
EDCPT_11025,PRESENT_AT,Principal at,EDCT_370,,,1920,1920,1920-1920,,EDC_1920_129,FALSE,FALSE
EDCPT_8109,PRESENT_AT,Principal at,EDCT_372,,,1916,1916,1916-1916,,EDC_1916_26,FALSE,FALSE
EDCPT_11957,PRESENT_AT,Principal at,EDCT_379,,,1920,1920,1920-1920,,EDC_1920_160,FALSE,FALSE
EDCPT_11552,PRESENT_AT,Principal at,EDCT_380,,,1914,1914,1914-1914,,EDC_1914_32,FALSE,FALSE
EDCPT_9845,PRESENT_AT,Principal at,EDCT_390,,,1918,1918,1918-1918,,EDC_1918_76,FALSE,FALSE
EDCPT_8521,PRESENT_AT,Principal at,EDCT_391,,,1916,1916,1916-1916,,EDC_1916_36,FALSE,FALSE
EDCPT_9579,PRESENT_AT,Principal at,EDCT_400,,,1918,1918,1918-1918,,EDC_1918_71,FALSE,FALSE
EDCPT_12209,PRESENT_AT,Principal at,EDCT_403,,,1920,1920,1920-1920,,EDC_1920_168,FALSE,FALSE
EDCPT_11924,PRESENT_AT,Principal at,EDCT_414,,,1917,1917,1917-1917,,EDC_1917_109,FALSE,FALSE
EDCPT_9842,PRESENT_AT,Principal at,EDCT_417,,,1917,1917,1917-1917,,EDC_1917_59,FALSE,FALSE
EDCPT_11255,PRESENT_AT,Principal at,EDCT_420,,,1920,1920,1920-1920,,EDC_1920_137,TRUE,TRUE
EDCPT_11292,PRESENT_AT,Principal at,EDCT_427,,,1920,1920,1920-1920,,EDC_1920_138,FALSE,FALSE
EDCPT_11129,PRESENT_AT,Principal at,EDCT_446,,,1917,1917,1917-1917,,EDC_1917_88,FALSE,TRUE
EDCPT_10946,PRESENT_AT,Principal at,EDCT_450,,,1920,1920,1920-1920,,EDC_1920_126,FALSE,FALSE
EDCPT_11014,PRESENT_AT,Principal at,EDCT_453,,,1917,1917,1917-1917,,EDC_1917_85,FALSE,FALSE
EDCPT_11035,PRESENT_AT,Principal at,EDCT_456,,,1920,1920,1920-1920,,EDC_1920_130,FALSE,FALSE
EDCPT_12185,PRESENT_AT,Principal at,EDCT_459,,,1920,1920,1920-1920,,EDC_1920_167,FALSE,FALSE
EDCPT_12069,PRESENT_AT,Principal at,EDCT_460,,,1920,1920,1920-1920,,EDC_1920_164,FALSE,FALSE
EDCPT_7953,PRESENT_AT,Principal at,EDCT_472,,,1917,1917,1917-1917,,EDC_1917_19,FALSE,FALSE
EDCPT_11204,PRESENT_AT,Principal at,EDCT_476,,,1920,1920,1920-1920,,EDC_1920_135,FALSE,FALSE
EDCPT_8859,PRESENT_AT,Principal at,EDCT_481,,,1918,1918,1918-1918,,EDC_1918_51,FALSE,FALSE
EDCPT_11121,PRESENT_AT,Principal at,EDCT_483,,,1917,1917,1917-1917,,EDC_1917_88,FALSE,FALSE
EDCPT_7396,PRESENT_AT,Principal at,EDCT_483,,,1918,1918,1918-1918,,EDC_1918_12,FALSE,FALSE
EDCPT_10702,PRESENT_AT,Principal at,EDCT_491,,,1920,1920,1920-1920,,EDC_1920_118,FALSE,FALSE
EDCPT_10719,PRESENT_AT,Principal at,EDCT_492,,,1920,1920,1920-1920,,EDC_1920_118,FALSE,FALSE
EDCPT_8336,PRESENT_AT,Principal at,EDCT_510,,,1920,1920,1920-1920,,EDC_1920_45,FALSE,FALSE
EDCPT_7075,PRESENT_AT,Principal at,EDCT_511,,,1917,1917,1917-1917,,EDC_1917_2,FALSE,FALSE
EDCPT_7085,PRESENT_AT,Principal at,EDCT_512,,,1917,1917,1917-1917,,EDC_1917_2,FALSE,FALSE
EDCPT_7084,PRESENT_AT,Principal at,EDCT_513,,,1917,1917,1917-1917,,EDC_1917_2,FALSE,FALSE
EDCPT_7658,PRESENT_AT,Principal at,EDCT_529,,,1916,1916,1916-1916,,EDC_1916_16,FALSE,FALSE
EDCPT_11852,PRESENT_AT,Principal at,EDCT_539,,,1917,1917,1917-1917,,EDC_1917_107,FALSE,FALSE
EDCPT_7796,PRESENT_AT,Principal at,EDCT_539,,,1916,1916,1916-1916,,EDC_1916_19,FALSE,FALSE
EDCPT_8975,PRESENT_AT,Principal at,EDCT_544,,,1918,1918,1918-1918,,EDC_1918_55,FALSE,FALSE
EDCPT_8370,PRESENT_AT,Principal at,EDCT_547,,,1917,1917,1917-1917,,EDC_1917_28,FALSE,FALSE
EDCPT_7874,PRESENT_AT,Principal at,EDCT_552,,,1917,1917,1917-1917,,EDC_1917_18,FALSE,FALSE
EDCPT_7189,PRESENT_AT,Principal at,EDCT_555,,,1916,1916,1916-1916,,EDC_1916_05,FALSE,FALSE
EDCPT_9136,PRESENT_AT,Principal at,EDCT_555,,,1918,1918,1918-1918,,EDC_1918_59,FALSE,FALSE
EDCPT_9150,PRESENT_AT,Principal at,EDCT_559,,,1917,1917,1917-1917,,EDC_1917_45,FALSE,FALSE
EDCPT_11366,PRESENT_AT,Principal at,EDCT_560,,,1917,1917,1917-1917,,EDC_1917_93,FALSE,FALSE
EDCPT_7390,PRESENT_AT,Principal at,EDCT_561,,,1917,1917,1917-1917,,EDC_1917_10,FALSE,FALSE
EDCPT_7422,PRESENT_AT,Principal at,EDCT_563,,,1917,1917,1917-1917,,EDC_1917_11,FALSE,TRUE
EDCPT_7424,PRESENT_AT,Principal at,EDCT_564,,,1917,1917,1917-1917,,EDC_1917_11,FALSE,FALSE
EDCPT_7426,PRESENT_AT,Principal at,EDCT_564,,,1916,1916,1916-1916,,EDC_1916_10,FALSE,FALSE
EDCPT_10862,PRESENT_AT,Principal at,EDCT_567,,,1917,1917,1917-1917,,EDC_1917_81,FALSE,FALSE
EDCPT_8700,PRESENT_AT,Principal at,EDCT_570,,,1916,1916,1916-1916,,EDC_1916_40,FALSE,FALSE
EDCPT_8701,PRESENT_AT,Principal at,EDCT_570,,,1917,1917,1917-1917,,EDC_1917_36,FALSE,FALSE
EDCPT_8255,PRESENT_AT,Principal at,EDCT_571,,,1917,1917,1917-1917,,EDC_1917_25,FALSE,FALSE
EDCPT_7472,PRESENT_AT,Principal at,EDCT_574,,,1917,1917,1917-1917,,EDC_1917_12,FALSE,FALSE
EDCPT_11207,PRESENT_AT,Principal at,EDCT_595,,,1917,1917,1917-1917,,EDC_1917_90,FALSE,FALSE
EDCPT_9309,PRESENT_AT,Principal at,EDCT_599,,,1917,1917,1917-1917,,EDC_1917_49,FALSE,FALSE
EDCPT_10984,PRESENT_AT,Principal at,EDCT_614,,,1917,1917,1917-1917,,EDC_1917_84,FALSE,FALSE
EDCPT_11002,PRESENT_AT,Principal at,EDCT_621,,,1914,1914,1914-1914,,EDC_1914_28,FALSE,FALSE
EDCPT_10706,PRESENT_AT,Principal at,EDCT_622,,,1917,1917,1917-1917,,EDC_1917_77,FALSE,FALSE
EDCPT_11066,PRESENT_AT,Principal at,EDCT_622,,,1917,1917,1917-1917,,EDC_1917_87,FALSE,FALSE
EDCPT_11079,PRESENT_AT,Principal at,EDCT_622,,,1917,1917,1917-1917,,EDC_1917_87,FALSE,FALSE
EDCPT_11196,PRESENT_AT,Principal at,EDCT_622,,,1917,1917,1917-1917,,EDC_1917_90,FALSE,FALSE
EDCPT_8098,PRESENT_AT,Principal at,EDCT_622,,,1916,1916,1916-1916,,EDC_1916_26,FALSE,FALSE
EDCPT_8099,PRESENT_AT,Principal at,EDCT_622,,,1917,1917,1917-1917,,EDC_1917_22,FALSE,FALSE
EDCPT_8278,PRESENT_AT,Principal at,EDCT_626,,,1917,1917,1917-1917,,EDC_1917_26,FALSE,FALSE
EDCPT_11190,PRESENT_AT,Principal at,EDCT_640,,,1914,1914,1914-1914,,EDC_1914_29,FALSE,FALSE
EDCPT_9051,PRESENT_AT,Principal at,EDCT_644,,,1916,1916,1916-1916,,EDC_1916_48,FALSE,FALSE
EDCPT_10728,PRESENT_AT,Principal at,EDCT_650,,,1914,1914,1914-1914,,EDC_1914_25,FALSE,FALSE
EDCPT_12200,PRESENT_AT,Principal at,EDCT_653,,,1914,1914,1914-1914,,EDC_1914_37,FALSE,FALSE
EDCPT_11622,PRESENT_AT,Principal at,EDCT_654,,,1914,1914,1914-1914,,EDC_1914_33,FALSE,FALSE
EDCPT_10755,PRESENT_AT,Principal at,EDCT_664,,,1914,1914,1914-1914,,EDC_1914_26,FALSE,FALSE
EDCPT_9535,PRESENT_AT,Principal at,EDCT_691,,,1917,1917,1917-1917,,EDC_1917_55,FALSE,FALSE
EDCPT_11204,PRESENT_AT,Principal at,EDCT_693,,,1918,1918,1918-1918,,EDC_1918_117,FALSE,FALSE
EDCPT_9505,PRESENT_AT,Principal at,EDCT_746,,,1917,1917,1917-1917,,EDC_1917_54,FALSE,FALSE
EDCPT_9850,PRESENT_AT,Principal at,EDCT_760,,,1917,1917,1917-1917,,EDC_1917_59,FALSE,FALSE
EDCPT_7470,PRESENT_AT,Principal at,EDCT_765,,,1916,1916,1916-1916,,EDC_1916_11,FALSE,FALSE
EDCPT_11063,PRESENT_AT,Principal at,EDCT_772,,,1917,1917,1917-1917,,EDC_1917_86,FALSE,FALSE
EDCPT_11261,PRESENT_AT,Principal at,EDCT_773,,,1916,1916,1916-1916,,EDC_1916_99,FALSE,TRUE
EDCPT_11261,PRESENT_AT,Principal at,EDCT_773,,,1917,1917,1917-1917,,EDC_1917_91,FALSE,TRUE
EDCPT_10701,PRESENT_AT,Principal at,EDCT_804,,,1914,1914,1914-1914,,EDC_1914_25,FALSE,FALSE
EDCPT_11887,PRESENT_AT,Principal at,EDCT_823,,,1914,1914,1914-1914,,EDC_1914_36,FALSE,FALSE
EDCPT_10809,PRESENT_AT,Principal at,EDCT_827,,,1914,1914,1914-1914,,EDC_1914_26,FALSE,FALSE
EDCPT_11103,PRESENT_AT,Principal at,EDCT_842,,,1917,1917,1917-1917,,EDC_1917_87,FALSE,FALSE
EDCPT_9927,PRESENT_AT,Principal at,EDCT_854,,,1917,1917,1917-1917,,EDC_1917_60,FALSE,FALSE
EDCPT_11450,PRESENT_AT,Principal at,EDCT_867,,,1917,1917,1917-1917,,EDC_1917_95,FALSE,FALSE
EDCPT_11451,PRESENT_AT,Principal at,EDCT_867,,,1914,1914,1914-1914,,EDC_1914_31,FALSE,FALSE
EDCPT_9572,PRESENT_AT,Principal at,EDCT_911,,,1917,1917,1917-1917,,EDC_1917_56,FALSE,FALSE
EDCPT_12028,PRESENT_AT,Principal at,EDCT_932,,,1914,1914,1914-1914,,EDC_1914_37,FALSE,FALSE
EDCPT_10674,PRESENT_AT,Principal at,EDCT_933,,,1917,1917,1917-1917,,EDC_1917_76,FALSE,FALSE
EDCPT_8782,PRESENT_AT,Principal at,EDCT_933,,,1917,1917,1917-1917,,EDC_1917_37,FALSE,FALSE
EDCPT_9675,PRESENT_AT,Principal of,EDCT_086,,,1916,1916,1916-1916,,EDC_1916_61,FALSE,FALSE
EDCPT_12034,PRESENT_AT,Principal of,EDCT_118,,,1918,1918,1918-1918,,EDC_1918_143,FALSE,FALSE
EDCPT_11103,PRESENT_AT,Principal of,EDCT_141,,,1918,1918,1918-1918,,EDC_1918_114,FALSE,FALSE
EDCPT_9951,PRESENT_AT,Principal of,EDCT_158,,,1916,1916,1916-1916,On furlough in 1916,EDC_1916_67,FALSE,FALSE
EDCPT_11017,PRESENT_AT,Principal of,EDCT_167,,,1918,1918,1918-1918,,EDC_1918_111,FALSE,FALSE
EDCPT_7350,PRESENT_AT,Principal of,EDCT_214,,,1917,1917,1917-1917,,EDC_1917_9,FALSE,FALSE
EDCPT_11741,PRESENT_AT,Principal of,EDCT_249,,,1918,1918,1918-1918,,EDC_1918_133,FALSE,FALSE
EDCPT_11825,PRESENT_AT,Principal of,EDCT_271,,,1918,1918,1918-1918,,EDC_1918_136,FALSE,FALSE
EDCPT_9990,PRESENT_AT,Principal of,EDCT_296,,,1916,1916,1916-1916,,EDC_1916_67,FALSE,FALSE
EDCPT_11843,PRESENT_AT,Principal of,EDCT_304,,,1918,1918,1918-1918,,EDC_1918_137,FALSE,FALSE
EDCPT_9668,PRESENT_AT,Principal of,EDCT_351,,,1916,1916,1916-1916,,EDC_1916_61,FALSE,FALSE
EDCPT_9231,PRESENT_AT,Principal of,EDCT_376,,,1916,1916,1916-1916,,EDC_1916_51,FALSE,FALSE
EDCPT_11195,PRESENT_AT,Principal of,EDCT_487,,,1918,1918,1918-1918,,EDC_1918_117,FALSE,FALSE
EDCPT_11552,PRESENT_AT,Principal of,EDCT_488,,,1918,1918,1918-1918,,EDC_1918_126,FALSE,FALSE
EDCPT_9202,PRESENT_AT,Principal of,EDCT_536,,,1916,1916,1916-1916,*Need to confirm whether CMA Bible School or Alliance Bible School,EDC_1916_51,FALSE,FALSE
EDCPT_11895,PRESENT_AT,Principal of,EDCT_542,,,1918,1918,1918-1918,,EDC_1918_139,FALSE,FALSE
EDCPT_12110,PRESENT_AT,Principal of,EDCT_554,,,1918,1918,1918-1918,,EDC_1918_145,FALSE,FALSE
EDCPT_11539,PRESENT_AT,Principal of,EDCT_579,,,1918,1918,1918-1918,,EDC_1918_126;EDC_1917_97,FALSE,FALSE
EDCPT_11646,PRESENT_AT,Principal of,EDCT_586,,,1918,1918,1918-1918,,EDC_1918_130,FALSE,FALSE
EDCPT_7999,PRESENT_AT,Principal of,EDCT_603,,,1917,1917,1917-1917,,EDC_1917_20,FALSE,FALSE
EDCPT_11291,PRESENT_AT,Principal of,EDCT_606,,,1918,1918,1918-1918,,EDC_1918_119,FALSE,FALSE
EDCPT_12075,PRESENT_AT,Principal of,EDCT_611,,,1918,1918,1918-1918,,EDC_1918_145,FALSE,FALSE
EDCPT_11861,PRESENT_AT,Principal of,EDCT_627,,,1918,1918,1918-1918,,EDC_1918_137,FALSE,FALSE
EDCPT_11718,PRESENT_AT,Principal of,EDCT_644,,,1918,1918,1918-1918,,EDC_1918_132,FALSE,FALSE
EDCPT_11947,PRESENT_AT,Principal of,EDCT_656,,,1918,1918,1918-1918,,EDC_1918_140,FALSE,FALSE
EDCPT_9711,PRESENT_AT,Principal of,EDCT_682,,,1916,1916,1916-1916,,EDC_1916_61,FALSE,FALSE
EDCPT_11844,PRESENT_AT,Principal of,EDCT_729,,,1918,1918,1918-1918,,EDC_1918_137,FALSE,FALSE
EDCPT_12062,PRESENT_AT,Principal of,EDCT_742,,,1918,1918,1918-1918,,EDC_1918_144,FALSE,FALSE
EDCPT_11063,PRESENT_AT,Principal of,EDCT_772,,,1918,1918,1918-1918,Seven years experience in China,EDC_1918_113,FALSE,FALSE
EDCPT_11827,PRESENT_AT,Principal of,EDCT_800,,,1918,1918,1918-1918,,EDC_1918_136,FALSE,FALSE
EDCPT_11778,PRESENT_AT,Principal of,EDCT_808,,,1918,1918,1918-1918,,EDC_1918_134,FALSE,FALSE
EDCPT_11650,PRESENT_AT,Principal of,EDCT_823,,,1918,1918,1918-1918,,EDC_1918_130,FALSE,FALSE
EDCPT_9412,PRESENT_AT,Principal of,EDCT_838,,,1916,1916,1916-1916,,EDC_1916_55,FALSE,FALSE
EDCPT_9812,PRESENT_AT,Principal of,EDCT_849,,,1916,1916,1916-1916,,EDC_1916_63,FALSE,FALSE
EDCPT_12035,PRESENT_AT,Principal of,EDCT_855,,,1918,1918,1918-1918,,EDC_1918_143,FALSE,FALSE
EDCPT_12041,PRESENT_AT,Principal of,EDCT_875,,,1918,1918,1918-1918,,EDC_1918_144,FALSE,FALSE
EDCPT_9820,PRESENT_AT,Principal of,EDCT_886,,,1916,1916,1916-1916,,EDC_1916_64,FALSE,FALSE
EDCPT_9284,PRESENT_AT,Principal of,EDCT_953,,,1916,1916,1916-1916,,EDC_1916_53,FALSE,FALSE
EDCPT_9714,PRESENT_AT,Principal of,EDCT_959,,,1916,1916,1916-1916,,EDC_1916_62,FALSE,FALSE
EDCPT_12136,PRESENT_AT,Principal of The Practice School of,EDCT_903,,,1918,1918,1918-1918,,EDC_1918_147,FALSE,FALSE
EDCPT_7454,PRESENT_AT,"Principal,",EDCT_052,,,1914,1914,1914-1914,,EDC_1914_4,FALSE,FALSE
EDCPT_7407,PRESENT_AT,"Principal,",EDCT_617,,,1914,1914,1914-1914,,EDC_1914_3,FALSE,FALSE
EDCPT_7289,PRESENT_AT,"Principal,",EDCT_670,,,1914,1914,1914-1914,,EDC_1914_2,FALSE,FALSE
EDCPT_8396,PRESENT_AT,"Principal,",EDCT_696,,,1914,1914,1914-1914,,EDC_1914_10,FALSE,FALSE
EDCPT_7393,PRESENT_AT,"Principal,",EDCT_743,,,1914,1914,1914-1914,,EDC_1914_3,FALSE,FALSE
EDCPT_7073,PRESENT_AT,"Principal,",EDCT_806,,,1914,1914,1914-1914,,EDC_1914_1,FALSE,FALSE
EDCPT_7828,PRESENT_AT,"Principal,",EDCT_811,,,1914,1914,1914-1914,,EDC_1914_6,FALSE,FALSE
EDCPT_7647,PRESENT_AT,"Principal,",EDCT_852,,,1914,1914,1914-1914,,EDC_1914_5,FALSE,FALSE
EDCPT_7475,PRESENT_AT,"Principal,",EDCT_860,,,1914,1914,1914-1914,,EDC_1914_4,FALSE,FALSE
EDCPT_7320,PRESENT_AT,"Principal,",EDCT_919,,,1914,1914,1914-1914,,EDC_1914_3,FALSE,FALSE
EDCPT_8564,PRESENT_AT,Principala at,EDCT_116,,,1917,1917,1917-1917,,EDC_1917_33,FALSE,FALSE
EDCPT_8768,PRESENT_AT,Principal-in-charge at,EDCT_106,,,1916,1916,1916-1916,,EDC_1916_41,FALSE,FALSE
EDCPT_8237,PRESENT_AT,Principle at,EDCT_296,,,1918,1918,1918-1918,,EDC_1918_34,FALSE,FALSE
EDCPT_10927,PRESENT_AT,Principle of,EDCT_623,,,1918,1918,1918-1918,,EDC_1918_108,FALSE,FALSE
EDCPT_9753,PRESENT_AT,Princpal of,EDCT_723,,,1916,1916,1916-1916,,EDC_1916_62,FALSE,FALSE
EDCPT_9964,PRESENT_AT,Proctor,EDCT_887,,,1914,1914,1914-1914,,EDC_1914_19,FALSE,FALSE
EDCPT_9971,PRESENT_AT,Proctor,EDCT_887,,,1914,1914,1914-1914,,EDC_1914_19,FALSE,FALSE
EDCPT_9892,PRESENT_AT,Proctor and Instructor in English,EDCT_932,,,1914,1914,1914-1914,,EDC_1914_18,FALSE,FALSE
EDCPT_9061,PRESENT_AT,Proctor Army at,EDCT_169,,,1916,1916,1916-1916,,EDC_1916_48,FALSE,FALSE
EDCPT_11956,PRESENT_AT,Proctor at,EDCT_061,,,1917,1917,1917-1917,,EDC_1917_110,FALSE,FALSE
EDCPT_11691,PRESENT_AT,Proctor at,EDCT_066,,,1920,1920,1920-1920,,EDC_1920_151,FALSE,FALSE
EDCPT_11655,PRESENT_AT,Proctor at,EDCT_100,,,1920,1920,1920-1920,,EDC_1920_150,FALSE,FALSE
EDCPT_11973,PRESENT_AT,Proctor at,EDCT_209,,,1920,1920,1920-1920,,EDC_1920_160,FALSE,FALSE
EDCPT_11176,PRESENT_AT,Proctor at,EDCT_281,,,1920,1920,1920-1920,,EDC_1920_135,FALSE,FALSE
EDCPT_7611,PRESENT_AT,Prof.,EDCT_008,,,1914,1914,1914-1914,,EDC_1914_5,FALSE,FALSE
EDCPT_7729,PRESENT_AT,Prof.,EDCT_008,,,1914,1914,1914-1914,,EDC_1914_6,FALSE,FALSE
EDCPT_12245,PRESENT_AT,Professor,EDCT_008,,,1914,1914,1914-1914,,EDC_1914_15,FALSE,FALSE
EDCPT_7391,PRESENT_AT,Professor,EDCT_054,,,1914,1914,1914-1914,,EDC_1914_3,FALSE,FALSE
EDCPT_8062,PRESENT_AT,Professor,EDCT_096,,,1914,1914,1914-1914,,EDC_1914_8,FALSE,FALSE
EDCPT_8162,PRESENT_AT,Professor,EDCT_096,,,1914,1914,1914-1914,,EDC_1914_9,FALSE,FALSE
EDCPT_9308,PRESENT_AT,Professor,EDCT_168,,,1914,1914,1914-1914,,EDC_1914_16,FALSE,FALSE
EDCPT_8268,PRESENT_AT,Professor,EDCT_519,,,1914,1914,1914-1914,,EDC_1914_9,FALSE,FALSE
EDCPT_12250,PRESENT_AT,Professor,EDCT_651,,,1914,1914,1914-1914,,EDC_1914_17,FALSE,FALSE
EDCPT_8360,PRESENT_AT,Professor,EDCT_661,,,1914,1914,1914-1914,,EDC_1914_10,FALSE,FALSE
EDCPT_12229,PRESENT_AT,Professor,EDCT_743,,,1914,1914,1914-1914,,EDC_1914_10,FALSE,FALSE
EDCPT_7433,PRESENT_AT,Professor,EDCT_745,,,1914,1914,1914-1914,,EDC_1914_4,FALSE,FALSE
EDCPT_8212,PRESENT_AT,Professor,EDCT_745,,,1914,1914,1914-1914,,EDC_1914_9,FALSE,FALSE
EDCPT_8262,PRESENT_AT,Professor,EDCT_759,,,1914,1914,1914-1914,,EDC_1914_9,FALSE,FALSE
EDCPT_8263,PRESENT_AT,Professor,EDCT_759,,,1914,1914,1914-1914,,EDC_1914_9,FALSE,FALSE
EDCPT_8167,PRESENT_AT,Professor,EDCT_790,,,1914,1914,1914-1914,,EDC_1914_9,FALSE,FALSE
EDCPT_7268,PRESENT_AT,Professor,EDCT_830,,,1914,1914,1914-1914,,EDC_1914_2,FALSE,FALSE
EDCPT_9489,PRESENT_AT,Professor,EDCT_830,,,1914,1914,1914-1914,,EDC_1914_17,FALSE,FALSE
EDCPT_7616,PRESENT_AT,Professor,EDCT_841,,,1914,1914,1914-1914,,EDC_1914_5,FALSE,FALSE
EDCPT_7333,PRESENT_AT,Professor,EDCT_882,,,1914,1914,1914-1914,,EDC_1914_3,FALSE,FALSE
EDCPT_7192,PRESENT_AT,Professor,EDCT_883,,,1914,1914,1914-1914,,EDC_1914_2,FALSE,FALSE
EDCPT_7191,PRESENT_AT,Professor,EDCT_887,,,1914,1914,1914-1914,,EDC_1914_2,FALSE,FALSE
EDCPT_7775,PRESENT_AT,Professor,EDCT_912,,,1914,1914,1914-1914,,EDC_1914_6,FALSE,FALSE
EDCPT_8947,PRESENT_AT,Professor,EDCT_915,,,1914,1914,1914-1914,,EDC_1914_14,FALSE,FALSE
EDCPT_7526,PRESENT_AT,Professor,EDCT_932,,,1914,1914,1914-1914,,EDC_1914_4,FALSE,FALSE
EDCPT_7542,PRESENT_AT,Professor,EDCT_932,,,1914,1914,1914-1914,,EDC_1914_4,FALSE,FALSE
EDCPT_7651,PRESENT_AT,Professor,EDCT_932,,,1914,1914,1914-1914,,EDC_1914_5,FALSE,FALSE
EDCPT_7693,PRESENT_AT,Professor,EDCT_932,,,1914,1914,1914-1914,,EDC_1914_5,FALSE,FALSE
EDCPT_7774,PRESENT_AT,Professor,EDCT_932,,,1914,1914,1914-1914,,EDC_1914_6,FALSE,FALSE
EDCPT_7809,PRESENT_AT,Professor,EDCT_932,,,1914,1914,1914-1914,,EDC_1914_6,FALSE,FALSE
EDCPT_12246,PRESENT_AT,Professor,EDCT_968,,,1914,1914,1914-1914,,EDC_1914_15,FALSE,FALSE
EDCPT_8529,PRESENT_AT,Professor,EDCT_975,,,1914,1914,1914-1914,,EDC_1914_12,FALSE,FALSE
EDCPT_8542,PRESENT_AT,Professor,EDCT_976,,,1914,1914,1914-1914,,EDC_1914_12,FALSE,FALSE
EDCPT_8863,PRESENT_AT,Professor,EDCT_986,,,1914,1914,1914-1914,,EDC_1914_14,FALSE,FALSE
EDCPT_8111,PRESENT_AT,Professor aat,EDCT_071,,,1916,1916,1916-1916,,EDC_1916_26,FALSE,FALSE
EDCPT_9260,PRESENT_AT,Professor and Dean of Preparatory Dept.,EDCT_634,,,1914,1914,1914-1914,,EDC_1914_15,FALSE,FALSE
EDCPT_8795,PRESENT_AT,Professor and Director of Mathematical Studies at,EDCT_067,,,1916,1916,1916-1916,,EDC_1916_42;EDC_1914_13,FALSE,FALSE
EDCPT_11073,PRESENT_AT,Professor ar,EDCT_094,,,1918,1918,1918-1918,,EDC_1918_113,FALSE,FALSE
EDCPT_11682,PRESENT_AT,Professor at,EDCT_005,,,1920,1920,1920-1920,,EDC_1920_150,FALSE,FALSE
EDCPT_11703,PRESENT_AT,Professor at,EDCT_005,,,1920,1920,1920-1920,,EDC_1920_151,FALSE,FALSE
EDCPT_11724,PRESENT_AT,Professor at,EDCT_005,,,1920,1920,1920-1920,,EDC_1920_152,FALSE,FALSE
EDCPT_12003,PRESENT_AT,Professor at,EDCT_005,,,1920,1920,1920-1920,,EDC_1920_161,FALSE,FALSE
EDCPT_12025,PRESENT_AT,Professor at,EDCT_005,,,1920,1920,1920-1920,,EDC_1920_162,FALSE,FALSE
EDCPT_12132,PRESENT_AT,Professor at,EDCT_005,,,1920,1920,1920-1920,,EDC_1920_165,FALSE,FALSE
EDCPT_12138,PRESENT_AT,Professor at,EDCT_005,,,1920,1920,1920-1920,,EDC_1920_165,FALSE,FALSE
EDCPT_10974,PRESENT_AT,Professor at,EDCT_008,,,1920,1920,1920-1920,,EDC_1920_127,FALSE,TRUE
EDCPT_7018,PRESENT_AT,Professor at,EDCT_008,,,1916,1916,1916-1916,,EDC_1916_01,FALSE,FALSE
EDCPT_10876,PRESENT_AT,Professor at,EDCT_011,,,1914,1914,1914-1914,,EDC_1914_27,FALSE,TRUE
EDCPT_10876,PRESENT_AT,Professor at,EDCT_011,,,1917,1917,1917-1917,,EDC_1917_82,FALSE,TRUE
EDCPT_10910,PRESENT_AT,Professor at,EDCT_011,,,1917,1917,1917-1917,Professor of chemistry,EDC_1917_83,FALSE,FALSE
EDCPT_12124,PRESENT_AT,Professor at,EDCT_011,,,1920,1920,1920-1920,,EDC_1920_165,FALSE,FALSE
EDCPT_12179,PRESENT_AT,Professor at,EDCT_011,,,1920,1920,1920-1920,,EDC_1920_167,FALSE,FALSE
EDCPT_11251,PRESENT_AT,Professor at,EDCT_023,,,1917,1917,1917-1917,,EDC_1917_91,FALSE,FALSE
EDCPT_8707,PRESENT_AT,Professor at,EDCT_023,,,1916,1916,1916-1916,,EDC_1916_40,FALSE,FALSE
EDCPT_9406,PRESENT_AT,Professor at,EDCT_023,,,1917,1917,1917-1917,,EDC_1917_52,FALSE,FALSE
EDCPT_7051,PRESENT_AT,Professor at,EDCT_025,,,1916,1916,1916-1916,,EDC_1916_02,FALSE,FALSE
EDCPT_10772,PRESENT_AT,Professor at,EDCT_037,,,1920,1920,1920-1920,,EDC_1920_120,FALSE,FALSE
EDCPT_11019,PRESENT_AT,Professor at,EDCT_037,,,1920,1920,1920-1920,,EDC_1920_129,FALSE,FALSE
EDCPT_11046,PRESENT_AT,Professor at,EDCT_037,,,1920,1920,1920-1920,,EDC_1920_130,FALSE,FALSE
EDCPT_10763,PRESENT_AT,Professor at,EDCT_041,,,1920,1920,1920-1920,,EDC_1920_120,FALSE,FALSE
EDCPT_11609,PRESENT_AT,Professor at,EDCT_041,,,1920,1920,1920-1920,,EDC_1920_148,FALSE,FALSE
EDCPT_11899,PRESENT_AT,Professor at,EDCT_054,,,1918,1918,1918-1918,Four years in above school pre-1918,EDC_1918_139,FALSE,FALSE
EDCPT_7186,PRESENT_AT,Professor at,EDCT_054,,,1917,1917,1917-1917,,EDC_1917_5,FALSE,FALSE
EDCPT_7506,PRESENT_AT,Professor at,EDCT_054,,,1916,1916,1916-1916,,EDC_1916_12,FALSE,FALSE
EDCPT_7766,PRESENT_AT,Professor at,EDCT_054,,,1917,1917,1917-1917,,EDC_1917_16,FALSE,FALSE
EDCPT_7779,PRESENT_AT,Professor at,EDCT_054,,,1918,1918,1918-1918,,EDC_1918_21,FALSE,FALSE
EDCPT_7881,PRESENT_AT,Professor at,EDCT_054,,,1916,1916,1916-1916,,EDC_1916_20,FALSE,FALSE
EDCPT_10627,PRESENT_AT,Professor at,EDCT_057,,,1914,1914,1914-1914,,EDC_1914_25,FALSE,FALSE
EDCPT_10908,PRESENT_AT,Professor at,EDCT_057,,,1917,1917,1917-1917,Professor of music,EDC_1917_82,FALSE,FALSE
EDCPT_10981,PRESENT_AT,Professor at,EDCT_057,,,1917,1917,1917-1917,Professor Physical Education and Hygiene,EDC_1917_84,FALSE,FALSE
EDCPT_9334,PRESENT_AT,Professor at,EDCT_057,,,1917,1917,1917-1917,,EDC_1917_50,FALSE,FALSE
EDCPT_10783,PRESENT_AT,Professor at,EDCT_061,,,1920,1920,1920-1920,,EDC_1920_121,FALSE,FALSE
EDCPT_10994,PRESENT_AT,Professor at,EDCT_061,,,1920,1920,1920-1920,,EDC_1920_128,FALSE,FALSE
EDCPT_11036,PRESENT_AT,Professor at,EDCT_061,,,1917,1917,1917-1917,,EDC_1917_86,FALSE,FALSE
EDCPT_11040,PRESENT_AT,Professor at,EDCT_061,,,1917,1917,1917-1917,,EDC_1917_86,FALSE,FALSE
EDCPT_11499,PRESENT_AT,Professor at,EDCT_061,,,1920,1920,1920-1920,,EDC_1920_144,FALSE,FALSE
EDCPT_11567,PRESENT_AT,Professor at,EDCT_061,,,1920,1920,1920-1920,,EDC_1920_147,FALSE,FALSE
EDCPT_11930,PRESENT_AT,Professor at,EDCT_061,,,1917,1917,1917-1917,,EDC_1917_109,FALSE,FALSE
EDCPT_7240,PRESENT_AT,Professor at,EDCT_061,,,1916,1916,1916-1916,,EDC_1916_06,FALSE,FALSE
EDCPT_7382,PRESENT_AT,Professor at,EDCT_061,,,1916,1916,1916-1916,,EDC_1916_09,FALSE,FALSE
EDCPT_7435,PRESENT_AT,Professor at,EDCT_061,,,1916,1916,1916-1916,,EDC_1916_10,FALSE,FALSE
EDCPT_7515,PRESENT_AT,Professor at,EDCT_061,,,1917,1917,1917-1917,,EDC_1917_13,FALSE,FALSE
EDCPT_7537,PRESENT_AT,Professor at,EDCT_061,,,1917,1917,1917-1917,,EDC_1917_13,FALSE,FALSE
EDCPT_7538,PRESENT_AT,Professor at,EDCT_061,,,1918,1918,1918-1918,,EDC_1918_16,FALSE,FALSE
EDCPT_7570,PRESENT_AT,Professor at,EDCT_061,,,1917,1917,1917-1917,,EDC_1917_14,FALSE,TRUE
EDCPT_7662,PRESENT_AT,Professor at,EDCT_061,,,1916,1916,1916-1916,,EDC_1916_16,FALSE,TRUE
EDCPT_7662,PRESENT_AT,Professor at,EDCT_061,,,1917,1917,1917-1917,,EDC_1917_15,FALSE,TRUE
EDCPT_9497,PRESENT_AT,Professor at,EDCT_061,,,1917,1917,1917-1917,,EDC_1917_54,FALSE,FALSE
EDCPT_9616,PRESENT_AT,Professor at,EDCT_061,,,1918,1918,1918-1918,,EDC_1918_72,FALSE,FALSE
EDCPT_9799,PRESENT_AT,Professor at,EDCT_061,,,1918,1918,1918-1918,,EDC_1918_76,FALSE,FALSE
EDCPT_11180,PRESENT_AT,Professor at,EDCT_066,,,1917,1917,1917-1917,,EDC_1917_89,FALSE,FALSE
EDCPT_11364,PRESENT_AT,Professor at,EDCT_066,,,1917,1917,1917-1917,Professor of English law,EDC_1917_93,FALSE,FALSE
EDCPT_11389,PRESENT_AT,Professor at,EDCT_066,,,1914,1914,1914-1914,,EDC_1914_31,FALSE,FALSE
EDCPT_11410,PRESENT_AT,Professor at,EDCT_066,,,1917,1917,1917-1917,Professor of Anatomy,EDC_1917_94,FALSE,FALSE
EDCPT_11954,PRESENT_AT,Professor at,EDCT_066,,,1914,1914,1914-1914,,EDC_1914_36,FALSE,FALSE
EDCPT_9493,PRESENT_AT,Professor at,EDCT_066,,,1917,1917,1917-1917,,EDC_1917_54,FALSE,FALSE
EDCPT_9591,PRESENT_AT,Professor at,EDCT_066,,,1917,1917,1917-1917,,EDC_1917_56,FALSE,FALSE
EDCPT_11760,PRESENT_AT,Professor at,EDCT_067,,,1920,1920,1920-1920,,EDC_1920_153,FALSE,FALSE
EDCPT_11155,PRESENT_AT,Professor at,EDCT_071,,,1914,1914,1914-1914,,EDC_1914_29,FALSE,TRUE
EDCPT_11155,PRESENT_AT,Professor at,EDCT_071,,,1917,1917,1917-1917,,EDC_1917_89,FALSE,TRUE
EDCPT_11303,PRESENT_AT,Professor at,EDCT_074,,,1920,1920,1920-1920,,EDC_1920_138,FALSE,FALSE
EDCPT_11001,PRESENT_AT,Professor at,EDCT_075,,,1914,1914,1914-1914,,EDC_1914_28,FALSE,FALSE
EDCPT_11013,PRESENT_AT,Professor at,EDCT_075,,,1914,1914,1914-1914,,EDC_1914_28,FALSE,FALSE
EDCPT_11163,PRESENT_AT,Professor at,EDCT_075,,,1917,1917,1917-1917,Professor of Chemistry,EDC_1917_89,FALSE,TRUE
EDCPT_7241,PRESENT_AT,Professor at,EDCT_075,,,1916,1916,1916-1916,,EDC_1916_06,FALSE,FALSE
EDCPT_11029,PRESENT_AT,Professor at,EDCT_082,,,1917,1917,1917-1917,Professor of political and social science,EDC_1917_85,FALSE,TRUE
EDCPT_10700,PRESENT_AT,Professor at,EDCT_085,,,1914,1914,1914-1914,,EDC_1914_25,FALSE,FALSE
EDCPT_10941,PRESENT_AT,Professor at,EDCT_085,,,1918,1918,1918-1918,Professor of Bacteriology,EDC_1918_109,FALSE,FALSE
EDCPT_11078,PRESENT_AT,Professor at,EDCT_085,,,1917,1917,1917-1917,,EDC_1917_87,FALSE,FALSE
EDCPT_11117,PRESENT_AT,Professor at,EDCT_085,,,1917,1917,1917-1917,Professor of History and Political science,EDC_1917_88,FALSE,TRUE
EDCPT_11378,PRESENT_AT,Professor at,EDCT_085,,,1914,1914,1914-1914,,EDC_1914_31,FALSE,FALSE
EDCPT_11535,PRESENT_AT,Professor at,EDCT_085,,,1914,1914,1914-1914,,EDC_1914_32,FALSE,TRUE
EDCPT_7056,PRESENT_AT,Professor at,EDCT_085,,,1916,1916,1916-1916,,EDC_1916_02,FALSE,FALSE
EDCPT_7543,PRESENT_AT,Professor at,EDCT_085,,,1917,1917,1917-1917,,EDC_1917_14,FALSE,FALSE
EDCPT_8285,PRESENT_AT,Professor at,EDCT_085,,,1918,1918,1918-1918,,EDC_1918_35,FALSE,FALSE
EDCPT_8470,PRESENT_AT,Professor at,EDCT_085,,,1918,1918,1918-1918,,EDC_1918_41,FALSE,FALSE
EDCPT_9630,PRESENT_AT,Professor at,EDCT_085,,,1916,1916,1916-1916,,EDC_1916_60,FALSE,FALSE
EDCPT_10678,PRESENT_AT,Professor at,EDCT_092,,,1917,1917,1917-1917,,EDC_1917_76,FALSE,FALSE
EDCPT_9219,PRESENT_AT,Professor at,EDCT_092,,,1917,1917,1917-1917,,EDC_1917_47,FALSE,FALSE
EDCPT_10967,PRESENT_AT,Professor at,EDCT_094,,,1918,1918,1918-1918,,EDC_1918_110,FALSE,FALSE
EDCPT_11042,PRESENT_AT,Professor at,EDCT_094,,,1917,1917,1917-1917,,EDC_1917_86,FALSE,TRUE
EDCPT_9911,PRESENT_AT,Professor at,EDCT_094,,,1918,1918,1918-1918,,EDC_1918_78,FALSE,FALSE
EDCPT_7712,PRESENT_AT,Professor at,EDCT_095,,,1917,1917,1917-1917,,EDC_1917_16,FALSE,FALSE
EDCPT_10635,PRESENT_AT,Professor at,EDCT_096,,,1917,1917,1917-1917,,EDC_1917_75,FALSE,FALSE
EDCPT_11795,PRESENT_AT,Professor at,EDCT_096,,,1920,1920,1920-1920,,EDC_1920_154,FALSE,FALSE
EDCPT_11869,PRESENT_AT,Professor at,EDCT_096,,,1914,1914,1914-1914,,EDC_1914_35,FALSE,FALSE
EDCPT_11866,PRESENT_AT,Professor at,EDCT_100,,,1917,1917,1917-1917,,EDC_1917_107,FALSE,FALSE
EDCPT_7269,PRESENT_AT,Professor at,EDCT_100,,,1917,1917,1917-1917,,EDC_1917_7,FALSE,FALSE
EDCPT_8342,PRESENT_AT,Professor at,EDCT_100,,,1917,1917,1917-1917,,EDC_1917_27,FALSE,FALSE
EDCPT_10973,PRESENT_AT,Professor at,EDCT_115,,,1920,1920,1920-1920,,EDC_1920_127,FALSE,FALSE
EDCPT_8395,PRESENT_AT,Professor at,EDCT_115,,,1917,1917,1917-1917,,EDC_1917_28,FALSE,FALSE
EDCPT_11655,PRESENT_AT,Professor at,EDCT_163,,,1920,1920,1920-1920,,EDC_1920_150,FALSE,FALSE
EDCPT_12151,PRESENT_AT,Professor at,EDCT_163,,,1920,1920,1920-1920,,EDC_1920_166,FALSE,FALSE
EDCPT_9825,PRESENT_AT,Professor at,EDCT_163,,,1917,1917,1917-1917,,EDC_1917_59,FALSE,FALSE
EDCPT_10988,PRESENT_AT,Professor at,EDCT_168,,,1917,1917,1917-1917,,EDC_1917_84,FALSE,FALSE
EDCPT_7129,PRESENT_AT,Professor at,EDCT_168,,,1917,1917,1917-1917,,EDC_1917_3,FALSE,FALSE
EDCPT_9774,PRESENT_AT,Professor at,EDCT_169,,,1917,1917,1917-1917,,EDC_1917_58,FALSE,FALSE
EDCPT_12120,PRESENT_AT,Professor at,EDCT_172,,,1920,1920,1920-1920,,EDC_1920_165,FALSE,FALSE
EDCPT_12134,PRESENT_AT,Professor at,EDCT_172,,,1920,1920,1920-1920,,EDC_1920_165,FALSE,FALSE
EDCPT_7404,PRESENT_AT,Professor at,EDCT_172,,,1918,1918,1918-1918,,EDC_1918_12,FALSE,FALSE
EDCPT_12175,PRESENT_AT,Professor at,EDCT_183,,,1920,1920,1920-1920,,EDC_1920_167,FALSE,FALSE
EDCPT_10799,PRESENT_AT,Professor at,EDCT_238,,,1917,1917,1917-1917,,EDC_1917_79,FALSE,FALSE
EDCPT_10801,PRESENT_AT,Professor at,EDCT_238,,,1914,1914,1914-1914,,EDC_1914_26,FALSE,FALSE
EDCPT_11106,PRESENT_AT,Professor at,EDCT_238,,,1917,1917,1917-1917,,EDC_1917_87,FALSE,TRUE
EDCPT_11106,PRESENT_AT,Professor at,EDCT_238,,,1918,1918,1918-1918,,EDC_1918_114,FALSE,TRUE
EDCPT_10982,PRESENT_AT,Professor at,EDCT_256,,,1920,1920,1920-1920,,EDC_1920_128,FALSE,FALSE
EDCPT_7207,PRESENT_AT,Professor at,EDCT_256,,,1916,1916,1916-1916,,EDC_1916_05,FALSE,FALSE
EDCPT_10744,PRESENT_AT,Professor at,EDCT_314,,,1914,1914,1914-1914,,EDC_1914_26,FALSE,FALSE
EDCPT_11855,PRESENT_AT,Professor at,EDCT_314,,,1920,1920,1920-1920,,EDC_1920_156,FALSE,FALSE
EDCPT_10745,PRESENT_AT,Professor at,EDCT_337,,,1917,1917,1917-1917,,EDC_1917_78,FALSE,FALSE
EDCPT_11000,PRESENT_AT,Professor at,EDCT_337,,,1920,1920,1920-1920,,EDC_1920_128,FALSE,TRUE
EDCPT_11085,PRESENT_AT,Professor at,EDCT_337,,,1917,1917,1917-1917,Professor of Old Testament,EDC_1917_87,FALSE,TRUE
EDCPT_11085,PRESENT_AT,Professor at,EDCT_337,,,1918,1918,1918-1918,Professor of Old Testament,EDC_1918_114,FALSE,TRUE
EDCPT_10805,PRESENT_AT,Professor at,EDCT_447,,,1920,1920,1920-1920,,EDC_1920_122,FALSE,FALSE
EDCPT_10867,PRESENT_AT,Professor at,EDCT_447,,,1920,1920,1920-1920,,EDC_1920_124,FALSE,FALSE
EDCPT_11119,PRESENT_AT,Professor at,EDCT_447,,,1917,1917,1917-1917,,EDC_1917_88,FALSE,FALSE
EDCPT_11126,PRESENT_AT,Professor at,EDCT_447,,,1920,1920,1920-1920,,EDC_1920_133,FALSE,FALSE
EDCPT_11144,PRESENT_AT,Professor at,EDCT_447,,,1920,1920,1920-1920,,EDC_1920_133,FALSE,FALSE
EDCPT_11309,PRESENT_AT,Professor at,EDCT_447,,,1920,1920,1920-1920,,EDC_1920_138,FALSE,FALSE
EDCPT_11347,PRESENT_AT,Professor at,EDCT_447,,,1916,1916,1916-1916,,EDC_1916_101,FALSE,FALSE
EDCPT_11348,PRESENT_AT,Professor at,EDCT_447,,,1917,1917,1917-1917,,EDC_1917_92,FALSE,FALSE
EDCPT_11788,PRESENT_AT,Professor at,EDCT_447,,,1914,1914,1914-1914,,EDC_1914_34,FALSE,FALSE
EDCPT_11858,PRESENT_AT,Professor at,EDCT_447,,,1920,1920,1920-1920,,EDC_1920_156,FALSE,FALSE
EDCPT_8642,PRESENT_AT,Professor at,EDCT_447,,,1916,1916,1916-1916,,EDC_1916_38,FALSE,FALSE
EDCPT_10954,PRESENT_AT,Professor at,EDCT_465,,,1917,1917,1917-1917,,EDC_1917_84,FALSE,FALSE
EDCPT_11174,PRESENT_AT,Professor at,EDCT_465,,,1917,1917,1917-1917,,EDC_1917_89,FALSE,FALSE
EDCPT_11509,PRESENT_AT,Professor at,EDCT_465,,,1917,1917,1917-1917,Professor in law department,EDC_1917_96,FALSE,FALSE
EDCPT_9023,PRESENT_AT,Professor at,EDCT_465,,,1916,1916,1916-1916,department of law,EDC_1916_47,FALSE,FALSE
EDCPT_9031,PRESENT_AT,Professor at,EDCT_465,,,1916,1916,1916-1916,department of law,EDC_1916_47,FALSE,FALSE
EDCPT_9196,PRESENT_AT,Professor at,EDCT_465,,,1917,1917,1917-1917,,EDC_1917_46,FALSE,FALSE
EDCPT_9504,PRESENT_AT,Professor at,EDCT_465,,,1917,1917,1917-1917,,EDC_1917_54,FALSE,FALSE
EDCPT_9926,PRESENT_AT,Professor at,EDCT_465,,,1917,1917,1917-1917,,EDC_1917_60,FALSE,FALSE
EDCPT_7037,PRESENT_AT,Professor at,EDCT_468,,,1918,1918,1918-1918,,EDC_1918_1,FALSE,FALSE
EDCPT_8404,PRESENT_AT,Professor at,EDCT_468,,,1918,1918,1918-1918,,EDC_1918_38,FALSE,FALSE
EDCPT_7298,PRESENT_AT,Professor at,EDCT_475,,,1917,1917,1917-1917,,EDC_1917_8,FALSE,FALSE
EDCPT_10933,PRESENT_AT,Professor at,EDCT_481,,,1917,1917,1917-1917,,EDC_1917_83,FALSE,FALSE
EDCPT_10761,PRESENT_AT,Professor at,EDCT_489,,,1920,1920,1920-1920,,EDC_1920_120,FALSE,FALSE
EDCPT_11759,PRESENT_AT,Professor at,EDCT_490,,,1920,1920,1920-1920,,EDC_1920_153,FALSE,FALSE
EDCPT_8803,PRESENT_AT,Professor at,EDCT_517,,,1916,1916,1916-1916,,EDC_1916_42;EDC_1914_13,FALSE,FALSE
EDCPT_11198,PRESENT_AT,Professor at,EDCT_540,,,1917,1917,1917-1917,,EDC_1917_90,FALSE,FALSE
EDCPT_11934,PRESENT_AT,Professor at,EDCT_540,,,1917,1917,1917-1917,,EDC_1917_109,FALSE,FALSE
EDCPT_8361,PRESENT_AT,Professor at,EDCT_540,,,1916,1916,1916-1916,,EDC_1916_32,FALSE,FALSE
EDCPT_8807,PRESENT_AT,Professor at,EDCT_540,,,1916,1916,1916-1916,,EDC_1916_43,FALSE,FALSE
EDCPT_9067,PRESENT_AT,Professor at,EDCT_540,,,1916,1916,1916-1916,,EDC_1916_48,FALSE,FALSE
EDCPT_9948,PRESENT_AT,Professor at,EDCT_540,,,1916,1916,1916-1916,,EDC_1916_66,FALSE,FALSE
EDCPT_7501,PRESENT_AT,Professor at,EDCT_542,,,1917,1917,1917-1917,,EDC_1917_13,FALSE,FALSE
EDCPT_7556,PRESENT_AT,Professor at,EDCT_576,,,1917,1917,1917-1917,,EDC_1917_14,FALSE,FALSE
EDCPT_11029,PRESENT_AT,Professor at,EDCT_636,,,1914,1914,1914-1914,,EDC_1914_28,FALSE,FALSE
EDCPT_10963,PRESENT_AT,Professor at,EDCT_705,,,1914,1914,1914-1914,,EDC_1914_28,FALSE,FALSE
EDCPT_11834,PRESENT_AT,Professor at,EDCT_706,,,1914,1914,1914-1914,,EDC_1914_35,FALSE,FALSE
EDCPT_8623,PRESENT_AT,Professor at,EDCT_733,,,1916,1916,1916-1916,,EDC_1916_38,FALSE,FALSE
EDCPT_9512,PRESENT_AT,Professor at,EDCT_733,,,1916,1916,1916-1916,,EDC_1916_57,FALSE,FALSE
EDCPT_10806,PRESENT_AT,Professor at,EDCT_745,,,1914,1914,1914-1914,,EDC_1914_26,FALSE,FALSE
EDCPT_10832,PRESENT_AT,Professor at,EDCT_747,,,1914,1914,1914-1914,,EDC_1914_27,FALSE,FALSE
EDCPT_12210,PRESENT_AT,Professor at,EDCT_756,,,1914,1914,1914-1914,,EDC_1914_37,FALSE,FALSE
EDCPT_11379,PRESENT_AT,Professor at,EDCT_759,,,1914,1914,1914-1914,,EDC_1914_31,FALSE,FALSE
EDCPT_10918,PRESENT_AT,Professor at,EDCT_797,,,1914,1914,1914-1914,,EDC_1914_27,FALSE,FALSE
EDCPT_11329,PRESENT_AT,Professor at,EDCT_824,,,1914,1914,1914-1914,,EDC_1914_30,FALSE,FALSE
EDCPT_9907,PRESENT_AT,Professor at,EDCT_838,,,1916,1916,1916-1916,,EDC_1916_66,FALSE,FALSE
EDCPT_7010,PRESENT_AT,Professor at,EDCT_840,,,1914,1914,1914-1914,,EDC_1914_1,FALSE,FALSE
EDCPT_8181,PRESENT_AT,Professor at,EDCT_902,,,1916,1916,1916-1916,,EDC_1916_28,FALSE,FALSE
EDCPT_11253,PRESENT_AT,Professor at,EDCT_910,,,1914,1914,1914-1914,,EDC_1914_30,FALSE,FALSE
EDCPT_11251,PRESENT_AT,Professor at,EDCT_913,,,1916,1916,1916-1916,,EDC_1916_99,FALSE,FALSE
EDCPT_10893,PRESENT_AT,Professor at,EDCT_917,,,1914,1914,1914-1914,,EDC_1914_27,FALSE,FALSE
EDCPT_8402,PRESENT_AT,Professor at,EDCT_917,,,1916,1916,1916-1916,,EDC_1916_33,FALSE,FALSE
EDCPT_11365,PRESENT_AT,Professor in,EDCT_061,,,1918,1918,1918-1918,,EDC_1918_120,FALSE,FALSE
EDCPT_9676,PRESENT_AT,Professor in,EDCT_074,,,1916,1916,1916-1916,,EDC_1916_61,FALSE,FALSE
EDCPT_11769,PRESENT_AT,Professor in,EDCT_082,,,1918,1918,1918-1918,,EDC_1918_134,FALSE,FALSE
EDCPT_11426,PRESENT_AT,Professor in,EDCT_094,,,1918,1918,1918-1918,,EDC_1918_122,FALSE,FALSE
EDCPT_11795,PRESENT_AT,Professor in,EDCT_100,,,1918,1918,1918-1918,,EDC_1918_135,FALSE,FALSE
EDCPT_11839,PRESENT_AT,Professor in,EDCT_115,,,1918,1918,1918-1918,,EDC_1918_137,FALSE,FALSE
EDCPT_9294,PRESENT_AT,Professor in,EDCT_168,,,1916,1916,1916-1916,,EDC_1916_53,FALSE,FALSE
EDCPT_9688,PRESENT_AT,Professor in,EDCT_447,,,1916,1916,1916-1916,,EDC_1916_61,FALSE,FALSE
EDCPT_9359,PRESENT_AT,Professor in,EDCT_540,,,1916,1916,1916-1916,,EDC_1916_54,FALSE,FALSE
EDCPT_9384,PRESENT_AT,Professor in,EDCT_540,,,1916,1916,1916-1916,,EDC_1916_55,FALSE,FALSE
EDCPT_9977,PRESENT_AT,Professor in,EDCT_540,,,1916,1916,1916-1916,,EDC_1916_67,FALSE,FALSE
EDCPT_9495,PRESENT_AT,Professor in,EDCT_581,,,1916,1916,1916-1916,,EDC_1916_57,FALSE,FALSE
EDCPT_9548,PRESENT_AT,Professor in,EDCT_636,,,1916,1916,1916-1916,,EDC_1916_58,FALSE,FALSE
EDCPT_9976,PRESENT_AT,Professor in,EDCT_646,,,1916,1916,1916-1916,,EDC_1916_67,FALSE,FALSE
EDCPT_9475,PRESENT_AT,Professor in,EDCT_733,,,1916,1916,1916-1916,Professor of Chemistry,EDC_1916_57,FALSE,FALSE
EDCPT_9476,PRESENT_AT,Professor in,EDCT_733,,,1916,1916,1916-1916,Professor of Internal Medicine,EDC_1916_57,FALSE,FALSE
EDCPT_9796,PRESENT_AT,Professor in,EDCT_733,,,1916,1916,1916-1916,,EDC_1916_63,FALSE,FALSE
EDCPT_11553,PRESENT_AT,Professor in,EDCT_902,,,1918,1918,1918-1918,,EDC_1918_126,FALSE,FALSE
EDCPT_11920,PRESENT_AT,Professor in,EDCT_917,,,1918,1918,1918-1918,,EDC_1918_140,FALSE,FALSE
EDCPT_8150,PRESENT_AT,Professor of Biology,EDCT_008,,,1914,1914,1914-1914,,EDC_1914_8,FALSE,FALSE
EDCPT_8464,PRESENT_AT,Professor of Chemistry,EDCT_839,,,1914,1914,1914-1914,,EDC_1914_11,FALSE,FALSE
EDCPT_7950,PRESENT_AT,Professor of Chemistry,EDCT_888,,,1914,1914,1914-1914,,EDC_1914_7,FALSE,FALSE
EDCPT_9087,PRESENT_AT,Professor of Chemistry at,EDCT_183,,,1916,1916,1916-1916,,EDC_1916_48,FALSE,FALSE
EDCPT_8088,PRESENT_AT,Professor of Civil Law,EDCT_929,,,1914,1914,1914-1914,,EDC_1914_8,FALSE,FALSE
EDCPT_8079,PRESENT_AT,Professor of Commercial Law,EDCT_929,,,1914,1914,1914-1914,,EDC_1914_8,FALSE,FALSE
EDCPT_8108,PRESENT_AT,Professor of Criminal Law,EDCT_929,,,1914,1914,1914-1914,,EDC_1914_8,FALSE,FALSE
EDCPT_8742,PRESENT_AT,Professor of Economics and History at,EDCT_581,,,1916,1916,1916-1916,changed schools in 1917,EDC_1916_41,FALSE,FALSE
EDCPT_8983,PRESENT_AT,Professor of Economics at,EDCT_838,,,1916,1916,1916-1916,,EDC_1916_46,FALSE,FALSE
EDCPT_12237,PRESENT_AT,Professor of Education and Psychology,EDCT_955,,,1914,1914,1914-1914,,EDC_1914_11,FALSE,FALSE
EDCPT_9033,PRESENT_AT,Professor of English,EDCT_762,,,1914,1914,1914-1914,,EDC_1914_14,FALSE,FALSE
EDCPT_9592,PRESENT_AT,"Professor of English and French, and Head of Department",EDCT_840,,,1914,1914,1914-1914,,EDC_1914_17,FALSE,FALSE
EDCPT_8340,PRESENT_AT,Professor of English Language and Literature,EDCT_756,,,1914,1914,1914-1914,,EDC_1914_10,FALSE,FALSE
EDCPT_7980,PRESENT_AT,Professor of English Law,EDCT_840,,,1914,1914,1914-1914,,EDC_1914_7,FALSE,FALSE
EDCPT_9513,PRESENT_AT,"Professor of English, French, and Geography",EDCT_744,,,1914,1914,1914-1914,,EDC_1914_17,FALSE,FALSE
EDCPT_8568,PRESENT_AT,Professor of German,EDCT_978,,,1914,1914,1914-1914,,EDC_1914_12,FALSE,FALSE
EDCPT_9978,PRESENT_AT,"Professor of History and Political Science, Lecturer on Comparative Religion",EDCT_540,,,1914,1914,1914-1914,,EDC_1914_19,FALSE,FALSE
EDCPT_9419,PRESENT_AT,Professor of Latin,EDCT_096,,,1914,1914,1914-1914,,EDC_1914_16,FALSE,FALSE
EDCPT_8104,PRESENT_AT,Professor of Law,EDCT_929,,,1914,1914,1914-1914,,EDC_1914_8,FALSE,FALSE
EDCPT_8310,PRESENT_AT,Professor of Law; Chairman of Law Department; Honorary Librarian,EDCT_841,,,1914,1914,1914-1914,,EDC_1914_10,FALSE,FALSE
EDCPT_8364,PRESENT_AT,Professor of Mathematics,EDCT_011,,,1914,1914,1914-1914,,EDC_1914_10,FALSE,FALSE
EDCPT_7944,PRESENT_AT,Professor of Mathematics,EDCT_887,,,1914,1914,1914-1914,,EDC_1914_7,FALSE,FALSE
EDCPT_8822,PRESENT_AT,Professor of Maths.,EDCT_910,,,1914,1914,1914-1914,,EDC_1914_13,FALSE,FALSE
EDCPT_9928,PRESENT_AT,Professor of Modern Languages,EDCT_762,,,1914,1914,1914-1914,,EDC_1914_19,FALSE,FALSE
EDCPT_11551,PRESENT_AT,Professor of Obstetrics,EDCT_085,,,1914,1914,1914-1914,,EDC_1914_32,FALSE,FALSE
EDCPT_9814,PRESENT_AT,Professor of Obstetrics and Clinical Medicine,EDCT_998,,,1914,1914,1914-1914,,EDC_1914_18,FALSE,FALSE
EDCPT_8307,PRESENT_AT,Professor of Pathology,EDCT_061,,,1914,1914,1914-1914,,EDC_1914_10,FALSE,FALSE
EDCPT_11838,PRESENT_AT,Professor of Sunday School Pedogody,EDCT_511,,,1918,1918,1918-1918,,EDC_1918_137,FALSE,FALSE
EDCPT_9777,PRESENT_AT,Professor of Surgery,EDCT_745,,,1914,1914,1914-1914,,EDC_1914_18,FALSE,FALSE
EDCPT_12252,PRESENT_AT,Professor of Surgery,EDCT_915,,,1914,1914,1914-1914,,EDC_1914_19,FALSE,FALSE
EDCPT_8816,PRESENT_AT,Professor of Surgery at,EDCT_759,,,1916,1916,1916-1916,,EDC_1916_43;EDC_1914_13,FALSE,FALSE
EDCPT_8960,PRESENT_AT,Professor of Tropical Medicine and Dean at,EDCT_759,,,1916,1916,1916-1916,changed schools,EDC_1916_46;EDC_1914_14,FALSE,FALSE
EDCPT_7966,PRESENT_AT,Professor of Zoology,EDCT_008,,,1914,1914,1914-1914,,EDC_1914_7,FALSE,FALSE
EDCPT_7565,PRESENT_AT,"Professor,",EDCT_011,,,1914,1914,1914-1914,,EDC_1914_5,FALSE,FALSE
EDCPT_7880,PRESENT_AT,"Professor,",EDCT_054,,,1914,1914,1914-1914,,EDC_1914_6,FALSE,FALSE
EDCPT_7677,PRESENT_AT,"Professor,",EDCT_096,,,1914,1914,1914-1914,,EDC_1914_5,FALSE,FALSE
EDCPT_7763,PRESENT_AT,"Professor,",EDCT_540,,,1914,1914,1914-1914,,EDC_1914_6,FALSE,FALSE
EDCPT_7428,PRESENT_AT,"Professor,",EDCT_743,,,1914,1914,1914-1914,,EDC_1914_4,FALSE,FALSE
EDCPT_7582,PRESENT_AT,"Professor,",EDCT_745,,,1914,1914,1914-1914,,EDC_1914_5,FALSE,FALSE
EDCPT_7780,PRESENT_AT,"Professor,",EDCT_826,,,1914,1914,1914-1914,,EDC_1914_6,FALSE,FALSE
EDCPT_7870,PRESENT_AT,"Professor,",EDCT_838,,,1914,1914,1914-1914,,EDC_1914_6,FALSE,FALSE
EDCPT_7476,PRESENT_AT,Professor.,EDCT_747,,,1914,1914,1914-1914,,EDC_1914_4,FALSE,FALSE
EDCPT_7832,PRESENT_AT,Provincial at,EDCT_510,,,1916,1916,1916-1916,,EDC_1916_20,FALSE,FALSE
EDCPT_7947,PRESENT_AT,Rector,EDCT_630,,,1914,1914,1914-1914,,EDC_1914_7,FALSE,FALSE
EDCPT_9748,PRESENT_AT,Registrar and Assistant,EDCT_887,,,1914,1914,1914-1914,,EDC_1914_18,FALSE,FALSE
EDCPT_11341,PRESENT_AT,Registrar and Teacher at,EDCT_089,,,1918,1918,1918-1918,,EDC_1918_120,FALSE,FALSE
EDCPT_9613,PRESENT_AT,Registrar at,EDCT_057,,,1917,1917,1917-1917,,EDC_1917_57,FALSE,FALSE
EDCPT_9011,PRESENT_AT,Registrar at,EDCT_096,,,1916,1916,1916-1916,,EDC_1916_47,FALSE,FALSE
EDCPT_9662,PRESENT_AT,Registrar at,EDCT_540,,,1916,1916,1916-1916,,EDC_1916_61,FALSE,FALSE
EDCPT_11421,PRESENT_AT,Reverend at,EDCT_256,,,1920,1920,1920-1920,,EDC_1920_142,FALSE,FALSE
EDCPT_10870,PRESENT_AT,Reverend at,EDCT_344,,,1920,1920,1920-1920,,EDC_1920_124,FALSE,FALSE
EDCPT_11017,PRESENT_AT,Science Master at,EDCT_214,,,1918,1918,1918-1918,,EDC_1918_111,FALSE,FALSE
EDCPT_8626,PRESENT_AT,Second Master at,EDCT_050,,,1916,1916,1916-1916,"Queen's College, Hong Kong",EDC_1916_38,FALSE,FALSE
EDCPT_7244,PRESENT_AT,Secrerary to President at,EDCT_054,,,1917,1917,1917-1917,,EDC_1917_7,FALSE,FALSE
EDCPT_10967,PRESENT_AT,Secretary and Director at,EDCT_185,,,1920,1920,1920-1920,,EDC_1920_127,FALSE,FALSE
EDCPT_10999,PRESENT_AT,Secretary and instructor at,EDCT_011,,,1917,1917,1917-1917,,EDC_1917_85,FALSE,FALSE
EDCPT_9001,PRESENT_AT,Secretary and Registrar,EDCT_989,,,1914,1914,1914-1914,,EDC_1914_14,FALSE,FALSE
EDCPT_8669,PRESENT_AT,Secretary at,EDCT_054,,,1916,1916,1916-1916,became assistant mistress in 1918,EDC_1916_39,FALSE,FALSE
EDCPT_9228,PRESENT_AT,Secretary at,EDCT_054,,,1918,1918,1918-1918,,EDC_1918_102,FALSE,FALSE
EDCPT_10932,PRESENT_AT,Secretary at,EDCT_057,,,1917,1917,1917-1917,,EDC_1917_83,FALSE,FALSE
EDCPT_8893,PRESENT_AT,Secretary at,EDCT_057,,,1916,1916,1916-1916,,EDC_1916_45,FALSE,FALSE
EDCPT_11177,PRESENT_AT,Secretary at,EDCT_537,,,1917,1917,1917-1917,,EDC_1917_89,FALSE,FALSE
EDCPT_8602,PRESENT_AT,Secretary at,EDCT_601,,,1917,1917,1917-1917,,EDC_1917_33,FALSE,FALSE
EDCPT_9285,PRESENT_AT,Secretary at,EDCT_601,,,1918,1918,1918-1918,,EDC_1918_63,FALSE,FALSE
EDCPT_8498,PRESENT_AT,Secretary at,EDCT_683,,,1917,1917,1917-1917,,EDC_1917_31,FALSE,FALSE
EDCPT_10634,PRESENT_AT,Secretary-Treasurer at,EDCT_155,,,1920,1920,1920-1920,,EDC_1920_115,FALSE,FALSE
EDCPT_9297,PRESENT_AT,Superintendent,EDCT_872,,,1914,1914,1914-1914,,EDC_1914_16,FALSE,FALSE
EDCPT_8282,PRESENT_AT,Superintendent,EDCT_904,,,1914,1914,1914-1914,,EDC_1914_10,FALSE,FALSE
EDCPT_7047,PRESENT_AT,Superintendent at,EDCT_024,,,1916,1916,1916-1916,,EDC_1916_01,FALSE,FALSE
EDCPT_9576,PRESENT_AT,Superintendent at,EDCT_057,,,1917,1917,1917-1917,,EDC_1917_56,FALSE,FALSE
EDCPT_11212,PRESENT_AT,Superintendent at,EDCT_100,,,1920,1920,1920-1920,,EDC_1920_136,FALSE,FALSE
EDCPT_11320,PRESENT_AT,Superintendent at,EDCT_118,,,1920,1920,1920-1920,,EDC_1920_138,FALSE,FALSE
EDCPT_8858,PRESENT_AT,Superintendent at,EDCT_186,,,1918,1918,1918-1918,,EDC_1918_51,FALSE,FALSE
EDCPT_11145,PRESENT_AT,Superintendent at,EDCT_225,,,1920,1920,1920-1920,,EDC_1920_133,FALSE,FALSE
EDCPT_8044,PRESENT_AT,Superintendent at,EDCT_283,,,1920,1920,1920-1920,,EDC_1920_35,FALSE,FALSE
EDCPT_8650,PRESENT_AT,Superintendent at,EDCT_310,,,1916,1916,1916-1916,changed schools to Kwang Pei high in 1920,EDC_1916_39,FALSE,TRUE
EDCPT_8650,PRESENT_AT,Superintendent at,EDCT_310,,,1917,1917,1917-1917,,EDC_1917_34,FALSE,TRUE
EDCPT_9849,PRESENT_AT,Superintendent at,EDCT_359,,,1918,1918,1918-1918,,EDC_1918_76,FALSE,FALSE
EDCPT_11398,PRESENT_AT,Superintendent at,EDCT_434,,,1920,1920,1920-1920,,EDC_1920_141,FALSE,FALSE
EDCPT_8095,PRESENT_AT,Superintendent at,EDCT_441,,,1916,1916,1916-1916,,EDC_1916_26,FALSE,FALSE
EDCPT_11141,PRESENT_AT,Superintendent at,EDCT_449,,,1917,1917,1917-1917,,EDC_1917_88,FALSE,FALSE
EDCPT_7012,PRESENT_AT,Superintendent at,EDCT_466,,,1916,1916,1916-1916,,EDC_1916_01,FALSE,TRUE
EDCPT_7036,PRESENT_AT,Superintendent at,EDCT_487,,,1917,1917,1917-1917,,EDC_1917_1,FALSE,FALSE
EDCPT_10782,PRESENT_AT,Superintendent at,EDCT_503,,,1920,1920,1920-1920,,EDC_1920_121,FALSE,FALSE
EDCPT_7359,PRESENT_AT,Superintendent at,EDCT_558,,,1917,1917,1917-1917,,EDC_1917_9,FALSE,FALSE
EDCPT_7358,PRESENT_AT,Superintendent at,EDCT_559,,,1917,1917,1917-1917,,EDC_1917_9,FALSE,FALSE
EDCPT_7933,PRESENT_AT,Superintendent at,EDCT_593,,,1917,1917,1917-1917,,EDC_1917_19,FALSE,FALSE
EDCPT_7942,PRESENT_AT,Superintendent at,EDCT_595,,,1917,1917,1917-1917,,EDC_1917_19,FALSE,FALSE
EDCPT_7945,PRESENT_AT,Superintendent at,EDCT_596,,,1917,1917,1917-1917,,EDC_1917_19,FALSE,FALSE
EDCPT_8209,PRESENT_AT,Superintendent at,EDCT_625,,,1917,1917,1917-1917,,EDC_1917_25,FALSE,FALSE
EDCPT_11141,PRESENT_AT,Superintendent at,EDCT_709,,,1918,1918,1918-1918,,EDC_1918_115,FALSE,FALSE
EDCPT_11141,PRESENT_AT,Superintendent at,EDCT_787,,,1918,1918,1918-1918,,EDC_1918_115,FALSE,FALSE
EDCPT_11049,PRESENT_AT,Superintendent at,EDCT_846,,,1918,1918,1918-1918,,EDC_1918_112,FALSE,FALSE
EDCPT_12264,PRESENT_AT,Superintendent of,EDCT_161,,,1918,1918,1918-1918,,EDC_1918_122,FALSE,FALSE
EDCPT_11265,PRESENT_AT,Superintendent of,EDCT_559,,,1918,1918,1918-1918,,EDC_1918_118,FALSE,FALSE
EDCPT_11468,PRESENT_AT,Superintendent of,EDCT_834,,,1918,1918,1918-1918,,EDC_1918_124,FALSE,FALSE
EDCPT_8281,PRESENT_AT,Superintendent of,EDCT_904,,,1916,1916,1916-1916,,EDC_1916_30,FALSE,FALSE
EDCPT_11340,PRESENT_AT,Superintendent of Students at,EDCT_913,,,1916,1916,1916-1916,,EDC_1916_100,FALSE,FALSE
EDCPT_9205,PRESENT_AT,Superintendent of Women's Deptartment at,EDCT_701,,,1916,1916,1916-1916,,EDC_1916_51,FALSE,FALSE
EDCPT_11139,PRESENT_AT,Superintendet at,EDCT_326,,,1917,1917,1917-1917,,EDC_1917_88,FALSE,FALSE
EDCPT_11883,PRESENT_AT,Superintendet at,EDCT_447,,,1920,1920,1920-1920,,EDC_1920_157,FALSE,FALSE
EDCPT_8358,PRESENT_AT,Superior at,EDCT_648,,,1917,1917,1917-1917,,EDC_1917_27,FALSE,FALSE
EDCPT_11605,PRESENT_AT,Superior of,EDCT_592,,,1918,1918,1918-1918,,EDC_1918_128,FALSE,FALSE
EDCPT_11095,PRESENT_AT,Supervisor at,EDCT_559,,,1914,1914,1914-1914,,EDC_1914_29,FALSE,FALSE
EDCPT_9495,PRESENT_AT,Supervisor of Athletics at,EDCT_581,,,1916,1916,1916-1916,,EDC_1916_57,FALSE,FALSE
EDCPT_8719,PRESENT_AT,Taecher at,EDCT_217,,,1917,1917,1917-1917,,EDC_1917_36,FALSE,FALSE
EDCPT_8153,PRESENT_AT,Teacher,EDCT_008,,,1914,1914,1914-1914,,EDC_1914_8,FALSE,FALSE
EDCPT_8877,PRESENT_AT,Teacher,EDCT_250,,,1914,1914,1914-1914,,EDC_1914_14,FALSE,FALSE
EDCPT_7873,PRESENT_AT,Teacher,EDCT_540,,,1914,1914,1914-1914,,EDC_1914_6,FALSE,FALSE
EDCPT_7885,PRESENT_AT,Teacher,EDCT_601,,,1914,1914,1914-1914,,EDC_1914_6,FALSE,FALSE
EDCPT_7784,PRESENT_AT,Teacher,EDCT_633,,,1914,1914,1914-1914,,EDC_1914_6,FALSE,FALSE
EDCPT_7278,PRESENT_AT,Teacher,EDCT_634,,,1914,1914,1914-1914,,EDC_1914_2,FALSE,FALSE
EDCPT_7787,PRESENT_AT,Teacher,EDCT_756,,,1914,1914,1914-1914,,EDC_1914_6,FALSE,FALSE
EDCPT_8791,PRESENT_AT,Teacher,EDCT_757,,,1914,1914,1914-1914,,EDC_1914_13,FALSE,FALSE
EDCPT_7742,PRESENT_AT,Teacher,EDCT_947,,,1914,1914,1914-1914,,EDC_1914_6,FALSE,FALSE
EDCPT_11462,PRESENT_AT,Teacher and Assistant Scoutmaster in,EDCT_173,,,1918,1918,1918-1918,,EDC_1918_123,FALSE,FALSE
EDCPT_10944,PRESENT_AT,Teacher and Booy scout leader at,EDCT_444,,,1920,1920,1920-1920,,EDC_1920_126,FALSE,FALSE
EDCPT_7145,PRESENT_AT,Teacher at,EDCT_002,,,1916,1916,1916-1916,,EDC_1916_03,FALSE,FALSE
EDCPT_9291,PRESENT_AT,Teacher at,EDCT_002,,,1917,1917,1917-1917,,EDC_1917_49,FALSE,FALSE
EDCPT_11047,PRESENT_AT,Teacher at,EDCT_003,,,1917,1917,1917-1917,,EDC_1917_86,FALSE,FALSE
EDCPT_10829,PRESENT_AT,Teacher at,EDCT_004,,,1914,1914,1914-1914,,EDC_1914_27,FALSE,FALSE
EDCPT_11744,PRESENT_AT,Teacher at,EDCT_004,,,1920,1920,1920-1920,,EDC_1920_152,FALSE,FALSE
EDCPT_10815,PRESENT_AT,Teacher at,EDCT_006,,,1920,1920,1920-1920,,EDC_1920_122,FALSE,FALSE
EDCPT_11007,PRESENT_AT,Teacher at,EDCT_006,,,1917,1917,1917-1917,,EDC_1917_85,FALSE,FALSE
EDCPT_11010,PRESENT_AT,Teacher at,EDCT_006,,,1917,1917,1917-1917,,EDC_1917_85,FALSE,FALSE
EDCPT_8074,PRESENT_AT,Teacher at,EDCT_006,,,1916,1916,1916-1916,,EDC_1916_26,FALSE,FALSE
EDCPT_11334,PRESENT_AT,Teacher at,EDCT_008,,,1914,1914,1914-1914,,EDC_1914_30,FALSE,FALSE
EDCPT_7493,PRESENT_AT,Teacher at,EDCT_008,,,1917,1917,1917-1917,,EDC_1917_12,FALSE,FALSE
EDCPT_7514,PRESENT_AT,Teacher at,EDCT_008,,,1917,1917,1917-1917,,EDC_1917_13,FALSE,FALSE
EDCPT_7524,PRESENT_AT,Teacher at,EDCT_008,,,1918,1918,1918-1918,,EDC_1918_16,FALSE,FALSE
EDCPT_8366,PRESENT_AT,Teacher at,EDCT_012,,,1918,1918,1918-1918,,EDC_1918_37,FALSE,FALSE
EDCPT_7113,PRESENT_AT,Teacher at,EDCT_015,,,1918,1918,1918-1918,,EDC_1918_3,FALSE,FALSE
EDCPT_7985,PRESENT_AT,Teacher at,EDCT_018,,,1917,1917,1917-1917,,EDC_1917_20,FALSE,FALSE
EDCPT_9447,PRESENT_AT,Teacher at,EDCT_018,,,1918,1918,1918-1918,,EDC_1918_67,FALSE,FALSE
EDCPT_10654,PRESENT_AT,Teacher at,EDCT_021,,,1920,1920,1920-1920,,EDC_1920_116,FALSE,FALSE
EDCPT_10794,PRESENT_AT,Teacher at,EDCT_021,,,1920,1920,1920-1920,,EDC_1920_121,FALSE,FALSE
EDCPT_7042,PRESENT_AT,Teacher at,EDCT_021,,,1917,1917,1917-1917,,EDC_1917_2,FALSE,FALSE
EDCPT_11404,PRESENT_AT,Teacher at,EDCT_023,,,1917,1917,1917-1917,,EDC_1917_94,FALSE,FALSE
EDCPT_11409,PRESENT_AT,Teacher at,EDCT_023,,,1917,1917,1917-1917,,EDC_1917_94,FALSE,FALSE
EDCPT_8221,PRESENT_AT,Teacher at,EDCT_024,,,1916,1916,1916-1916,,EDC_1916_29,FALSE,FALSE
EDCPT_8223,PRESENT_AT,Teacher at,EDCT_024,,,1916,1916,1916-1916,,EDC_1916_29,FALSE,FALSE
EDCPT_9533,PRESENT_AT,Teacher at,EDCT_024,,,1917,1917,1917-1917,,EDC_1917_55,FALSE,FALSE
EDCPT_9516,PRESENT_AT,Teacher at,EDCT_025,,,1917,1917,1917-1917,,EDC_1917_54,FALSE,FALSE
EDCPT_8838,PRESENT_AT,Teacher at,EDCT_026,,,1916,1916,1916-1916,,EDC_1916_44,FALSE,FALSE
EDCPT_10669,PRESENT_AT,Teacher at,EDCT_027,,,1920,1920,1920-1920,,EDC_1920_117,FALSE,FALSE
EDCPT_10682,PRESENT_AT,Teacher at,EDCT_028,,,1914,1914,1914-1914,,EDC_1914_25,FALSE,FALSE
EDCPT_7095,PRESENT_AT,Teacher at,EDCT_029,,,1917,1917,1917-1917,,EDC_1917_3,FALSE,FALSE
EDCPT_10828,PRESENT_AT,Teacher at,EDCT_030,,,1920,1920,1920-1920,,EDC_1920_123,FALSE,FALSE
EDCPT_10925,PRESENT_AT,Teacher at,EDCT_037,,,1920,1920,1920-1920,,EDC_1920_126,FALSE,FALSE
EDCPT_10948,PRESENT_AT,Teacher at,EDCT_037,,,1920,1920,1920-1920,,EDC_1920_126,FALSE,FALSE
EDCPT_11938,PRESENT_AT,Teacher at,EDCT_037,,,1920,1920,1920-1920,,EDC_1920_159,FALSE,FALSE
EDCPT_7023,PRESENT_AT,Teacher at,EDCT_037,,,1918,1918,1918-1918,,EDC_1918_1,FALSE,FALSE
EDCPT_8259,PRESENT_AT,Teacher at,EDCT_037,,,1918,1918,1918-1918,,EDC_1918_34,FALSE,FALSE
EDCPT_10696,PRESENT_AT,Teacher at,EDCT_038,,,1918,1918,1918-1918,,EDC_1918_100,FALSE,FALSE
EDCPT_11854,PRESENT_AT,Teacher at,EDCT_038,,,1920,1920,1920-1920,,EDC_1920_156,FALSE,FALSE
EDCPT_7127,PRESENT_AT,Teacher at,EDCT_038,,,1916,1916,1916-1916,,EDC_1916_03,FALSE,FALSE
EDCPT_9719,PRESENT_AT,Teacher at,EDCT_038,,,1918,1918,1918-1918,,EDC_1918_74,FALSE,FALSE
EDCPT_9797,PRESENT_AT,Teacher at,EDCT_038,,,1917,1917,1917-1917,,EDC_1917_58,FALSE,FALSE
EDCPT_11358,PRESENT_AT,Teacher at,EDCT_039,,,1917,1917,1917-1917,,EDC_1917_92,FALSE,FALSE
EDCPT_10920,PRESENT_AT,Teacher at,EDCT_040,,,1920,1920,1920-1920,,EDC_1920_126,FALSE,FALSE
EDCPT_7093,PRESENT_AT,Teacher at,EDCT_040,,,1917,1917,1917-1917,,EDC_1917_3,FALSE,FALSE
EDCPT_7295,PRESENT_AT,Teacher at,EDCT_045,,,1918,1918,1918-1918,,EDC_1918_9,FALSE,FALSE
EDCPT_10622,PRESENT_AT,Teacher at,EDCT_047,,,1920,1920,1920-1920,,EDC_1920_114,FALSE,FALSE
EDCPT_8248,PRESENT_AT,Teacher at,EDCT_047,,,1917,1917,1917-1917,,EDC_1917_25,FALSE,FALSE
EDCPT_7755,PRESENT_AT,Teacher at,EDCT_048,,,1917,1917,1917-1917,,EDC_1917_16,FALSE,FALSE
EDCPT_7174,PRESENT_AT,Teacher at,EDCT_049,,,1918,1918,1918-1918,,EDC_1918_5,FALSE,FALSE
EDCPT_10779,PRESENT_AT,Teacher at,EDCT_051,,,1920,1920,1920-1920,,EDC_1920_121,FALSE,FALSE
EDCPT_10860,PRESENT_AT,Teacher at,EDCT_054,,,1918,1918,1918-1918,,EDC_1918_102,FALSE,FALSE
EDCPT_11817,PRESENT_AT,Teacher at,EDCT_054,,,1914,1914,1914-1914,,EDC_1914_35,FALSE,FALSE
EDCPT_12002,PRESENT_AT,Teacher at,EDCT_054,,,1920,1920,1920-1920,,EDC_1920_161,FALSE,FALSE
EDCPT_7503,PRESENT_AT,Teacher at,EDCT_054,,,1917,1917,1917-1917,,EDC_1917_12,FALSE,FALSE
EDCPT_8475,PRESENT_AT,Teacher at,EDCT_054,,,1918,1918,1918-1918,,EDC_1918_41,FALSE,FALSE
EDCPT_7794,PRESENT_AT,Teacher at,EDCT_056,,,1918,1918,1918-1918,,EDC_1918_21,FALSE,FALSE
EDCPT_10627,PRESENT_AT,Teacher at,EDCT_057,,,1917,1917,1917-1917,,EDC_1917_75,FALSE,FALSE
EDCPT_10629,PRESENT_AT,Teacher at,EDCT_057,,,1917,1917,1917-1917,,EDC_1917_75,FALSE,FALSE
EDCPT_11918,PRESENT_AT,Teacher at,EDCT_057,,,1920,1920,1920-1920,,EDC_1920_158,FALSE,FALSE
EDCPT_12259,PRESENT_AT,Teacher at,EDCT_057,,,1917,1917,1917-1917,,EDC_1917_62,FALSE,FALSE
EDCPT_9698,PRESENT_AT,Teacher at,EDCT_057,,,1917,1917,1917-1917,,EDC_1917_57,FALSE,FALSE
EDCPT_9699,PRESENT_AT,Teacher at,EDCT_057,,,1917,1917,1917-1917,,EDC_1917_57,FALSE,FALSE
EDCPT_9773,PRESENT_AT,Teacher at,EDCT_057,,,1917,1917,1917-1917,,EDC_1917_58,FALSE,FALSE
EDCPT_9788,PRESENT_AT,Teacher at,EDCT_057,,,1917,1917,1917-1917,,EDC_1917_58,FALSE,FALSE
EDCPT_9798,PRESENT_AT,Teacher at,EDCT_057,,,1917,1917,1917-1917,,EDC_1917_59,FALSE,FALSE
EDCPT_10658,PRESENT_AT,Teacher at,EDCT_060,,,1920,1920,1920-1920,,EDC_1920_116,FALSE,FALSE
EDCPT_10695,PRESENT_AT,Teacher at,EDCT_060,,,1920,1920,1920-1920,,EDC_1920_118,FALSE,FALSE
EDCPT_8465,PRESENT_AT,Teacher at,EDCT_060,,,1918,1918,1918-1918,,EDC_1918_40,FALSE,TRUE
EDCPT_8628,PRESENT_AT,Teacher at,EDCT_060,,,1917,1917,1917-1917,,EDC_1917_34,FALSE,FALSE
EDCPT_8635,PRESENT_AT,Teacher at,EDCT_060,,,1917,1917,1917-1917,,EDC_1917_34,FALSE,TRUE
EDCPT_8637,PRESENT_AT,Teacher at,EDCT_060,,,1917,1917,1917-1917,,EDC_1917_34;EDC_1914_12,FALSE,FALSE
EDCPT_10625,PRESENT_AT,Teacher at,EDCT_061,,,1914,1914,1914-1914,,EDC_1914_25,FALSE,FALSE
EDCPT_11241,PRESENT_AT,Teacher at,EDCT_061,,,1917,1917,1917-1917,Teacher in School of Normal Training,EDC_1917_90,FALSE,FALSE
EDCPT_11800,PRESENT_AT,Teacher at,EDCT_061,,,1920,1920,1920-1920,,EDC_1920_154,FALSE,FALSE
EDCPT_11929,PRESENT_AT,Teacher at,EDCT_061,,,1917,1917,1917-1917,,EDC_1917_109,FALSE,FALSE
EDCPT_7580,PRESENT_AT,Teacher at,EDCT_061,,,1917,1917,1917-1917,,EDC_1917_15,FALSE,FALSE
EDCPT_7675,PRESENT_AT,Teacher at,EDCT_061,,,1917,1917,1917-1917,,EDC_1917_15,FALSE,TRUE
EDCPT_8985,PRESENT_AT,Teacher at,EDCT_063,,,1918,1918,1918-1918,,EDC_1918_55,FALSE,FALSE
EDCPT_10686,PRESENT_AT,Teacher at,EDCT_064,,,1920,1920,1920-1920,,EDC_1920_117,FALSE,FALSE
EDCPT_11124,PRESENT_AT,Teacher at,EDCT_064,,,1917,1917,1917-1917,,EDC_1917_88,FALSE,FALSE
EDCPT_9238,PRESENT_AT,Teacher at,EDCT_066,,,1917,1917,1917-1917,,EDC_1917_48,FALSE,FALSE
EDCPT_9461,PRESENT_AT,Teacher at,EDCT_066,,,1917,1917,1917-1917,,EDC_1917_53,FALSE,FALSE
EDCPT_10800,PRESENT_AT,Teacher at,EDCT_067,,,1920,1920,1920-1920,,EDC_1920_121,FALSE,FALSE
EDCPT_11218,PRESENT_AT,Teacher at,EDCT_068,,,1920,1920,1920-1920,,EDC_1920_136,FALSE,FALSE
EDCPT_11597,PRESENT_AT,Teacher at,EDCT_068,,,1920,1920,1920-1920,,EDC_1920_148,FALSE,FALSE
EDCPT_11892,PRESENT_AT,Teacher at,EDCT_068,,,1920,1920,1920-1920,,EDC_1920_157,FALSE,FALSE
EDCPT_12083,PRESENT_AT,Teacher at,EDCT_068,,,1920,1920,1920-1920,,EDC_1920_164,FALSE,FALSE
EDCPT_12092,PRESENT_AT,Teacher at,EDCT_068,,,1920,1920,1920-1920,,EDC_1920_164,FALSE,FALSE
EDCPT_9813,PRESENT_AT,Teacher at,EDCT_068,,,1918,1918,1918-1918,,EDC_1918_76,FALSE,FALSE
EDCPT_8573,PRESENT_AT,Teacher at,EDCT_071,,,1917,1917,1917-1917,,EDC_1917_33,FALSE,TRUE
EDCPT_9743,PRESENT_AT,Teacher at,EDCT_071,,,1918,1918,1918-1918,,EDC_1918_74,FALSE,FALSE
EDCPT_11745,PRESENT_AT,Teacher at,EDCT_073,,,1917,1917,1917-1917,,EDC_1917_103,FALSE,FALSE
EDCPT_8195,PRESENT_AT,Teacher at,EDCT_077,,,1918,1918,1918-1918,,EDC_1918_32,FALSE,FALSE
EDCPT_8777,PRESENT_AT,Teacher at,EDCT_078,,,1916,1916,1916-1916,,EDC_1916_42,FALSE,FALSE
EDCPT_8881,PRESENT_AT,Teacher at,EDCT_078,,,1918,1918,1918-1918,,EDC_1918_52,FALSE,TRUE
EDCPT_9826,PRESENT_AT,Teacher at,EDCT_078,,,1917,1917,1917-1917,,EDC_1917_59,FALSE,FALSE
EDCPT_11123,PRESENT_AT,Teacher at,EDCT_080,,,1920,1920,1920-1920,,EDC_1920_133,FALSE,FALSE
EDCPT_11541,PRESENT_AT,Teacher at,EDCT_080,,,1920,1920,1920-1920,,EDC_1920_146,FALSE,FALSE
EDCPT_11191,PRESENT_AT,Teacher at,EDCT_083,,,1917,1917,1917-1917,Teacher in Government school,EDC_1917_90,FALSE,FALSE
EDCPT_7251,PRESENT_AT,Teacher at,EDCT_085,,,1916,1916,1916-1916,,EDC_1916_06,FALSE,FALSE
EDCPT_7539,PRESENT_AT,Teacher at,EDCT_085,,,1916,1916,1916-1916,,EDC_1916_15,FALSE,FALSE
EDCPT_8723,PRESENT_AT,Teacher at,EDCT_085,,,1916,1916,1916-1916,,EDC_1916_40,FALSE,FALSE
EDCPT_9211,PRESENT_AT,Teacher at,EDCT_085,,,1916,1916,1916-1916,,EDC_1916_51,FALSE,FALSE
EDCPT_9895,PRESENT_AT,Teacher at,EDCT_085,,,1917,1917,1917-1917,,EDC_1917_59,FALSE,FALSE
EDCPT_7375,PRESENT_AT,Teacher at,EDCT_089,,,1918,1918,1918-1918,,EDC_1918_11,FALSE,FALSE
EDCPT_7791,PRESENT_AT,Teacher at,EDCT_089,,,1918,1918,1918-1918,,EDC_1918_21,FALSE,FALSE
EDCPT_7817,PRESENT_AT,Teacher at,EDCT_089,,,1917,1917,1917-1917,,EDC_1917_17,FALSE,FALSE
EDCPT_9173,PRESENT_AT,Teacher at,EDCT_089,,,1918,1918,1918-1918,,EDC_1918_61,FALSE,FALSE
EDCPT_9174,PRESENT_AT,Teacher at,EDCT_089,,,1918,1918,1918-1918,,EDC_1918_61,FALSE,FALSE
EDCPT_9262,PRESENT_AT,Teacher at,EDCT_089,,,1918,1918,1918-1918,,EDC_1918_62,FALSE,FALSE
EDCPT_9860,PRESENT_AT,Teacher at,EDCT_089,,,1918,1918,1918-1918,,EDC_1918_77,FALSE,FALSE
EDCPT_8567,PRESENT_AT,Teacher at,EDCT_091,,,1917,1917,1917-1917,,EDC_1917_33,FALSE,FALSE
EDCPT_8979,PRESENT_AT,Teacher at,EDCT_093,,,1917,1917,1917-1917,,EDC_1917_42,FALSE,FALSE
EDCPT_9007,PRESENT_AT,Teacher at,EDCT_093,,,1917,1917,1917-1917,,EDC_1917_43,FALSE,FALSE
EDCPT_10775,PRESENT_AT,Teacher at,EDCT_094,,,1920,1920,1920-1920,,EDC_1920_120,FALSE,FALSE
EDCPT_11994,PRESENT_AT,Teacher at,EDCT_094,,,1917,1917,1917-1917,,EDC_1917_111,FALSE,FALSE
EDCPT_7369,PRESENT_AT,Teacher at,EDCT_094,,,1916,1916,1916-1916,,EDC_1916_09,FALSE,FALSE
EDCPT_8033,PRESENT_AT,Teacher at,EDCT_094,,,1917,1917,1917-1917,,EDC_1917_22,FALSE,FALSE
EDCPT_8429,PRESENT_AT,Teacher at,EDCT_094,,,1917,1917,1917-1917,,EDC_1917_29,FALSE,FALSE
EDCPT_7535,PRESENT_AT,Teacher at,EDCT_095,,,1916,1916,1916-1916,,EDC_1916_13,FALSE,FALSE
EDCPT_9036,PRESENT_AT,Teacher at,EDCT_096,,,1916,1916,1916-1916,,EDC_1916_47,FALSE,FALSE
EDCPT_11027,PRESENT_AT,Teacher at,EDCT_098,,,1917,1917,1917-1917,,EDC_1917_85,FALSE,FALSE
EDCPT_11100,PRESENT_AT,Teacher at,EDCT_099,,,1917,1917,1917-1917,,EDC_1917_87,FALSE,TRUE
EDCPT_11434,PRESENT_AT,Teacher at,EDCT_099,,,1917,1917,1917-1917,,EDC_1917_94,FALSE,FALSE
EDCPT_11805,PRESENT_AT,Teacher at,EDCT_099,,,1920,1920,1920-1920,,EDC_1920_154,FALSE,FALSE
EDCPT_8645,PRESENT_AT,Teacher at,EDCT_099,,,1917,1917,1917-1917,,EDC_1917_34,FALSE,FALSE
EDCPT_10646,PRESENT_AT,Teacher at,EDCT_100,,,1920,1920,1920-1920,,EDC_1920_115,FALSE,FALSE
EDCPT_8065,PRESENT_AT,Teacher at,EDCT_100,,,1920,1920,1920-1920,,EDC_1920_36,FALSE,FALSE
EDCPT_10727,PRESENT_AT,Teacher at,EDCT_101,,,,,-,,,FALSE,FALSE
EDCPT_11923,PRESENT_AT,Teacher at,EDCT_101,,,1920,1920,1920-1920,,EDC_1920_158,FALSE,FALSE
EDCPT_12192,PRESENT_AT,Teacher at,EDCT_101,,,1920,1920,1920-1920,,EDC_1920_167,FALSE,FALSE
EDCPT_8311,PRESENT_AT,Teacher at,EDCT_101,,,1918,1918,1918-1918,,EDC_1918_36,FALSE,FALSE
EDCPT_10778,PRESENT_AT,Teacher at,EDCT_103,,,1920,1920,1920-1920,,EDC_1920_120,FALSE,FALSE
EDCPT_11146,PRESENT_AT,Teacher at,EDCT_103,,,1920,1920,1920-1920,,EDC_1920_133,FALSE,FALSE
EDCPT_7306,PRESENT_AT,Teacher at,EDCT_105,,,1920,1920,1920-1920,,EDC_1920_10,FALSE,FALSE
EDCPT_7834,PRESENT_AT,Teacher at,EDCT_107,,,1916,1916,1916-1916,,EDC_1916_20,FALSE,FALSE
EDCPT_11361,PRESENT_AT,Teacher at,EDCT_111,,,1917,1917,1917-1917,,EDC_1917_92,FALSE,FALSE
EDCPT_7974,PRESENT_AT,Teacher at,EDCT_111,,,1917,1917,1917-1917,,EDC_1917_20,FALSE,FALSE
EDCPT_8155,PRESENT_AT,Teacher at,EDCT_111,,,1916,1916,1916-1916,,EDC_1916_27,FALSE,FALSE
EDCPT_8156,PRESENT_AT,Teacher at,EDCT_111,,,1916,1916,1916-1916,,EDC_1916_27,FALSE,FALSE
EDCPT_12077,PRESENT_AT,Teacher at,EDCT_116,,,1920,1920,1920-1920,,EDC_1920_164,FALSE,FALSE
EDCPT_7745,PRESENT_AT,Teacher at,EDCT_117,,,1917,1917,1917-1917,,EDC_1917_16,FALSE,FALSE
EDCPT_9694,PRESENT_AT,Teacher at,EDCT_117,,,1917,1917,1917-1917,,EDC_1917_57,FALSE,FALSE
EDCPT_11768,PRESENT_AT,Teacher at,EDCT_118,,,1920,1920,1920-1920,,EDC_1920_153,FALSE,FALSE
EDCPT_9144,PRESENT_AT,Teacher at,EDCT_118,,,1918,1918,1918-1918,,EDC_1918_59,FALSE,FALSE
EDCPT_10730,PRESENT_AT,Teacher at,EDCT_125,,,1920,1920,1920-1920,,EDC_1920_119,FALSE,FALSE
EDCPT_11853,PRESENT_AT,Teacher at,EDCT_126,,,1920,1920,1920-1920,,EDC_1920_156,FALSE,FALSE
EDCPT_10907,PRESENT_AT,Teacher at,EDCT_128,,,1920,1920,1920-1920,,EDC_1920_125,FALSE,FALSE
EDCPT_7165,PRESENT_AT,Teacher at,EDCT_128,,,1917,1917,1917-1917,,EDC_1917_5,FALSE,TRUE
EDCPT_8679,PRESENT_AT,Teacher at,EDCT_128,,,1916,1916,1916-1916,,EDC_1916_39,FALSE,FALSE
EDCPT_10899,PRESENT_AT,Teacher at,EDCT_132,,,1920,1920,1920-1920,,EDC_1920_125,FALSE,FALSE
EDCPT_12225,PRESENT_AT,Teacher at,EDCT_132,,,1920,1920,1920-1920,,EDC_1920_168,FALSE,FALSE
EDCPT_8112,PRESENT_AT,Teacher at,EDCT_132,,,1916,1916,1916-1916,,EDC_1916_26,FALSE,FALSE
EDCPT_8690,PRESENT_AT,Teacher at,EDCT_132,,,1916,1916,1916-1916,,EDC_1916_40,FALSE,FALSE
EDCPT_8089,PRESENT_AT,Teacher at,EDCT_134,,,1918,1918,1918-1918,,EDC_1918_29,FALSE,FALSE
EDCPT_12282,PRESENT_AT,Teacher at,EDCT_136,,,1920,1920,1920-1920,,EDC_1920_100,FALSE,FALSE
EDCPT_9672,PRESENT_AT,Teacher at,EDCT_138,,,1917,1917,1917-1917,,EDC_1917_57,FALSE,FALSE
EDCPT_11111,PRESENT_AT,Teacher at,EDCT_139,,,1918,1918,1918-1918,,EDC_1918_115,FALSE,FALSE
EDCPT_11615,PRESENT_AT,Teacher at,EDCT_139,,,1920,1920,1920-1920,,EDC_1920_148,FALSE,FALSE
EDCPT_11464,PRESENT_AT,Teacher at,EDCT_141,,,1920,1920,1920-1920,,EDC_1920_143,FALSE,FALSE
EDCPT_11663,PRESENT_AT,Teacher at,EDCT_141,,,1920,1920,1920-1920,,EDC_1920_150,FALSE,FALSE
EDCPT_7819,PRESENT_AT,Teacher at,EDCT_141,,,1917,1917,1917-1917,,EDC_1917_17,FALSE,FALSE
EDCPT_10651,PRESENT_AT,Teacher at,EDCT_142,,,1920,1920,1920-1920,,EDC_1920_116,FALSE,FALSE
EDCPT_11229,PRESENT_AT,Teacher at,EDCT_142,,,1920,1920,1920-1920,,EDC_1920_136,FALSE,FALSE
EDCPT_11548,PRESENT_AT,Teacher at,EDCT_147,,,1920,1920,1920-1920,,EDC_1920_146,FALSE,FALSE
EDCPT_11870,PRESENT_AT,Teacher at,EDCT_147,,,1920,1920,1920-1920,,EDC_1920_157,FALSE,FALSE
EDCPT_8365,PRESENT_AT,Teacher at,EDCT_147,,,1918,1918,1918-1918,,EDC_1918_37,FALSE,FALSE
EDCPT_8373,PRESENT_AT,Teacher at,EDCT_147,,,1917,1917,1917-1917,,EDC_1917_28,FALSE,FALSE
EDCPT_8374,PRESENT_AT,Teacher at,EDCT_147,,,1916,1916,1916-1916,,EDC_1916_32,FALSE,FALSE
EDCPT_10916,PRESENT_AT,Teacher at,EDCT_151,,,1920,1920,1920-1920,,EDC_1920_126,FALSE,FALSE
EDCPT_10633,PRESENT_AT,Teacher at,EDCT_155,,,1918,1918,1918-1918,,EDC_1918_98,FALSE,FALSE
EDCPT_11470,PRESENT_AT,Teacher at,EDCT_155,,,1920,1920,1920-1920,,EDC_1920_143,FALSE,FALSE
EDCPT_9325,PRESENT_AT,Teacher at,EDCT_155,,,1918,1918,1918-1918,,EDC_1918_64,FALSE,FALSE
EDCPT_8889,PRESENT_AT,Teacher at,EDCT_156,,,1920,1920,1920-1920,,EDC_1920_59,FALSE,FALSE
EDCPT_8939,PRESENT_AT,Teacher at,EDCT_156,,,1920,1920,1920-1920,,EDC_1920_60,FALSE,FALSE
EDCPT_8337,PRESENT_AT,Teacher at,EDCT_158,,,1916,1916,1916-1916,,EDC_1916_32; EDC_1916_31,FALSE,FALSE
EDCPT_11527,PRESENT_AT,Teacher at,EDCT_161,,,1914,1914,1914-1914,,EDC_1914_32,FALSE,FALSE
EDCPT_11988,PRESENT_AT,Teacher at,EDCT_161,,,1914,1914,1914-1914,,EDC_1914_36,FALSE,FALSE
EDCPT_12030,PRESENT_AT,Teacher at,EDCT_161,,,1917,1917,1917-1917,,EDC_1917_112,FALSE,FALSE
EDCPT_12103,PRESENT_AT,Teacher at,EDCT_161,,,1914,1914,1914-1914,,EDC_1914_37,FALSE,FALSE
EDCPT_7303,PRESENT_AT,Teacher at,EDCT_161,,,1918,1918,1918-1918,,EDC_1918_9,FALSE,FALSE
EDCPT_9402,PRESENT_AT,Teacher at,EDCT_161,,,1918,1918,1918-1918,,EDC_1918_66,FALSE,FALSE
EDCPT_8994,PRESENT_AT,Teacher at,EDCT_162,,,1917,1917,1917-1917,,EDC_1917_42,FALSE,TRUE
EDCPT_8989,PRESENT_AT,Teacher at,EDCT_167,,,1918,1918,1918-1918,,EDC_1918_55,FALSE,FALSE
EDCPT_9744,PRESENT_AT,Teacher at,EDCT_167,,,1918,1918,1918-1918,,EDC_1918_75,FALSE,FALSE
EDCPT_10788,PRESENT_AT,Teacher at,EDCT_168,,,1917,1917,1917-1917,,EDC_1917_79,FALSE,FALSE
EDCPT_7773,PRESENT_AT,Teacher at,EDCT_168,,,1916,1916,1916-1916,,EDC_1916_19,FALSE,FALSE
EDCPT_7864,PRESENT_AT,Teacher at,EDCT_168,,,1916,1916,1916-1916,,EDC_1916_20,FALSE,FALSE
EDCPT_11473,PRESENT_AT,Teacher at,EDCT_169,,,1917,1917,1917-1917,,EDC_1917_95,FALSE,FALSE
EDCPT_9037,PRESENT_AT,Teacher at,EDCT_172,,,1916,1916,1916-1916,,EDC_1916_47,FALSE,FALSE
EDCPT_10909,PRESENT_AT,Teacher at,EDCT_173,,,1920,1920,1920-1920,,EDC_1920_125,FALSE,FALSE
EDCPT_10637,PRESENT_AT,Teacher at,EDCT_179,,,1917,1917,1917-1917,,EDC_1917_75,FALSE,FALSE
EDCPT_8070,PRESENT_AT,Teacher at,EDCT_179,,,1916,1916,1916-1916,,EDC_1916_26,FALSE,FALSE
EDCPT_8073,PRESENT_AT,Teacher at,EDCT_179,,,1916,1916,1916-1916,,EDC_1916_26,FALSE,FALSE
EDCPT_8075,PRESENT_AT,Teacher at,EDCT_179,,,1916,1916,1916-1916,,EDC_1916_26,FALSE,FALSE
EDCPT_8076,PRESENT_AT,Teacher at,EDCT_179,,,1916,1916,1916-1916,,EDC_1916_26,FALSE,FALSE
EDCPT_8077,PRESENT_AT,Teacher at,EDCT_179,,,1916,1916,1916-1916,,EDC_1916_26,FALSE,FALSE
EDCPT_8078,PRESENT_AT,Teacher at,EDCT_179,,,1916,1916,1916-1916,,EDC_1916_28,FALSE,FALSE
EDCPT_11187,PRESENT_AT,Teacher at,EDCT_180,,,1917,1917,1917-1917,,EDC_1917_90,FALSE,FALSE
EDCPT_12190,PRESENT_AT,Teacher at,EDCT_180,,,1917,1917,1917-1917,,EDC_1917_115,FALSE,FALSE
EDCPT_9467,PRESENT_AT,Teacher at,EDCT_180,,,1917,1917,1917-1917,,EDC_1917_53,FALSE,FALSE
EDCPT_12047,PRESENT_AT,Teacher at,EDCT_181,,,1917,1917,1917-1917,,EDC_1917_112,FALSE,FALSE
EDCPT_12101,PRESENT_AT,Teacher at,EDCT_181,,,1920,1920,1920-1920,,EDC_1920_164,FALSE,FALSE
EDCPT_7545,PRESENT_AT,Teacher at,EDCT_181,,,1917,1917,1917-1917,,EDC_1917_14,FALSE,FALSE
EDCPT_8170,PRESENT_AT,Teacher at,EDCT_181,,,1917,1917,1917-1917,,EDC_1917_23,FALSE,FALSE
EDCPT_8416,PRESENT_AT,Teacher at,EDCT_181,,,1917,1917,1917-1917,,EDC_1917_29,FALSE,FALSE
EDCPT_9049,PRESENT_AT,Teacher at,EDCT_185,,,1918,1918,1918-1918,,EDC_1918_56,FALSE,FALSE
EDCPT_7681,PRESENT_AT,Teacher at,EDCT_186,,,1916,1916,1916-1916,,EDC_1916_16,FALSE,FALSE
EDCPT_7212,PRESENT_AT,Teacher at,EDCT_187,,,1917,1917,1917-1917,,EDC_1917_6,FALSE,FALSE
EDCPT_9525,PRESENT_AT,Teacher at,EDCT_188,,,1917,1917,1917-1917,,EDC_1917_55,FALSE,FALSE
EDCPT_9700,PRESENT_AT,Teacher at,EDCT_188,,,1917,1917,1917-1917,,EDC_1917_57,FALSE,FALSE
EDCPT_9736,PRESENT_AT,Teacher at,EDCT_188,,,1918,1918,1918-1918,,EDC_1918_74,FALSE,FALSE
EDCPT_7547,PRESENT_AT,Teacher at,EDCT_189,,,1916,1916,1916-1916,,EDC_1916_14,FALSE,FALSE
EDCPT_7555,PRESENT_AT,Teacher at,EDCT_189,,,1916,1916,1916-1916,,EDC_1916_14,FALSE,FALSE
EDCPT_7798,PRESENT_AT,Teacher at,EDCT_189,,,1916,1916,1916-1916,,EDC_1916_19,FALSE,FALSE
EDCPT_11449,PRESENT_AT,Teacher at,EDCT_193,,,1920,1920,1920-1920,,EDC_1920_143,FALSE,FALSE
EDCPT_12017,PRESENT_AT,Teacher at,EDCT_194,,,1920,1920,1920-1920,,EDC_1920_162,FALSE,FALSE
EDCPT_11210,PRESENT_AT,Teacher at,EDCT_195,,,1917,1917,1917-1917,,EDC_1917_90,FALSE,FALSE
EDCPT_11829,PRESENT_AT,Teacher at,EDCT_196,,,1917,1917,1917-1917,,EDC_1917_106,FALSE,FALSE
EDCPT_8377,PRESENT_AT,Teacher at,EDCT_196,,,1916,1916,1916-1916,,EDC_1916_32,FALSE,FALSE
EDCPT_11257,PRESENT_AT,Teacher at,EDCT_198,,,1914,1914,1914-1914,,EDC_1914_30,FALSE,FALSE
EDCPT_10930,PRESENT_AT,Teacher at,EDCT_199,,,1918,1918,1918-1918,,EDC_1918_108,FALSE,FALSE
EDCPT_11926,PRESENT_AT,Teacher at,EDCT_199,,,1917,1917,1917-1917,,EDC_1917_109,FALSE,FALSE
EDCPT_12178,PRESENT_AT,Teacher at,EDCT_199,,,1917,1917,1917-1917,,EDC_1917_115,FALSE,FALSE
EDCPT_12219,PRESENT_AT,Teacher at,EDCT_199,,,1917,1917,1917-1917,,EDC_1917_115,FALSE,FALSE
EDCPT_7432,PRESENT_AT,Teacher at,EDCT_199,,,1918,1918,1918-1918,,EDC_1918_13,FALSE,FALSE
EDCPT_7706,PRESENT_AT,Teacher at,EDCT_199,,,1918,1918,1918-1918,,EDC_1918_20,FALSE,FALSE
EDCPT_9012,PRESENT_AT,Teacher at,EDCT_199,,,1917,1917,1917-1917,,EDC_1917_44,FALSE,FALSE
EDCPT_9014,PRESENT_AT,Teacher at,EDCT_199,,,1918,1918,1918-1918,,EDC_1918_56,FALSE,FALSE
EDCPT_7840,PRESENT_AT,Teacher at,EDCT_200,,,1916,1916,1916-1916,,EDC_1916_20,FALSE,FALSE
EDCPT_9017,PRESENT_AT,Teacher at,EDCT_200,,,1916,1916,1916-1916,,EDC_1916_47,FALSE,FALSE
EDCPT_11209,PRESENT_AT,Teacher at,EDCT_202,,,1917,1917,1917-1917,,EDC_1917_90,FALSE,FALSE
EDCPT_7977,PRESENT_AT,Teacher at,EDCT_204,,,1918,1918,1918-1918,,EDC_1918_26,FALSE,FALSE
EDCPT_8293,PRESENT_AT,Teacher at,EDCT_204,,,1918,1918,1918-1918,,EDC_1918_35,FALSE,FALSE
EDCPT_8552,PRESENT_AT,Teacher at,EDCT_204,,,1918,1918,1918-1918,,EDC_1918_43,FALSE,FALSE
EDCPT_9960,PRESENT_AT,Teacher at,EDCT_204,,,1917,1917,1917-1917,,EDC_1917_60,FALSE,FALSE
EDCPT_12040,PRESENT_AT,Teacher at,EDCT_205,,,1920,1920,1920-1920,,EDC_1920_163,FALSE,FALSE
EDCPT_11779,PRESENT_AT,Teacher at,EDCT_206,,,1914,1914,1914-1914,,EDC_1914_34,FALSE,FALSE
EDCPT_11900,PRESENT_AT,Teacher at,EDCT_206,,,1914,1914,1914-1914,,EDC_1914_36,FALSE,FALSE
EDCPT_12096,PRESENT_AT,Teacher at,EDCT_206,,,1914,1914,1914-1914,,EDC_1914_37,FALSE,FALSE
EDCPT_11016,PRESENT_AT,Teacher at,EDCT_214,,,1917,1917,1917-1917,,EDC_1917_85,FALSE,TRUE
EDCPT_11016,PRESENT_AT,Teacher at,EDCT_214,,,1918,1918,1918-1918,Teacher of Botany,EDC_1918_111,FALSE,TRUE
EDCPT_11666,PRESENT_AT,Teacher at,EDCT_214,,,1920,1920,1920-1920,,EDC_1920_150,FALSE,FALSE
EDCPT_8973,PRESENT_AT,Teacher at,EDCT_216,,,1918,1918,1918-1918,,EDC_1918_54,FALSE,FALSE
EDCPT_9166,PRESENT_AT,Teacher at,EDCT_216,,,1917,1917,1917-1917,,EDC_1917_46,FALSE,FALSE
EDCPT_12152,PRESENT_AT,Teacher at,EDCT_220,,,1920,1920,1920-1920,,EDC_1920_166,FALSE,FALSE
EDCPT_12191,PRESENT_AT,Teacher at,EDCT_220,,,1920,1920,1920-1920,,EDC_1920_167,FALSE,FALSE
EDCPT_12020,PRESENT_AT,Teacher at,EDCT_222,,,1920,1920,1920-1920,,EDC_1920_162,FALSE,FALSE
EDCPT_9905,PRESENT_AT,Teacher at,EDCT_227,,,1918,1918,1918-1918,,EDC_1918_78,FALSE,FALSE
EDCPT_7786,PRESENT_AT,Teacher at,EDCT_232,,,1916,1916,1916-1916,,EDC_1916_19,FALSE,FALSE
EDCPT_9633,PRESENT_AT,Teacher at,EDCT_232,,,1918,1918,1918-1918,,EDC_1918_73,FALSE,FALSE
EDCPT_9635,PRESENT_AT,Teacher at,EDCT_232,,,1918,1918,1918-1918,,EDC_1918_73,FALSE,FALSE
EDCPT_9853,PRESENT_AT,Teacher at,EDCT_232,,,1918,1918,1918-1918,,EDC_1918_77,FALSE,FALSE
EDCPT_11167,PRESENT_AT,Teacher at,EDCT_233,,,1920,1920,1920-1920,,EDC_1920_134,FALSE,FALSE
EDCPT_11184,PRESENT_AT,Teacher at,EDCT_233,,,1920,1920,1920-1920,,EDC_1920_135,FALSE,FALSE
EDCPT_11937,PRESENT_AT,Teacher at,EDCT_233,,,1920,1920,1920-1920,,EDC_1920_159,FALSE,FALSE
EDCPT_8302,PRESENT_AT,Teacher at,EDCT_236,,,1916,1916,1916-1916,,EDC_1916_31,FALSE,FALSE
EDCPT_11695,PRESENT_AT,Teacher at,EDCT_237,,,1920,1920,1920-1920,,EDC_1920_151,FALSE,FALSE
EDCPT_11133,PRESENT_AT,Teacher at,EDCT_238,,,1918,1918,1918-1918,Teacher of English,EDC_1918_115,FALSE,FALSE
EDCPT_7504,PRESENT_AT,Teacher at,EDCT_243,,,1917,1917,1917-1917,,EDC_1917_13,FALSE,FALSE
EDCPT_10768,PRESENT_AT,Teacher at,EDCT_244,,,1917,1917,1917-1917,,EDC_1917_79,FALSE,FALSE
EDCPT_7038,PRESENT_AT,Teacher at,EDCT_244,,,1916,1916,1916-1916,,EDC_1916_01,FALSE,FALSE
EDCPT_8993,PRESENT_AT,Teacher at,EDCT_244,,,1916,1916,1916-1916,,EDC_1916_47,FALSE,FALSE
EDCPT_9615,PRESENT_AT,Teacher at,EDCT_244,,,1917,1917,1917-1917,,EDC_1917_57,FALSE,FALSE
EDCPT_10766,PRESENT_AT,Teacher at,EDCT_249,,,1917,1917,1917-1917,,EDC_1917_79,FALSE,FALSE
EDCPT_9678,PRESENT_AT,Teacher at,EDCT_249,,,1918,1918,1918-1918,,EDC_1918_74,FALSE,FALSE
EDCPT_11076,PRESENT_AT,Teacher at,EDCT_250,,,1914,1914,1914-1914,,EDC_1914_29,FALSE,FALSE
EDCPT_11461,PRESENT_AT,Teacher at,EDCT_250,,,1914,1914,1914-1914,,EDC_1914_31,FALSE,FALSE
EDCPT_11623,PRESENT_AT,Teacher at,EDCT_250,,,1914,1914,1914-1914,,EDC_1914_33,FALSE,FALSE
EDCPT_11105,PRESENT_AT,Teacher at,EDCT_252,,,1917,1917,1917-1917,,EDC_1917_87,FALSE,FALSE
EDCPT_10636,PRESENT_AT,Teacher at,EDCT_254,,,1920,1920,1920-1920,,EDC_1920_115,FALSE,FALSE
EDCPT_10653,PRESENT_AT,Teacher at,EDCT_254,,,1920,1920,1920-1920,,EDC_1920_116,FALSE,FALSE
EDCPT_10784,PRESENT_AT,Teacher at,EDCT_254,,,1920,1920,1920-1920,,EDC_1920_121,FALSE,FALSE
EDCPT_11507,PRESENT_AT,Teacher at,EDCT_254,,,1920,1920,1920-1920,,EDC_1920_145,FALSE,FALSE
EDCPT_12154,PRESENT_AT,Teacher at,EDCT_254,,,1920,1920,1920-1920,,EDC_1920_166,FALSE,FALSE
EDCPT_8867,PRESENT_AT,Teacher at,EDCT_254,,,1916,1916,1916-1916,,EDC_1916_44,FALSE,FALSE
EDCPT_10710,PRESENT_AT,Teacher at,EDCT_255,,,1920,1920,1920-1920,,EDC_1920_118,FALSE,FALSE
EDCPT_10837,PRESENT_AT,Teacher at,EDCT_255,,,1920,1920,1920-1920,,EDC_1920_123,FALSE,FALSE
EDCPT_12079,PRESENT_AT,Teacher at,EDCT_256,,,1917,1917,1917-1917,,EDC_1917_113,FALSE,FALSE
EDCPT_9501,PRESENT_AT,Teacher at,EDCT_256,,,1917,1917,1917-1917,,EDC_1917_54,FALSE,FALSE
EDCPT_11684,PRESENT_AT,Teacher at,EDCT_263,,,1917,1917,1917-1917,,EDC_1917_101,FALSE,FALSE
EDCPT_7986,PRESENT_AT,Teacher at,EDCT_265,,,1916,1916,1916-1916,,EDC_1916_23,FALSE,FALSE
EDCPT_8421,PRESENT_AT,Teacher at,EDCT_265,,,1917,1917,1917-1917,,EDC_1917_42,FALSE,FALSE
EDCPT_7419,PRESENT_AT,Teacher at,EDCT_266,,,1918,1918,1918-1918,,EDC_1918_12,FALSE,FALSE
EDCPT_7959,PRESENT_AT,Teacher at,EDCT_271,,,1917,1917,1917-1917,,EDC_1917_19,FALSE,FALSE
EDCPT_7749,PRESENT_AT,Teacher at,EDCT_272,,,1916,1916,1916-1916,,EDC_1916_18,FALSE,FALSE
EDCPT_10734,PRESENT_AT,Teacher at,EDCT_274,,,1920,1920,1920-1920,,EDC_1920_119,FALSE,FALSE
EDCPT_11304,PRESENT_AT,Teacher at,EDCT_274,,,1917,1917,1917-1917,,EDC_1917_91,FALSE,FALSE
EDCPT_8874,PRESENT_AT,Teacher at,EDCT_274,,,1918,1918,1918-1918,,EDC_1918_51,FALSE,FALSE
EDCPT_11626,PRESENT_AT,Teacher at,EDCT_275,,,1917,1917,1917-1917,,EDC_1917_100,FALSE,FALSE
EDCPT_7384,PRESENT_AT,Teacher at,EDCT_276,,,1916,1916,1916-1916,,EDC_1916_09,FALSE,FALSE
EDCPT_7385,PRESENT_AT,Teacher at,EDCT_276,,,1916,1916,1916-1916,,EDC_1916_09,FALSE,FALSE
EDCPT_9110,PRESENT_AT,Teacher at,EDCT_276,,,1918,1918,1918-1918,,EDC_1918_58,FALSE,FALSE
EDCPT_9793,PRESENT_AT,Teacher at,EDCT_276,,,1918,1918,1918-1918,,EDC_1918_76,FALSE,FALSE
EDCPT_7340,PRESENT_AT,Teacher at,EDCT_280,,,1918,1918,1918-1918,,EDC_1918_10,FALSE,FALSE
EDCPT_9050,PRESENT_AT,Teacher at,EDCT_288,,,1918,1918,1918-1918,,EDC_1918_56,FALSE,FALSE
EDCPT_10771,PRESENT_AT,Teacher at,EDCT_289,,,1920,1920,1920-1920,,EDC_1920_120,FALSE,FALSE
EDCPT_8883,PRESENT_AT,Teacher at,EDCT_290,,,1918,1918,1918-1918,,EDC_1918_52,FALSE,TRUE
EDCPT_9042,PRESENT_AT,Teacher at,EDCT_290,,,1917,1917,1917-1917,,EDC_1917_44,FALSE,FALSE
EDCPT_9828,PRESENT_AT,Teacher at,EDCT_290,,,1918,1918,1918-1918,,EDC_1918_76,FALSE,FALSE
EDCPT_8023,PRESENT_AT,Teacher at,EDCT_291,,,1918,1918,1918-1918,,EDC_1918_27,FALSE,FALSE
EDCPT_8130,PRESENT_AT,Teacher at,EDCT_291,,,1918,1918,1918-1918,,EDC_1918_30,FALSE,FALSE
EDCPT_8483,PRESENT_AT,Teacher at,EDCT_293,,,1917,1917,1917-1917,,EDC_1917_31,FALSE,FALSE
EDCPT_9705,PRESENT_AT,Teacher at,EDCT_293,,,1918,1918,1918-1918,,EDC_1918_74,FALSE,FALSE
EDCPT_11074,PRESENT_AT,Teacher at,EDCT_294,,,1917,1917,1917-1917,,EDC_1917_87,FALSE,FALSE
EDCPT_9720,PRESENT_AT,Teacher at,EDCT_294,,,1918,1918,1918-1918,,EDC_1918_74,FALSE,FALSE
EDCPT_7606,PRESENT_AT,Teacher at,EDCT_296,,,1916,1916,1916-1916,,EDC_1916_15;EDC_1914_5,FALSE,FALSE
EDCPT_7657,PRESENT_AT,Teacher at,EDCT_296,,,1916,1916,1916-1916,,EDC_1916_16,FALSE,FALSE
EDCPT_11055,PRESENT_AT,Teacher at,EDCT_297,,,1918,1918,1918-1918,,EDC_1918_113,FALSE,FALSE
EDCPT_11467,PRESENT_AT,Teacher at,EDCT_300,,,1920,1920,1920-1920,,EDC_1920_143,FALSE,FALSE
EDCPT_9207,PRESENT_AT,Teacher at,EDCT_300,,,1917,1917,1917-1917,,EDC_1917_47,FALSE,FALSE
EDCPT_9209,PRESENT_AT,Teacher at,EDCT_300,,,1917,1917,1917-1917,,EDC_1917_47,FALSE,FALSE
EDCPT_10726,PRESENT_AT,Teacher at,EDCT_303,,,1917,1917,1917-1917,,EDC_1917_78,FALSE,FALSE
EDCPT_10913,PRESENT_AT,Teacher at,EDCT_305,,,1920,1920,1920-1920,,EDC_1920_125,FALSE,FALSE
EDCPT_11057,PRESENT_AT,Teacher at,EDCT_305,,,1920,1920,1920-1920,,EDC_1920_130,FALSE,FALSE
EDCPT_11649,PRESENT_AT,Teacher at,EDCT_305,,,1920,1920,1920-1920,,EDC_1920_149,FALSE,FALSE
EDCPT_11953,PRESENT_AT,Teacher at,EDCT_305,,,1920,1920,1920-1920,,EDC_1920_160,FALSE,FALSE
EDCPT_12008,PRESENT_AT,Teacher at,EDCT_305,,,1920,1920,1920-1920,,EDC_1920_161,FALSE,FALSE
EDCPT_9132,PRESENT_AT,Teacher at,EDCT_305,,,1918,1918,1918-1918,,EDC_1918_59,FALSE,FALSE
EDCPT_12214,PRESENT_AT,Teacher at,EDCT_306,,,1917,1917,1917-1917,,EDC_1917_115,FALSE,FALSE
EDCPT_7561,PRESENT_AT,Teacher at,EDCT_306,,,1918,1918,1918-1918,,EDC_1918_16,FALSE,FALSE
EDCPT_8034,PRESENT_AT,Teacher at,EDCT_306,,,1917,1917,1917-1917,,EDC_1917_22,FALSE,FALSE
EDCPT_8199,PRESENT_AT,Teacher at,EDCT_306,,,1918,1918,1918-1918,,EDC_1918_32,FALSE,FALSE
EDCPT_9539,PRESENT_AT,Teacher at,EDCT_306,,,1917,1917,1917-1917,,EDC_1917_55,FALSE,FALSE
EDCPT_11067,PRESENT_AT,Teacher at,EDCT_311,,,1917,1917,1917-1917,,EDC_1917_86,FALSE,FALSE
EDCPT_11003,PRESENT_AT,Teacher at,EDCT_312,,,1920,1920,1920-1920,,EDC_1920_128,FALSE,FALSE
EDCPT_9913,PRESENT_AT,Teacher at,EDCT_313,,,1917,1917,1917-1917,,EDC_1917_59,FALSE,FALSE
EDCPT_11939,PRESENT_AT,Teacher at,EDCT_314,,,1920,1920,1920-1920,,EDC_1920_159,FALSE,FALSE
EDCPT_12000,PRESENT_AT,Teacher at,EDCT_317,,,1920,1920,1920-1920,,EDC_1920_161,FALSE,FALSE
EDCPT_9113,PRESENT_AT,Teacher at,EDCT_317,,,1918,1918,1918-1918,,EDC_1918_58,FALSE,FALSE
EDCPT_11028,PRESENT_AT,Teacher at,EDCT_318,,,1920,1920,1920-1920,,EDC_1920_129,FALSE,FALSE
EDCPT_11971,PRESENT_AT,Teacher at,EDCT_318,,,1920,1920,1920-1920,,EDC_1920_160,FALSE,FALSE
EDCPT_11118,PRESENT_AT,Teacher at,EDCT_320,,,1917,1917,1917-1917,,EDC_1917_88,FALSE,FALSE
EDCPT_8443,PRESENT_AT,Teacher at,EDCT_320,,,1918,1918,1918-1918,,EDC_1918_39,FALSE,FALSE
EDCPT_10883,PRESENT_AT,Teacher at,EDCT_322,,,1920,1920,1920-1920,,EDC_1920_124,FALSE,FALSE
EDCPT_11456,PRESENT_AT,Teacher at,EDCT_322,,,1920,1920,1920-1920,,EDC_1920_143,FALSE,FALSE
EDCPT_9481,PRESENT_AT,Teacher at,EDCT_322,,,1917,1917,1917-1917,,EDC_1917_54,FALSE,FALSE
EDCPT_10760,PRESENT_AT,Teacher at,EDCT_323,,,1920,1920,1920-1920,,EDC_1920_120,FALSE,FALSE
EDCPT_10879,PRESENT_AT,Teacher at,EDCT_323,,,1920,1920,1920-1920,,EDC_1920_124,FALSE,FALSE
EDCPT_12104,PRESENT_AT,Teacher at,EDCT_323,,,1920,1920,1920-1920,,EDC_1920_164,FALSE,FALSE
EDCPT_10894,PRESENT_AT,Teacher at,EDCT_324,,,1920,1920,1920-1920,,EDC_1920_125,FALSE,FALSE
EDCPT_8003,PRESENT_AT,Teacher at,EDCT_324,,,1918,1918,1918-1918,,EDC_1918_27,FALSE,FALSE
EDCPT_7245,PRESENT_AT,Teacher at,EDCT_328,,,1916,1916,1916-1916,,EDC_1916_06,FALSE,FALSE
EDCPT_8592,PRESENT_AT,Teacher at,EDCT_328,,,1918,1918,1918-1918,,EDC_1918_43,FALSE,FALSE
EDCPT_8875,PRESENT_AT,Teacher at,EDCT_329,,,1916,1916,1916-1916,,EDC_1916_45,FALSE,FALSE
EDCPT_11031,PRESENT_AT,Teacher at,EDCT_330,,,1920,1920,1920-1920,,EDC_1920_130,FALSE,FALSE
EDCPT_7287,PRESENT_AT,Teacher at,EDCT_330,,,1918,1918,1918-1918,,EDC_1918_8,FALSE,FALSE
EDCPT_8316,PRESENT_AT,Teacher at,EDCT_330,,,1918,1918,1918-1918,,EDC_1918_36,FALSE,FALSE
EDCPT_7977,PRESENT_AT,Teacher at,EDCT_331,,,1917,1917,1917-1917,,EDC_1917_20,FALSE,FALSE
EDCPT_11785,PRESENT_AT,Teacher at,EDCT_337,,,1917,1917,1917-1917,,EDC_1917_104,FALSE,FALSE
EDCPT_8674,PRESENT_AT,Teacher at,EDCT_337,,,1918,1918,1918-1918,,EDC_1918_46,FALSE,FALSE
EDCPT_8932,PRESENT_AT,Teacher at,EDCT_339,,,1918,1918,1918-1918,,EDC_1918_54,FALSE,FALSE
EDCPT_10764,PRESENT_AT,Teacher at,EDCT_340,,,1918,1918,1918-1918,,EDC_1918_103,FALSE,FALSE
EDCPT_10947,PRESENT_AT,Teacher at,EDCT_340,,,1918,1918,1918-1918,,EDC_1918_109,FALSE,FALSE
EDCPT_7467,PRESENT_AT,Teacher at,EDCT_340,,,1918,1918,1918-1918,,EDC_1918_14,FALSE,FALSE
EDCPT_7557,PRESENT_AT,Teacher at,EDCT_340,,,1918,1918,1918-1918,,EDC_1918_17,FALSE,FALSE
EDCPT_7604,PRESENT_AT,Teacher at,EDCT_340,,,1918,1918,1918-1918,,EDC_1918_18,FALSE,FALSE
EDCPT_7871,PRESENT_AT,Teacher at,EDCT_340,,,1918,1918,1918-1918,,EDC_1918_23,FALSE,FALSE
EDCPT_7892,PRESENT_AT,Teacher at,EDCT_340,,,1918,1918,1918-1918,,EDC_1918_24,FALSE,FALSE
EDCPT_8896,PRESENT_AT,Teacher at,EDCT_340,,,1918,1918,1918-1918,,EDC_1918_52,FALSE,FALSE
EDCPT_8563,PRESENT_AT,Teacher at,EDCT_344,,,1917,1917,1917-1917,,EDC_1917_33,FALSE,FALSE
EDCPT_8766,PRESENT_AT,Teacher at,EDCT_344,,,1917,1917,1917-1917,,EDC_1917_37,FALSE,FALSE
EDCPT_8767,PRESENT_AT,Teacher at,EDCT_344,,,1917,1917,1917-1917,,EDC_1917_37,FALSE,FALSE
EDCPT_10839,PRESENT_AT,Teacher at,EDCT_346,,,1917,1917,1917-1917,,EDC_1917_81,FALSE,FALSE
EDCPT_11894,PRESENT_AT,Teacher at,EDCT_348,,,1920,1920,1920-1920,,EDC_1920_157,FALSE,FALSE
EDCPT_9247,PRESENT_AT,Teacher at,EDCT_349,,,1918,1918,1918-1918,,EDC_1918_62,FALSE,FALSE
EDCPT_9248,PRESENT_AT,Teacher at,EDCT_349,,,1916,1916,1916-1916,,EDC_1916_52,FALSE,FALSE
EDCPT_11497,PRESENT_AT,Teacher at,EDCT_350,,,1920,1920,1920-1920,,EDC_1920_144,FALSE,FALSE
EDCPT_11801,PRESENT_AT,Teacher at,EDCT_350,,,1917,1917,1917-1917,,EDC_1917_104,FALSE,FALSE
EDCPT_10845,PRESENT_AT,Teacher at,EDCT_358,,,1920,1920,1920-1920,,EDC_1920_108,FALSE,FALSE
EDCPT_10969,PRESENT_AT,Teacher at,EDCT_358,,,1917,1917,1917-1917,,EDC_1917_84,FALSE,FALSE
EDCPT_7216,PRESENT_AT,Teacher at,EDCT_359,,,1918,1918,1918-1918,,EDC_1918_6,FALSE,FALSE
EDCPT_10986,PRESENT_AT,Teacher at,EDCT_360,,,1920,1920,1920-1920,,EDC_1920_128,FALSE,FALSE
EDCPT_7843,PRESENT_AT,Teacher at,EDCT_369,,,1918,1918,1918-1918,,EDC_1918_22,FALSE,FALSE
EDCPT_10923,PRESENT_AT,Teacher at,EDCT_371,,,1914,1914,1914-1914,,EDC_1914_27,FALSE,FALSE
EDCPT_7434,PRESENT_AT,Teacher at,EDCT_371,,,1916,1916,1916-1916,,EDC_1916_10,FALSE,FALSE
EDCPT_11297,PRESENT_AT,Teacher at,EDCT_373,,,1917,1917,1917-1917,,EDC_1917_91,FALSE,FALSE
EDCPT_12052,PRESENT_AT,Teacher at,EDCT_373,,,1920,1920,1920-1920,,EDC_1920_163,FALSE,FALSE
EDCPT_8788,PRESENT_AT,Teacher at,EDCT_379,,,1917,1917,1917-1917,,EDC_1917_38,FALSE,FALSE
EDCPT_9020,PRESENT_AT,Teacher at,EDCT_379,,,1918,1918,1918-1918,,EDC_1918_49,FALSE,FALSE
EDCPT_11092,PRESENT_AT,Teacher at,EDCT_380,,,1917,1917,1917-1917,,EDC_1917_87,FALSE,FALSE
EDCPT_11980,PRESENT_AT,Teacher at,EDCT_386,,,1920,1920,1920-1920,,EDC_1920_160,FALSE,FALSE
EDCPT_8996,PRESENT_AT,Teacher at,EDCT_388,,,1916,1916,1916-1916,,EDC_1916_49,FALSE,FALSE
EDCPT_9846,PRESENT_AT,Teacher at,EDCT_390,,,1918,1918,1918-1918,,EDC_1918_76,FALSE,FALSE
EDCPT_11396,PRESENT_AT,Teacher at,EDCT_392,,,1917,1917,1917-1917,,EDC_1917_93,FALSE,FALSE
EDCPT_9422,PRESENT_AT,Teacher at,EDCT_392,,,1918,1918,1918-1918,,EDC_1918_68,FALSE,FALSE
EDCPT_9482,PRESENT_AT,Teacher at,EDCT_392,,,1917,1917,1917-1917,,EDC_1917_54,FALSE,FALSE
EDCPT_9523,PRESENT_AT,Teacher at,EDCT_392,,,1917,1917,1917-1917,,EDC_1917_55,FALSE,FALSE
EDCPT_12086,PRESENT_AT,Teacher at,EDCT_414,,,1914,1914,1914-1914,,EDC_1914_37,FALSE,FALSE
EDCPT_9655,PRESENT_AT,Teacher at,EDCT_414,,,1917,1917,1917-1917,,EDC_1917_57,FALSE,FALSE
EDCPT_7846,PRESENT_AT,Teacher at,EDCT_421,,,1918,1918,1918-1918,,EDC_1918_23,FALSE,FALSE
EDCPT_8479,PRESENT_AT,Teacher at,EDCT_422,,,1920,1920,1920-1920,,EDC_1920_48,FALSE,FALSE
EDCPT_7684,PRESENT_AT,Teacher at,EDCT_423,,,1918,1918,1918-1918,,EDC_1918_19,FALSE,FALSE
EDCPT_8888,PRESENT_AT,Teacher at,EDCT_423,,,1916,1916,1916-1916,,EDC_1916_45,FALSE,FALSE
EDCPT_8895,PRESENT_AT,Teacher at,EDCT_423,,,1916,1916,1916-1916,,EDC_1916_45,FALSE,FALSE
EDCPT_8380,PRESENT_AT,Teacher at,EDCT_429,,,1917,1917,1917-1917,,EDC_1917_28,FALSE,TRUE
EDCPT_8384,PRESENT_AT,Teacher at,EDCT_429,,,1918,1918,1918-1918,,EDC_1918_37,FALSE,FALSE
EDCPT_9940,PRESENT_AT,Teacher at,EDCT_431,,,1918,1918,1918-1918,,EDC_1918_79,FALSE,FALSE
EDCPT_9009,PRESENT_AT,Teacher at,EDCT_432,,,1917,1917,1917-1917,,EDC_1917_43,FALSE,FALSE
EDCPT_11153,PRESENT_AT,Teacher at,EDCT_435,,,1920,1920,1920-1920,,EDC_1920_134,FALSE,FALSE
EDCPT_8151,PRESENT_AT,Teacher at,EDCT_435,,,1916,1916,1916-1916,,EDC_1916_27,FALSE,FALSE
EDCPT_7902,PRESENT_AT,Teacher at,EDCT_442,,,1918,1918,1918-1918,,EDC_1918_24,FALSE,FALSE
EDCPT_8324,PRESENT_AT,Teacher at,EDCT_444,,,1917,1917,1917-1917,,EDC_1917_27,FALSE,FALSE
EDCPT_12283,PRESENT_AT,Teacher at,EDCT_447,,,1920,1920,1920-1920,,EDC_1920_100,FALSE,FALSE
EDCPT_9029,PRESENT_AT,Teacher at,EDCT_448,,,1916,1916,1916-1916,,EDC_1916_47,FALSE,FALSE
EDCPT_9035,PRESENT_AT,Teacher at,EDCT_448,,,1918,1918,1918-1918,,EDC_1918_56,FALSE,FALSE
EDCPT_10886,PRESENT_AT,Teacher at,EDCT_450,,,1920,1920,1920-1920,,EDC_1920_124,FALSE,FALSE
EDCPT_10897,PRESENT_AT,Teacher at,EDCT_450,,,1920,1920,1920-1920,,EDC_1920_125,FALSE,FALSE
EDCPT_11032,PRESENT_AT,Teacher at,EDCT_455,,,1920,1920,1920-1920,,EDC_1920_130,FALSE,FALSE
EDCPT_11099,PRESENT_AT,Teacher at,EDCT_458,,,1920,1920,1920-1920,,EDC_1920_132,FALSE,FALSE
EDCPT_11214,PRESENT_AT,Teacher at,EDCT_460,,,1917,1917,1917-1917,Teacher of French,EDC_1917_90,FALSE,FALSE
EDCPT_11169,PRESENT_AT,Teacher at,EDCT_462,,,1920,1920,1920-1920,,EDC_1920_134,FALSE,FALSE
EDCPT_8914,PRESENT_AT,Teacher at,EDCT_463,,,1918,1918,1918-1918,,EDC_1918_53,FALSE,FALSE
EDCPT_8487,PRESENT_AT,Teacher at,EDCT_464,,,1918,1918,1918-1918,,EDC_1918_41,FALSE,FALSE
EDCPT_9024,PRESENT_AT,Teacher at,EDCT_465,,,1916,1916,1916-1916,,EDC_1916_47,FALSE,FALSE
EDCPT_9313,PRESENT_AT,Teacher at,EDCT_469,,,1918,1918,1918-1918,,EDC_1918_63,FALSE,FALSE
EDCPT_12060,PRESENT_AT,Teacher at,EDCT_471,,,1917,1917,1917-1917,,EDC_1917_112,FALSE,FALSE
EDCPT_11423,PRESENT_AT,Teacher at,EDCT_475,,,1920,1920,1920-1920,,EDC_1920_142,FALSE,FALSE
EDCPT_8885,PRESENT_AT,Teacher at,EDCT_475,,,1920,1920,1920-1920,,EDC_1920_59,FALSE,FALSE
EDCPT_9446,PRESENT_AT,Teacher at,EDCT_475,,,1918,1918,1918-1918,,EDC_1918_67,FALSE,FALSE
EDCPT_11203,PRESENT_AT,Teacher at,EDCT_476,,,1920,1920,1920-1920,,EDC_1920_135,FALSE,FALSE
EDCPT_10724,PRESENT_AT,Teacher at,EDCT_477,,,1920,1920,1920-1920,,EDC_1920_119,FALSE,FALSE
EDCPT_11133,PRESENT_AT,Teacher at,EDCT_477,,,1918,1918,1918-1918,,EDC_1918_115,FALSE,FALSE
EDCPT_7348,PRESENT_AT,Teacher at,EDCT_482,,,1918,1918,1918-1918,,EDC_1918_10,FALSE,FALSE
EDCPT_8428,PRESENT_AT,Teacher at,EDCT_482,,,1918,1918,1918-1918,,EDC_1918_38,FALSE,FALSE
EDCPT_8508,PRESENT_AT,Teacher at,EDCT_482,,,1917,1917,1917-1917,,EDC_1917_32,FALSE,FALSE
EDCPT_8514,PRESENT_AT,Teacher at,EDCT_482,,,1918,1918,1918-1918,,EDC_1918_41,FALSE,FALSE
EDCPT_8599,PRESENT_AT,Teacher at,EDCT_482,,,1918,1918,1918-1918,,EDC_1918_43,FALSE,FALSE
EDCPT_9273,PRESENT_AT,Teacher at,EDCT_482,,,1918,1918,1918-1918,,EDC_1918_62,FALSE,FALSE
EDCPT_10668,PRESENT_AT,Teacher at,EDCT_486,,,1920,1920,1920-1920,,EDC_1920_116,FALSE,FALSE
EDCPT_10667,PRESENT_AT,Teacher at,EDCT_487,,,1920,1920,1920-1920,,EDC_1920_117,FALSE,FALSE
EDCPT_12262,PRESENT_AT,Teacher at,EDCT_489,,,1918,1918,1918-1918,,EDC_1918_53,FALSE,FALSE
EDCPT_10699,PRESENT_AT,Teacher at,EDCT_490,,,1920,1920,1920-1920,,EDC_1920_118,FALSE,FALSE
EDCPT_10852,PRESENT_AT,Teacher at,EDCT_490,,,1920,1920,1920-1920,,EDC_1920_123,FALSE,FALSE
EDCPT_9650,PRESENT_AT,Teacher at,EDCT_490,,,1920,1920,1920-1920,,EDC_1920_82,FALSE,FALSE
EDCPT_7490,PRESENT_AT,Teacher at,EDCT_495,,,1918,1918,1918-1918,,EDC_1918_15,FALSE,FALSE
EDCPT_8143,PRESENT_AT,Teacher at,EDCT_495,,,1916,1916,1916-1916,,EDC_1916_27,FALSE,FALSE
EDCPT_8144,PRESENT_AT,Teacher at,EDCT_495,,,1917,1917,1917-1917,,EDC_1917_23,FALSE,FALSE
EDCPT_7743,PRESENT_AT,Teacher at,EDCT_497,,,1917,1917,1917-1917,,EDC_1917_16,FALSE,FALSE
EDCPT_7554,PRESENT_AT,Teacher at,EDCT_498,,,1916,1916,1916-1916,,EDC_1916_13,FALSE,FALSE
EDCPT_7598,PRESENT_AT,Teacher at,EDCT_498,,,1916,1916,1916-1916,,EDC_1916_14,FALSE,FALSE
EDCPT_7641,PRESENT_AT,Teacher at,EDCT_498,,,1916,1916,1916-1916,,EDC_1916_16,FALSE,FALSE
EDCPT_10816,PRESENT_AT,Teacher at,EDCT_507,,,1920,1920,1920-1920,,EDC_1920_122,FALSE,FALSE
EDCPT_10831,PRESENT_AT,Teacher at,EDCT_508,,,1920,1920,1920-1920,,EDC_1920_123,FALSE,FALSE
EDCPT_8289,PRESENT_AT,Teacher at,EDCT_515,,,1917,1917,1917-1917,,EDC_1917_26,FALSE,FALSE
EDCPT_8124,PRESENT_AT,Teacher at,EDCT_517,,,1918,1918,1918-1918,,EDC_1918_30,FALSE,FALSE
EDCPT_7125,PRESENT_AT,Teacher at,EDCT_531,,,1916,1916,1916-1916,,EDC_1916_03,FALSE,FALSE
EDCPT_9193,PRESENT_AT,Teacher at,EDCT_531,,,1917,1917,1917-1917,,EDC_1917_46,FALSE,FALSE
EDCPT_11648,PRESENT_AT,Teacher at,EDCT_535,,,1917,1917,1917-1917,,EDC_1917_102,FALSE,FALSE
EDCPT_9507,PRESENT_AT,Teacher at,EDCT_539,,,1917,1917,1917-1917,,EDC_1917_54,FALSE,FALSE
EDCPT_10990,PRESENT_AT,Teacher at,EDCT_540,,,1914,1914,1914-1914,,EDC_1914_28,FALSE,FALSE
EDCPT_8502,PRESENT_AT,Teacher at,EDCT_540,,,1917,1917,1917-1917,,EDC_1917_31,FALSE,FALSE
EDCPT_10944,PRESENT_AT,Teacher at,EDCT_541,,,1914,1914,1914-1914,,EDC_1914_27,FALSE,FALSE
EDCPT_11264,PRESENT_AT,Teacher at,EDCT_542,,,1916,1916,1916-1916,,EDC_1916_99,FALSE,FALSE
EDCPT_7231,PRESENT_AT,Teacher at,EDCT_543,,,1916,1916,1916-1916,,EDC_1916_06,FALSE,FALSE
EDCPT_9987,PRESENT_AT,Teacher at,EDCT_546,,,1918,1918,1918-1918,,EDC_1918_79,FALSE,FALSE
EDCPT_11685,PRESENT_AT,Teacher at,EDCT_549,,,1917,1917,1917-1917,,EDC_1917_102,FALSE,FALSE
EDCPT_9727,PRESENT_AT,Teacher at,EDCT_550,,,1918,1918,1918-1918,,EDC_1918_74,FALSE,FALSE
EDCPT_8139,PRESENT_AT,Teacher at,EDCT_553,,,1916,1916,1916-1916,,EDC_1916_27,FALSE,FALSE
EDCPT_11081,PRESENT_AT,Teacher at,EDCT_557,,,1917,1917,1917-1917,,EDC_1917_87,FALSE,FALSE
EDCPT_11799,PRESENT_AT,Teacher at,EDCT_557,,,1917,1917,1917-1917,,EDC_1917_104,FALSE,FALSE
EDCPT_8211,PRESENT_AT,Teacher at,EDCT_557,,,1916,1916,1916-1916,,EDC_1916_29,FALSE,FALSE
EDCPT_8516,PRESENT_AT,Teacher at,EDCT_557,,,1918,1918,1918-1918,,EDC_1918_41,FALSE,FALSE
EDCPT_11357,PRESENT_AT,Teacher at,EDCT_560,,,1917,1917,1917-1917,,EDC_1917_92,FALSE,FALSE
EDCPT_8369,PRESENT_AT,Teacher at,EDCT_560,,,1917,1917,1917-1917,,EDC_1917_27,FALSE,TRUE
EDCPT_8722,PRESENT_AT,Teacher at,EDCT_560,,,1916,1916,1916-1916,,EDC_1916_40,FALSE,FALSE
EDCPT_9695,PRESENT_AT,Teacher at,EDCT_560,,,1917,1917,1917-1917,,EDC_1917_57,FALSE,FALSE
EDCPT_8525,PRESENT_AT,Teacher at,EDCT_565,,,1916,1916,1916-1916,,EDC_1916_36,FALSE,FALSE
EDCPT_8698,PRESENT_AT,Teacher at,EDCT_565,,,1916,1916,1916-1916,,EDC_1916_40,FALSE,FALSE
EDCPT_8953,PRESENT_AT,Teacher at,EDCT_565,,,1916,1916,1916-1916,,EDC_1916_46,FALSE,FALSE
EDCPT_9046,PRESENT_AT,Teacher at,EDCT_565,,,1916,1916,1916-1916,,EDC_1916_47,FALSE,FALSE
EDCPT_7438,PRESENT_AT,Teacher at,EDCT_568,,,1917,1917,1917-1917,,EDC_1917_11,FALSE,FALSE
EDCPT_8499,PRESENT_AT,Teacher at,EDCT_568,,,1917,1917,1917-1917,,EDC_1917_31,FALSE,FALSE
EDCPT_7457,PRESENT_AT,Teacher at,EDCT_569,,,1917,1917,1917-1917,,EDC_1917_12,FALSE,FALSE
EDCPT_11143,PRESENT_AT,Teacher at,EDCT_570,,,1917,1917,1917-1917,,EDC_1917_88,FALSE,FALSE
EDCPT_11267,PRESENT_AT,Teacher at,EDCT_570,,,1916,1916,1916-1916,,EDC_1916_99,FALSE,FALSE
EDCPT_7467,PRESENT_AT,Teacher at,EDCT_570,,,1917,1917,1917-1917,,EDC_1917_12,FALSE,FALSE
EDCPT_7831,PRESENT_AT,Teacher at,EDCT_570,,,1916,1916,1916-1916,,EDC_1916_20,FALSE,FALSE
EDCPT_9165,PRESENT_AT,Teacher at,EDCT_572,,,1916,1916,1916-1916,,EDC_1916_49,FALSE,FALSE
EDCPT_7636,PRESENT_AT,Teacher at,EDCT_577,,,1917,1917,1917-1917,,EDC_1917_15,FALSE,FALSE
EDCPT_7088,PRESENT_AT,Teacher at,EDCT_579,,,1916,1916,1916-1916,,EDC_1916_02,FALSE,FALSE
EDCPT_7599,PRESENT_AT,Teacher at,EDCT_579,,,1916,1916,1916-1916,,EDC_1916_14;EDC_1914_5,FALSE,FALSE
EDCPT_7688,PRESENT_AT,Teacher at,EDCT_579,,,1917,1917,1917-1917,,EDC_1917_15,FALSE,FALSE
EDCPT_7689,PRESENT_AT,Teacher at,EDCT_579,,,1916,1916,1916-1916,,EDC_1916_16,FALSE,FALSE
EDCPT_7800,PRESENT_AT,Teacher at,EDCT_579,,,1916,1916,1916-1916,,EDC_1916_19,FALSE,FALSE
EDCPT_7801,PRESENT_AT,Teacher at,EDCT_579,,,1917,1917,1917-1917,,EDC_1917_17,FALSE,FALSE
EDCPT_7816,PRESENT_AT,Teacher at,EDCT_579,,,1917,1917,1917-1917,,EDC_1917_17,FALSE,FALSE
EDCPT_9351,PRESENT_AT,Teacher at,EDCT_586,,,1917,1917,1917-1917,,EDC_1917_50,FALSE,FALSE
EDCPT_9959,PRESENT_AT,Teacher at,EDCT_588,,,1917,1917,1917-1917,,EDC_1917_60,FALSE,FALSE
EDCPT_9534,PRESENT_AT,Teacher at,EDCT_597,,,1917,1917,1917-1917,,EDC_1917_55,FALSE,FALSE
EDCPT_11215,PRESENT_AT,Teacher at,EDCT_602,,,1914,1914,1914-1914,,EDC_1914_30,FALSE,FALSE
EDCPT_11604,PRESENT_AT,Teacher at,EDCT_602,,,1914,1914,1914-1914,,EDC_1914_33,FALSE,FALSE
EDCPT_11927,PRESENT_AT,Teacher at,EDCT_602,,,1914,1914,1914-1914,,EDC_1914_36,FALSE,FALSE
EDCPT_8000,PRESENT_AT,Teacher at,EDCT_603,,,1917,1917,1917-1917,,EDC_1917_20,FALSE,TRUE
EDCPT_8054,PRESENT_AT,Teacher at,EDCT_603,,,1917,1917,1917-1917,,EDC_1917_21,FALSE,FALSE
EDCPT_11086,PRESENT_AT,Teacher at,EDCT_614,,,1917,1917,1917-1917,,EDC_1917_87,FALSE,FALSE
EDCPT_11676,PRESENT_AT,Teacher at,EDCT_617,,,1917,1917,1917-1917,,EDC_1917_101,FALSE,FALSE
EDCPT_12208,PRESENT_AT,Teacher at,EDCT_618,,,1917,1917,1917-1917,,EDC_1917_115,FALSE,FALSE
EDCPT_8021,PRESENT_AT,Teacher at,EDCT_618,,,1916,1916,1916-1916,,EDC_1916_24,FALSE,FALSE
EDCPT_8032,PRESENT_AT,Teacher at,EDCT_618,,,1917,1917,1917-1917,,EDC_1917_22,FALSE,FALSE
EDCPT_11033,PRESENT_AT,Teacher at,EDCT_624,,,1917,1917,1917-1917,,EDC_1917_85,FALSE,FALSE
EDCPT_7802,PRESENT_AT,Teacher at,EDCT_636,,,1916,1916,1916-1916,,EDC_1916_19,FALSE,FALSE
EDCPT_8427,PRESENT_AT,Teacher at,EDCT_636,,,1916,1916,1916-1916,,EDC_1916_34,FALSE,FALSE
EDCPT_12141,PRESENT_AT,Teacher at,EDCT_638,,,1914,1914,1914-1914,,EDC_1914_37,FALSE,FALSE
EDCPT_11671,PRESENT_AT,Teacher at,EDCT_645,,,1914,1914,1914-1914,,EDC_1914_33,FALSE,FALSE
EDCPT_11294,PRESENT_AT,Teacher at,EDCT_650,,,1916,1916,1916-1916,,EDC_1916_100,FALSE,FALSE
EDCPT_11583,PRESENT_AT,Teacher at,EDCT_670,,,1914,1914,1914-1914,,EDC_1914_32,FALSE,FALSE
EDCPT_11736,PRESENT_AT,Teacher at,EDCT_671,,,1914,1914,1914-1914,,EDC_1914_34,FALSE,FALSE
EDCPT_9783,PRESENT_AT,Teacher at,EDCT_679,,,1917,1917,1917-1917,,EDC_1917_58,FALSE,FALSE
EDCPT_11276,PRESENT_AT,Teacher at,EDCT_680,,,1917,1917,1917-1917,,EDC_1917_91,FALSE,FALSE
EDCPT_11349,PRESENT_AT,Teacher at,EDCT_695,,,1914,1914,1914-1914,,EDC_1914_31,FALSE,FALSE
EDCPT_9802,PRESENT_AT,Teacher at,EDCT_697,,,1917,1917,1917-1917,,EDC_1917_58,FALSE,FALSE
EDCPT_9704,PRESENT_AT,Teacher at,EDCT_781,,,1917,1917,1917-1917,,EDC_1917_59,FALSE,FALSE
EDCPT_9851,PRESENT_AT,Teacher at,EDCT_781,,,1917,1917,1917-1917,,EDC_1917_58,FALSE,FALSE
EDCPT_8322,PRESENT_AT,Teacher at,EDCT_788,,,1917,1917,1917-1917,,EDC_1917_27,FALSE,FALSE
EDCPT_8331,PRESENT_AT,Teacher at,EDCT_788,,,1917,1917,1917-1917,,EDC_1917_27,FALSE,FALSE
EDCPT_8824,PRESENT_AT,Teacher at,EDCT_788,,,1916,1916,1916-1916,,EDC_1916_43,FALSE,FALSE
EDCPT_11392,PRESENT_AT,Teacher at,EDCT_792,,,1914,1914,1914-1914,,EDC_1914_31,FALSE,FALSE
EDCPT_9025,PRESENT_AT,Teacher at,EDCT_818,,,1916,1916,1916-1916,,EDC_1916_47,FALSE,FALSE
EDCPT_9554,PRESENT_AT,Teacher at,EDCT_826,,,1917,1917,1917-1917,,EDC_1917_55,FALSE,FALSE
EDCPT_9652,PRESENT_AT,Teacher at,EDCT_826,,,1917,1917,1917-1917,,EDC_1917_55,FALSE,FALSE
EDCPT_9003,PRESENT_AT,Teacher at,EDCT_830,,,1917,1917,1917-1917,,EDC_1917_43,FALSE,FALSE
EDCPT_8780,PRESENT_AT,Teacher at,EDCT_849,,,1916,1916,1916-1916,,EDC_1916_42;EDC_1914_13,FALSE,FALSE
EDCPT_11330,PRESENT_AT,Teacher at,EDCT_862,,,1917,1917,1917-1917,,EDC_1917_92,FALSE,FALSE
EDCPT_11614,PRESENT_AT,Teacher at,EDCT_862,,,1917,1917,1917-1917,,EDC_1917_99,FALSE,FALSE
EDCPT_11962,PRESENT_AT,Teacher at,EDCT_863,,,1914,1914,1914-1914,,EDC_1914_36,FALSE,FALSE
EDCPT_11489,PRESENT_AT,Teacher at,EDCT_884,,,1914,1914,1914-1914,,EDC_1914_32,FALSE,FALSE
EDCPT_9785,PRESENT_AT,Teacher at,EDCT_885,,,1917,1917,1917-1917,,EDC_1917_58,FALSE,FALSE
EDCPT_11226,PRESENT_AT,Teacher at,EDCT_887,,,1914,1914,1914-1914,,EDC_1914_30,FALSE,FALSE
EDCPT_8290,PRESENT_AT,Teacher at,EDCT_897,,,1917,1917,1917-1917,,EDC_1917_26,FALSE,FALSE
EDCPT_10621,PRESENT_AT,Teacher at,EDCT_919,,,1914,1914,1914-1914,,EDC_1914_24,FALSE,FALSE
EDCPT_11733,PRESENT_AT,Teacher at,EDCT_919,,,1914,1914,1914-1914,,EDC_1914_34,FALSE,FALSE
EDCPT_11734,PRESENT_AT,Teacher at,EDCT_919,,,1914,1914,1914-1914,,EDC_1914_34,FALSE,FALSE
EDCPT_8676,PRESENT_AT,Teacher at,EDCT_935,,,1916,1916,1916-1916,,EDC_1916_39,FALSE,FALSE
EDCPT_9213,PRESENT_AT,Teacher at,EDCT_935,,,1916,1916,1916-1916,,EDC_1916_51,FALSE,FALSE
EDCPT_9216,PRESENT_AT,Teacher at,EDCT_935,,,1916,1916,1916-1916,,EDC_1916_51,FALSE,FALSE
EDCPT_10647,PRESENT_AT,Teacher at,EDCT_942,,,1917,1917,1917-1917,,EDC_1917_75,FALSE,FALSE
EDCPT_11045,PRESENT_AT,Teacher at,EDCT_942,,,1917,1917,1917-1917,Teacher of Biblical knowledge,EDC_1917_86,FALSE,FALSE
EDCPT_11232,PRESENT_AT,Teacher at,EDCT_942,,,1916,1916,1916-1916,,EDC_1916_99,FALSE,FALSE
EDCPT_9515,PRESENT_AT,Teacher at.,EDCT_740,,,1917,1917,1917-1917,,EDC_1917_54,FALSE,FALSE
EDCPT_11054,PRESENT_AT,Teacher in,EDCT_004,,,1918,1918,1918-1918,,EDC_1918_113,FALSE,FALSE
EDCPT_9716,PRESENT_AT,Teacher in,EDCT_008,,,1916,1916,1916-1916,,EDC_1916_62,FALSE,FALSE
EDCPT_11149,PRESENT_AT,Teacher in,EDCT_010,,,1918,1918,1918-1918,,EDC_1918_116,FALSE,FALSE
EDCPT_11617,PRESENT_AT,Teacher in,EDCT_017,,,1918,1918,1918-1918,,EDC_1918_129,FALSE,FALSE
EDCPT_11096,PRESENT_AT,Teacher in,EDCT_018,,,1918,1918,1918-1918,,EDC_1918_116,FALSE,FALSE
EDCPT_9725,PRESENT_AT,Teacher in,EDCT_024,,,1916,1916,1916-1916,,EDC_1916_62,FALSE,FALSE
EDCPT_8664,PRESENT_AT,Teacher in,EDCT_025,,,1918,1918,1918-1918,,EDC_1918_45,FALSE,FALSE
EDCPT_11188,PRESENT_AT,Teacher in,EDCT_026,,,1918,1918,1918-1918,,EDC_1918_117,FALSE,FALSE
EDCPT_7138,PRESENT_AT,Teacher in,EDCT_026,,,1917,1917,1917-1917,,EDC_1917_4,FALSE,FALSE
EDCPT_7414,PRESENT_AT,Teacher in,EDCT_028,,,1917,1917,1917-1917,,EDC_1917_10,FALSE,FALSE
EDCPT_9477,PRESENT_AT,Teacher in,EDCT_028,,,1916,1916,1916-1916,,EDC_1916_57,FALSE,FALSE
EDCPT_7144,PRESENT_AT,Teacher in,EDCT_029,,,1917,1917,1917-1917,,EDC_1917_4,FALSE,FALSE
EDCPT_11087,PRESENT_AT,Teacher in,EDCT_037,,,1918,1918,1918-1918,,EDC_1918_114,FALSE,FALSE
EDCPT_7128,PRESENT_AT,Teacher in,EDCT_038,,,1917,1917,1917-1917,,EDC_1917_3,FALSE,FALSE
EDCPT_7327,PRESENT_AT,Teacher in,EDCT_041,,,1917,1917,1917-1917,,EDC_1917_8,FALSE,FALSE
EDCPT_9566,PRESENT_AT,Teacher in,EDCT_054,,,1916,1916,1916-1916,,EDC_1916_58,FALSE,FALSE
EDCPT_9800,PRESENT_AT,Teacher in,EDCT_054,,,1916,1916,1916-1916,,EDC_1916_63,FALSE,FALSE
EDCPT_9858,PRESENT_AT,Teacher in,EDCT_061,,,1916,1916,1916-1916,,EDC_1916_64,FALSE,FALSE
EDCPT_7291,PRESENT_AT,Teacher in,EDCT_071,,,1917,1917,1917-1917,,EDC_1917_8,FALSE,FALSE
EDCPT_9806,PRESENT_AT,Teacher in,EDCT_071,,,1916,1916,1916-1916,,EDC_1916_63,FALSE,FALSE
EDCPT_9250,PRESENT_AT,Teacher in,EDCT_077,,,1916,1916,1916-1916,,EDC_1916_52,FALSE,FALSE
EDCPT_9540,PRESENT_AT,Teacher in,EDCT_085,,,1916,1916,1916-1916,,EDC_1916_58,FALSE,FALSE
EDCPT_9751,PRESENT_AT,Teacher in,EDCT_085,,,1916,1916,1916-1916,,EDC_1916_62,FALSE,FALSE
EDCPT_9761,PRESENT_AT,Teacher in,EDCT_085,,,1916,1916,1916-1916,,EDC_1916_63,FALSE,FALSE
EDCPT_9808,PRESENT_AT,Teacher in,EDCT_085,,,1916,1916,1916-1916,,EDC_1916_64,FALSE,FALSE
EDCPT_9822,PRESENT_AT,Teacher in,EDCT_085,,,1916,1916,1916-1916,,EDC_1916_64,FALSE,FALSE
EDCPT_9963,PRESENT_AT,Teacher in,EDCT_094,,,1916,1916,1916-1916,,EDC_1916_67,FALSE,FALSE
EDCPT_9888,PRESENT_AT,Teacher in,EDCT_095,,,1916,1916,1916-1916,,EDC_1916_65,FALSE,FALSE
EDCPT_7364,PRESENT_AT,Teacher in,EDCT_100,,,1917,1917,1917-1917,,EDC_1917_9,FALSE,FALSE
EDCPT_11952,PRESENT_AT,Teacher in,EDCT_101,,,1918,1918,1918-1918,On furlough in 1918,EDC_1918_141,FALSE,FALSE
EDCPT_9855,PRESENT_AT,Teacher in,EDCT_107,,,1916,1916,1916-1916,,EDC_1916_64,FALSE,FALSE
EDCPT_11161,PRESENT_AT,Teacher in,EDCT_118,,,1918,1918,1918-1918,,EDC_1918_116,FALSE,FALSE
EDCPT_9634,PRESENT_AT,Teacher in,EDCT_127,,,1916,1916,1916-1916,,EDC_1916_60,FALSE,FALSE
EDCPT_11993,PRESENT_AT,Teacher in,EDCT_135,,,1918,1918,1918-1918,,EDC_1918_142,FALSE,FALSE
EDCPT_11800,PRESENT_AT,Teacher in,EDCT_139,,,1918,1918,1918-1918,,EDC_1918_135,FALSE,FALSE
EDCPT_11737,PRESENT_AT,Teacher in,EDCT_161,,,1918,1918,1918-1918,,EDC_1918_134,FALSE,FALSE
EDCPT_11143,PRESENT_AT,Teacher in,EDCT_162,,,1918,1918,1918-1918,,EDC_1918_116,FALSE,FALSE
EDCPT_9722,PRESENT_AT,Teacher in,EDCT_162,,,1916,1916,1916-1916,,EDC_1916_62,FALSE,FALSE
EDCPT_11486,PRESENT_AT,Teacher in,EDCT_167,,,1918,1918,1918-1918,,EDC_1918_125,FALSE,FALSE
EDCPT_11487,PRESENT_AT,Teacher in,EDCT_167,,,1918,1918,1918-1918,,EDC_1918_125,FALSE,FALSE
EDCPT_9581,PRESENT_AT,Teacher in,EDCT_168,,,1916,1916,1916-1916,,EDC_1916_59,FALSE,FALSE
EDCPT_11080,PRESENT_AT,Teacher in,EDCT_179,,,1918,1918,1918-1918,,EDC_1918_114,FALSE,FALSE
EDCPT_11082,PRESENT_AT,Teacher in,EDCT_179,,,1918,1918,1918-1918,,EDC_1918_114,FALSE,FALSE
EDCPT_9598,PRESENT_AT,Teacher in,EDCT_179,,,1916,1916,1916-1916,,EDC_1916_59,FALSE,FALSE
EDCPT_11836,PRESENT_AT,Teacher in,EDCT_185,,,1918,1918,1918-1918,,EDC_1918_137,FALSE,FALSE
EDCPT_11529,PRESENT_AT,Teacher in,EDCT_189,,,1918,1918,1918-1918,,EDC_1918_126;EDC_1917_97,FALSE,FALSE
EDCPT_12176,PRESENT_AT,Teacher in,EDCT_189,,,1918,1918,1918-1918,,EDC_1918_148,FALSE,FALSE
EDCPT_12207,PRESENT_AT,Teacher in,EDCT_189,,,1918,1918,1918-1918,,EDC_1918_148,FALSE,FALSE
EDCPT_9644,PRESENT_AT,Teacher in,EDCT_189,,,1916,1916,1916-1916,,EDC_1916_60,FALSE,FALSE
EDCPT_9918,PRESENT_AT,Teacher in,EDCT_189,,,1916,1916,1916-1916,,EDC_1916_66,FALSE,FALSE
EDCPT_9538,PRESENT_AT,Teacher in,EDCT_195,,,1916,1916,1916-1916,,EDC_1916_58,FALSE,FALSE
EDCPT_11186,PRESENT_AT,Teacher in,EDCT_199,,,1918,1918,1918-1918,,EDC_1918_117,FALSE,FALSE
EDCPT_11216,PRESENT_AT,Teacher in,EDCT_199,,,1918,1918,1918-1918,,EDC_1918_118,FALSE,FALSE
EDCPT_11280,PRESENT_AT,Teacher in,EDCT_199,,,1918,1918,1918-1918,,EDC_1918_119,FALSE,FALSE
EDCPT_11419,PRESENT_AT,Teacher in,EDCT_199,,,1918,1918,1918-1918,,EDC_1918_122,FALSE,FALSE
EDCPT_11534,PRESENT_AT,Teacher in,EDCT_199,,,1918,1918,1918-1918,,EDC_1918_126,FALSE,FALSE
EDCPT_11904,PRESENT_AT,Teacher in,EDCT_199,,,1918,1918,1918-1918,,EDC_1918_141,FALSE,FALSE
EDCPT_11916,PRESENT_AT,Teacher in,EDCT_199,,,1918,1918,1918-1918,,EDC_1918_141,FALSE,FALSE
EDCPT_12097,PRESENT_AT,Teacher in,EDCT_199,,,1918,1918,1918-1918,,EDC_1918_145,FALSE,FALSE
EDCPT_11537,PRESENT_AT,Teacher in,EDCT_204,,,1918,1918,1918-1918,,EDC_1918_126;EDC_1917_97,FALSE,FALSE
EDCPT_9945,PRESENT_AT,Teacher in,EDCT_207,,,1916,1916,1916-1916,,EDC_1916_66,FALSE,FALSE
EDCPT_9465,PRESENT_AT,Teacher in,EDCT_225,,,1916,1916,1916-1916,,EDC_1916_56,FALSE,FALSE
EDCPT_9468,PRESENT_AT,Teacher in,EDCT_225,,,1916,1916,1916-1916,,EDC_1916_56,FALSE,FALSE
EDCPT_11796,PRESENT_AT,Teacher in,EDCT_238,,,1918,1918,1918-1918,,EDC_1918_135,FALSE,FALSE
EDCPT_9769,PRESENT_AT,Teacher in,EDCT_244,,,1916,1916,1916-1916,,EDC_1916_63,FALSE,FALSE
EDCPT_11132,PRESENT_AT,Teacher in,EDCT_264,,,1918,1918,1918-1918,,EDC_1918_115,FALSE,FALSE
EDCPT_12112,PRESENT_AT,Teacher in,EDCT_274,,,1918,1918,1918-1918,,EDC_1918_146,FALSE,FALSE
EDCPT_9955,PRESENT_AT,Teacher in,EDCT_278,,,1916,1916,1916-1916,,EDC_1916_67,FALSE,FALSE
EDCPT_9670,PRESENT_AT,Teacher in,EDCT_279,,,1916,1916,1916-1916,,EDC_1916_61,FALSE,FALSE
EDCPT_11575,PRESENT_AT,Teacher in,EDCT_288,,,1918,1918,1918-1918,,EDC_1918_127,FALSE,FALSE
EDCPT_10996,PRESENT_AT,Teacher in,EDCT_291,,,1918,1918,1918-1918,,EDC_1918_111,FALSE,FALSE
EDCPT_11074,PRESENT_AT,Teacher in,EDCT_294,,,1918,1918,1918-1918,,EDC_1918_113,FALSE,FALSE
EDCPT_7350,PRESENT_AT,Teacher in,EDCT_303,,,1917,1917,1917-1917,,EDC_1917_9,FALSE,FALSE
EDCPT_11088,PRESENT_AT,Teacher in,EDCT_305,,,1918,1918,1918-1918,,EDC_1918_114,FALSE,FALSE
EDCPT_11511,PRESENT_AT,Teacher in,EDCT_306,,,1918,1918,1918-1918,Teacher in the Evening School,EDC_1918_125,FALSE,FALSE
EDCPT_12143,PRESENT_AT,Teacher in,EDCT_316,,,1918,1918,1918-1918,,EDC_1918_147,FALSE,FALSE
EDCPT_11118,PRESENT_AT,Teacher in,EDCT_320,,,1918,1918,1918-1918,,EDC_1918_115,FALSE,FALSE
EDCPT_11339,PRESENT_AT,Teacher in,EDCT_320,,,1918,1918,1918-1918,,EDC_1918_119,FALSE,FALSE
EDCPT_11320,PRESENT_AT,Teacher in,EDCT_331,,,1918,1918,1918-1918,,EDC_1918_119,FALSE,FALSE
EDCPT_11592,PRESENT_AT,Teacher in,EDCT_332,,,1918,1918,1918-1918,**Might be Primary School -- not specified,EDC_1918_128,FALSE,FALSE
EDCPT_11067,PRESENT_AT,Teacher in,EDCT_333,,,1918,1918,1918-1918,"**Recorded simply as ""Methodist Girls' School"". Could be ""Canadian Methodist Girls' MIDDLE School (Chengdu)""",EDC_1918_113,FALSE,FALSE
EDCPT_11470,PRESENT_AT,Teacher in,EDCT_340,,,1918,1918,1918-1918,,EDC_1918_124,FALSE,FALSE
EDCPT_11504,PRESENT_AT,Teacher in,EDCT_340,,,1918,1918,1918-1918,,EDC_1918_125,FALSE,FALSE
EDCPT_11549,PRESENT_AT,Teacher in,EDCT_340,,,1918,1918,1918-1918,,EDC_1918_126,FALSE,FALSE
EDCPT_11890,PRESENT_AT,Teacher in,EDCT_348,,,1918,1918,1918-1918,,EDC_1918_139,FALSE,FALSE
EDCPT_11732,PRESENT_AT,Teacher in,EDCT_363,,,1918,1918,1918-1918,,EDC_1918_132,FALSE,FALSE
EDCPT_9993,PRESENT_AT,Teacher in,EDCT_378,,,1916,1916,1916-1916,,EDC_1916_68,FALSE,FALSE
EDCPT_11092,PRESENT_AT,Teacher in,EDCT_380,,,1918,1918,1918-1918,,EDC_1918_114,FALSE,FALSE
EDCPT_12204,PRESENT_AT,Teacher in,EDCT_401,,,1918,1918,1918-1918,,EDC_1918_148,FALSE,FALSE
EDCPT_12144,PRESENT_AT,Teacher in,EDCT_404,,,1918,1918,1918-1918,,EDC_1918_147,FALSE,FALSE
EDCPT_9310,PRESENT_AT,Teacher in,EDCT_444,,,1916,1916,1916-1916,,EDC_1916_53,FALSE,FALSE
EDCPT_9326,PRESENT_AT,Teacher in,EDCT_444,,,1916,1916,1916-1916,,EDC_1916_54,FALSE,FALSE
EDCPT_9653,PRESENT_AT,Teacher in,EDCT_448,,,1916,1916,1916-1916,,EDC_1916_60,FALSE,FALSE
EDCPT_11363,PRESENT_AT,Teacher in,EDCT_457,,,1918,1918,1918-1918,,EDC_1918_120,FALSE,FALSE
EDCPT_11677,PRESENT_AT,Teacher in,EDCT_463,,,1918,1918,1918-1918,"*Need to confirm school— listed as ""Higher Normal School"" in Moukden",EDC_1918_131,FALSE,FALSE
EDCPT_10931,PRESENT_AT,Teacher in,EDCT_481,,,1918,1918,1918-1918,,EDC_1918_108,FALSE,FALSE
EDCPT_11369,PRESENT_AT,Teacher in,EDCT_482,,,1918,1918,1918-1918,,EDC_1918_121,FALSE,FALSE
EDCPT_7284,PRESENT_AT,Teacher in,EDCT_482,,,1917,1917,1917-1917,,EDC_1917_8,FALSE,FALSE
EDCPT_12135,PRESENT_AT,Teacher in,EDCT_495,,,1918,1918,1918-1918,,EDC_1918_147,FALSE,FALSE
EDCPT_12171,PRESENT_AT,Teacher in,EDCT_495,,,1918,1918,1918-1918,,EDC_1918_148,FALSE,FALSE
EDCPT_9735,PRESENT_AT,Teacher in,EDCT_510,,,1916,1916,1916-1916,,EDC_1916_62,FALSE,FALSE
EDCPT_9755,PRESENT_AT,Teacher in,EDCT_510,,,1916,1916,1916-1916,,EDC_1916_63,FALSE,FALSE
EDCPT_11084,PRESENT_AT,Teacher in,EDCT_512,,,1918,1918,1918-1918,,EDC_1918_114,FALSE,FALSE
EDCPT_11717,PRESENT_AT,Teacher in,EDCT_535,,,1918,1918,1918-1918,,EDC_1918_132,FALSE,FALSE
EDCPT_9662,PRESENT_AT,Teacher in,EDCT_540,,,1916,1916,1916-1916,,EDC_1916_61,FALSE,FALSE
EDCPT_12070,PRESENT_AT,Teacher in,EDCT_546,,,1918,1918,1918-1918,,EDC_1918_144,FALSE,FALSE
EDCPT_9486,PRESENT_AT,Teacher in,EDCT_549,,,1916,1916,1916-1916,,EDC_1916_57,FALSE,FALSE
EDCPT_12116,PRESENT_AT,Teacher in,EDCT_550,,,1918,1918,1918-1918,,EDC_1918_146,FALSE,FALSE
EDCPT_11371,PRESENT_AT,Teacher in,EDCT_552,,,1918,1918,1918-1918,,EDC_1918_121,FALSE,FALSE
EDCPT_11081,PRESENT_AT,Teacher in,EDCT_557,,,1918,1918,1918-1918,,EDC_1918_114,FALSE,FALSE
EDCPT_11518,PRESENT_AT,Teacher in,EDCT_557,,,1918,1918,1918-1918,,EDC_1918_125;EDC_1917_96,FALSE,FALSE
EDCPT_7389,PRESENT_AT,Teacher in,EDCT_560,,,1917,1917,1917-1917,,EDC_1917_10,FALSE,FALSE
EDCPT_11643,PRESENT_AT,Teacher in,EDCT_565,,,1918,1918,1918-1918,,EDC_1918_130,FALSE,FALSE
EDCPT_11848,PRESENT_AT,Teacher in,EDCT_565,,,1918,1918,1918-1918,,EDC_1918_137,FALSE,FALSE
EDCPT_10929,PRESENT_AT,Teacher in,EDCT_570,,,1918,1918,1918-1918,,EDC_1918_108,FALSE,FALSE
EDCPT_9485,PRESENT_AT,Teacher in,EDCT_570,,,1916,1916,1916-1916,,EDC_1916_57,FALSE,FALSE
EDCPT_10959,PRESENT_AT,Teacher in,EDCT_573,,,1918,1918,1918-1918,,EDC_1918_109,FALSE,FALSE
EDCPT_9342,PRESENT_AT,Teacher in,EDCT_579,,,1916,1916,1916-1916,,EDC_1916_54,FALSE,FALSE
EDCPT_9805,PRESENT_AT,Teacher in,EDCT_579,,,1916,1916,1916-1916,,EDC_1916_63,FALSE,FALSE
EDCPT_9825,PRESENT_AT,Teacher in,EDCT_579,,,1916,1916,1916-1916,,EDC_1916_64,FALSE,FALSE
EDCPT_9531,PRESENT_AT,Teacher in,EDCT_600,,,1916,1916,1916-1916,,EDC_1916_58,FALSE,FALSE
EDCPT_9532,PRESENT_AT,Teacher in,EDCT_600,,,1916,1916,1916-1916,,EDC_1916_58,FALSE,FALSE
EDCPT_11043,PRESENT_AT,Teacher in,EDCT_604,,,1918,1918,1918-1918,,EDC_1918_112,FALSE,FALSE
EDCPT_11137,PRESENT_AT,Teacher in,EDCT_604,,,1918,1918,1918-1918,,EDC_1918_115,FALSE,FALSE
EDCPT_9636,PRESENT_AT,Teacher in,EDCT_614,,,1916,1916,1916-1916,,EDC_1916_60,FALSE,FALSE
EDCPT_9961,PRESENT_AT,Teacher in,EDCT_614,,,1916,1916,1916-1916,,EDC_1916_67,FALSE,FALSE
EDCPT_10917,PRESENT_AT,Teacher in,EDCT_616,,,1918,1918,1918-1918,,EDC_1918_108,FALSE,FALSE
EDCPT_11829,PRESENT_AT,Teacher in,EDCT_616,,,1918,1918,1918-1918,,EDC_1918_136,FALSE,FALSE
EDCPT_10898,PRESENT_AT,Teacher in,EDCT_620,,,1918,1918,1918-1918,,EDC_1918_107,FALSE,FALSE
EDCPT_10965,PRESENT_AT,Teacher in,EDCT_620,,,1918,1918,1918-1918,,EDC_1918_110,FALSE,FALSE
EDCPT_11033,PRESENT_AT,Teacher in,EDCT_624,,,1918,1918,1918-1918,,EDC_1918_112,FALSE,FALSE
EDCPT_9827,PRESENT_AT,Teacher in,EDCT_636,,,1916,1916,1916-1916,,EDC_1916_64;EDC_1914_18,FALSE,FALSE
EDCPT_11629,PRESENT_AT,Teacher in,EDCT_650,,,1918,1918,1918-1918,,EDC_1918_129,FALSE,FALSE
EDCPT_11901,PRESENT_AT,Teacher in,EDCT_650,,,1918,1918,1918-1918,Seven years in above school pre-1918,EDC_1918_139,FALSE,FALSE
EDCPT_11943,PRESENT_AT,Teacher in,EDCT_656,,,1918,1918,1918-1918,,EDC_1918_140,FALSE,FALSE
EDCPT_11747,PRESENT_AT,Teacher in,EDCT_680,,,1918,1918,1918-1918,,EDC_1918_133,FALSE,FALSE
EDCPT_12163,PRESENT_AT,Teacher in,EDCT_680,,,1918,1918,1918-1918,,EDC_1918_147,FALSE,FALSE
EDCPT_11969,PRESENT_AT,Teacher in,EDCT_681,,,1918,1918,1918-1918,,EDC_1918_142,FALSE,FALSE
EDCPT_9935,PRESENT_AT,Teacher in,EDCT_724,,,1916,1916,1916-1916,,EDC_1916_66,FALSE,FALSE
EDCPT_9968,PRESENT_AT,Teacher in,EDCT_724,,,1916,1916,1916-1916,,EDC_1916_67,FALSE,FALSE
EDCPT_11845,PRESENT_AT,Teacher in,EDCT_729,,,1918,1918,1918-1918,,EDC_1918_137,FALSE,FALSE
EDCPT_12122,PRESENT_AT,Teacher in,EDCT_740,,,1918,1918,1918-1918,,EDC_1918_146,FALSE,FALSE
EDCPT_12128,PRESENT_AT,Teacher in,EDCT_740,,,1918,1918,1918-1918,,EDC_1918_146,FALSE,FALSE
EDCPT_9913,PRESENT_AT,Teacher in,EDCT_751,,,1916,1916,1916-1916,,EDC_1916_66,FALSE,FALSE
EDCPT_12093,PRESENT_AT,Teacher in,EDCT_769,,,1918,1918,1918-1918,,EDC_1918_145,FALSE,FALSE
EDCPT_12172,PRESENT_AT,Teacher in,EDCT_769,,,1918,1918,1918-1918,,EDC_1918_148,FALSE,FALSE
EDCPT_11541,PRESENT_AT,Teacher in,EDCT_781,,,1918,1918,1918-1918,,EDC_1918_125,FALSE,FALSE
EDCPT_9631,PRESENT_AT,Teacher in,EDCT_781,,,1916,1916,1916-1916,,EDC_1916_60,FALSE,FALSE
EDCPT_11466,PRESENT_AT,Teacher in,EDCT_793,,,1918,1918,1918-1918,,EDC_1918_123,FALSE,FALSE
EDCPT_12147,PRESENT_AT,Teacher in,EDCT_807,,,1918,1918,1918-1918,,EDC_1918_147,FALSE,FALSE
EDCPT_9989,PRESENT_AT,Teacher in,EDCT_821,,,1916,1916,1916-1916,,EDC_1916_67,FALSE,FALSE
EDCPT_9353,PRESENT_AT,Teacher in,EDCT_825,,,1916,1916,1916-1916,,EDC_1916_54,FALSE,FALSE
EDCPT_11884,PRESENT_AT,Teacher in,EDCT_835,,,1918,1918,1918-1918,,EDC_1918_139,FALSE,FALSE
EDCPT_12129,PRESENT_AT,Teacher in,EDCT_858,,,1918,1918,1918-1918,,EDC_1918_146,FALSE,FALSE
EDCPT_12173,PRESENT_AT,Teacher in,EDCT_858,,,1918,1918,1918-1918,,EDC_1918_148,FALSE,FALSE
EDCPT_9259,PRESENT_AT,Teacher in,EDCT_878,,,1916,1916,1916-1916,,EDC_1916_52,FALSE,FALSE
EDCPT_9763,PRESENT_AT,Teacher in,EDCT_908,,,1916,1916,1916-1916,,EDC_1916_62,FALSE,FALSE
EDCPT_9854,PRESENT_AT,Teacher in,EDCT_908,,,1916,1916,1916-1916,,EDC_1916_65,FALSE,FALSE
EDCPT_9881,PRESENT_AT,Teacher in,EDCT_908,,,1916,1916,1916-1916,,EDC_1916_65,FALSE,FALSE
EDCPT_11684,PRESENT_AT,Teacher in,EDCT_916,,,1918,1918,1918-1918,,EDC_1918_131,FALSE,FALSE
EDCPT_9801,PRESENT_AT,Teacher in,EDCT_935,,,1916,1916,1916-1916,,EDC_1916_64,FALSE,FALSE
EDCPT_9561,PRESENT_AT,Teacher in,EDCT_938,,,1916,1916,1916-1916,,EDC_1916_59,FALSE,FALSE
EDCPT_11680,PRESENT_AT,Teacher in,EDCT_960,,,1918,1918,1918-1918,,EDC_1918_131,FALSE,FALSE
EDCPT_11889,PRESENT_AT,Teacher in,EDCT_961,,,1918,1918,1918-1918,,EDC_1918_139,FALSE,FALSE
EDCPT_12037,PRESENT_AT,Teacher in,EDCT_961,,,1918,1918,1918-1918,,EDC_1918_143,FALSE,FALSE
EDCPT_12048,PRESENT_AT,Teacher in,EDCT_961,,,1918,1918,1918-1918,,EDC_1918_144,FALSE,FALSE
EDCPT_9867,PRESENT_AT,Teacher in,EDCT_962,,,1916,1916,1916-1916,,EDC_1916_64,FALSE,FALSE
EDCPT_9875,PRESENT_AT,Teacher in,EDCT_962,,,1916,1916,1916-1916,,EDC_1916_64,FALSE,FALSE
EDCPT_9972,PRESENT_AT,Teacher in,EDCT_963,,,1916,1916,1916-1916,,EDC_1916_67,FALSE,FALSE
EDCPT_11436,PRESENT_AT,Teacher of,EDCT_873,,,1914,1914,1914-1914,,EDC_1914_31,FALSE,FALSE
EDCPT_8465,PRESENT_AT,"Teacher of Algebra, Geometry, Pedagogy, Latin, and English",EDCT_973,,,1914,1914,1914-1914,,EDC_1914_11,FALSE,FALSE
EDCPT_9106,PRESENT_AT,Teacher of Clinics at,EDCT_942,,,1916,1916,1916-1916,,EDC_1916_48,FALSE,FALSE
EDCPT_8841,PRESENT_AT,Teacher of Drill,EDCT_460,,,1916,1916,1916-1916,,EDC_1916_44,FALSE,FALSE
EDCPT_9010,PRESENT_AT,Teacher of English at,EDCT_432,,,1916,1916,1916-1916,,EDC_1916_47,FALSE,FALSE
EDCPT_9835,PRESENT_AT,Teacher of English Subjects,EDCT_945,,,1914,1914,1914-1914,,EDC_1914_18,FALSE,FALSE
EDCPT_12242,PRESENT_AT,Teacher of French,EDCT_876,,,1914,1914,1914-1914,,EDC_1914_14,FALSE,FALSE
EDCPT_12238,PRESENT_AT,"Teacher of German, Drawing, and Music",EDCT_789,,,1914,1914,1914-1914,,EDC_1914_11,FALSE,FALSE
EDCPT_9893,PRESENT_AT,Teacher of History,EDCT_1000,,,1914,1914,1914-1914,,EDC_1916_18,FALSE,FALSE
EDCPT_8574,PRESENT_AT,"Teacher of Pharmacy, etc.",EDCT_980,,,1914,1914,1914-1914,,EDC_1914_12,FALSE,FALSE
EDCPT_8450,PRESENT_AT,"Teacher of Physics, Psychology, and English",EDCT_892,,,1914,1914,1914-1914,,EDC_1914_11,FALSE,FALSE
EDCPT_8123,PRESENT_AT,Teacher r,EDCT_290,,,1918,1918,1918-1918,,EDC_1918_30,FALSE,FALSE
EDCPT_7724,PRESENT_AT,Teachers,EDCT_770,,,1914,1914,1914-1914,,EDC_1914_6,FALSE,FALSE
EDCPT_7292,PRESENT_AT,Teachers’,EDCT_942,,,1914,1914,1914-1914,,EDC_1914_2,FALSE,FALSE
EDCPT_9997,PRESENT_AT,Teracher at,EDCT_301,,,1917,1917,1917-1917,,EDC_1917_60,FALSE,FALSE
EDCPT_8471,PRESENT_AT,Translator at,EDCT_692,,,1917,1917,1917-1917,,EDC_1917_31,FALSE,FALSE
EDCPT_11989,PRESENT_AT,Treasurer at,EDCT_057,,,1920,1920,1920-1920,,EDC_1920_161,FALSE,FALSE
EDCPT_11041,PRESENT_AT,Treasurer at,EDCT_085,,,1917,1917,1917-1917,,EDC_1917_86,FALSE,FALSE
EDCPT_12137,PRESENT_AT,Treasurer at,EDCT_910,,,1914,1914,1914-1914,,EDC_1914_37,FALSE,FALSE
EDCPT_7317,PRESENT_AT,Tutor,EDCT_633,,,1914,1914,1914-1914,,EDC_1914_3,FALSE,FALSE
EDCPT_7427,PRESENT_AT,Tutor,EDCT_634,,,1914,1914,1914-1914,,EDC_1914_4,FALSE,FALSE
EDCPT_11768,PRESENT_AT,Tutor at,EDCT_023,,,1914,1914,1914-1914,,EDC_1914_34,FALSE,FALSE
EDCPT_7373,PRESENT_AT,Tutor at,EDCT_517,,,1916,1916,1916-1916,,EDC_1916_09,FALSE,FALSE
EDCPT_12236,PRESENT_AT,"Tutor in Education, Geography, and Nature Study",EDCT_054,,,1914,1914,1914-1914,,EDC_1914_11,FALSE,FALSE
EDCPT_8681,PRESENT_AT,unknown,EDCT_081,,,1916,1916,1916-1916,,EDC_1916_39,FALSE,FALSE
EDCPT_11160,PRESENT_AT,Vice President,EDCT_100,,,1917,1917,1917-1917,,EDC_1917_89,FALSE,FALSE
EDCPT_9597,PRESENT_AT,Vice Principal at,EDCT_010,,,1918,1918,1918-1918,,EDC_1918_72,FALSE,FALSE
EDCPT_9899,PRESENT_AT,Vice Principal at,EDCT_010,,,1916,1916,1916-1916,,EDC_1916_65,FALSE,FALSE
EDCPT_8272,PRESENT_AT,Vice-Chancellor and Principal,EDCT_931,,,1914,1914,1914-1914,,EDC_1914_10,FALSE,FALSE
EDCPT_7607,PRESENT_AT,"Vice-Director,",EDCT_910,,,1914,1914,1914-1914,,EDC_1914_5,FALSE,FALSE
EDCPT_11134,PRESENT_AT,Vice-President and Professor at,EDCT_075,,,1917,1917,1917-1917,,EDC_1917_88,FALSE,TRUE
EDCPT_7081,PRESENT_AT,Vice-President at,EDCT_036,,,1916,1916,1916-1916,,EDC_1916_02,FALSE,FALSE
EDCPT_11667,PRESENT_AT,Vice-President at,EDCT_172,,,1920,1920,1920-1920,,EDC_1920_150,FALSE,FALSE
EDCPT_7933,PRESENT_AT,Vice-President at,EDCT_765,,,1916,1916,1916-1916,,EDC_1916_22,FALSE,FALSE
EDCPT_12249,PRESENT_AT,"Vice-President, Professor of Political Institutions and International Law",EDCT_096,,,1914,1914,1914-1914,,EDC_1914_16,FALSE,FALSE
EDCPT_11319,PRESENT_AT,Vice-principal at,EDCT_148,,,1920,1920,1920-1920,,EDC_1920_138,FALSE,FALSE
EDCPT_7776,PRESENT_AT,Vice-Principal at,EDCT_348,,,1916,1916,1916-1916,,EDC_1916_19,FALSE,FALSE
EDCPT_7157,PRESENT_AT,Vice-Principal at,EDCT_400,,,1918,1918,1918-1918,,EDC_1918_4,FALSE,FALSE
EDCPT_11151,PRESENT_AT,Vice-Principal at,EDCT_461,,,1920,1920,1920-1920,,EDC_1920_134,FALSE,FALSE
EDCPT_8984,PRESENT_AT,Vice-principal at,EDCT_545,,,1918,1918,1918-1918,,EDC_1918_55,FALSE,FALSE
EDCPT_9564,PRESENT_AT,Vice-Principal of,EDCT_303,,,1916,1916,1916-1916,,EDC_1916_59,FALSE,FALSE
EDCPT_7081,PRESENT_AT,"Vice-Principal,",EDCT_639,,,1914,1914,1914-1914,,EDC_1914_1,FALSE,FALSE
EDCPT_11337,PRESENT_AT,Vice-Rector at,EDCT_262,,,1920,1920,1920-1920,,EDC_1920_139,FALSE,FALSE
EDCPT_7253,PRESENT_AT,Vice-Superior at,EDCT_479,,,1918,1918,1918-1918,,EDC_1918_7,FALSE,FALSE
EDCPT_10761,PRESENT_AT,Visiting Professor at,EDCT_168,,,1920,1920,1920-1920,,EDC_1920_120,FALSE,FALSE
EDCPT_9574,PRESENT_AT,Warden of,EDCT_446,,,1916,1916,1916-1916,,EDC_1916_59,FALSE,FALSE
EDCPT_7770,PRESENT_AT,Wokred at,EDCT_581,,,1916,1916,1916-1916,,EDC_1916_19,FALSE,FALSE
EDCPT_7119,PRESENT_AT,Work at,EDCT_028,,,1916,1916,1916-1916,,EDC_1916_03,FALSE,FALSE
EDCPT_7249,PRESENT_AT,work at,EDCT_078,,,1916,1916,1916-1916,,EDC_1916_06,FALSE,FALSE
EDCPT_7197,PRESENT_AT,work at,EDCT_093,,,1916,1916,1916-1916,,EDC_1916_05,FALSE,FALSE
EDCPT_7409,PRESENT_AT,Work at,EDCT_131,,,1916,1916,1916-1916,,EDC_1916_10,FALSE,FALSE
EDCPT_7691,PRESENT_AT,Work at,EDCT_279,,,1916,1916,1916-1916,,EDC_1916_17,FALSE,FALSE
EDCPT_8388,PRESENT_AT,work at,EDCT_374,,,1918,1918,1918-1918,,EDC_1918_37,FALSE,FALSE
EDCPT_12228,PRESENT_AT,Worked at,EDCT_755,,,1914,1914,1914-1914,,EDC_1914_10,FALSE,FALSE
EDCPT_9669,PRESENT_AT,Worked at,EDCT_997,,,1914,1914,1914-1914,,EDC_1914_17,FALSE,FALSE
EDCPT_8819,PRESENT_AT,Worked at,EDCT_001,,,1920,1920,1920-1920,,EDC_1920_57,FALSE,FALSE
EDCPT_7003,PRESENT_AT,Worked at,EDCT_002,,,1920,1920,1920-1920,,EDC_1920_1,FALSE,FALSE
EDCPT_7143,PRESENT_AT,Worked at,EDCT_002,,,1920,1920,1920-1920,,EDC_1920_4,FALSE,FALSE
EDCPT_8287,PRESENT_AT,Worked at,EDCT_002,,,1920,1920,1920-1920,,EDC_1920_43,FALSE,FALSE
EDCPT_8288,PRESENT_AT,Worked at,EDCT_002,,,1920,1920,1920-1920,,EDC_1920_43,FALSE,FALSE
EDCPT_9943,PRESENT_AT,Worked at,EDCT_002,,,1920,1920,1920-1920,,EDC_1920_91,FALSE,FALSE
EDCPT_10829,PRESENT_AT,Worked at,EDCT_004,,,1917,1917,1917-1917,,EDC_1917_80,FALSE,FALSE
EDCPT_11140,PRESENT_AT,Worked at,EDCT_004,,,1917,1917,1917-1917,,EDC_1917_88,FALSE,FALSE
EDCPT_7217,PRESENT_AT,Worked at,EDCT_004,,,1920,1920,1920-1920,,EDC_1920_7,FALSE,FALSE
EDCPT_7332,PRESENT_AT,Worked at,EDCT_004,,,1920,1920,1920-1920,,EDC_1920_11,FALSE,FALSE
EDCPT_7344,PRESENT_AT,Worked at,EDCT_004,,,1920,1920,1920-1920,,EDC_1920_12,FALSE,FALSE
EDCPT_8016,PRESENT_AT,Worked at,EDCT_004,,,1920,1920,1920-1920,,EDC_1920_34,FALSE,FALSE
EDCPT_8189,PRESENT_AT,Worked at,EDCT_004,,,1920,1920,1920-1920,,EDC_1920_40,FALSE,FALSE
EDCPT_8190,PRESENT_AT,Worked at,EDCT_004,,,1920,1920,1920-1920,,EDC_1920_40,FALSE,FALSE
EDCPT_8734,PRESENT_AT,Worked at,EDCT_004,,,1920,1920,1920-1920,,EDC_1920_55,FALSE,FALSE
EDCPT_9954,PRESENT_AT,Worked at,EDCT_004,,,1920,1920,1920-1920,,EDC_1920_92,FALSE,FALSE
EDCPT_7071,PRESENT_AT,Worked at,EDCT_005,,,1920,1920,1920-1920,,EDC_1920_2,FALSE,FALSE
EDCPT_7205,PRESENT_AT,Worked at,EDCT_005,,,1920,1920,1920-1920,,EDC_1920_6,FALSE,FALSE
EDCPT_7290,PRESENT_AT,Worked at,EDCT_005,,,1920,1920,1920-1920,,EDC_1920_10,FALSE,FALSE
EDCPT_7325,PRESENT_AT,Worked at,EDCT_005,,,1920,1920,1920-1920,,EDC_1920_11,FALSE,FALSE
EDCPT_7579,PRESENT_AT,Worked at,EDCT_005,,,1920,1920,1920-1920,,EDC_1920_20,FALSE,FALSE
EDCPT_8726,PRESENT_AT,Worked at,EDCT_005,,,1920,1920,1920-1920,,EDC_1920_55,FALSE,FALSE
EDCPT_8728,PRESENT_AT,Worked at,EDCT_005,,,1920,1920,1920-1920,,EDC_1920_55,FALSE,FALSE
EDCPT_8879,PRESENT_AT,Worked at,EDCT_005,,,1920,1920,1920-1920,,EDC_1920_59,FALSE,FALSE
EDCPT_8897,PRESENT_AT,Worked at,EDCT_005,,,1920,1920,1920-1920,,EDC_1920_59,FALSE,FALSE
EDCPT_8899,PRESENT_AT,Worked at,EDCT_005,,,1920,1920,1920-1920,,EDC_1920_59,FALSE,FALSE
EDCPT_9057,PRESENT_AT,Worked at,EDCT_005,,,1920,1920,1920-1920,,EDC_1920_63,FALSE,FALSE
EDCPT_9064,PRESENT_AT,Worked at,EDCT_005,,,1920,1920,1920-1920,,EDC_1920_63,FALSE,FALSE
EDCPT_9149,PRESENT_AT,Worked at,EDCT_005,,,1920,1920,1920-1920,,EDC_1920_65,FALSE,FALSE
EDCPT_9151,PRESENT_AT,Worked at,EDCT_005,,,1920,1920,1920-1920,,EDC_1920_65,FALSE,FALSE
EDCPT_9155,PRESENT_AT,Worked at,EDCT_005,,,1920,1920,1920-1920,,EDC_1920_66,FALSE,FALSE
EDCPT_9162,PRESENT_AT,Worked at,EDCT_005,,,1920,1920,1920-1920,,EDC_1920_66,FALSE,FALSE
EDCPT_9164,PRESENT_AT,Worked at,EDCT_005,,,1920,1920,1920-1920,,EDC_1920_66,FALSE,FALSE
EDCPT_7015,PRESENT_AT,Worked at,EDCT_006,,,1920,1920,1920-1920,,EDC_1920_1,FALSE,FALSE
EDCPT_7230,PRESENT_AT,Worked at,EDCT_006,,,1920,1920,1920-1920,,EDC_1920_7; EDC_1918_6,FALSE,FALSE
EDCPT_8500,PRESENT_AT,Worked at,EDCT_006,,,1920,1920,1920-1920,,EDC_1920_49,FALSE,FALSE
EDCPT_7527,PRESENT_AT,Worked at,EDCT_007,,,1920,1920,1920-1920,,EDC_1920_19; EDC_1918_16,FALSE,FALSE
EDCPT_8786,PRESENT_AT,Worked at,EDCT_007,,,1920,1920,1920-1920,,EDC_1920_57,FALSE,FALSE
EDCPT_9084,PRESENT_AT,Worked at,EDCT_007,,,1920,1920,1920-1920,,EDC_1920_64,FALSE,FALSE
EDCPT_9204,PRESENT_AT,Worked at,EDCT_007,,,1920,1920,1920-1920,,EDC_1920_68,FALSE,FALSE
EDCPT_7019,PRESENT_AT,Worked at,EDCT_008,,,1920,1920,1920-1920,,EDC_1920_1,FALSE,FALSE
EDCPT_7345,PRESENT_AT,Worked at,EDCT_008,,,1920,1920,1920-1920,,EDC_1920_12,FALSE,FALSE
EDCPT_7702,PRESENT_AT,Worked at,EDCT_008,,,1920,1920,1920-1920,,EDC_1920_24,FALSE,FALSE
EDCPT_8147,PRESENT_AT,Worked at,EDCT_008,,,1920,1920,1920-1920,,EDC_1920_38,FALSE,FALSE
EDCPT_8213,PRESENT_AT,Worked at,EDCT_008,,,1920,1920,1920-1920,,EDC_1920_40,FALSE,FALSE
EDCPT_8232,PRESENT_AT,Worked at,EDCT_008,,,1920,1920,1920-1920,,EDC_1920_41,FALSE,FALSE
EDCPT_8275,PRESENT_AT,Worked at,EDCT_008,,,1920,1920,1920-1920,,EDC_1920_43,FALSE,FALSE
EDCPT_8308,PRESENT_AT,Worked at,EDCT_008,,,1920,1920,1920-1920,,EDC_1920_44,FALSE,FALSE
EDCPT_8760,PRESENT_AT,Worked at,EDCT_008,,,1920,1920,1920-1920,,EDC_1920_56,FALSE,FALSE
EDCPT_9128,PRESENT_AT,Worked at,EDCT_008,,,1920,1920,1920-1920,,EDC_1920_65,FALSE,FALSE
EDCPT_9843,PRESENT_AT,Worked at,EDCT_008,,,1920,1920,1920-1920,,EDC_1920_88,FALSE,FALSE
EDCPT_9865,PRESENT_AT,Worked at,EDCT_008,,,1920,1920,1920-1920,,EDC_1920_88,FALSE,FALSE
EDCPT_9916,PRESENT_AT,Worked at,EDCT_008,,,1920,1920,1920-1920,,EDC_1920_90,FALSE,FALSE
EDCPT_7020,PRESENT_AT,Worked at,EDCT_009,,,1920,1920,1920-1920,,EDC_1920_1,FALSE,FALSE
EDCPT_9292,PRESENT_AT,Worked at,EDCT_009,,,1920,1920,1920-1920,,EDC_1920_70,FALSE,FALSE
EDCPT_9665,PRESENT_AT,Worked at,EDCT_009,,,1920,1920,1920-1920,,EDC_1920_83,FALSE,FALSE
EDCPT_7021,PRESENT_AT,Worked at,EDCT_010,,,1920,1920,1920-1920,,EDC_1920_1,FALSE,FALSE
EDCPT_7499,PRESENT_AT,Worked at,EDCT_010,,,1920,1920,1920-1920,,EDC_1920_18,FALSE,FALSE
EDCPT_11815,PRESENT_AT,Worked at,EDCT_011,,,1914,1914,1914-1914,,EDC_1914_35,FALSE,FALSE
EDCPT_7022,PRESENT_AT,Worked at,EDCT_011,,,1920,1920,1920-1920,,EDC_1920_1,FALSE,FALSE
EDCPT_7707,PRESENT_AT,Worked at,EDCT_011,,,1920,1920,1920-1920,,EDC_1920_24,FALSE,FALSE
EDCPT_7713,PRESENT_AT,Worked at,EDCT_011,,,1920,1920,1920-1920,,EDC_1920_25,FALSE,FALSE
EDCPT_7861,PRESENT_AT,Worked at,EDCT_011,,,1920,1920,1920-1920,,EDC_1920_29,FALSE,FALSE
EDCPT_8382,PRESENT_AT,Worked at,EDCT_011,,,1920,1920,1920-1920,,EDC_1920_46,FALSE,FALSE
EDCPT_7024,PRESENT_AT,Worked at,EDCT_012,,,1920,1920,1920-1920,,EDC_1920_1,FALSE,FALSE
EDCPT_8330,PRESENT_AT,Worked at,EDCT_012,,,1920,1920,1920-1920,,EDC_1920_44,FALSE,FALSE
EDCPT_8375,PRESENT_AT,Worked at,EDCT_012,,,1920,1920,1920-1920,,EDC_1920_46,FALSE,FALSE
EDCPT_7026,PRESENT_AT,Worked at,EDCT_014,,,1920,1920,1920-1920,,EDC_1920_1,FALSE,FALSE
EDCPT_7028,PRESENT_AT,Worked at,EDCT_015,,,1920,1920,1920-1920,,EDC_1920_1,FALSE,FALSE
EDCPT_7032,PRESENT_AT,Worked at,EDCT_015,,,1920,1920,1920-1920,,EDC_1920_1,FALSE,FALSE
EDCPT_7033,PRESENT_AT,Worked at,EDCT_015,,,1920,1920,1920-1920,,EDC_1920_2,FALSE,FALSE
EDCPT_7034,PRESENT_AT,Worked at,EDCT_015,,,1920,1920,1920-1920,,EDC_1920_2,FALSE,FALSE
EDCPT_7054,PRESENT_AT,Worked at,EDCT_015,,,1920,1920,1920-1920,,EDC_1920_2,FALSE,FALSE
EDCPT_7055,PRESENT_AT,Worked at,EDCT_015,,,1920,1920,1920-1920,,EDC_1920_2,FALSE,FALSE
EDCPT_7111,PRESENT_AT,Worked at,EDCT_015,,,1920,1920,1920-1920,,EDC_1920_4,FALSE,FALSE
EDCPT_7116,PRESENT_AT,Worked at,EDCT_015,,,1920,1920,1920-1920,,EDC_1920_4,FALSE,FALSE
EDCPT_7121,PRESENT_AT,Worked at,EDCT_015,,,1920,1920,1920-1920,,EDC_1920_4,FALSE,FALSE
EDCPT_7123,PRESENT_AT,Worked at,EDCT_015,,,1920,1920,1920-1920,,EDC_1920_4,FALSE,FALSE
EDCPT_7263,PRESENT_AT,Worked at,EDCT_015,,,1920,1920,1920-1920,,EDC_1920_8,FALSE,FALSE
EDCPT_7625,PRESENT_AT,Worked at,EDCT_015,,,1920,1920,1920-1920,,EDC_1920_22,FALSE,FALSE
EDCPT_7906,PRESENT_AT,Worked at,EDCT_015,,,1920,1920,1920-1920,,EDC_1920_30,FALSE,FALSE
EDCPT_8248,PRESENT_AT,Worked at,EDCT_015,,,1920,1920,1920-1920,,EDC_1920_42,FALSE,FALSE
EDCPT_8270,PRESENT_AT,Worked at,EDCT_015,,,1920,1920,1920-1920,,EDC_1920_42,FALSE,FALSE
EDCPT_8303,PRESENT_AT,Worked at,EDCT_015,,,1920,1920,1920-1920,,EDC_1920_43,FALSE,FALSE
EDCPT_7029,PRESENT_AT,Worked at,EDCT_016,,,1920,1920,1920-1920,,EDC_1920_1,FALSE,FALSE
EDCPT_7031,PRESENT_AT,Worked at,EDCT_017,,,1920,1920,1920-1920,,EDC_1920_1,FALSE,FALSE
EDCPT_9289,PRESENT_AT,Worked at,EDCT_017,,,1920,1920,1920-1920,,EDC_1920_70,FALSE,FALSE
EDCPT_7035,PRESENT_AT,Worked at,EDCT_018,,,1920,1920,1920-1920,,EDC_1920_2,FALSE,FALSE
EDCPT_9667,PRESENT_AT,Worked at,EDCT_018,,,1920,1920,1920-1920,,EDC_1920_83,FALSE,FALSE
EDCPT_7039,PRESENT_AT,Worked at,EDCT_019,,,1920,1920,1920-1920,,EDC_1920_2,FALSE,FALSE
EDCPT_7043,PRESENT_AT,Worked at,EDCT_021,,,1920,1920,1920-1920,,EDC_1920_2,FALSE,FALSE
EDCPT_8055,PRESENT_AT,Worked at,EDCT_021,,,1920,1920,1920-1920,,EDC_1920_35,FALSE,FALSE
EDCPT_8380,PRESENT_AT,Worked at,EDCT_021,,,1920,1920,1920-1920,,EDC_1920_46,FALSE,FALSE
EDCPT_9224,PRESENT_AT,Worked at,EDCT_021,,,1920,1920,1920-1920,,EDC_1920_68,FALSE,FALSE
EDCPT_9233,PRESENT_AT,Worked at,EDCT_021,,,1920,1920,1920-1920,,EDC_1920_68,FALSE,FALSE
EDCPT_9818,PRESENT_AT,Worked at,EDCT_021,,,1920,1920,1920-1920,,EDC_1920_87,FALSE,FALSE
EDCPT_7044,PRESENT_AT,Worked at,EDCT_022,,,1920,1920,1920-1920,,EDC_1920_2,FALSE,FALSE
EDCPT_7045,PRESENT_AT,Worked at,EDCT_022,,,1920,1920,1920-1920,,EDC_1920_2,FALSE,FALSE
EDCPT_7307,PRESENT_AT,Worked at,EDCT_022,,,1920,1920,1920-1920,,EDC_1920_10,FALSE,FALSE
EDCPT_7962,PRESENT_AT,Worked at,EDCT_022,,,1920,1920,1920-1920,,EDC_1920_32,FALSE,FALSE
EDCPT_8847,PRESENT_AT,Worked at,EDCT_022,,,1920,1920,1920-1920,,EDC_1920_58,FALSE,FALSE
EDCPT_10979,PRESENT_AT,Worked at,EDCT_023,,,1917,1917,1917-1917,,EDC_1917_84,FALSE,FALSE
EDCPT_11247,PRESENT_AT,Worked at,EDCT_023,,,1917,1917,1917-1917,,EDC_1917_91,FALSE,FALSE
EDCPT_7046,PRESENT_AT,Worked at,EDCT_023,,,1920,1920,1920-1920,,EDC_1920_2,FALSE,FALSE
EDCPT_7047,PRESENT_AT,Worked at,EDCT_024,,,1920,1920,1920-1920,,EDC_1920_2,FALSE,FALSE
EDCPT_8090,PRESENT_AT,Worked at,EDCT_024,,,1920,1920,1920-1920,,EDC_1920_36,FALSE,FALSE
EDCPT_8227,PRESENT_AT,Worked at,EDCT_024,,,1920,1920,1920-1920,,EDC_1920_41,FALSE,FALSE
EDCPT_9762,PRESENT_AT,Worked at,EDCT_024,,,1920,1920,1920-1920,,EDC_1920_85,FALSE,FALSE
EDCPT_7502,PRESENT_AT,Worked at,EDCT_025,,,1920,1920,1920-1920,,EDC_1920_18,FALSE,FALSE
EDCPT_7510,PRESENT_AT,Worked at,EDCT_025,,,1920,1920,1920-1920,,EDC_1920_18,FALSE,FALSE
EDCPT_7727,PRESENT_AT,Worked at,EDCT_025,,,1920,1920,1920-1920,,EDC_1920_25,FALSE,FALSE
EDCPT_7057,PRESENT_AT,Worked at,EDCT_026,,,1920,1920,1920-1920,,EDC_1920_2,FALSE,FALSE
EDCPT_8754,PRESENT_AT,Worked at,EDCT_027,,,1920,1920,1920-1920,,EDC_1920_55,FALSE,FALSE
EDCPT_7065,PRESENT_AT,Worked at,EDCT_028,,,1920,1920,1920-1920,,EDC_1920_2,FALSE,FALSE
EDCPT_9936,PRESENT_AT,Worked at,EDCT_028,,,1920,1920,1920-1920,,EDC_1920_91,FALSE,FALSE
EDCPT_7096,PRESENT_AT,Worked at,EDCT_029,,,1920,1920,1920-1920,,EDC_1920_3,FALSE,FALSE
EDCPT_7120,PRESENT_AT,Worked at,EDCT_029,,,1920,1920,1920-1920,,EDC_1920_4,FALSE,FALSE
EDCPT_7261,PRESENT_AT,Worked at,EDCT_029,,,1920,1920,1920-1920,,EDC_1920_8,FALSE,FALSE
EDCPT_7442,PRESENT_AT,Worked at,EDCT_029,,,1920,1920,1920-1920,,EDC_1920_15,FALSE,FALSE
EDCPT_8351,PRESENT_AT,Worked at,EDCT_029,,,1920,1920,1920-1920,,EDC_1920_45,FALSE,FALSE
EDCPT_8445,PRESENT_AT,Worked at,EDCT_029,,,1920,1920,1920-1920,,EDC_1920_48,FALSE,FALSE
EDCPT_8596,PRESENT_AT,Worked at,EDCT_029,,,1920,1920,1920-1920,,EDC_1920_51,FALSE,FALSE
EDCPT_9288,PRESENT_AT,Worked at,EDCT_029,,,1920,1920,1920-1920,,EDC_1920_70,FALSE,FALSE
EDCPT_9290,PRESENT_AT,Worked at,EDCT_029,,,1920,1920,1920-1920,,EDC_1920_70,FALSE,FALSE
EDCPT_9305,PRESENT_AT,Worked at,EDCT_029,,,1920,1920,1920-1920,,EDC_1920_71,FALSE,FALSE
EDCPT_9664,PRESENT_AT,Worked at,EDCT_029,,,1920,1920,1920-1920,,EDC_1920_83,FALSE,FALSE
EDCPT_7072,PRESENT_AT,Worked at,EDCT_031,,,1920,1920,1920-1920,,EDC_1920_3; EDC_1917_2,FALSE,FALSE
EDCPT_7842,PRESENT_AT,Worked at,EDCT_031,,,1920,1920,1920-1920,,EDC_1920_28,FALSE,FALSE
EDCPT_7076,PRESENT_AT,Worked at,EDCT_032,,,1920,1920,1920-1920,,EDC_1920_3,FALSE,FALSE
EDCPT_8987,PRESENT_AT,Worked at,EDCT_033,,,1920,1920,1920-1920,,EDC_1920_62,FALSE,FALSE
EDCPT_9154,PRESENT_AT,Worked at,EDCT_033,,,1920,1920,1920-1920,,EDC_1920_66,FALSE,FALSE
EDCPT_7079,PRESENT_AT,Worked at,EDCT_034,,,1920,1920,1920-1920,,EDC_1920_3,FALSE,FALSE
EDCPT_7164,PRESENT_AT,Worked at,EDCT_034,,,1920,1920,1920-1920,,EDC_1920_5,FALSE,FALSE
EDCPT_7632,PRESENT_AT,Worked at,EDCT_034,,,1920,1920,1920-1920,,EDC_1920_22,FALSE,FALSE
EDCPT_7695,PRESENT_AT,Worked at,EDCT_034,,,1920,1920,1920-1920,,EDC_1920_24,FALSE,FALSE
EDCPT_7812,PRESENT_AT,Worked at,EDCT_034,,,1920,1920,1920-1920,,EDC_1920_27,FALSE,FALSE
EDCPT_8018,PRESENT_AT,Worked at,EDCT_034,,,1920,1920,1920-1920,,EDC_1920_34,FALSE,FALSE
EDCPT_8305,PRESENT_AT,Worked at,EDCT_034,,,1920,1920,1920-1920,,EDC_1920_43,FALSE,FALSE
EDCPT_8334,PRESENT_AT,Worked at,EDCT_034,,,1916,1916,1916-1916,,EDC_1916_32; EDC_1916_31,FALSE,FALSE
EDCPT_9261,PRESENT_AT,Worked at,EDCT_034,,,1920,1920,1920-1920,,EDC_1920_69,FALSE,FALSE
EDCPT_9387,PRESENT_AT,Worked at,EDCT_034,,,1920,1920,1920-1920,,EDC_1920_73,FALSE,FALSE
EDCPT_9803,PRESENT_AT,Worked at,EDCT_034,,,1920,1920,1920-1920,,EDC_1920_86,FALSE,FALSE
EDCPT_7080,PRESENT_AT,Worked at,EDCT_035,,,1920,1920,1920-1920,,EDC_1920_3,FALSE,FALSE
EDCPT_7086,PRESENT_AT,Worked at,EDCT_035,,,1920,1920,1920-1920,,EDC_1920_3,FALSE,FALSE
EDCPT_8165,PRESENT_AT,Worked at,EDCT_035,,,1920,1920,1920-1920,,EDC_1920_38,FALSE,FALSE
EDCPT_8866,PRESENT_AT,Worked at,EDCT_035,,,1920,1920,1920-1920,,EDC_1920_58,FALSE,FALSE
EDCPT_9689,PRESENT_AT,Worked at,EDCT_035,,,1920,1920,1920-1920,,EDC_1920_83;EDC_1914_18,FALSE,FALSE
EDCPT_7087,PRESENT_AT,Worked at,EDCT_037,,,1920,1920,1920-1920,,EDC_1920_3,FALSE,FALSE
EDCPT_8258,PRESENT_AT,Worked at,EDCT_037,,,1920,1920,1920-1920,,EDC_1920_42,FALSE,FALSE
EDCPT_8259,PRESENT_AT,Worked at,EDCT_037,,,1920,1920,1920-1920,,EDC_1920_42,FALSE,FALSE
EDCPT_8382,PRESENT_AT,Worked at,EDCT_037,,,1920,1920,1920-1920,,EDC_1920_46,FALSE,FALSE
EDCPT_7722,PRESENT_AT,Worked at,EDCT_038,,,1920,1920,1920-1920,,EDC_1920_25,FALSE,FALSE
EDCPT_8413,PRESENT_AT,Worked at,EDCT_038,,,1920,1920,1920-1920,,EDC_1920_46,FALSE,FALSE
EDCPT_9199,PRESENT_AT,Worked at,EDCT_039,,,1920,1920,1920-1920,,EDC_1920_67,FALSE,FALSE
EDCPT_7094,PRESENT_AT,Worked at,EDCT_040,,,1920,1920,1920-1920,,EDC_1920_3,FALSE,FALSE
EDCPT_7226,PRESENT_AT,Worked at,EDCT_040,,,1920,1920,1920-1920,,EDC_1920_7,FALSE,FALSE
EDCPT_7968,PRESENT_AT,Worked at,EDCT_040,,,1920,1920,1920-1920,,EDC_1920_33,FALSE,FALSE
EDCPT_8071,PRESENT_AT,Worked at,EDCT_040,,,1916,1916,1916-1916,,EDC_1916_26,FALSE,FALSE
EDCPT_7094,PRESENT_AT,Worked at,EDCT_041,,,1920,1920,1920-1920,,EDC_1920_3,FALSE,FALSE
EDCPT_7182,PRESENT_AT,Worked at,EDCT_041,,,1920,1920,1920-1920,,EDC_1920_6,FALSE,FALSE
EDCPT_7265,PRESENT_AT,Worked at,EDCT_041,,,1920,1920,1920-1920,,EDC_1920_9,FALSE,FALSE
EDCPT_8173,PRESENT_AT,Worked at,EDCT_041,,,1920,1920,1920-1920,,EDC_1920_39,FALSE,FALSE
EDCPT_8517,PRESENT_AT,Worked at,EDCT_041,,,1920,1920,1920-1920,,EDC_1920_50,FALSE,FALSE
EDCPT_8961,PRESENT_AT,Worked at,EDCT_041,,,1920,1920,1920-1920,,EDC_1920_61,FALSE,FALSE
EDCPT_7331,PRESENT_AT,Worked at,EDCT_042,,,1920,1920,1920-1920,,EDC_1920_11,FALSE,FALSE
EDCPT_7720,PRESENT_AT,Worked at,EDCT_042,,,1920,1920,1920-1920,,EDC_1920_25,FALSE,FALSE
EDCPT_12276,PRESENT_AT,Worked at,EDCT_043,,,1920,1920,1920-1920,,EDC_1920_46;EDC_1914_10,FALSE,FALSE
EDCPT_8309,PRESENT_AT,Worked at,EDCT_043,,,1920,1920,1920-1920,,EDC_1920_44,FALSE,FALSE
EDCPT_7102,PRESENT_AT,Worked at,EDCT_045,,,1920,1920,1920-1920,,EDC_1920_4,FALSE,FALSE
EDCPT_8345,PRESENT_AT,Worked at,EDCT_045,,,1920,1920,1920-1920,,EDC_1920_45,FALSE,FALSE
EDCPT_7109,PRESENT_AT,Worked at,EDCT_046,,,1920,1920,1920-1920,,EDC_1920_4,FALSE,FALSE
EDCPT_8359,PRESENT_AT,Worked at,EDCT_047,,,1920,1920,1920-1920,,EDC_1920_45,FALSE,FALSE
EDCPT_8444,PRESENT_AT,Worked at,EDCT_047,,,1920,1920,1920-1920,,EDC_1920_48,FALSE,FALSE
EDCPT_8537,PRESENT_AT,Worked at,EDCT_047,,,1920,1920,1920-1920,,EDC_1920_50,FALSE,FALSE
EDCPT_8538,PRESENT_AT,Worked at,EDCT_047,,,1920,1920,1920-1920,,EDC_1920_50,FALSE,FALSE
EDCPT_11437,PRESENT_AT,Worked at,EDCT_048,,,1920,1920,1920-1920,,EDC_1920_142,FALSE,FALSE
EDCPT_12280,PRESENT_AT,Worked at,EDCT_048,,,1920,1920,1920-1920,,EDC_1920_78,FALSE,FALSE
EDCPT_7122,PRESENT_AT,Worked at,EDCT_048,,,1920,1920,1920-1920,,EDC_1920_4,FALSE,FALSE
EDCPT_9043,PRESENT_AT,Worked at,EDCT_048,,,1920,1920,1920-1920,,EDC_1920_63,FALSE,FALSE
EDCPT_9405,PRESENT_AT,Worked at,EDCT_048,,,1920,1920,1920-1920,,EDC_1920_74,FALSE,FALSE
EDCPT_9544,PRESENT_AT,Worked at,EDCT_048,,,1920,1920,1920-1920,,EDC_1920_78,FALSE,FALSE
EDCPT_8501,PRESENT_AT,Worked at,EDCT_049,,,1920,1920,1920-1920,,EDC_1920_49,FALSE,FALSE
EDCPT_7128,PRESENT_AT,Worked at,EDCT_050,,,1920,1920,1920-1920,,EDC_1920_4,FALSE,FALSE
EDCPT_8168,PRESENT_AT,Worked at,EDCT_050,,,1920,1920,1920-1920,,EDC_1920_38,FALSE,FALSE
EDCPT_7132,PRESENT_AT,Worked at,EDCT_051,,,1920,1920,1920-1920,,EDC_1920_4,FALSE,FALSE
EDCPT_8339,PRESENT_AT,Worked at,EDCT_051,,,1920,1920,1920-1920,,EDC_1920_45,FALSE,FALSE
EDCPT_8400,PRESENT_AT,Worked at,EDCT_051,,,1920,1920,1920-1920,,EDC_1920_46,FALSE,FALSE
EDCPT_8414,PRESENT_AT,Worked at,EDCT_051,,,1920,1920,1920-1920,,EDC_1920_46,FALSE,FALSE
EDCPT_9514,PRESENT_AT,Worked at,EDCT_051,,,1920,1920,1920-1920,,EDC_1920_77,FALSE,FALSE
EDCPT_9601,PRESENT_AT,Worked at,EDCT_051,,,1920,1920,1920-1920,,EDC_1920_80,FALSE,FALSE
EDCPT_9620,PRESENT_AT,Worked at,EDCT_051,,,1920,1920,1920-1920,,EDC_1920_81,FALSE,FALSE
EDCPT_7136,PRESENT_AT,Worked at,EDCT_052,,,1920,1920,1920-1920,,EDC_1920_4,FALSE,FALSE
EDCPT_7508,PRESENT_AT,Worked at,EDCT_053,,,1920,1920,1920-1920,,EDC_1920_18,FALSE,FALSE
EDCPT_8238,PRESENT_AT,Worked at,EDCT_053,,,1920,1920,1920-1920,,EDC_1920_41,FALSE,FALSE
EDCPT_8242,PRESENT_AT,Worked at,EDCT_053,,,1920,1920,1920-1920,,EDC_1920_41,FALSE,FALSE
EDCPT_8344,PRESENT_AT,Worked at,EDCT_053,,,1920,1920,1920-1920,,EDC_1920_45,FALSE,FALSE
EDCPT_8545,PRESENT_AT,Worked at,EDCT_053,,,1920,1920,1920-1920,,EDC_1920_50; EDC_1917_32;EDC_1914_12,FALSE,FALSE
EDCPT_9195,PRESENT_AT,Worked at,EDCT_053,,,1920,1920,1920-1920,,EDC_1920_67,FALSE,FALSE
EDCPT_9315,PRESENT_AT,Worked at,EDCT_053,,,1920,1920,1920-1920,,EDC_1920_71,FALSE,FALSE
EDCPT_12278,PRESENT_AT,Worked at,EDCT_054,,,1920,1920,1920-1920,,EDC_1920_58,FALSE,FALSE
EDCPT_7441,PRESENT_AT,Worked at,EDCT_054,,,1920,1920,1920-1920,,EDC_1920_15,FALSE,FALSE
EDCPT_7884,PRESENT_AT,Worked at,EDCT_054,,,1920,1920,1920-1920,,EDC_1920_29,FALSE,FALSE
EDCPT_8180,PRESENT_AT,Worked at,EDCT_054,,,1920,1920,1920-1920,,EDC_1920_39,FALSE,FALSE
EDCPT_8253,PRESENT_AT,Worked at,EDCT_054,,,1920,1920,1920-1920,,EDC_1920_42,FALSE,FALSE
EDCPT_8480,PRESENT_AT,Worked at,EDCT_054,,,1920,1920,1920-1920,,EDC_1920_49,FALSE,FALSE
EDCPT_8550,PRESENT_AT,Worked at,EDCT_054,,,1920,1920,1920-1920,,EDC_1920_50,FALSE,FALSE
EDCPT_8663,PRESENT_AT,Worked at,EDCT_054,,,1920,1920,1920-1920,,EDC_1920_53,FALSE,FALSE
EDCPT_8763,PRESENT_AT,Worked at,EDCT_054,,,1920,1920,1920-1920,,EDC_1920_56,FALSE,FALSE
EDCPT_9311,PRESENT_AT,Worked at,EDCT_054,,,1920,1920,1920-1920,,EDC_1920_71,FALSE,FALSE
EDCPT_9344,PRESENT_AT,Worked at,EDCT_054,,,1920,1920,1920-1920,,EDC_1920_71,FALSE,FALSE
EDCPT_9394,PRESENT_AT,Worked at,EDCT_054,,,1920,1920,1920-1920,,EDC_1920_73,FALSE,FALSE
EDCPT_9939,PRESENT_AT,Worked at,EDCT_054,,,1920,1920,1920-1920,,EDC_1920_91,FALSE,FALSE
EDCPT_7146,PRESENT_AT,Worked at,EDCT_055,,,1920,1920,1920-1920,,EDC_1920_5,FALSE,FALSE
EDCPT_7907,PRESENT_AT,Worked at,EDCT_055,,,1920,1920,1920-1920,,EDC_1920_30,FALSE,FALSE
EDCPT_7148,PRESENT_AT,Worked at,EDCT_056,,,1920,1920,1920-1920,,EDC_1920_5,FALSE,FALSE
EDCPT_7519,PRESENT_AT,Worked at,EDCT_056,,,1920,1920,1920-1920,,EDC_1920_18,FALSE,FALSE
EDCPT_7572,PRESENT_AT,Worked at,EDCT_056,,,1920,1920,1920-1920,,EDC_1920_20,FALSE,FALSE
EDCPT_7617,PRESENT_AT,Worked at,EDCT_056,,,1920,1920,1920-1920,,EDC_1920_22,FALSE,FALSE
EDCPT_7792,PRESENT_AT,Worked at,EDCT_056,,,1920,1920,1920-1920,,EDC_1920_26,FALSE,FALSE
EDCPT_7154,PRESENT_AT,Worked at,EDCT_057,,,1920,1920,1920-1920,,EDC_1920_5,FALSE,FALSE
EDCPT_7155,PRESENT_AT,Worked at,EDCT_057,,,1920,1920,1920-1920,,EDC_1920_5,FALSE,FALSE
EDCPT_7262,PRESENT_AT,Worked at,EDCT_057,,,1920,1920,1920-1920,,EDC_1920_8; EDC_1918_7,FALSE,FALSE
EDCPT_7600,PRESENT_AT,Worked at,EDCT_057,,,1920,1920,1920-1920,,EDC_1920_21,FALSE,FALSE
EDCPT_7806,PRESENT_AT,Worked at,EDCT_057,,,1920,1920,1920-1920,,EDC_1920_27,FALSE,FALSE
EDCPT_7883,PRESENT_AT,Worked at,EDCT_057,,,1920,1920,1920-1920,,EDC_1920_29,FALSE,FALSE
EDCPT_8323,PRESENT_AT,Worked at,EDCT_057,,,1920,1920,1920-1920,,EDC_1920_44,FALSE,FALSE
EDCPT_8474,PRESENT_AT,Worked at,EDCT_057,,,1920,1920,1920-1920,,EDC_1920_48,FALSE,FALSE
EDCPT_9303,PRESENT_AT,Worked at,EDCT_057,,,1920,1920,1920-1920,,EDC_1920_70,FALSE,FALSE
EDCPT_8511,PRESENT_AT,Worked at,EDCT_059,,,1920,1920,1920-1920,,EDC_1920_49,FALSE,FALSE
EDCPT_8512,PRESENT_AT,Worked at,EDCT_059,,,1920,1920,1920-1920,,EDC_1920_50,FALSE,FALSE
EDCPT_8010,PRESENT_AT,Worked at,EDCT_060,,,1920,1920,1920-1920,,EDC_1920_34,FALSE,FALSE
EDCPT_8284,PRESENT_AT,Worked at,EDCT_060,,,1920,1920,1920-1920,,EDC_1920_43,FALSE,FALSE
EDCPT_8285,PRESENT_AT,Worked at,EDCT_060,,,1920,1920,1920-1920,,EDC_1920_43,FALSE,FALSE
EDCPT_8629,PRESENT_AT,Worked at,EDCT_060,,,1920,1920,1920-1920,,EDC_1920_52;EDC_1914_12,FALSE,FALSE
EDCPT_8636,PRESENT_AT,Worked at,EDCT_060,,,1920,1920,1920-1920,,EDC_1920_53,FALSE,FALSE
EDCPT_7408,PRESENT_AT,Worked at,EDCT_061,,,1920,1920,1920-1920,,EDC_1920_14,FALSE,FALSE
EDCPT_8312,PRESENT_AT,Worked at,EDCT_061,,,1920,1920,1920-1920,,EDC_1920_44,FALSE,FALSE
EDCPT_8362,PRESENT_AT,Worked at,EDCT_061,,,1920,1920,1920-1920,,EDC_1920_45,FALSE,FALSE
EDCPT_8415,PRESENT_AT,Worked at,EDCT_061,,,1920,1920,1920-1920,,EDC_1920_47,FALSE,FALSE
EDCPT_8549,PRESENT_AT,Worked at,EDCT_061,,,1920,1920,1920-1920,,EDC_1920_50,FALSE,FALSE
EDCPT_8661,PRESENT_AT,Worked at,EDCT_061,,,1920,1920,1920-1920,,EDC_1920_53,FALSE,FALSE
EDCPT_9066,PRESENT_AT,Worked at,EDCT_061,,,1920,1920,1920-1920,,EDC_1920_63,FALSE,FALSE
EDCPT_9109,PRESENT_AT,Worked at,EDCT_061,,,1920,1920,1920-1920,,EDC_1920_65,FALSE,FALSE
EDCPT_9271,PRESENT_AT,Worked at,EDCT_061,,,1920,1920,1920-1920,,EDC_1920_69,FALSE,FALSE
EDCPT_7667,PRESENT_AT,Worked at,EDCT_063,,,1920,1920,1920-1920,,EDC_1920_23,FALSE,FALSE
EDCPT_7866,PRESENT_AT,Worked at,EDCT_063,,,1920,1920,1920-1920,,EDC_1920_29,FALSE,FALSE
EDCPT_7167,PRESENT_AT,Worked at,EDCT_064,,,1920,1920,1920-1920,,EDC_1920_6,FALSE,FALSE
EDCPT_7201,PRESENT_AT,Worked at,EDCT_064,,,1920,1920,1920-1920,,EDC_1920_6,FALSE,FALSE
EDCPT_8781,PRESENT_AT,Worked at,EDCT_064,,,1920,1920,1920-1920,,EDC_1920_56,FALSE,FALSE
EDCPT_9129,PRESENT_AT,Worked at,EDCT_064,,,1920,1920,1920-1920,,EDC_1920_65,FALSE,FALSE
EDCPT_9190,PRESENT_AT,Worked at,EDCT_064,,,1920,1920,1920-1920,,EDC_1920_67,FALSE,FALSE
EDCPT_7172,PRESENT_AT,Worked at,EDCT_065,,,1920,1920,1920-1920,,EDC_1920_6,FALSE,FALSE
EDCPT_9890,PRESENT_AT,Worked at,EDCT_065,,,1920,1920,1920-1920,,EDC_1920_90,FALSE,FALSE
EDCPT_7666,PRESENT_AT,Worked at,EDCT_066,,,1920,1920,1920-1920,,EDC_1920_23,FALSE,FALSE
EDCPT_8240,PRESENT_AT,Worked at,EDCT_066,,,1920,1920,1920-1920,,EDC_1920_41,FALSE,FALSE
EDCPT_8371,PRESENT_AT,Worked at,EDCT_066,,,1920,1920,1920-1920,,EDC_1920_45,FALSE,FALSE
EDCPT_9857,PRESENT_AT,Worked at,EDCT_067,,,1920,1920,1920-1920,,EDC_1920_88,FALSE,FALSE
EDCPT_7581,PRESENT_AT,Worked at,EDCT_068,,,1920,1920,1920-1920,,EDC_1920_21,FALSE,FALSE
EDCPT_7697,PRESENT_AT,Worked at,EDCT_068,,,1920,1920,1920-1920,,EDC_1920_24,FALSE,FALSE
EDCPT_7808,PRESENT_AT,Worked at,EDCT_068,,,1920,1920,1920-1920,,EDC_1920_27,FALSE,FALSE
EDCPT_7988,PRESENT_AT,Worked at,EDCT_068,,,1920,1920,1920-1920,,EDC_1920_33,FALSE,FALSE
EDCPT_7190,PRESENT_AT,Worked at,EDCT_070,,,1920,1920,1920-1920,,EDC_1920_6,FALSE,FALSE
EDCPT_7195,PRESENT_AT,Worked at,EDCT_071,,,1920,1920,1920-1920,,EDC_1920_6,FALSE,FALSE
EDCPT_8870,PRESENT_AT,Worked at,EDCT_071,,,1920,1920,1920-1920,,EDC_1920_59,FALSE,FALSE
EDCPT_7202,PRESENT_AT,Worked at,EDCT_072,,,1920,1920,1920-1920,,EDC_1920_6,FALSE,FALSE
EDCPT_7431,PRESENT_AT,Worked at,EDCT_072,,,1920,1920,1920-1920,,EDC_1920_15,FALSE,FALSE
EDCPT_7474,PRESENT_AT,Worked at,EDCT_072,,,1920,1920,1920-1920,,EDC_1920_17,FALSE,FALSE
EDCPT_8087,PRESENT_AT,Worked at,EDCT_072,,,1920,1920,1920-1920,,EDC_1920_36,FALSE,FALSE
EDCPT_8244,PRESENT_AT,Worked at,EDCT_072,,,1920,1920,1920-1920,,EDC_1920_42,FALSE,FALSE
EDCPT_8826,PRESENT_AT,Worked at,EDCT_072,,,1920,1920,1920-1920,,EDC_1920_58,FALSE,FALSE
EDCPT_7701,PRESENT_AT,Worked at,EDCT_073,,,1920,1920,1920-1920,,EDC_1920_24,FALSE,FALSE
EDCPT_8352,PRESENT_AT,Worked at,EDCT_073,,,1920,1920,1920-1920,,EDC_1920_45,FALSE,FALSE
EDCPT_8641,PRESENT_AT,Worked at,EDCT_073,,,1920,1920,1920-1920,,EDC_1920_53; EDC_1917_34,FALSE,FALSE
EDCPT_9218,PRESENT_AT,Worked at,EDCT_073,,,1920,1920,1920-1920,,EDC_1920_68,FALSE,FALSE
EDCPT_11748,PRESENT_AT,Worked at,EDCT_074,,,1920,1920,1920-1920,,EDC_1920_152,FALSE,FALSE
EDCPT_7209,PRESENT_AT,Worked at,EDCT_074,,,1920,1920,1920-1920,,EDC_1920_7,FALSE,FALSE
EDCPT_7225,PRESENT_AT,Worked at,EDCT_074,,,1920,1920,1920-1920,,EDC_1920_7,FALSE,FALSE
EDCPT_7285,PRESENT_AT,Worked at,EDCT_074,,,1920,1920,1920-1920,,EDC_1920_9,FALSE,FALSE
EDCPT_7286,PRESENT_AT,Worked at,EDCT_074,,,1920,1920,1920-1920,,EDC_1920_9,FALSE,FALSE
EDCPT_7377,PRESENT_AT,Worked at,EDCT_074,,,1920,1920,1920-1920,,EDC_1920_13,FALSE,FALSE
EDCPT_7484,PRESENT_AT,Worked at,EDCT_074,,,1920,1920,1920-1920,,EDC_1920_17,FALSE,FALSE
EDCPT_7941,PRESENT_AT,Worked at,EDCT_074,,,1920,1920,1920-1920,,EDC_1920_32,FALSE,FALSE
EDCPT_7969,PRESENT_AT,Worked at,EDCT_074,,,1920,1920,1920-1920,,EDC_1920_33,FALSE,FALSE
EDCPT_7970,PRESENT_AT,Worked at,EDCT_074,,,1920,1920,1920-1920,,EDC_1920_33,FALSE,FALSE
EDCPT_8111,PRESENT_AT,Worked at,EDCT_074,,,1920,1920,1920-1920,,EDC_1920_37,FALSE,FALSE
EDCPT_8112,PRESENT_AT,Worked at,EDCT_074,,,1920,1920,1920-1920,,EDC_1920_37,FALSE,FALSE
EDCPT_8206,PRESENT_AT,Worked at,EDCT_074,,,1920,1920,1920-1920,,EDC_1920_40,FALSE,FALSE
EDCPT_8207,PRESENT_AT,Worked at,EDCT_074,,,1920,1920,1920-1920,,EDC_1920_40,FALSE,FALSE
EDCPT_8286,PRESENT_AT,Worked at,EDCT_074,,,1920,1920,1920-1920,,EDC_1920_43,FALSE,FALSE
EDCPT_8348,PRESENT_AT,Worked at,EDCT_074,,,1920,1920,1920-1920,,EDC_1920_45,FALSE,FALSE
EDCPT_8349,PRESENT_AT,Worked at,EDCT_074,,,1920,1920,1920-1920,,EDC_1920_45,FALSE,FALSE
EDCPT_8367,PRESENT_AT,Worked at,EDCT_074,,,1920,1920,1920-1920,,EDC_1920_45,FALSE,FALSE
EDCPT_8553,PRESENT_AT,Worked at,EDCT_074,,,1920,1920,1920-1920,,EDC_1920_51,FALSE,FALSE
EDCPT_8600,PRESENT_AT,Worked at,EDCT_074,,,1920,1920,1920-1920,,EDC_1920_51,FALSE,FALSE
EDCPT_8603,PRESENT_AT,Worked at,EDCT_074,,,1920,1920,1920-1920,,EDC_1920_52,FALSE,FALSE
EDCPT_8790,PRESENT_AT,Worked at,EDCT_074,,,1920,1920,1920-1920,,EDC_1920_57,FALSE,FALSE
EDCPT_8909,PRESENT_AT,Worked at,EDCT_074,,,1920,1920,1920-1920,,EDC_1920_60,FALSE,FALSE
EDCPT_8911,PRESENT_AT,Worked at,EDCT_074,,,1920,1920,1920-1920,,EDC_1920_60,FALSE,FALSE
EDCPT_8959,PRESENT_AT,Worked at,EDCT_074,,,1920,1920,1920-1920,,EDC_1920_61,FALSE,FALSE
EDCPT_8967,PRESENT_AT,Worked at,EDCT_074,,,1920,1920,1920-1920,,EDC_1920_61; EDC_1918_54,FALSE,FALSE
EDCPT_8968,PRESENT_AT,Worked at,EDCT_074,,,1920,1920,1920-1920,,EDC_1920_61,FALSE,FALSE
EDCPT_9004,PRESENT_AT,Worked at,EDCT_074,,,1920,1920,1920-1920,,EDC_1920_62,FALSE,FALSE
EDCPT_9101,PRESENT_AT,Worked at,EDCT_074,,,1920,1920,1920-1920,,EDC_1920_64,FALSE,FALSE
EDCPT_9472,PRESENT_AT,Worked at,EDCT_074,,,1920,1920,1920-1920,,EDC_1920_76,FALSE,FALSE
EDCPT_9659,PRESENT_AT,Worked at,EDCT_074,,,1920,1920,1920-1920,,EDC_1920_82,FALSE,FALSE
EDCPT_9660,PRESENT_AT,Worked at,EDCT_074,,,1920,1920,1920-1920,,EDC_1920_82,FALSE,FALSE
EDCPT_9870,PRESENT_AT,Worked at,EDCT_074,,,1920,1920,1920-1920,,EDC_1920_88,FALSE,FALSE
EDCPT_9871,PRESENT_AT,Worked at,EDCT_074,,,1920,1920,1920-1920,,EDC_1920_88,FALSE,FALSE
EDCPT_9912,PRESENT_AT,Worked at,EDCT_074,,,1920,1920,1920-1920,,EDC_1920_90,FALSE,FALSE
EDCPT_9726,PRESENT_AT,Worked at,EDCT_075,,,1920,1920,1920-1920,,EDC_1920_84,FALSE,FALSE
EDCPT_9889,PRESENT_AT,Worked at,EDCT_075,,,1920,1920,1920-1920,,EDC_1920_90,FALSE,FALSE
EDCPT_7215,PRESENT_AT,Worked at,EDCT_076,,,1920,1920,1920-1920,,EDC_1920_7; EDC_1918_6,FALSE,FALSE
EDCPT_7381,PRESENT_AT,Worked at,EDCT_077,,,1920,1920,1920-1920,,EDC_1920_13,FALSE,FALSE
EDCPT_7220,PRESENT_AT,Worked at,EDCT_078,,,1920,1920,1920-1920,,EDC_1920_7; EDC_1918_6,FALSE,FALSE
EDCPT_8129,PRESENT_AT,Worked at,EDCT_078,,,1920,1920,1920-1920,,EDC_1920_37,FALSE,FALSE
EDCPT_8504,PRESENT_AT,Worked at,EDCT_078,,,1920,1920,1920-1920,,EDC_1920_49,FALSE,FALSE
EDCPT_8575,PRESENT_AT,Worked at,EDCT_078,,,1920,1920,1920-1920,,EDC_1920_51,FALSE,FALSE
EDCPT_7222,PRESENT_AT,Worked at,EDCT_079,,,1920,1920,1920-1920,,EDC_1920_7,FALSE,FALSE
EDCPT_8548,PRESENT_AT,Worked at,EDCT_079,,,1920,1920,1920-1920,,EDC_1920_50,FALSE,FALSE
EDCPT_7229,PRESENT_AT,Worked at,EDCT_080,,,1920,1920,1920-1920,,EDC_1920_7,FALSE,FALSE
EDCPT_7560,PRESENT_AT,Worked at,EDCT_080,,,1920,1920,1920-1920,,EDC_1920_20,FALSE,FALSE
EDCPT_8363,PRESENT_AT,Worked at,EDCT_080,,,1920,1920,1920-1920,,EDC_1920_45,FALSE,FALSE
EDCPT_8946,PRESENT_AT,Worked at,EDCT_080,,,1920,1920,1920-1920,,EDC_1920_60,FALSE,FALSE
EDCPT_9715,PRESENT_AT,Worked at,EDCT_080,,,1920,1920,1920-1920,Baoding and Beijing is very close so it's possible this and the other Li Chung San are the same person.,EDC_1920_84,FALSE,FALSE
EDCPT_9771,PRESENT_AT,Worked at,EDCT_080,,,1920,1920,1920-1920,,EDC_1920_86,FALSE,FALSE
EDCPT_8157,PRESENT_AT,Worked at,EDCT_081,,,1916,1916,1916-1916,,EDC_1916_28,FALSE,FALSE
EDCPT_8901,PRESENT_AT,Worked at,EDCT_081,,,1916,1916,1916-1916,,EDC_1916_45,FALSE,FALSE
EDCPT_7243,PRESENT_AT,Worked at,EDCT_082,,,1920,1920,1920-1920,,EDC_1920_8,FALSE,FALSE
EDCPT_8172,PRESENT_AT,Worked at,EDCT_082,,,1920,1920,1920-1920,,EDC_1920_38,FALSE,FALSE
EDCPT_7587,PRESENT_AT,Worked at,EDCT_084,,,1920,1920,1920-1920,,EDC_1920_21,FALSE,FALSE
EDCPT_7252,PRESENT_AT,Worked at,EDCT_085,,,1920,1920,1920-1920,,EDC_1920_8,FALSE,FALSE
EDCPT_7318,PRESENT_AT,Worked at,EDCT_085,,,1920,1920,1920-1920,,EDC_1920_11,FALSE,FALSE
EDCPT_7614,PRESENT_AT,Worked at,EDCT_085,,,1920,1920,1920-1920,,EDC_1920_22,FALSE,FALSE
EDCPT_7664,PRESENT_AT,Worked at,EDCT_085,,,1920,1920,1920-1920,,EDC_1920_23,FALSE,FALSE
EDCPT_8233,PRESENT_AT,Worked at,EDCT_085,,,1920,1920,1920-1920,,EDC_1920_41,FALSE,FALSE
EDCPT_8234,PRESENT_AT,Worked at,EDCT_085,,,1920,1920,1920-1920,,EDC_1920_41,FALSE,FALSE
EDCPT_8582,PRESENT_AT,Worked at,EDCT_085,,,1920,1920,1920-1920,,EDC_1920_51,FALSE,FALSE
EDCPT_8851,PRESENT_AT,Worked at,EDCT_085,,,1920,1920,1920-1920,"former warden at St. John's Hall, a precursor to St. John's U",EDC_1920_58,FALSE,FALSE
EDCPT_8931,PRESENT_AT,Worked at,EDCT_085,,,1920,1920,1920-1920,,EDC_1920_60,FALSE,FALSE
EDCPT_9301,PRESENT_AT,Worked at,EDCT_085,,,1920,1920,1920-1920,,EDC_1920_70,FALSE,FALSE
EDCPT_9925,PRESENT_AT,Worked at,EDCT_085,,,1920,1920,1920-1920,,EDC_1920_91,FALSE,FALSE
EDCPT_7255,PRESENT_AT,Worked at,EDCT_086,,,1920,1920,1920-1920,,EDC_1920_8; EDC_1918_7,FALSE,FALSE
EDCPT_8915,PRESENT_AT,Worked at,EDCT_086,,,1920,1920,1920-1920,,EDC_1920_60,FALSE,FALSE
EDCPT_9299,PRESENT_AT,Worked at,EDCT_086,,,1920,1920,1920-1920,,EDC_1920_70,FALSE,FALSE
EDCPT_7258,PRESENT_AT,Worked at,EDCT_089,,,1920,1920,1920-1920,,EDC_1920_8,FALSE,FALSE
EDCPT_7259,PRESENT_AT,Worked at,EDCT_089,,,1920,1920,1920-1920,,EDC_1920_8,FALSE,FALSE
EDCPT_7376,PRESENT_AT,Worked at,EDCT_089,,,1920,1920,1920-1920,,EDC_1920_13,FALSE,FALSE
EDCPT_7478,PRESENT_AT,Worked at,EDCT_089,,,1920,1920,1920-1920,,EDC_1920_17,FALSE,FALSE
EDCPT_9657,PRESENT_AT,Worked at,EDCT_089,,,1920,1920,1920-1920,,EDC_1920_82,FALSE,FALSE
EDCPT_7260,PRESENT_AT,Worked at,EDCT_090,,,1920,1920,1920-1920,,EDC_1920_8,FALSE,FALSE
EDCPT_8338,PRESENT_AT,Worked at,EDCT_090,,,1920,1920,1920-1920,,EDC_1920_45,FALSE,FALSE
EDCPT_8541,PRESENT_AT,Worked at,EDCT_090,,,1920,1920,1920-1920,,EDC_1920_50,FALSE,FALSE
EDCPT_8786,PRESENT_AT,Worked at,EDCT_090,,,1920,1920,1920-1920,"""Formerly,"" so stopped working there prior to 1920",EDC_1920_56,FALSE,FALSE
EDCPT_9124,PRESENT_AT,Worked at,EDCT_090,,,1920,1920,1920-1920,,EDC_1920_65,FALSE,FALSE
EDCPT_7267,PRESENT_AT,Worked at,EDCT_091,,,1920,1920,1920-1920,,EDC_1920_9,FALSE,FALSE
EDCPT_7725,PRESENT_AT,Worked at,EDCT_091,,,1920,1920,1920-1920,,EDC_1920_25,FALSE,FALSE
EDCPT_8413,PRESENT_AT,Worked at,EDCT_091,,,1919,1919,1919-1919,,EDC_1920_46,FALSE,FALSE
EDCPT_8477,PRESENT_AT,Worked at,EDCT_091,,,1920,1920,1920-1920,,EDC_1920_48,FALSE,FALSE
EDCPT_9734,PRESENT_AT,Worked at,EDCT_091,,,1920,1920,1920-1920,,EDC_1920_84,FALSE,FALSE
EDCPT_7296,PRESENT_AT,Worked at,EDCT_092,,,1920,1920,1920-1920,,EDC_1920_10,FALSE,FALSE
EDCPT_7568,PRESENT_AT,Worked at,EDCT_092,,,1920,1920,1920-1920,,EDC_1920_20,FALSE,FALSE
EDCPT_7703,PRESENT_AT,Worked at,EDCT_092,,,1920,1920,1920-1920,,EDC_1920_24,FALSE,FALSE
EDCPT_7709,PRESENT_AT,Worked at,EDCT_092,,,1920,1920,1920-1920,,EDC_1920_25,FALSE,FALSE
EDCPT_8748,PRESENT_AT,Worked at,EDCT_092,,,1920,1920,1920-1920,,EDC_1920_55,FALSE,FALSE
EDCPT_10830,PRESENT_AT,Worked at,EDCT_093,,,1917,1917,1917-1917,,EDC_1917_80,FALSE,FALSE
EDCPT_7270,PRESENT_AT,Worked at,EDCT_093,,,1920,1920,1920-1920,,EDC_1920_9; EDC_1918_8,FALSE,FALSE
EDCPT_8046,PRESENT_AT,Worked at,EDCT_093,,,1916,1916,1916-1916,,EDC_1916_24,FALSE,FALSE
EDCPT_8405,PRESENT_AT,Worked at,EDCT_093,,,1916,1916,1916-1916,,EDC_1916_33,FALSE,FALSE
EDCPT_8421,PRESENT_AT,Worked at,EDCT_093,,,1920,1920,1920-1920,,EDC_1920_47,FALSE,FALSE
EDCPT_9609,PRESENT_AT,Worked at,EDCT_093,,,1920,1920,1920-1920,,EDC_1920_80,FALSE,FALSE
EDCPT_9821,PRESENT_AT,Worked at,EDCT_093,,,1920,1920,1920-1920,,EDC_1920_87,FALSE,FALSE
EDCPT_9900,PRESENT_AT,Worked at,EDCT_093,,,1920,1920,1920-1920,,EDC_1920_90,FALSE,FALSE
EDCPT_9911,PRESENT_AT,Worked at,EDCT_093,,,1916,1916,1916-1916,,EDC_1916_66,FALSE,FALSE
EDCPT_9984,PRESENT_AT,Worked at,EDCT_093,,,1920,1920,1920-1920,,EDC_1920_93,FALSE,FALSE
EDCPT_8570,PRESENT_AT,Worked at,EDCT_094,,,1920,1920,1920-1920,,EDC_1920_51,FALSE,FALSE
EDCPT_9965,PRESENT_AT,Worked at,EDCT_094,,,1920,1920,1920-1920,,EDC_1920_92,FALSE,FALSE
EDCPT_7272,PRESENT_AT,Worked at,EDCT_095,,,1920,1920,1920-1920,,EDC_1920_9,FALSE,FALSE
EDCPT_7273,PRESENT_AT,Worked at,EDCT_095,,,1917,1917,1917-1917,,EDC_1917_7,FALSE,TRUE
EDCPT_7273,PRESENT_AT,Worked at,EDCT_095,,,1920,1920,1920-1920,,EDC_1920_9; EDC_1918_8;EDC_1914_2,FALSE,TRUE
EDCPT_7520,PRESENT_AT,Worked at,EDCT_095,,,1920,1920,1920-1920,,EDC_1920_19,FALSE,FALSE
EDCPT_7596,PRESENT_AT,Worked at,EDCT_095,,,1920,1920,1920-1920,,EDC_1920_21,FALSE,FALSE
EDCPT_9894,PRESENT_AT,Worked at,EDCT_095,,,1920,1920,1920-1920,,EDC_1920_90,FALSE,FALSE
EDCPT_10991,PRESENT_AT,Worked at,EDCT_096,,,1917,1917,1917-1917,,EDC_1917_84,FALSE,FALSE
EDCPT_7354,PRESENT_AT,Worked at,EDCT_096,,,1920,1920,1920-1920,,EDC_1920_12;EDC_1914_3,FALSE,FALSE
EDCPT_7415,PRESENT_AT,Worked at,EDCT_096,,,1920,1920,1920-1920,,EDC_1920_15,FALSE,FALSE
EDCPT_7711,PRESENT_AT,Worked at,EDCT_096,,,1920,1920,1920-1920,,EDC_1920_25,FALSE,FALSE
EDCPT_7868,PRESENT_AT,Worked at,EDCT_096,,,1920,1920,1920-1920,,EDC_1920_29,FALSE,FALSE
EDCPT_8101,PRESENT_AT,Worked at,EDCT_096,,,1920,1920,1920-1920,,EDC_1920_36,FALSE,FALSE
EDCPT_8495,PRESENT_AT,Worked at,EDCT_096,,,1920,1920,1920-1920,,EDC_1920_49,FALSE,FALSE
EDCPT_8543,PRESENT_AT,Worked at,EDCT_096,,,1920,1920,1920-1920,,EDC_1920_50,FALSE,FALSE
EDCPT_8605,PRESENT_AT,Worked at,EDCT_096,,,1920,1920,1920-1920,,EDC_1920_52,FALSE,FALSE
EDCPT_8699,PRESENT_AT,Worked at,EDCT_096,,,1920,1920,1920-1920,,EDC_1920_54,FALSE,FALSE
EDCPT_7276,PRESENT_AT,Worked at,EDCT_097,,,1920,1920,1920-1920,,EDC_1920_9; EDC_1918_8,FALSE,FALSE
EDCPT_7293,PRESENT_AT,Worked at,EDCT_100,,,1920,1920,1920-1920,,EDC_1920_10,FALSE,FALSE
EDCPT_7637,PRESENT_AT,Worked at,EDCT_100,,,1920,1920,1920-1920,,EDC_1920_22,FALSE,FALSE
EDCPT_7655,PRESENT_AT,Worked at,EDCT_100,,,1920,1920,1920-1920,,EDC_1920_23,FALSE,FALSE
EDCPT_7805,PRESENT_AT,Worked at,EDCT_100,,,1920,1920,1920-1920,,EDC_1920_27,FALSE,FALSE
EDCPT_8230,PRESENT_AT,Worked at,EDCT_100,,,1920,1920,1920-1920,,EDC_1920_41,FALSE,FALSE
EDCPT_9013,PRESENT_AT,Worked at,EDCT_100,,,1908,1908,1908-1908,,EDC_1920_62,FALSE,FALSE
EDCPT_9637,PRESENT_AT,Worked at,EDCT_100,,,1920,1920,1920-1920,,EDC_1920_81,FALSE,FALSE
EDCPT_8231,PRESENT_AT,Worked at,EDCT_101,,,1920,1920,1920-1920,,EDC_1920_41,FALSE,FALSE
EDCPT_8621,PRESENT_AT,Worked at,EDCT_101,,,1920,1920,1920-1920,,EDC_1920_52,FALSE,FALSE
EDCPT_9161,PRESENT_AT,Worked at,EDCT_101,,,1920,1920,1920-1920,,EDC_1920_66,FALSE,FALSE
EDCPT_7300,PRESENT_AT,Worked at,EDCT_103,,,1920,1920,1920-1920,,EDC_1920_10,FALSE,FALSE
EDCPT_7845,PRESENT_AT,Worked at,EDCT_103,,,1920,1920,1920-1920,,EDC_1920_28,FALSE,FALSE
EDCPT_9575,PRESENT_AT,Worked at,EDCT_104,,,1920,1920,1920-1920,,EDC_1920_79,FALSE,FALSE
EDCPT_9626,PRESENT_AT,Worked at,EDCT_105,,,1920,1920,1920-1920,,EDC_1920_81,FALSE,FALSE
EDCPT_7309,PRESENT_AT,Worked at,EDCT_106,,,1920,1920,1920-1920,,EDC_1920_10,FALSE,FALSE
EDCPT_7313,PRESENT_AT,Worked at,EDCT_108,,,1920,1920,1920-1920,,EDC_1920_11,FALSE,FALSE
EDCPT_7909,PRESENT_AT,Worked at,EDCT_109,,,1916,1916,1916-1916,,EDC_1916_21;EDC_1914_6,FALSE,FALSE
EDCPT_9444,PRESENT_AT,Worked at,EDCT_109,,,1916,1916,1916-1916,,EDC_1916_56,FALSE,FALSE
EDCPT_9629,PRESENT_AT,Worked at,EDCT_109,,,1920,1920,1920-1920,,EDC_1920_81,FALSE,FALSE
EDCPT_9886,PRESENT_AT,Worked at,EDCT_109,,,1920,1920,1920-1920,,EDC_1920_90,FALSE,FALSE
EDCPT_9882,PRESENT_AT,Worked at,EDCT_110,,,1920,1920,1920-1920,,EDC_1920_90,FALSE,FALSE
EDCPT_7322,PRESENT_AT,Worked at,EDCT_111,,,1920,1920,1920-1920,,EDC_1920_11,FALSE,FALSE
EDCPT_9995,PRESENT_AT,Worked at,EDCT_111,,,1920,1920,1920-1920,,EDC_1920_93,FALSE,FALSE
EDCPT_7326,PRESENT_AT,Worked at,EDCT_112,,,1920,1920,1920-1920,,EDC_1920_11,FALSE,FALSE
EDCPT_7329,PRESENT_AT,Worked at,EDCT_113,,,1920,1920,1920-1920,,EDC_1920_11,FALSE,FALSE
EDCPT_7656,PRESENT_AT,Worked at,EDCT_115,,,1920,1920,1920-1920,,EDC_1920_23,FALSE,FALSE
EDCPT_7841,PRESENT_AT,Worked at,EDCT_115,,,1920,1920,1920-1920,,EDC_1920_28,FALSE,FALSE
EDCPT_8063,PRESENT_AT,Worked at,EDCT_115,,,1920,1920,1920-1920,,EDC_1920_36,FALSE,FALSE
EDCPT_8965,PRESENT_AT,Worked at,EDCT_115,,,1920,1920,1920-1920,,EDC_1920_61,FALSE,FALSE
EDCPT_8999,PRESENT_AT,Worked at,EDCT_115,,,1920,1920,1920-1920,,EDC_1920_62,FALSE,FALSE
EDCPT_9760,PRESENT_AT,Worked at,EDCT_115,,,1920,1920,1920-1920,,EDC_1920_85,FALSE,FALSE
EDCPT_9780,PRESENT_AT,Worked at,EDCT_115,,,1920,1920,1920-1920,,EDC_1920_86,FALSE,FALSE
EDCPT_9869,PRESENT_AT,Worked at,EDCT_116,,,1920,1920,1920-1920,,EDC_1920_88,FALSE,FALSE
EDCPT_7353,PRESENT_AT,Worked at,EDCT_118,,,1920,1920,1920-1920,,EDC_1920_12,FALSE,FALSE
EDCPT_7936,PRESENT_AT,Worked at,EDCT_118,,,1920,1920,1920-1920,,EDC_1920_31,FALSE,FALSE
EDCPT_7353,PRESENT_AT,Worked at,EDCT_119,,,1920,1920,1920-1920,,EDC_1920_12,FALSE,FALSE
EDCPT_7994,PRESENT_AT,Worked at,EDCT_121,,,1920,1920,1920-1920,,EDC_1920_34,FALSE,FALSE
EDCPT_8454,PRESENT_AT,Worked at,EDCT_121,,,1920,1920,1920-1920,,EDC_1920_48,FALSE,FALSE
EDCPT_8755,PRESENT_AT,Worked at,EDCT_121,,,1920,1920,1920-1920,,EDC_1920_56,FALSE,FALSE
EDCPT_9336,PRESENT_AT,Worked at,EDCT_122,,,1915,1915,1915-1915,Later went on to work at a gov't school; was doing so in 1920,EDC_1920_71,FALSE,FALSE
EDCPT_7363,PRESENT_AT,Worked at,EDCT_123,,,1920,1920,1920-1920,,EDC_1920_13,FALSE,FALSE
EDCPT_7447,PRESENT_AT,Worked at,EDCT_123,,,1920,1920,1920-1920,,EDC_1920_16,FALSE,FALSE
EDCPT_7372,PRESENT_AT,Worked at,EDCT_125,,,1920,1920,1920-1920,,EDC_1920_13,FALSE,FALSE
EDCPT_8038,PRESENT_AT,Worked at,EDCT_125,,,1920,1920,1920-1920,,EDC_1920_35,FALSE,FALSE
EDCPT_8601,PRESENT_AT,Worked at,EDCT_125,,,1920,1920,1920-1920,,EDC_1920_51,FALSE,FALSE
EDCPT_8832,PRESENT_AT,Worked at,EDCT_125,,,1920,1920,1920-1920,,EDC_1920_58,FALSE,FALSE
EDCPT_9287,PRESENT_AT,Worked at,EDCT_125,,,1920,1920,1920-1920,,EDC_1920_70,FALSE,FALSE
EDCPT_9543,PRESENT_AT,Worked at,EDCT_125,,,1920,1920,1920-1920,,EDC_1920_78,FALSE,FALSE
EDCPT_7450,PRESENT_AT,Worked at,EDCT_128,,,1920,1920,1920-1920,,EDC_1920_16,FALSE,FALSE
EDCPT_8565,PRESENT_AT,Worked at,EDCT_128,,,1920,1920,1920-1920,,EDC_1920_51,FALSE,FALSE
EDCPT_8627,PRESENT_AT,Worked at,EDCT_128,,,1920,1920,1920-1920,,EDC_1920_52,FALSE,FALSE
EDCPT_9118,PRESENT_AT,Worked at,EDCT_128,,,1920,1920,1920-1920,,EDC_1920_65,FALSE,FALSE
EDCPT_9170,PRESENT_AT,Worked at,EDCT_128,,,1920,1920,1920-1920,,EDC_1920_66,FALSE,FALSE
EDCPT_7412,PRESENT_AT,Worked at,EDCT_132,,,1920,1920,1920-1920,,EDC_1920_14,FALSE,FALSE
EDCPT_8154,PRESENT_AT,Worked at,EDCT_134,,,1920,1920,1920-1920,,EDC_1920_38,FALSE,FALSE
EDCPT_8785,PRESENT_AT,Worked at,EDCT_134,,,1920,1920,1920-1920,,EDC_1920_56,FALSE,FALSE
EDCPT_9884,PRESENT_AT,Worked at,EDCT_134,,,1920,1920,1920-1920,,EDC_1920_90,FALSE,FALSE
EDCPT_9962,PRESENT_AT,Worked at,EDCT_134,,,1920,1920,1920-1920,,EDC_1920_92,FALSE,FALSE
EDCPT_7418,PRESENT_AT,Worked at,EDCT_136,,,1920,1920,1920-1920,,EDC_1920_15,FALSE,FALSE
EDCPT_9428,PRESENT_AT,Worked at,EDCT_136,,,1920,1920,1920-1920,,EDC_1920_75,FALSE,FALSE
EDCPT_9521,PRESENT_AT,Worked at,EDCT_136,,,1920,1920,1920-1920,,EDC_1920_77,FALSE,FALSE
EDCPT_7423,PRESENT_AT,Worked at,EDCT_137,,,1920,1920,1920-1920,,EDC_1920_15,FALSE,FALSE
EDCPT_9483,PRESENT_AT,Worked at,EDCT_137,,,1920,1920,1920-1920,,EDC_1920_76,FALSE,FALSE
EDCPT_7465,PRESENT_AT,Worked at,EDCT_139,,,1920,1920,1920-1920,,EDC_1920_16,FALSE,FALSE
EDCPT_8757,PRESENT_AT,Worked at,EDCT_139,,,1920,1920,1920-1920,,EDC_1920_56,FALSE,FALSE
EDCPT_7440,PRESENT_AT,Worked at,EDCT_141,,,1920,1920,1920-1920,,EDC_1920_15,FALSE,FALSE
EDCPT_7821,PRESENT_AT,Worked at,EDCT_141,,,1920,1920,1920-1920,,EDC_1920_27,FALSE,FALSE
EDCPT_7925,PRESENT_AT,Worked at,EDCT_141,,,1920,1920,1920-1920,,EDC_1920_31,FALSE,FALSE
EDCPT_9559,PRESENT_AT,Worked at,EDCT_143,,,1920,1920,1920-1920,,EDC_1920_79,FALSE,FALSE
EDCPT_8106,PRESENT_AT,Worked at,EDCT_144,,,1920,1920,1920-1920,,EDC_1920_37,FALSE,FALSE
EDCPT_7479,PRESENT_AT,Worked at,EDCT_147,,,1920,1920,1920-1920,,EDC_1920_17,FALSE,FALSE
EDCPT_9854,PRESENT_AT,Worked at,EDCT_147,,,1920,1920,1920-1920,,EDC_1920_88,FALSE,FALSE
EDCPT_9232,PRESENT_AT,Worked at,EDCT_148,,,1920,1920,1920-1920,Formerly,EDC_1920_68,FALSE,FALSE
EDCPT_8650,PRESENT_AT,Worked at,EDCT_149,,,1920,1920,1920-1920,,EDC_1920_53,FALSE,FALSE
EDCPT_7487,PRESENT_AT,Worked at,EDCT_151,,,1920,1920,1920-1920,,EDC_1920_17,FALSE,FALSE
EDCPT_7488,PRESENT_AT,Worked at,EDCT_151,,,1920,1920,1920-1920,,EDC_1920_18,FALSE,FALSE
EDCPT_8204,PRESENT_AT,Worked at,EDCT_151,,,1920,1920,1920-1920,,EDC_1920_40,FALSE,FALSE
EDCPT_8667,PRESENT_AT,Worked at,EDCT_151,,,1920,1920,1920-1920,,EDC_1920_53,FALSE,FALSE
EDCPT_9830,PRESENT_AT,Worked at,EDCT_151,,,1920,1920,1920-1920,,EDC_1920_87,FALSE,FALSE
EDCPT_9876,PRESENT_AT,Worked at,EDCT_151,,,1920,1920,1920-1920,,EDC_1920_90,FALSE,FALSE
EDCPT_11959,PRESENT_AT,Worked at,EDCT_152,,,1920,1920,1920-1920,,EDC_1920_160,FALSE,FALSE
EDCPT_7489,PRESENT_AT,Worked at,EDCT_152,,,1920,1920,1920-1920,,EDC_1920_18,FALSE,FALSE
EDCPT_9757,PRESENT_AT,Worked at,EDCT_153,,,1920,1920,1920-1920,,EDC_1920_85,FALSE,FALSE
EDCPT_7497,PRESENT_AT,Worked at,EDCT_155,,,1920,1920,1920-1920,,EDC_1920_18,FALSE,FALSE
EDCPT_7498,PRESENT_AT,Worked at,EDCT_155,,,1920,1920,1920-1920,,EDC_1920_18,FALSE,FALSE
EDCPT_7542,PRESENT_AT,Worked at,EDCT_155,,,1920,1920,1920-1920,,EDC_1920_19,FALSE,FALSE
EDCPT_8304,PRESENT_AT,Worked at,EDCT_155,,,1920,1920,1920-1920,,EDC_1920_43,FALSE,FALSE
EDCPT_8619,PRESENT_AT,Worked at,EDCT_155,,,1920,1920,1920-1920,,EDC_1920_52,FALSE,FALSE
EDCPT_9327,PRESENT_AT,Worked at,EDCT_155,,,1920,1920,1920-1920,,EDC_1920_71,FALSE,FALSE
EDCPT_9645,PRESENT_AT,Worked at,EDCT_155,,,1920,1920,1920-1920,,EDC_1920_82,FALSE,FALSE
EDCPT_9880,PRESENT_AT,Worked at,EDCT_155,,,1920,1920,1920-1920,,EDC_1920_90,FALSE,FALSE
EDCPT_7500,PRESENT_AT,Worked at,EDCT_156,,,1920,1920,1920-1920,,EDC_1920_18,FALSE,FALSE
EDCPT_9648,PRESENT_AT,Worked at,EDCT_156,,,1920,1920,1920-1920,,EDC_1920_82,FALSE,FALSE
EDCPT_7485,PRESENT_AT,Worked at,EDCT_157,,,1920,1920,1920-1920,,EDC_1920_18,FALSE,FALSE
EDCPT_7507,PRESENT_AT,Worked at,EDCT_157,,,1920,1920,1920-1920,,EDC_1920_18,FALSE,FALSE
EDCPT_7726,PRESENT_AT,Worked at,EDCT_157,,,1920,1920,1920-1920,,EDC_1920_25,FALSE,FALSE
EDCPT_7516,PRESENT_AT,Worked at,EDCT_158,,,1920,1920,1920-1920,,EDC_1920_18,FALSE,FALSE
EDCPT_7517,PRESENT_AT,Worked at,EDCT_160,,,1920,1920,1920-1920,,EDC_1920_18,FALSE,FALSE
EDCPT_7549,PRESENT_AT,Worked at,EDCT_160,,,1920,1920,1920-1920,,EDC_1920_19,FALSE,FALSE
EDCPT_7708,PRESENT_AT,Worked at,EDCT_160,,,1920,1920,1920-1920,,EDC_1920_25,FALSE,FALSE
EDCPT_7917,PRESENT_AT,Worked at,EDCT_160,,,1920,1920,1920-1920,,EDC_1920_31,FALSE,FALSE
EDCPT_7918,PRESENT_AT,Worked at,EDCT_160,,,1920,1920,1920-1920,,EDC_1920_31,FALSE,FALSE
EDCPT_9135,PRESENT_AT,Worked at,EDCT_160,,,1920,1920,1920-1920,,EDC_1920_65,FALSE,FALSE
EDCPT_11792,PRESENT_AT,Worked at,EDCT_161,,,1920,1920,1920-1920,,EDC_1920_154,FALSE,FALSE
EDCPT_8114,PRESENT_AT,Worked at,EDCT_161,,,1920,1920,1920-1920,,EDC_1920_37,FALSE,FALSE
EDCPT_9052,PRESENT_AT,Worked at,EDCT_161,,,1920,1920,1920-1920,,EDC_1920_63,FALSE,FALSE
EDCPT_9646,PRESENT_AT,Worked at,EDCT_161,,,1920,1920,1920-1920,,EDC_1920_82,FALSE,FALSE
EDCPT_7586,PRESENT_AT,Worked at,EDCT_162,,,1920,1920,1920-1920,,EDC_1920_21,FALSE,FALSE
EDCPT_7788,PRESENT_AT,Worked at,EDCT_162,,,1920,1920,1920-1920,,EDC_1920_26,FALSE,FALSE
EDCPT_8328,PRESENT_AT,Worked at,EDCT_162,,,1920,1920,1920-1920,,EDC_1920_44,FALSE,FALSE
EDCPT_8891,PRESENT_AT,Worked at,EDCT_162,,,1920,1920,1920-1920,,EDC_1920_59,FALSE,FALSE
EDCPT_8944,PRESENT_AT,Worked at,EDCT_162,,,1920,1920,1920-1920,,EDC_1920_60,FALSE,FALSE
EDCPT_8991,PRESENT_AT,Worked at,EDCT_162,,,1920,1920,1920-1920,,EDC_1920_62,FALSE,FALSE
EDCPT_7566,PRESENT_AT,Worked at,EDCT_163,,,1920,1920,1920-1920,,EDC_1920_20,FALSE,FALSE
EDCPT_7571,PRESENT_AT,Worked at,EDCT_163,,,1920,1920,1920-1920,,EDC_1920_20,FALSE,FALSE
EDCPT_7613,PRESENT_AT,Worked at,EDCT_163,,,1920,1920,1920-1920,,EDC_1920_22,FALSE,FALSE
EDCPT_7643,PRESENT_AT,Worked at,EDCT_163,,,1920,1920,1920-1920,,EDC_1920_23,FALSE,FALSE
EDCPT_7714,PRESENT_AT,Worked at,EDCT_163,,,1920,1920,1920-1920,,EDC_1920_25,FALSE,FALSE
EDCPT_7721,PRESENT_AT,Worked at,EDCT_163,,,1920,1920,1920-1920,,EDC_1920_25,FALSE,FALSE
EDCPT_7807,PRESENT_AT,Worked at,EDCT_163,,,1920,1920,1920-1920,,EDC_1920_27,FALSE,FALSE
EDCPT_7815,PRESENT_AT,Worked at,EDCT_163,,,1920,1920,1920-1920,,EDC_1920_27,FALSE,FALSE
EDCPT_7835,PRESENT_AT,Worked at,EDCT_163,,,1920,1920,1920-1920,,EDC_1920_28,FALSE,FALSE
EDCPT_7837,PRESENT_AT,Worked at,EDCT_163,,,1920,1920,1920-1920,,EDC_1920_28,FALSE,FALSE
EDCPT_7847,PRESENT_AT,Worked at,EDCT_163,,,1920,1920,1920-1920,,EDC_1920_28,FALSE,FALSE
EDCPT_7525,PRESENT_AT,Worked at,EDCT_164,,,1920,1920,1920-1920,,EDC_1920_19,FALSE,FALSE
EDCPT_7533,PRESENT_AT,Worked at,EDCT_164,,,1920,1920,1920-1920,,EDC_1920_19,FALSE,FALSE
EDCPT_7673,PRESENT_AT,Worked at,EDCT_164,,,1920,1920,1920-1920,,EDC_1920_24,FALSE,FALSE
EDCPT_8326,PRESENT_AT,Worked at,EDCT_164,,,1920,1920,1920-1920,,EDC_1920_44,FALSE,FALSE
EDCPT_8745,PRESENT_AT,Worked at,EDCT_164,,,1920,1920,1920-1920,,EDC_1920_55,FALSE,FALSE
EDCPT_7528,PRESENT_AT,Worked at,EDCT_165,,,1920,1920,1920-1920,,EDC_1920_19,FALSE,FALSE
EDCPT_7588,PRESENT_AT,Worked at,EDCT_165,,,1920,1920,1920-1920,,EDC_1920_21,FALSE,FALSE
EDCPT_7852,PRESENT_AT,Worked at,EDCT_165,,,1920,1920,1920-1920,,EDC_1920_28,FALSE,FALSE
EDCPT_9169,PRESENT_AT,Worked at,EDCT_165,,,1920,1920,1920-1920,,EDC_1920_66,FALSE,FALSE
EDCPT_7529,PRESENT_AT,Worked at,EDCT_166,,,1920,1920,1920-1920,,EDC_1920_19,FALSE,FALSE
EDCPT_7530,PRESENT_AT,Worked at,EDCT_167,,,1920,1920,1920-1920,,EDC_1920_19,FALSE,FALSE
EDCPT_7965,PRESENT_AT,Worked at,EDCT_167,,,1920,1920,1920-1920,,EDC_1920_32,FALSE,FALSE
EDCPT_8488,PRESENT_AT,Worked at,EDCT_168,,,1920,1920,1920-1920,,EDC_1920_49,FALSE,FALSE
EDCPT_8715,PRESENT_AT,Worked at,EDCT_168,,,1920,1920,1920-1920,,EDC_1920_55,FALSE,FALSE
EDCPT_9975,PRESENT_AT,Worked at,EDCT_168,,,1917,1917,1917-1917,,EDC_1917_60,FALSE,FALSE
EDCPT_7532,PRESENT_AT,Worked at,EDCT_169,,,1920,1920,1920-1920,,EDC_1920_19,FALSE,FALSE
EDCPT_7576,PRESENT_AT,Worked at,EDCT_169,,,1920,1920,1920-1920,,EDC_1920_20,FALSE,FALSE
EDCPT_7534,PRESENT_AT,Worked at,EDCT_170,,,1920,1920,1920-1920,,EDC_1920_19,FALSE,FALSE
EDCPT_7685,PRESENT_AT,Worked at,EDCT_170,,,1920,1920,1920-1920,,EDC_1920_24,FALSE,FALSE
EDCPT_8228,PRESENT_AT,Worked at,EDCT_170,,,1920,1920,1920-1920,,EDC_1920_41,FALSE,FALSE
EDCPT_7540,PRESENT_AT,Worked at,EDCT_171,,,1920,1920,1920-1920,,EDC_1920_19,FALSE,FALSE
EDCPT_7548,PRESENT_AT,Worked at,EDCT_172,,,1920,1920,1920-1920,,EDC_1920_19,FALSE,FALSE
EDCPT_8045,PRESENT_AT,Worked at,EDCT_172,,,1920,1920,1920-1920,,EDC_1920_35,FALSE,FALSE
EDCPT_8219,PRESENT_AT,Worked at,EDCT_172,,,1920,1920,1920-1920,,EDC_1920_41,FALSE,FALSE
EDCPT_9112,PRESENT_AT,Worked at,EDCT_172,,,1920,1920,1920-1920,,EDC_1920_65,FALSE,FALSE
EDCPT_9385,PRESENT_AT,Worked at,EDCT_172,,,1920,1920,1920-1920,,EDC_1920_73,FALSE,FALSE
EDCPT_8217,PRESENT_AT,Worked at,EDCT_173,,,1920,1920,1920-1920,,EDC_1920_41,FALSE,FALSE
EDCPT_7558,PRESENT_AT,Worked at,EDCT_175,,,1920,1920,1920-1920,,EDC_1920_20,FALSE,FALSE
EDCPT_7562,PRESENT_AT,Worked at,EDCT_176,,,1920,1920,1920-1920,,EDC_1920_20,FALSE,FALSE
EDCPT_7733,PRESENT_AT,Worked at,EDCT_178,,,1920,1920,1920-1920,,EDC_1920_25,FALSE,FALSE
EDCPT_7849,PRESENT_AT,Worked at,EDCT_178,,,1920,1920,1920-1920,,EDC_1920_28,FALSE,FALSE
EDCPT_7876,PRESENT_AT,Worked at,EDCT_178,,,1920,1920,1920-1920,,EDC_1920_29,FALSE,FALSE
EDCPT_9063,PRESENT_AT,Worked at,EDCT_178,,,1920,1920,1920-1920,,EDC_1920_63,FALSE,FALSE
EDCPT_9078,PRESENT_AT,Worked at,EDCT_178,,,1920,1920,1920-1920,,EDC_1920_64,FALSE,FALSE
EDCPT_9082,PRESENT_AT,Worked at,EDCT_178,,,1920,1920,1920-1920,,EDC_1920_64,FALSE,FALSE
EDCPT_9307,PRESENT_AT,Worked at,EDCT_178,,,1920,1920,1920-1920,,EDC_1920_71,FALSE,FALSE
EDCPT_9339,PRESENT_AT,Worked at,EDCT_178,,,1920,1920,1920-1920,,EDC_1920_71,FALSE,FALSE
EDCPT_7564,PRESENT_AT,Worked at,EDCT_179,,,1920,1920,1920-1920,,EDC_1920_20,FALSE,FALSE
EDCPT_8587,PRESENT_AT,Worked at,EDCT_179,,,1920,1920,1920-1920,,EDC_1920_51,FALSE,FALSE
EDCPT_9097,PRESENT_AT,Worked at,EDCT_179,,,1920,1920,1920-1920,,EDC_1920_64,FALSE,FALSE
EDCPT_9596,PRESENT_AT,Worked at,EDCT_179,,,1920,1920,1920-1920,,EDC_1920_80,FALSE,FALSE
EDCPT_7569,PRESENT_AT,Worked at,EDCT_180,,,1920,1920,1920-1920,,EDC_1920_20,FALSE,FALSE
EDCPT_7698,PRESENT_AT,Worked at,EDCT_180,,,1920,1920,1920-1920,,EDC_1920_24,FALSE,FALSE
EDCPT_7585,PRESENT_AT,Worked at,EDCT_181,,,1920,1920,1920-1920,,EDC_1920_20,FALSE,FALSE
EDCPT_7865,PRESENT_AT,Worked at,EDCT_181,,,1920,1920,1920-1920,,EDC_1920_29,FALSE,FALSE
EDCPT_10936,PRESENT_AT,Worked at,EDCT_183,,,1917,1917,1917-1917,,EDC_1917_83,FALSE,FALSE
EDCPT_7584,PRESENT_AT,Worked at,EDCT_184,,,1920,1920,1920-1920,,EDC_1920_21,FALSE,FALSE
EDCPT_7590,PRESENT_AT,Worked at,EDCT_185,,,1920,1920,1920-1920,,EDC_1920_21,FALSE,FALSE
EDCPT_7638,PRESENT_AT,Worked at,EDCT_187,,,1920,1920,1920-1920,,EDC_1920_23,FALSE,FALSE
EDCPT_9085,PRESENT_AT,Worked at,EDCT_187,,,1920,1920,1920-1920,,EDC_1920_64,FALSE,FALSE
EDCPT_7597,PRESENT_AT,Worked at,EDCT_188,,,1920,1920,1920-1920,,EDC_1920_21,FALSE,FALSE
EDCPT_7601,PRESENT_AT,Worked at,EDCT_189,,,1920,1920,1920-1920,,EDC_1920_21,FALSE,FALSE
EDCPT_7602,PRESENT_AT,Worked at,EDCT_189,,,1920,1920,1920-1920,,EDC_1920_21,FALSE,FALSE
EDCPT_7605,PRESENT_AT,Worked at,EDCT_190,,,1920,1920,1920-1920,,EDC_1920_21,FALSE,FALSE
EDCPT_7835,PRESENT_AT,Worked at,EDCT_190,,,1920,1920,1920-1920,,EDC_1920_28,FALSE,FALSE
EDCPT_7858,PRESENT_AT,Worked at,EDCT_190,,,1920,1920,1920-1920,,EDC_1920_29,FALSE,FALSE
EDCPT_7619,PRESENT_AT,Worked at,EDCT_192,,,1920,1920,1920-1920,,EDC_1920_22,FALSE,FALSE
EDCPT_7621,PRESENT_AT,Worked at,EDCT_193,,,1920,1920,1920-1920,,EDC_1920_22,FALSE,FALSE
EDCPT_9608,PRESENT_AT,Worked at,EDCT_193,,,1920,1920,1920-1920,,EDC_1920_80,FALSE,FALSE
EDCPT_9458,PRESENT_AT,Worked at,EDCT_194,,,1920,1920,1920-1920,,EDC_1920_76,FALSE,FALSE
EDCPT_7630,PRESENT_AT,Worked at,EDCT_195,,,1920,1920,1920-1920,,EDC_1920_22,FALSE,FALSE
EDCPT_7753,PRESENT_AT,Worked at,EDCT_195,,,1920,1920,1920-1920,,EDC_1920_26,FALSE,FALSE
EDCPT_7993,PRESENT_AT,Worked at,EDCT_195,,,1920,1920,1920-1920,,EDC_1920_34,FALSE,FALSE
EDCPT_9013,PRESENT_AT,Worked at,EDCT_195,,,1920,1920,1920-1920,,EDC_1920_62,TRUE,TRUE
EDCPT_9697,PRESENT_AT,Worked at,EDCT_195,,,1917,1917,1917-1917,,EDC_1917_57,FALSE,FALSE
EDCPT_9739,PRESENT_AT,Worked at,EDCT_195,,,1920,1920,1920-1920,,EDC_1920_85,FALSE,FALSE
EDCPT_7634,PRESENT_AT,Worked at,EDCT_196,,,1920,1920,1920-1920,,EDC_1920_22,FALSE,FALSE
EDCPT_8127,PRESENT_AT,Worked at,EDCT_196,,,1920,1920,1920-1920,,EDC_1920_37,FALSE,FALSE
EDCPT_7640,PRESENT_AT,Worked at,EDCT_198,,,1920,1920,1920-1920,,EDC_1920_23,FALSE,FALSE
EDCPT_7652,PRESENT_AT,Worked at,EDCT_198,,,1920,1920,1920-1920,,EDC_1920_23,FALSE,FALSE
EDCPT_9707,PRESENT_AT,Worked at,EDCT_198,,,1920,1920,1920-1920,,EDC_1920_84,FALSE,FALSE
EDCPT_9752,PRESENT_AT,Worked at,EDCT_198,,,1920,1920,1920-1920,,EDC_1920_85,FALSE,FALSE
EDCPT_7646,PRESENT_AT,Worked at,EDCT_199,,,1920,1920,1920-1920,,EDC_1920_23,FALSE,FALSE
EDCPT_7863,PRESENT_AT,Worked at,EDCT_199,,,1920,1920,1920-1920,,EDC_1920_29,FALSE,FALSE
EDCPT_7649,PRESENT_AT,Worked at,EDCT_200,,,1920,1920,1920-1920,,EDC_1920_23,FALSE,FALSE
EDCPT_8140,PRESENT_AT,Worked at,EDCT_200,,,1920,1920,1920-1920,,EDC_1920_38,FALSE,FALSE
EDCPT_8372,PRESENT_AT,Worked at,EDCT_200,,,1920,1920,1920-1920,,EDC_1920_46,FALSE,FALSE
EDCPT_8534,PRESENT_AT,Worked at,EDCT_200,,,1920,1920,1920-1920,,EDC_1920_50,FALSE,FALSE
EDCPT_7668,PRESENT_AT,Worked at,EDCT_204,,,1920,1920,1920-1920,,EDC_1920_23,FALSE,FALSE
EDCPT_7686,PRESENT_AT,Worked at,EDCT_204,,,1920,1920,1920-1920,,EDC_1920_24,FALSE,FALSE
EDCPT_7746,PRESENT_AT,Worked at,EDCT_204,,,1920,1920,1920-1920,,EDC_1920_26,FALSE,FALSE
EDCPT_9459,PRESENT_AT,Worked at,EDCT_204,,,1920,1920,1920-1920,,EDC_1920_76,FALSE,FALSE
EDCPT_9580,PRESENT_AT,Worked at,EDCT_204,,,1920,1920,1920-1920,,EDC_1920_80,FALSE,FALSE
EDCPT_9661,PRESENT_AT,Worked at,EDCT_204,,,1917,1917,1917-1917,,EDC_1917_57,FALSE,FALSE
EDCPT_7669,PRESENT_AT,Worked at,EDCT_205,,,1920,1920,1920-1920,,EDC_1920_23,FALSE,FALSE
EDCPT_7813,PRESENT_AT,Worked at,EDCT_205,,,1920,1920,1920-1920,,EDC_1920_27,FALSE,FALSE
EDCPT_9059,PRESENT_AT,Worked at,EDCT_206,,,1920,1920,1920-1920,,EDC_1920_63,FALSE,FALSE
EDCPT_9062,PRESENT_AT,Worked at,EDCT_206,,,1920,1920,1920-1920,,EDC_1920_63,FALSE,FALSE
EDCPT_9678,PRESENT_AT,Worked at,EDCT_207,,,1916,1916,1916-1916,,EDC_1916_61,FALSE,FALSE
EDCPT_7687,PRESENT_AT,Worked at,EDCT_208,,,1920,1920,1920-1920,,EDC_1920_24,FALSE,FALSE
EDCPT_9056,PRESENT_AT,Worked at,EDCT_208,,,1920,1920,1920-1920,,EDC_1920_63,FALSE,FALSE
EDCPT_7717,PRESENT_AT,Worked at,EDCT_209,,,1920,1920,1920-1920,,EDC_1920_25,FALSE,FALSE
EDCPT_7696,PRESENT_AT,Worked at,EDCT_210,,,1920,1920,1920-1920,,EDC_1920_24,FALSE,FALSE
EDCPT_7700,PRESENT_AT,Worked at,EDCT_211,,,1920,1920,1920-1920,,EDC_1920_24,FALSE,FALSE
EDCPT_7704,PRESENT_AT,Worked at,EDCT_212,,,1920,1920,1920-1920,,EDC_1920_24,FALSE,FALSE
EDCPT_7705,PRESENT_AT,Worked at,EDCT_213,,,1920,1920,1920-1920,,EDC_1920_24,FALSE,FALSE
EDCPT_7719,PRESENT_AT,Worked at,EDCT_214,,,1920,1920,1920-1920,,EDC_1920_25,FALSE,FALSE
EDCPT_8005,PRESENT_AT,Worked at,EDCT_214,,,1920,1920,1920-1920,,EDC_1920_34,FALSE,FALSE
EDCPT_8329,PRESENT_AT,Worked at,EDCT_214,,,1920,1920,1920-1920,,EDC_1920_44,FALSE,FALSE
EDCPT_8527,PRESENT_AT,Worked at,EDCT_214,,,1920,1920,1920-1920,,EDC_1920_50,FALSE,TRUE
EDCPT_9027,PRESENT_AT,Worked at,EDCT_214,,,1920,1920,1920-1920,,EDC_1920_62,FALSE,FALSE
EDCPT_9746,PRESENT_AT,Worked at,EDCT_214,,,1920,1920,1920-1920,,EDC_1920_85,FALSE,FALSE
EDCPT_7728,PRESENT_AT,Worked at,EDCT_215,,,1920,1920,1920-1920,,EDC_1920_25,FALSE,FALSE
EDCPT_7730,PRESENT_AT,Worked at,EDCT_216,,,1920,1920,1920-1920,,EDC_1920_25,FALSE,FALSE
EDCPT_8188,PRESENT_AT,Worked at,EDCT_216,,,1920,1920,1920-1920,,EDC_1920_40,FALSE,FALSE
EDCPT_8957,PRESENT_AT,Worked at,EDCT_217,,,1920,1920,1920-1920,,EDC_1920_61,FALSE,FALSE
EDCPT_9862,PRESENT_AT,Worked at,EDCT_217,,,1920,1920,1920-1920,,EDC_1920_88,FALSE,FALSE
EDCPT_9946,PRESENT_AT,Worked at,EDCT_217,,,1916,1916,1916-1916,,EDC_1916_66,FALSE,FALSE
EDCPT_7736,PRESENT_AT,Worked at,EDCT_218,,,1920,1920,1920-1920,,EDC_1920_25,FALSE,FALSE
EDCPT_7738,PRESENT_AT,Worked at,EDCT_219,,,1920,1920,1920-1920,,EDC_1920_25,FALSE,FALSE
EDCPT_7739,PRESENT_AT,Worked at,EDCT_220,,,1920,1920,1920-1920,,EDC_1920_26,FALSE,FALSE
EDCPT_7803,PRESENT_AT,Worked at,EDCT_220,,,1920,1920,1920-1920,,EDC_1920_27,FALSE,FALSE
EDCPT_9075,PRESENT_AT,Worked at,EDCT_220,,,1920,1920,1920-1920,,EDC_1920_64,FALSE,FALSE
EDCPT_9974,PRESENT_AT,Worked at,EDCT_220,,,1920,1920,1920-1920,,EDC_1920_92,FALSE,FALSE
EDCPT_7740,PRESENT_AT,Worked at,EDCT_221,,,1920,1920,1920-1920,,EDC_1920_26,FALSE,FALSE
EDCPT_7747,PRESENT_AT,Worked at,EDCT_222,,,1920,1920,1920-1920,,EDC_1920_26,FALSE,FALSE
EDCPT_11981,PRESENT_AT,Worked at,EDCT_223,,,1914,1914,1914-1914,,EDC_1914_36,FALSE,FALSE
EDCPT_7757,PRESENT_AT,Worked at,EDCT_223,,,1920,1920,1920-1920,,EDC_1920_26,FALSE,FALSE
EDCPT_7767,PRESENT_AT,Worked at,EDCT_224,,,1920,1920,1920-1920,,EDC_1920_26,FALSE,FALSE
EDCPT_7768,PRESENT_AT,Worked at,EDCT_225,,,1920,1920,1920-1920,,EDC_1920_26,FALSE,FALSE
EDCPT_7769,PRESENT_AT,Worked at,EDCT_226,,,1920,1920,1920-1920,,EDC_1920_26,FALSE,FALSE
EDCPT_8478,PRESENT_AT,Worked at,EDCT_227,,,1920,1920,1920-1920,,EDC_1920_48,FALSE,FALSE
EDCPT_9836,PRESENT_AT,Worked at,EDCT_227,,,1920,1920,1920-1920,,EDC_1920_87,FALSE,FALSE
EDCPT_7785,PRESENT_AT,Worked at,EDCT_228,,,1920,1920,1920-1920,,EDC_1920_26,FALSE,FALSE
EDCPT_7795,PRESENT_AT,Worked at,EDCT_229,,,1920,1920,1920-1920,,EDC_1920_26,FALSE,FALSE
EDCPT_8109,PRESENT_AT,Worked at,EDCT_229,,,1920,1920,1920-1920,,EDC_1920_37,FALSE,FALSE
EDCPT_9026,PRESENT_AT,Worked at,EDCT_229,,,1920,1920,1920-1920,,EDC_1920_62,FALSE,FALSE
EDCPT_9966,PRESENT_AT,Worked at,EDCT_229,,,1920,1920,1920-1920,,EDC_1920_92,FALSE,FALSE
EDCPT_7797,PRESENT_AT,Worked at,EDCT_230,,,1920,1920,1920-1920,,EDC_1920_26,FALSE,FALSE
EDCPT_8008,PRESENT_AT,Worked at,EDCT_230,,,1920,1920,1920-1920,,EDC_1920_34,FALSE,FALSE
EDCPT_8746,PRESENT_AT,Worked at,EDCT_230,,,1920,1920,1920-1920,,EDC_1920_55,FALSE,FALSE
EDCPT_7801,PRESENT_AT,Worked at,EDCT_231,,,1920,1920,1920-1920,,EDC_1920_27,FALSE,FALSE
EDCPT_7801,PRESENT_AT,Worked at,EDCT_232,,,1920,1920,1920-1920,,EDC_1920_27,FALSE,FALSE
EDCPT_7804,PRESENT_AT,Worked at,EDCT_233,,,1920,1920,1920-1920,,EDC_1920_27,FALSE,FALSE
EDCPT_9421,PRESENT_AT,Worked at,EDCT_233,,,1920,1920,1920-1920,,EDC_1920_74,FALSE,FALSE
EDCPT_9861,PRESENT_AT,Worked at,EDCT_233,,,1920,1920,1920-1920,,EDC_1920_88,FALSE,FALSE
EDCPT_7811,PRESENT_AT,Worked at,EDCT_234,,,1920,1920,1920-1920,,EDC_1920_27,FALSE,FALSE
EDCPT_7820,PRESENT_AT,Worked at,EDCT_236,,,1920,1920,1920-1920,,EDC_1920_27,FALSE,FALSE
EDCPT_7911,PRESENT_AT,Worked at,EDCT_236,,,1920,1920,1920-1920,,EDC_1920_30,FALSE,FALSE
EDCPT_7912,PRESENT_AT,Worked at,EDCT_236,,,1920,1920,1920-1920,,EDC_1920_30,FALSE,FALSE
EDCPT_7822,PRESENT_AT,Worked at,EDCT_237,,,1920,1920,1920-1920,,EDC_1920_27,FALSE,FALSE
EDCPT_7833,PRESENT_AT,Worked at,EDCT_239,,,1920,1920,1920-1920,,EDC_1920_28,FALSE,FALSE
EDCPT_8820,PRESENT_AT,Worked at,EDCT_239,,,1920,1920,1920-1920,,EDC_1920_57,FALSE,FALSE
EDCPT_8962,PRESENT_AT,Worked at,EDCT_239,,,1920,1920,1920-1920,,EDC_1920_61,FALSE,FALSE
EDCPT_7836,PRESENT_AT,Worked at,EDCT_240,,,1920,1920,1920-1920,,EDC_1920_28,FALSE,FALSE
EDCPT_9172,PRESENT_AT,Worked at,EDCT_240,,,1920,1920,1920-1920,,EDC_1920_66,FALSE,FALSE
EDCPT_9312,PRESENT_AT,Worked at,EDCT_240,,,1920,1920,1920-1920,,EDC_1920_71,FALSE,FALSE
EDCPT_7838,PRESENT_AT,Worked at,EDCT_241,,,1920,1920,1920-1920,,EDC_1920_28,FALSE,FALSE
EDCPT_7848,PRESENT_AT,Worked at,EDCT_242,,,1920,1920,1920-1920,,EDC_1920_28,FALSE,FALSE
EDCPT_12274,PRESENT_AT,Worked at,EDCT_243,,,1920,1920,1920-1920,,EDC_1920_44,FALSE,FALSE
EDCPT_7853,PRESENT_AT,Worked at,EDCT_243,,,1920,1920,1920-1920,,EDC_1920_29,FALSE,FALSE
EDCPT_8945,PRESENT_AT,Worked at,EDCT_244,,,1920,1920,1920-1920,,EDC_1920_61,FALSE,FALSE
EDCPT_7867,PRESENT_AT,Worked at,EDCT_245,,,1920,1920,1920-1920,,EDC_1920_29,FALSE,FALSE
EDCPT_7879,PRESENT_AT,Worked at,EDCT_246,,,1920,1920,1920-1920,,EDC_1920_29,FALSE,FALSE
EDCPT_9006,PRESENT_AT,Worked at,EDCT_247,,,1920,1920,1920-1920,,EDC_1920_62,FALSE,FALSE
EDCPT_9089,PRESENT_AT,Worked at,EDCT_247,,,1920,1920,1920-1920,,EDC_1920_64,FALSE,FALSE
EDCPT_9713,PRESENT_AT,Worked at,EDCT_247,,,1920,1920,1920-1920,,EDC_1920_84,FALSE,FALSE
EDCPT_9754,PRESENT_AT,Worked at,EDCT_247,,,1920,1920,1920-1920,,EDC_1920_85,FALSE,FALSE
EDCPT_7888,PRESENT_AT,Worked at,EDCT_248,,,1920,1920,1920-1920,,EDC_1920_30,FALSE,FALSE
EDCPT_12281,PRESENT_AT,Worked at,EDCT_249,,,1920,1920,1920-1920,,EDC_1920_83,FALSE,FALSE
EDCPT_7891,PRESENT_AT,Worked at,EDCT_249,,,1920,1920,1920-1920,,EDC_1920_30,FALSE,FALSE
EDCPT_7904,PRESENT_AT,Worked at,EDCT_249,,,1920,1920,1920-1920,,EDC_1920_30,FALSE,FALSE
EDCPT_7895,PRESENT_AT,Worked at,EDCT_251,,,1920,1920,1920-1920,,EDC_1920_30,FALSE,FALSE
EDCPT_7897,PRESENT_AT,Worked at,EDCT_252,,,1920,1920,1920-1920,,EDC_1920_30,FALSE,FALSE
EDCPT_8647,PRESENT_AT,Worked at,EDCT_253,,,1920,1920,1920-1920,,EDC_1920_53,FALSE,FALSE
EDCPT_7903,PRESENT_AT,Worked at,EDCT_254,,,1920,1920,1920-1920,,EDC_1920_30,FALSE,FALSE
EDCPT_8412,PRESENT_AT,Worked at,EDCT_254,,,1920,1920,1920-1920,,EDC_1920_46,FALSE,FALSE
EDCPT_8515,PRESENT_AT,Worked at,EDCT_254,,,1920,1920,1920-1920,,EDC_1920_50,FALSE,FALSE
EDCPT_9194,PRESENT_AT,Worked at,EDCT_254,,,1920,1920,1920-1920,,EDC_1920_67,FALSE,FALSE
EDCPT_9557,PRESENT_AT,Worked at,EDCT_254,,,1920,1920,1920-1920,,EDC_1920_79,FALSE,FALSE
EDCPT_7905,PRESENT_AT,Worked at,EDCT_255,,,1920,1920,1920-1920,,EDC_1920_30,FALSE,FALSE
EDCPT_8353,PRESENT_AT,Worked at,EDCT_255,,,1920,1920,1920-1920,,EDC_1920_45,FALSE,FALSE
EDCPT_8387,PRESENT_AT,Worked at,EDCT_255,,,1920,1920,1920-1920,,EDC_1920_46,FALSE,FALSE
EDCPT_8798,PRESENT_AT,Worked at,EDCT_255,,,1920,1920,1920-1920,,EDC_1920_57,FALSE,FALSE
EDCPT_8732,PRESENT_AT,Worked at,EDCT_256,,,1920,1920,1920-1920,,EDC_1920_55,FALSE,FALSE
EDCPT_9258,PRESENT_AT,Worked at,EDCT_256,,,1920,1920,1920-1920,,EDC_1920_69,FALSE,FALSE
EDCPT_9500,PRESENT_AT,Worked at,EDCT_256,,,1920,1920,1920-1920,,EDC_1920_77,FALSE,FALSE
EDCPT_9502,PRESENT_AT,Worked at,EDCT_256,,,1920,1920,1920-1920,,EDC_1920_77,FALSE,FALSE
EDCPT_7921,PRESENT_AT,Worked at,EDCT_257,,,1920,1920,1920-1920,,EDC_1920_31,FALSE,FALSE
EDCPT_7952,PRESENT_AT,Worked at,EDCT_263,,,1920,1920,1920-1920,,EDC_1920_32,FALSE,FALSE
EDCPT_7973,PRESENT_AT,Worked at,EDCT_264,,,1920,1920,1920-1920,,EDC_1920_33,FALSE,FALSE
EDCPT_9687,PRESENT_AT,Worked at,EDCT_265,,,1920,1920,1920-1920,,EDC_1920_83,FALSE,FALSE
EDCPT_7991,PRESENT_AT,Worked at,EDCT_268,,,1920,1920,1920-1920,"This position is not on her page in the teachers' section, only the schools section, and I basically found it by accident in the document by searching ""Cressey.""",EDC_1920_11 (Schools section),FALSE,FALSE
EDCPT_7992,PRESENT_AT,Worked at,EDCT_269,,,1920,1920,1920-1920,,EDC_1920_34,FALSE,FALSE
EDCPT_8682,PRESENT_AT,Worked at,EDCT_269,,,1920,1920,1920-1920,,EDC_1920_54,FALSE,FALSE
EDCPT_9682,PRESENT_AT,Worked at,EDCT_269,,,1920,1920,1920-1920,,EDC_1920_83,FALSE,FALSE
EDCPT_8002,PRESENT_AT,Worked at,EDCT_270,,,1920,1920,1920-1920,,EDC_1920_34,FALSE,FALSE
EDCPT_8440,PRESENT_AT,Worked at,EDCT_270,,,1920,1920,1920-1920,,EDC_1920_47,FALSE,FALSE
EDCPT_8004,PRESENT_AT,Worked at,EDCT_271,,,1920,1920,1920-1920,,EDC_1920_34,FALSE,FALSE
EDCPT_9374,PRESENT_AT,Worked at,EDCT_271,,,1920,1920,1920-1920,,EDC_1920_72,FALSE,FALSE
EDCPT_9375,PRESENT_AT,Worked at,EDCT_271,,,1920,1920,1920-1920,,EDC_1920_72,FALSE,FALSE
EDCPT_8007,PRESENT_AT,Worked at,EDCT_273,,,1920,1920,1920-1920,,EDC_1920_34,FALSE,FALSE
EDCPT_8106,PRESENT_AT,Worked at,EDCT_273,,,1920,1920,1920-1920,,EDC_1920_37,FALSE,FALSE
EDCPT_8549,PRESENT_AT,Worked at,EDCT_273,,,1920,1920,1920-1920,,EDC_1920_50; EDC_1917_32,FALSE,FALSE
EDCPT_8009,PRESENT_AT,Worked at,EDCT_274,,,1920,1920,1920-1920,,EDC_1920_34,FALSE,FALSE
EDCPT_8013,PRESENT_AT,Worked at,EDCT_276,,,1920,1920,1920-1920,,EDC_1920_34,FALSE,FALSE
EDCPT_8024,PRESENT_AT,Worked at,EDCT_277,,,1920,1920,1920-1920,,EDC_1920_35,FALSE,FALSE
EDCPT_10670,PRESENT_AT,Worked at,EDCT_279,,,1914,1914,1914-1914,,EDC_1914_25,FALSE,FALSE
EDCPT_11154,PRESENT_AT,Worked at,EDCT_279,,,1914,1914,1914-1914,,EDC_1914_29,FALSE,FALSE
EDCPT_8028,PRESENT_AT,Worked at,EDCT_279,,,1920,1920,1920-1920,,EDC_1920_35,FALSE,FALSE
EDCPT_9765,PRESENT_AT,Worked at,EDCT_279,,,1920,1920,1920-1920,,EDC_1920_85,FALSE,FALSE
EDCPT_8035,PRESENT_AT,Worked at,EDCT_280,,,1920,1920,1920-1920,,EDC_1920_35,FALSE,FALSE
EDCPT_8037,PRESENT_AT,Worked at,EDCT_281,,,1920,1920,1920-1920,,EDC_1920_35,FALSE,FALSE
EDCPT_8092,PRESENT_AT,Worked at,EDCT_281,,,1920,1920,1920-1920,,EDC_1920_36,FALSE,FALSE
EDCPT_9022,PRESENT_AT,Worked at,EDCT_281,,,1920,1920,1920-1920,,EDC_1920_62,FALSE,FALSE
EDCPT_8043,PRESENT_AT,Worked at,EDCT_283,,,1920,1920,1920-1920,,EDC_1920_35,FALSE,FALSE
EDCPT_8043,PRESENT_AT,Worked at,EDCT_284,,,1920,1920,1920-1920,,EDC_1920_35,FALSE,FALSE
EDCPT_12275,PRESENT_AT,Worked at,EDCT_285,,,1920,1920,1920-1920,,EDC_1920_44,FALSE,FALSE
EDCPT_8056,PRESENT_AT,Worked at,EDCT_285,,,1920,1920,1920-1920,,EDC_1920_35,FALSE,FALSE
EDCPT_9499,PRESENT_AT,Worked at,EDCT_285,,,1920,1920,1920-1920,,EDC_1920_77,FALSE,FALSE
EDCPT_8115,PRESENT_AT,Worked at,EDCT_288,,,1920,1920,1920-1920,,EDC_1920_37,FALSE,FALSE
EDCPT_8119,PRESENT_AT,Worked at,EDCT_289,,,1920,1920,1920-1920,,EDC_1920_37,FALSE,FALSE
EDCPT_8121,PRESENT_AT,Worked at,EDCT_289,,,1920,1920,1920-1920,,EDC_1920_37,FALSE,FALSE
EDCPT_8443,PRESENT_AT,Worked at,EDCT_289,,,1920,1920,1920-1920,,EDC_1920_48,FALSE,FALSE
EDCPT_9651,PRESENT_AT,Worked at,EDCT_289,,,1920,1920,1920-1920,,EDC_1920_82,FALSE,FALSE
EDCPT_8133,PRESENT_AT,Worked at,EDCT_291,,,1920,1920,1920-1920,,EDC_1920_37,FALSE,FALSE
EDCPT_8836,PRESENT_AT,Worked at,EDCT_292,,,1920,1920,1920-1920,,EDC_1920_58,FALSE,FALSE
EDCPT_9920,PRESENT_AT,Worked at,EDCT_292,,,1920,1920,1920-1920,,EDC_1920_90,FALSE,FALSE
EDCPT_8141,PRESENT_AT,Worked at,EDCT_293,,,1920,1920,1920-1920,,EDC_1920_38,FALSE,FALSE
EDCPT_8146,PRESENT_AT,Worked at,EDCT_293,,,1920,1920,1920-1920,,EDC_1920_38,FALSE,FALSE
EDCPT_8152,PRESENT_AT,Worked at,EDCT_293,,,1920,1920,1920-1920,,EDC_1920_38,FALSE,FALSE
EDCPT_8484,PRESENT_AT,Worked at,EDCT_293,,,1920,1920,1920-1920,,EDC_1920_49,FALSE,FALSE
EDCPT_9403,PRESENT_AT,Worked at,EDCT_293,,,1920,1920,1920-1920,,EDC_1920_74,FALSE,FALSE
EDCPT_9970,PRESENT_AT,Worked at,EDCT_293,,,1920,1920,1920-1920,,EDC_1920_92,FALSE,FALSE
EDCPT_8159,PRESENT_AT,Worked at,EDCT_294,,,1920,1920,1920-1920,,EDC_1920_38,FALSE,FALSE
EDCPT_9738,PRESENT_AT,Worked at,EDCT_294,,,1920,1920,1920-1920,,EDC_1920_85,FALSE,FALSE
EDCPT_8160,PRESENT_AT,Worked at,EDCT_295,,,1920,1920,1920-1920,,EDC_1920_38,FALSE,FALSE
EDCPT_9721,PRESENT_AT,Worked at,EDCT_295,,,1920,1920,1920-1920,,EDC_1920_84,FALSE,FALSE
EDCPT_8169,PRESENT_AT,Worked at,EDCT_296,,,1920,1920,1920-1920,,EDC_1920_38,FALSE,FALSE
EDCPT_9265,PRESENT_AT,Worked at,EDCT_296,,,1920,1920,1920-1920,,EDC_1920_69,FALSE,FALSE
EDCPT_8171,PRESENT_AT,Worked at,EDCT_297,,,1920,1920,1920-1920,,EDC_1920_38,FALSE,FALSE
EDCPT_9524,PRESENT_AT,Worked at,EDCT_298,,,1920,1920,1920-1920,,EDC_1920_78,FALSE,FALSE
EDCPT_9891,PRESENT_AT,Worked at,EDCT_300,,,1920,1920,1920-1920,,EDC_1920_90,FALSE,FALSE
EDCPT_8184,PRESENT_AT,Worked at,EDCT_301,,,1920,1920,1920-1920,,EDC_1920_39,FALSE,FALSE
EDCPT_9923,PRESENT_AT,Worked at,EDCT_302,,,1920,1920,1920-1920,,EDC_1920_91,FALSE,FALSE
EDCPT_8210,PRESENT_AT,Worked at,EDCT_303,,,1920,1920,1920-1920,,EDC_1920_40,FALSE,FALSE
EDCPT_8220,PRESENT_AT,Worked at,EDCT_305,,,1920,1920,1920-1920,,EDC_1920_41,FALSE,FALSE
EDCPT_8652,PRESENT_AT,Worked at,EDCT_305,,,1920,1920,1920-1920,,EDC_1920_53,FALSE,FALSE
EDCPT_9498,PRESENT_AT,Worked at,EDCT_305,,,1920,1920,1920-1920,,EDC_1920_77,FALSE,FALSE
EDCPT_8226,PRESENT_AT,Worked at,EDCT_306,,,1920,1920,1920-1920,,EDC_1920_41,FALSE,FALSE
EDCPT_9541,PRESENT_AT,Worked at,EDCT_306,,,1920,1920,1920-1920,,EDC_1920_78,FALSE,FALSE
EDCPT_9784,PRESENT_AT,Worked at,EDCT_306,,,1920,1920,1920-1920,,EDC_1920_86,FALSE,FALSE
EDCPT_8265,PRESENT_AT,Worked at,EDCT_308,,,1920,1920,1920-1920,,EDC_1920_42,FALSE,FALSE
EDCPT_8265,PRESENT_AT,Worked at,EDCT_309,,,1920,1920,1920-1920,,EDC_1920_42,FALSE,FALSE
EDCPT_8277,PRESENT_AT,Worked at,EDCT_310,,,1920,1920,1920-1920,,EDC_1920_43;EDC_1914_10,FALSE,FALSE
EDCPT_8279,PRESENT_AT,Worked at,EDCT_311,,,1920,1920,1920-1920,,EDC_1920_43,FALSE,FALSE
EDCPT_8295,PRESENT_AT,Worked at,EDCT_312,,,1920,1920,1920-1920,,EDC_1920_43,FALSE,FALSE
EDCPT_8298,PRESENT_AT,Worked at,EDCT_313,,,1920,1920,1920-1920,,EDC_1920_43,FALSE,FALSE
EDCPT_8332,PRESENT_AT,Worked at,EDCT_314,,,1920,1920,1920-1920,,EDC_1920_44,FALSE,FALSE
EDCPT_8438,PRESENT_AT,Worked at,EDCT_314,,,1920,1920,1920-1920,,EDC_1920_47,FALSE,FALSE
EDCPT_8458,PRESENT_AT,Worked at,EDCT_314,,,1920,1920,1920-1920,,EDC_1920_48,FALSE,FALSE
EDCPT_8461,PRESENT_AT,Worked at,EDCT_314,,,1920,1920,1920-1920,,EDC_1920_48,FALSE,FALSE
EDCPT_8560,PRESENT_AT,Worked at,EDCT_314,,,1920,1920,1920-1920,,EDC_1920_51,FALSE,FALSE
EDCPT_8907,PRESENT_AT,Worked at,EDCT_314,,,1920,1920,1920-1920,,EDC_1920_60; EDC_1918_52,FALSE,FALSE
EDCPT_9045,PRESENT_AT,Worked at,EDCT_314,,,1920,1920,1920-1920,,EDC_1920_63,FALSE,FALSE
EDCPT_9067,PRESENT_AT,Worked at,EDCT_314,,,1920,1920,1920-1920,,EDC_1920_63,FALSE,FALSE
EDCPT_9157,PRESENT_AT,Worked at,EDCT_314,,,1920,1920,1920-1920,,EDC_1920_66,FALSE,FALSE
EDCPT_9401,PRESENT_AT,Worked at,EDCT_314,,,1920,1920,1920-1920,,EDC_1920_74,FALSE,FALSE
EDCPT_9878,PRESENT_AT,Worked at,EDCT_314,,,1920,1920,1920-1920,,EDC_1920_90,FALSE,FALSE
EDCPT_8333,PRESENT_AT,Worked at,EDCT_315,,,1920,1920,1920-1920,,EDC_1920_44,FALSE,FALSE
EDCPT_8389,PRESENT_AT,Worked at,EDCT_316,,,1920,1920,1920-1920,,EDC_1920_46,FALSE,FALSE
EDCPT_9770,PRESENT_AT,Worked at,EDCT_316,,,1920,1920,1920-1920,,EDC_1920_85,FALSE,FALSE
EDCPT_8417,PRESENT_AT,Worked at,EDCT_317,,,1920,1920,1920-1920,,EDC_1920_47,FALSE,FALSE
EDCPT_8418,PRESENT_AT,Worked at,EDCT_318,,,1920,1920,1920-1920,,EDC_1920_47,FALSE,FALSE
EDCPT_9529,PRESENT_AT,Worked at,EDCT_318,,,1920,1920,1920-1920,,EDC_1920_78,FALSE,FALSE
EDCPT_9556,PRESENT_AT,Worked at,EDCT_318,,,1920,1920,1920-1920,,EDC_1920_79,FALSE,FALSE
EDCPT_9776,PRESENT_AT,Worked at,EDCT_318,,,1920,1920,1920-1920,,EDC_1920_86,FALSE,FALSE
EDCPT_9952,PRESENT_AT,Worked at,EDCT_318,,,1920,1920,1920-1920,,EDC_1920_92,FALSE,FALSE
EDCPT_8436,PRESENT_AT,Worked at,EDCT_319,,,1920,1920,1920-1920,,EDC_1920_47,FALSE,FALSE
EDCPT_12265,PRESENT_AT,Worked at,EDCT_320,,,1920,1920,1920-1920,,EDC_1920_14 (Schools section),FALSE,FALSE
EDCPT_7711,PRESENT_AT,Worked at,EDCT_320,,,1920,1920,1920-1920,,EDC_1920_14 (Schools section),FALSE,FALSE
EDCPT_7981,PRESENT_AT,Worked at,EDCT_320,,,1920,1920,1920-1920,,EDC_1920_14 (Schools section),FALSE,FALSE
EDCPT_8004,PRESENT_AT,Worked at,EDCT_320,,,1920,1920,1920-1920,,EDC_1920_14 (Schools section),FALSE,FALSE
EDCPT_8101,PRESENT_AT,Worked at,EDCT_320,,,1920,1920,1920-1920,,EDC_1920_14 (Schools section),FALSE,FALSE
EDCPT_9658,PRESENT_AT,Worked at,EDCT_320,,,1917,1917,1917-1917,,EDC_1917_57,FALSE,FALSE
EDCPT_8457,PRESENT_AT,Worked at,EDCT_322,,,1920,1920,1920-1920,,EDC_1920_48,FALSE,FALSE
EDCPT_9708,PRESENT_AT,Worked at,EDCT_322,,,1920,1920,1920-1920,,EDC_1920_84,FALSE,FALSE
EDCPT_8481,PRESENT_AT,Worked at,EDCT_323,,,1920,1920,1920-1920,,EDC_1920_49,FALSE,FALSE
EDCPT_8691,PRESENT_AT,Worked at,EDCT_323,,,1920,1920,1920-1920,,EDC_1920_54,FALSE,FALSE
EDCPT_8787,PRESENT_AT,Worked at,EDCT_323,,,1920,1920,1920-1920,,EDC_1920_57,FALSE,FALSE
EDCPT_9187,PRESENT_AT,Worked at,EDCT_323,,,1920,1920,1920-1920,,EDC_1920_67,FALSE,FALSE
EDCPT_9345,PRESENT_AT,Worked at,EDCT_323,,,1920,1920,1920-1920,,EDC_1920_71,FALSE,FALSE
EDCPT_9491,PRESENT_AT,Worked at,EDCT_323,,,1920,1920,1920-1920,,EDC_1920_77,FALSE,FALSE
EDCPT_8503,PRESENT_AT,Worked at,EDCT_324,,,1920,1920,1920-1920,,EDC_1920_49,FALSE,FALSE
EDCPT_8533,PRESENT_AT,Worked at,EDCT_325,,,1920,1920,1920-1920,,EDC_1920_50,FALSE,FALSE
EDCPT_8554,PRESENT_AT,Worked at,EDCT_326,,,1920,1920,1920-1920,,EDC_1920_51,FALSE,FALSE
EDCPT_8556,PRESENT_AT,Worked at,EDCT_327,,,1920,1920,1920-1920,,EDC_1920_51; EDC_1917_32,FALSE,TRUE
EDCPT_8589,PRESENT_AT,Worked at,EDCT_328,,,1920,1920,1920-1920,,EDC_1920_51,FALSE,FALSE
EDCPT_8598,PRESENT_AT,Worked at,EDCT_329,,,1920,1920,1920-1920,,EDC_1920_51,FALSE,FALSE
EDCPT_8846,PRESENT_AT,Worked at,EDCT_330,,,1920,1920,1920-1920,,EDC_1920_58,FALSE,FALSE
EDCPT_8652,PRESENT_AT,Worked at,EDCT_331,,,1920,1920,1920-1920,,EDC_1920_53,FALSE,FALSE
EDCPT_8618,PRESENT_AT,Worked at,EDCT_332,,,1920,1920,1920-1920,,EDC_1920_52,FALSE,FALSE
EDCPT_8618,PRESENT_AT,Worked at,EDCT_333,,,1920,1920,1920-1920,,EDC_1920_52,FALSE,FALSE
EDCPT_8620,PRESENT_AT,Worked at,EDCT_334,,,1920,1920,1920-1920,,EDC_1920_52,FALSE,FALSE
EDCPT_8624,PRESENT_AT,Worked at,EDCT_335,,,1920,1920,1920-1920,,EDC_1920_52,FALSE,FALSE
EDCPT_8674,PRESENT_AT,Worked at,EDCT_337,,,1920,1920,1920-1920,,EDC_1920_54,FALSE,FALSE
EDCPT_8684,PRESENT_AT,Worked at,EDCT_338,,,1920,1920,1920-1920,,EDC_1920_54,FALSE,FALSE
EDCPT_8892,PRESENT_AT,Worked at,EDCT_338,,,1920,1920,1920-1920,,EDC_1920_59,FALSE,FALSE
EDCPT_9632,PRESENT_AT,Worked at,EDCT_338,,,1920,1920,1920-1920,,EDC_1920_81,FALSE,FALSE
EDCPT_8857,PRESENT_AT,Worked at,EDCT_339,,,1920,1920,1920-1920,,EDC_1920_58,FALSE,FALSE
EDCPT_9147,PRESENT_AT,Worked at,EDCT_339,,,1920,1920,1920-1920,,EDC_1920_65,FALSE,FALSE
EDCPT_9065,PRESENT_AT,Worked at,EDCT_340,,,1920,1920,1920-1920,,EDC_1920_63,FALSE,FALSE
EDCPT_8749,PRESENT_AT,Worked at,EDCT_344,,,1920,1920,1920-1920,,EDC_1920_55,FALSE,FALSE
EDCPT_9439,PRESENT_AT,Worked at,EDCT_346,,,1920,1920,1920-1920,,EDC_1920_75,FALSE,FALSE
EDCPT_12277,PRESENT_AT,Worked at,EDCT_347,,,1920,1920,1920-1920,,EDC_1920_56,FALSE,FALSE
EDCPT_8813,PRESENT_AT,Worked at,EDCT_352,,,1920,1920,1920-1920,,EDC_1920_57,FALSE,FALSE
EDCPT_9602,PRESENT_AT,Worked at,EDCT_354,,,1920,1920,1920-1920,,EDC_1920_80,FALSE,FALSE
EDCPT_8917,PRESENT_AT,Worked at,EDCT_355,,,1920,1920,1920-1920,,EDC_1920_60; EDC_1918_52,FALSE,FALSE
EDCPT_8922,PRESENT_AT,Worked at,EDCT_356,,,1920,1920,1920-1920,,EDC_1920_60,FALSE,FALSE
EDCPT_9005,PRESENT_AT,Worked at,EDCT_360,,,1920,1920,1920-1920,,EDC_1920_62,FALSE,FALSE
EDCPT_9090,PRESENT_AT,Worked at,EDCT_362,,,1920,1920,1920-1920,,EDC_1920_64,FALSE,FALSE
EDCPT_9104,PRESENT_AT,Worked at,EDCT_363,,,1920,1920,1920-1920,,EDC_1920_64,FALSE,FALSE
EDCPT_9120,PRESENT_AT,Worked at,EDCT_364,,,1920,1920,1920-1920,,EDC_1920_65,FALSE,FALSE
EDCPT_9125,PRESENT_AT,Worked at,EDCT_366,,,1920,1920,1920-1920,,EDC_1920_65,FALSE,FALSE
EDCPT_9176,PRESENT_AT,Worked at,EDCT_370,,,1920,1920,1920-1920,,EDC_1920_66,FALSE,FALSE
EDCPT_9188,PRESENT_AT,Worked at,EDCT_373,,,1920,1920,1920-1920,,EDC_1920_67,FALSE,FALSE
EDCPT_9189,PRESENT_AT,Worked at,EDCT_373,,,1920,1920,1920-1920,,EDC_1920_67,FALSE,FALSE
EDCPT_9206,PRESENT_AT,Worked at,EDCT_375,,,1920,1920,1920-1920,,EDC_1920_68,FALSE,FALSE
EDCPT_9234,PRESENT_AT,Worked at,EDCT_378,,,1920,1920,1920-1920,,EDC_1920_68,FALSE,FALSE
EDCPT_9235,PRESENT_AT,Worked at,EDCT_378,,,1920,1920,1920-1920,,EDC_1920_68,FALSE,FALSE
EDCPT_9270,PRESENT_AT,Worked at,EDCT_381,,,1920,1920,1920-1920,,EDC_1920_69,FALSE,FALSE
EDCPT_9272,PRESENT_AT,Worked at,EDCT_382,,,1920,1920,1920-1920,,EDC_1920_69,FALSE,FALSE
EDCPT_9352,PRESENT_AT,Worked at,EDCT_384,,,1920,1920,1920-1920,,EDC_1920_72,FALSE,FALSE
EDCPT_12262,PRESENT_AT,Worked at,EDCT_386,,,1920,1920,1920-1920,,EDC_1920_75,FALSE,FALSE
EDCPT_9361,PRESENT_AT,Worked at,EDCT_386,,,1920,1920,1920-1920,,EDC_1920_72,FALSE,FALSE
EDCPT_9593,PRESENT_AT,Worked at,EDCT_386,,,1920,1920,1920-1920,,EDC_1920_80,FALSE,FALSE
EDCPT_9389,PRESENT_AT,Worked at,EDCT_390,,,1920,1920,1920-1920,,EDC_1920_73,FALSE,FALSE
EDCPT_9527,PRESENT_AT,Worked at,EDCT_392,,,1920,1920,1920-1920,,EDC_1920_78,FALSE,FALSE
EDCPT_9427,PRESENT_AT,Worked at,EDCT_393,,,1920,1920,1920-1920,,EDC_1920_75,FALSE,FALSE
EDCPT_9428,PRESENT_AT,Worked at,EDCT_393,,,1920,1920,1920-1920,,EDC_1920_75,FALSE,FALSE
EDCPT_9437,PRESENT_AT,Worked at,EDCT_395,,,1920,1920,1920-1920,,EDC_1920_75,FALSE,FALSE
EDCPT_9500,PRESENT_AT,Worked at,EDCT_397,,,1920,1920,1920-1920,,EDC_1920_77,FALSE,FALSE
EDCPT_9579,PRESENT_AT,Worked at,EDCT_400,,,1920,1920,1920-1920,,EDC_1920_80,FALSE,FALSE
EDCPT_9586,PRESENT_AT,Worked at,EDCT_401,,,1920,1920,1920-1920,,EDC_1920_80;,FALSE,FALSE
EDCPT_9684,PRESENT_AT,Worked at,EDCT_405,,,1920,1920,1920-1920,,EDC_1920_83,FALSE,FALSE
EDCPT_9692,PRESENT_AT,Worked at,EDCT_407,,,1920,1920,1920-1920,,EDC_1920_83,FALSE,FALSE
EDCPT_9709,PRESENT_AT,Worked at,EDCT_408,,,1920,1920,1920-1920,,EDC_1920_84,FALSE,FALSE
EDCPT_9728,PRESENT_AT,Worked at,EDCT_409,,,1920,1920,1920-1920,,EDC_1920_84,FALSE,FALSE
EDCPT_9731,PRESENT_AT,Worked at,EDCT_410,,,1920,1920,1920-1920,,EDC_1920_84,FALSE,FALSE
EDCPT_8109,PRESENT_AT,Worked at,EDCT_411,,,1920,1920,1920-1920,,EDC_1920_85,FALSE,FALSE
EDCPT_9026,PRESENT_AT,Worked at,EDCT_411,,,1920,1920,1920-1920,,EDC_1920_85,FALSE,FALSE
EDCPT_9768,PRESENT_AT,Worked at,EDCT_411,,,1920,1920,1920-1920,,EDC_1920_85,FALSE,FALSE
EDCPT_9786,PRESENT_AT,Worked at,EDCT_414,,,1920,1920,1920-1920,,EDC_1920_86,FALSE,FALSE
EDCPT_9787,PRESENT_AT,Worked at,EDCT_415,,,1920,1920,1920-1920,,EDC_1920_86,FALSE,FALSE
EDCPT_9848,PRESENT_AT,Worked at,EDCT_415,,,1920,1920,1920-1920,,EDC_1920_88,FALSE,FALSE
EDCPT_9842,PRESENT_AT,Worked at,EDCT_418,,,1920,1920,1920-1920,,EDC_1920_88,FALSE,FALSE
EDCPT_9872,PRESENT_AT,Worked at,EDCT_419,,,1920,1920,1920-1920,,EDC_1920_88,FALSE,FALSE
EDCPT_9903,PRESENT_AT,Worked at,EDCT_422,,,1920,1920,1920-1920,,EDC_1920_90,FALSE,FALSE
EDCPT_10733,PRESENT_AT,Worked at,EDCT_447,,,1920,1920,1920-1920,,EDC_1920_119,FALSE,FALSE
EDCPT_10866,PRESENT_AT,Worked at,EDCT_447,,,1920,1920,1920-1920,,EDC_1920_124,FALSE,FALSE
EDCPT_10890,PRESENT_AT,Worked at,EDCT_447,,,1920,1920,1920-1920,,EDC_1920_124,FALSE,FALSE
EDCPT_11125,PRESENT_AT,Worked at,EDCT_447,,,1920,1920,1920-1920,,EDC_1920_133,FALSE,FALSE
EDCPT_11202,PRESENT_AT,Worked at,EDCT_447,,,1920,1920,1920-1920,,EDC_1920_135,FALSE,FALSE
EDCPT_11205,PRESENT_AT,Worked at,EDCT_447,,,1920,1920,1920-1920,,EDC_1920_136,FALSE,FALSE
EDCPT_11208,PRESENT_AT,Worked at,EDCT_447,,,1920,1920,1920-1920,,EDC_1920_136,FALSE,FALSE
EDCPT_11308,PRESENT_AT,Worked at,EDCT_447,,,1920,1920,1920-1920,,EDC_1920_138,FALSE,FALSE
EDCPT_11309,PRESENT_AT,Worked at,EDCT_447,,,1920,1920,1920-1920,,EDC_1920_138,FALSE,FALSE
EDCPT_12107,PRESENT_AT,Worked at,EDCT_447,,,1920,1920,1920-1920,,EDC_1920_165,FALSE,FALSE
EDCPT_9817,PRESENT_AT,Worked at,EDCT_461,,,1916,1916,1916-1916,,EDC_1916_64,FALSE,FALSE
EDCPT_8902,PRESENT_AT,Worked at,EDCT_465,,,1916,1916,1916-1916,,EDC_1916_45,FALSE,FALSE
EDCPT_10688,PRESENT_AT,Worked at,EDCT_515,,,1917,1917,1917-1917,,EDC_1917_77,FALSE,FALSE
EDCPT_7480,PRESENT_AT,Worked at,EDCT_575,,,1917,1917,1917-1917,,EDC_1917_12,FALSE,FALSE
EDCPT_8291,PRESENT_AT,Worked at,EDCT_581,,,1916,1916,1916-1916,,EDC_1916_31,FALSE,FALSE
EDCPT_8462,PRESENT_AT,Worked at,EDCT_581,,,1916,1916,1916-1916,,EDC_1916_35,FALSE,FALSE
EDCPT_8724,PRESENT_AT,Worked at,EDCT_581,,,1916,1916,1916-1916,,EDC_1916_40,FALSE,FALSE
EDCPT_8873,PRESENT_AT,Worked at,EDCT_581,,,1916,1916,1916-1916,,EDC_1916_45,FALSE,FALSE
EDCPT_9693,PRESENT_AT,Worked at,EDCT_610,,,1917,1917,1917-1917,,EDC_1917_57,FALSE,FALSE
EDCPT_9703,PRESENT_AT,Worked at,EDCT_610,,,1917,1917,1917-1917,,EDC_1917_58,FALSE,FALSE
EDCPT_9986,PRESENT_AT,Worked at,EDCT_715,,,1920,1920,1920-1920,,EDC_1920_93,FALSE,FALSE
EDCPT_10884,PRESENT_AT,Worked at,EDCT_730,,,1914,1914,1914-1914,,EDC_1914_27,FALSE,FALSE
EDCPT_8921,PRESENT_AT,Worked at,EDCT_733,,,1916,1916,1916-1916,,EDC_1916_45,FALSE,FALSE
EDCPT_8910,PRESENT_AT,Worked at,EDCT_759,,,1916,1916,1916-1916,,EDC_1916_45,FALSE,FALSE
EDCPT_9448,PRESENT_AT,Worked at,EDCT_759,,,1916,1916,1916-1916,,EDC_1916_56,FALSE,FALSE
EDCPT_11166,PRESENT_AT,Worked at,EDCT_788,,,1914,1914,1914-1914,,EDC_1914_29,FALSE,FALSE
EDCPT_8839,PRESENT_AT,Worked at,EDCT_845,,,1916,1916,1916-1916,,EDC_1916_44,FALSE,FALSE
EDCPT_10754,PRESENT_AT,Worked at,EDCT_887,,,1914,1914,1914-1914,,EDC_1914_26,FALSE,FALSE
EDCPT_11247,PRESENT_AT,Worked at,EDCT_913,,,1916,1916,1916-1916,,EDC_1916_99,FALSE,FALSE
EDCPT_11145,PRESENT_AT,Worked at,EDCT_934,,,1914,1914,1914-1914,,EDC_1914_29,FALSE,FALSE
EDCPT_7511,PRESENT_AT,Worked at,EDCT_008,,,1914,1914,1914-1914,,EDC_1914_4,FALSE,FALSE
EDCPT_11707,PRESENT_AT,Worked at,EDCT_161,,,1920,1920,1920-1920,,EDC_1920_151,FALSE,FALSE
EDCPT_7889,PRESENT_AT,Worked at,EDCT_250,,,1914,1914,1914-1914,,EDC_1914_6,FALSE,FALSE
EDCPT_11115,PRESENT_AT,Worked at,EDCT_332,,,1917,1917,1917-1917,,EDC_1917_88,FALSE,FALSE
EDCPT_7118,PRESENT_AT,Worked at,EDCT_688,,,1914,1914,1914-1914,,EDC_1914_1,FALSE,FALSE
EDCPT_7781,PRESENT_AT,Worked at,EDCT_695,,,1914,1914,1914-1914,,EDC_1914_6,FALSE,FALSE
EDCPT_7609,PRESENT_AT,Worked at,EDCT_830,,,1914,1914,1914-1914,,EDC_1914_5,FALSE,FALSE
EDCPT_7149,PRESENT_AT,Worked at,EDCT_841,,,1914,1914,1914-1914,,EDC_1914_1,FALSE,FALSE
EDCPT_7782,PRESENT_AT,Worked at,EDCT_887,,,1914,1914,1914-1914,,EDC_1914_6,FALSE,FALSE
EDCPT_9177,PRESENT_AT,Worked at.,EDCT_061,,,1917,1917,1917-1917,,EDC_1917_46,FALSE,FALSE
EDCPT_7401,PRESENT_AT,Worked in connection with,EDCT_053,,,1918,1918,1918-1918,,EDC_1918_12,FALSE,FALSE
EDCPT_8344,PRESENT_AT,Workshop Foreman and Instructor at,EDCT_053,,,1918,1918,1918-1918,,EDC_1918_36,FALSE,FALSE
HBLA_005,PRESENT_AT,Manager,HBLAI_203,,,1936,,1936-,,HB_1936_200,FALSE,FALSE
HBLA_013,PRESENT_AT,Buisness Secretary,HBLAI_208,,,1936,,1936-,,HB_1936_202,FALSE,FALSE
HBLA_088,PRESENT_AT,Superintendent and Secretary,HBLAI_221,,,1936,,1936-,,HB_1936_227,FALSE,FALSE
HBLA_088,PRESENT_AT,Honorable Superintendent and Secretary,HBLAI_222,,,1936,,1936-,,HB_1936_227,FALSE,FALSE
HBLA_089,PRESENT_AT,Founder,HBLAI_221,,,1912,1936,1912-1936,,HB_1936_227,FALSE,FALSE
HBLA_089,PRESENT_AT,Founder,HBLAI_222,,,1926,1936,1926-1936,,HB_1936_227,FALSE,FALSE
HBLA_010,PRESENT_AT,General Secretary,HBLAI_208,,,1936,,1936-,,HB_1936_202,FALSE,FALSE
HBLA_033,PRESENT_AT,Secretary,HBLAI_215,,,1936,,1936-,,HB_1936_206,FALSE,FALSE
HBLA_008,PRESENT_AT,Secretary for China,HBLAI_206,,,1936,,1936-,,HB_1936_201,FALSE,FALSE
HBLA_007,PRESENT_AT,Manager,HBLAI_205,,,1936,,1936-,,HB_1936_200,FALSE,FALSE
HBLA_001,PRESENT_AT,Agency Secretary,HBLAI_201,,,1936,,1936-,,HB_1936_198,FALSE,FALSE
HBLA_015,PRESENT_AT,Manager,HBLAI_210,,,1936,,1936-,,HB_1936_204,FALSE,FALSE
HBLA_029,PRESENT_AT,Secretary,HBLAI_214,,,1936,,1936-,,HB_1936_205,FALSE,FALSE
HBLA_012,PRESENT_AT,Publications Secretaries,HBLAI_208,,,1936,,1936-,,HB_1936_202,FALSE,FALSE
HBLA_028,PRESENT_AT,Secretary,HBLAI_214,,,1936,,1936-,,HB_1936_205,FALSE,FALSE
HBLA_016,PRESENT_AT,Manager,HBLAI_211,,,1936,,1936-,,HB_1936_204,FALSE,FALSE
HBLA_034,PRESENT_AT,General Secretary,HBLAI_217,,,1936,,1936-,,HB_1936_207,FALSE,FALSE
HBLA_085,PRESENT_AT,Manager,HBLAI_218,,,1936,,1936-,,HB_1936_208,FALSE,FALSE
HBLA_009,PRESENT_AT,General Secretary,HBLAI_207,,,1936,,1936-,,HB_1936_202,FALSE,FALSE
HBLA_018,PRESENT_AT,Secretary of Treasury,HBLAI_213,,,1936,,1936-,,HB_1936_204,FALSE,FALSE
HBLP_303,PRESENT_AT,Librarian,HBLT_001,,,,,-,,HB_1936_219,FALSE,FALSE
HBLP_373,PRESENT_AT,Librarian,HBLT_002,,,,,-,,HB_1936_224,FALSE,FALSE
HBLP_306,PRESENT_AT,Librarian,HBLT_003,,,,,-,,HB_1936_219,FALSE,FALSE
HBLP_315,PRESENT_AT,Librarian,HBLT_004,,,,,-,,HB_1936_220,FALSE,FALSE
HBLP_301,PRESENT_AT,Librarian,HBLT_005,,,,,-,,HB_1936_219,FALSE,FALSE
HBLP_300,PRESENT_AT,Librarian,HBLT_007,,,,,-,,HB_1936_219,FALSE,FALSE
HBLP_309,PRESENT_AT,Librarian,HBLT_010,,,,,-,,HB_1936_219,FALSE,FALSE
HBLP_313,PRESENT_AT,Librarian,HBLT_011,,,,,-,,HB_1936_220,FALSE,FALSE
HBLP_355,PRESENT_AT,Librarian,HBLT_035,,,,,-,,HB_1936_223,FALSE,FALSE
HBLP_302,PRESENT_AT,Librarian,HBLT_036,,,,,-,,HB_1936_219,FALSE,FALSE
HBLP_316,PRESENT_AT,Librarian,HBLT_038,,,,,-,,HB_1936_220,FALSE,FALSE
HBLP_317,PRESENT_AT,Librarian,HBLT_038,,,,,-,,HB_1936_220,FALSE,FALSE
HBLP_304,PRESENT_AT,Librarian,HBLT_039,,,,,-,,HB_1936_219,FALSE,FALSE
HBLP_360,PRESENT_AT,Librarian,HBLT_039,,,,,-,,HB_1936_223,FALSE,FALSE
HBLP_305,PRESENT_AT,Librarian,HBLT_040,,,,,-,,HB_1936_219,FALSE,FALSE
HBLP_307,PRESENT_AT,Librarian,HBLT_041,,,,,-,,HB_1936_219,FALSE,FALSE
HBLP_308,PRESENT_AT,Librarian,HBLT_042,,,,,-,,HB_1936_219,FALSE,FALSE
HBLP_310,PRESENT_AT,Librarian,HBLT_043,,,,,-,,HB_1936_219,FALSE,FALSE
HBLP_311,PRESENT_AT,Librarian,HBLT_044,,,,,-,,HB_1936_219,FALSE,FALSE
HBLP_312,PRESENT_AT,Librarian,HBLT_044,,,,,-,,HB_1936_220,FALSE,FALSE
HBLP_312,PRESENT_AT,Librarian,HBLT_045,,,,,-,,HB_1936_220,FALSE,FALSE
HBLP_314,PRESENT_AT,Librarian,HBLT_046,,,,,-,,HB_1936_220,FALSE,FALSE
HBLP_318,PRESENT_AT,Librarian,HBLT_047,,,,,-,,HB_1936_220,FALSE,FALSE
HBLP_319,PRESENT_AT,Librarian,HBLT_048,,,,,-,,HB_1936_220,FALSE,FALSE
HBLP_321,PRESENT_AT,Librarian,HBLT_050,,,,,-,,HB_1936_220,FALSE,FALSE
HBLP_323,PRESENT_AT,Librarian,HBLT_052,,,,,-,,HB_1936_221,FALSE,FALSE
HBLP_324,PRESENT_AT,Librarian,HBLT_053,,,,,-,,HB_1936_221,FALSE,FALSE
HBLP_325,PRESENT_AT,Librarian,HBLT_054,,,,,-,,HB_1936_221,FALSE,FALSE
HBLP_326,PRESENT_AT,Librarian,HBLT_055,,,,,-,,HB_1936_221,FALSE,FALSE
HBLP_327,PRESENT_AT,Librarian,HBLT_056,,,,,-,,HB_1936_221,FALSE,FALSE
HBLP_328,PRESENT_AT,Librarian,HBLT_057,,,,,-,,HB_1936_221,FALSE,FALSE
HBLP_329,PRESENT_AT,Librarian,HBLT_058,,,,,-,,HB_1936_221,FALSE,FALSE
HBLP_330,PRESENT_AT,Librarian,HBLT_059,,,,,-,,HB_1936_221,FALSE,FALSE
HBLP_332,PRESENT_AT,Librarian,HBLT_061,,,,,-,,HB_1936_221,FALSE,FALSE
HBLP_333,PRESENT_AT,Librarian,HBLT_063,,,,,-,,HB_1936_221,FALSE,FALSE
HBLP_335,PRESENT_AT,Librarian,HBLT_064,,,,,-,,HB_1936_221,FALSE,FALSE
HBLP_336,PRESENT_AT,Librarian,HBLT_065,,,,,-,,HB_1936_221,FALSE,FALSE
HBLP_337,PRESENT_AT,Librarian,HBLT_066,,,,,-,,HB_1936_221,FALSE,FALSE
HBLP_338,PRESENT_AT,Librarian,HBLT_067,,,,,-,,HB_1936_221,FALSE,FALSE
HBLP_339,PRESENT_AT,Librarian,HBLT_068,,,,,-,,HB_1936_222,FALSE,FALSE
HBLP_340,PRESENT_AT,Librarian,HBLT_069,,,,,-,,HB_1936_222,FALSE,FALSE
HBLP_341,PRESENT_AT,Librarian,HBLT_070,,,,,-,,HB_1936_222,FALSE,FALSE
HBLP_342,PRESENT_AT,Librarian,HBLT_071,,,,,-,,HB_1936_222,FALSE,FALSE
HBLP_343,PRESENT_AT,Librarian,HBLT_072,,,,,-,,HB_1936_222,FALSE,FALSE
HBLP_344,PRESENT_AT,Librarian,HBLT_073,,,,,-,,HB_1936_222,FALSE,FALSE
HBLP_345,PRESENT_AT,Librarian,HBLT_074,,,,,-,,HB_1936_222,FALSE,FALSE
HBLP_346,PRESENT_AT,Librarian,HBLT_075,,,,,-,,HB_1936_222,FALSE,FALSE
HBLP_347,PRESENT_AT,Librarian,HBLT_076,,,,,-,,HB_1936_222,FALSE,FALSE
HBLP_348,PRESENT_AT,Librarian,HBLT_077,,,,,-,,HB_1936_222,FALSE,FALSE
HBLP_349,PRESENT_AT,Librarian,HBLT_078,,,,,-,,HB_1936_222,FALSE,FALSE
HBLP_351,PRESENT_AT,Librarian,HBLT_080,,,,,-,,HB_1936_222,FALSE,FALSE
HBLP_352,PRESENT_AT,Librarian,HBLT_081,,,,,-,,HB_1936_222,FALSE,FALSE
HBLP_353,PRESENT_AT,Librarian,HBLT_082,,,,,-,,HB_1936_222,FALSE,FALSE
HBLP_354,PRESENT_AT,Librarian,HBLT_083,,,,,-,,HB_1936_222,FALSE,FALSE
HBLP_356,PRESENT_AT,Librarian,HBLT_084,,,,,-,,HB_1936_223,FALSE,FALSE
HBLP_357,PRESENT_AT,Librarian,HBLT_085,,,,,-,,HB_1936_223,FALSE,FALSE
HBLP_358,PRESENT_AT,Librarian,HBLT_086,,,,,-,,HB_1936_223,FALSE,FALSE
HBLP_359,PRESENT_AT,Librarian,HBLT_088,,,,,-,,HB_1936_223,FALSE,FALSE
HBLP_361,PRESENT_AT,Librarian,HBLT_090,,,,,-,,HB_1936_223,FALSE,FALSE
HBLP_362,PRESENT_AT,Librarian,HBLT_091,,,,,-,,HB_1936_223,FALSE,FALSE
HBLP_364,PRESENT_AT,Librarian,HBLT_093,,,,,-,,HB_1936_223,FALSE,FALSE
HBLP_365,PRESENT_AT,Librarian,HBLT_094,,,,,-,,HB_1936_223,FALSE,FALSE
HBLP_366,PRESENT_AT,Librarian,HBLT_095,,,,,-,,HB_1936_223,FALSE,FALSE
HBLP_367,PRESENT_AT,Librarian,HBLT_096,,,,,-,,HB_1936_223,FALSE,FALSE
HBLP_369,PRESENT_AT,Librarian,HBLT_098,,,,,-,,HB_1936_224,FALSE,FALSE
HBLP_370,PRESENT_AT,Librarian,HBLT_099,,,,,-,,HB_1936_224,FALSE,FALSE
HBLP_371,PRESENT_AT,Librarian,HBLT_100,,,,,-,,HB_1936_224,FALSE,FALSE
HBLP_372,PRESENT_AT,Librarian,HBLT_101,,,,,-,,HB_1936_224,FALSE,FALSE
HBLP_374,PRESENT_AT,Librarian,HBLT_102,,,,,-,,HB_1936_224,FALSE,FALSE
HBLP_375,PRESENT_AT,Librarian,HBLT_103,,,,,-,,HB_1936_224,FALSE,FALSE
HBLP_376,PRESENT_AT,Librarian,HBLT_104,,,,,-,,HB_1936_224,FALSE,FALSE
HBLP_377,PRESENT_AT,Librarian,HBLT_105,,,,,-,,HB_1936_224,FALSE,FALSE
HBLP_378,PRESENT_AT,Librarian,HBLT_106,,,,,-,,HB_1936_224,FALSE,FALSE
HBLP_379,PRESENT_AT,Librarian,HBLT_107,,,,,-,,HB_1936_224,FALSE,FALSE
HBLP_381,PRESENT_AT,Librarian,HBLT_109,,,,,-,,HB_1936_225,FALSE,FALSE
HBLP_382,PRESENT_AT,Librarian,HBLT_110,,,,,-,,HB_1936_225,FALSE,FALSE
HBLP_383,PRESENT_AT,Librarian,HBLT_112,,,,,-,,HB_1936_225,FALSE,FALSE
HBLP_320,PRESENT_AT,Librarian,HBLT_049,,,,,-,,HB_1936_220,FALSE,FALSE
HBLP_322,PRESENT_AT,Librarian,HBLT_051,,,,,-,,HB_1936_220,FALSE,FALSE
HBLP_331,PRESENT_AT,Librarian,HBLT_060,,,,,-,,HB_1936_221,FALSE,FALSE
HBLP_334,PRESENT_AT,Librarian,HBLT_062,,,,,-,,HB_1936_221,FALSE,FALSE
HBLP_350,PRESENT_AT,Librarian,HBLT_079,,,,,-,,HB_1936_222,FALSE,FALSE
HBLP_363,PRESENT_AT,Librarian,HBLT_092,,,,,-,,HB_1936_223,FALSE,FALSE
HBLP_368,PRESENT_AT,Librarian,HBLT_097,,,,,-,,HB_1936_223,FALSE,FALSE
HBLP_380,PRESENT_AT,Librarian,HBLT_108,,,,,-,,HB_1936_225,FALSE,FALSE
EDCPT_12289,PART_OF,Editor,TCE_314,,,,,-,China's Millions was a CIM magazine.,BDCM_1999_93,FALSE,FALSE
EDCPT_12290,PART_OF,Editor,TCE_314,,,,,-,China's Millions was a CIM magazine.,BDCM_1999_93,FALSE,FALSE
EDCPT_12289,PART_OF,Founder; secretary,TCE_315,,,1888,,1888-,,BDCM_1999_93,FALSE,FALSE
EDCPT_12289,PART_OF,Editor,TCE_316,,,,,-,National Rightousness was the periodical of the Christian Union for the Severance of the British Empire with the Opium Traffic,BDCM_1999_93,FALSE,FALSE
EDCPT_12303,PART_OF,President,TCE_318,,,1948,1951,1948-1951,,BDCM_1999_126,FALSE,FALSE
EDCPT_12312,PART_OF,Minister,TCE_319,,,,,-,,BDCM_1999_142,FALSE,FALSE
EDCPT_8498,PART_OF,Secretary,TCE_320,,,,,-,,,FALSE,FALSE
EDCPT_8810,PART_OF,Secretary,TCE_321,,,,,-,,,FALSE,FALSE
EDCPT_9382,PART_OF,Chairman of the Council for,TCE_321,,,1916,,1916-,,EDC_1916_55,FALSE,FALSE
EDCPT_10088,PART_OF,District Superintendent and supervisor of Chengdu schools,C_000170,C_000170,,,,-,,,FALSE,FALSE
EDCPT_10366,PART_OF,Inspector of Elementary Schools to,C_000993,C_000993,,1916,,1916-,,EDC_1916_76,FALSE,FALSE
EDCPT_12289,PART_OF,General secretary,C_000056,C_000056,,1878,1895,1878-1895,,BDCM_1999_93,FALSE,FALSE
EDCPT_12290,PART_OF,Lived at,C_000056,C_000056,,1875,1890,1875-1890,Broomhall lived at the London headquarters of the CIM from 1875 to 1890.,BDCM_1999_93,FALSE,FALSE
EDCPT_12290,PART_OF,Missionary,C_000056,C_000056,,1890,1899,1890-1899,,BDCM_1999_93,FALSE,FALSE
EDCPT_12290,PART_OF,Editorial secretary,C_000056,C_000056,,1899,1927,1899-1927,,BDCM_1999_93,FALSE,FALSE
EDCPT_12291,PART_OF,Member,C_000056,C_000056,,1901,,1901-,,BDCM_1999_107,FALSE,FALSE
EDCPT_12292,PART_OF,Missionary,C_000056,C_000056,,1885,,1885-,"Began missionary work in Paoning (Langzhong), Sichuan",BDCM_1999_120,FALSE,FALSE
EDCPT_12292,PART_OF,Consecrated bishop,C_000056,C_000056,,1895,1925,1895-1925,Mission authority over CIM and ecclesiastical jurisdiction over CIM missionary work,BDCM_1999_120,TRUE,TRUE
EDCPT_12292,PART_OF,Consecrated bishop,C_000075,C_000075,,1895,1925,1895-1925,Ecclesiastical jurisdiction over CMS missionary work,BDCM_1999_120,TRUE,TRUE
EDCPT_12293,PART_OF,Teacher at,C_000066,C_000066,,1916,1917,1916-1917,,EDC_1917_40; EDC_1916_45,FALSE,FALSE
EDCPT_12294,PART_OF,Published in,C_000070,C_000070,,1913,,1913-,,BDCM_1999_141,FALSE,FALSE
EDCPT_12294,PART_OF,Medical missionary,C_000157,C_000157,,1897,,1897-,,BDCM_1999_141,FALSE,FALSE
EDCPT_12294,PART_OF,,C_000157,C_000157,,1915,,1915-,,BDCM_1999_141,FALSE,FALSE
EDCPT_12295,PART_OF,Missionary,C_000101,C_000101,,1847,,1847-,"First missionary of EPM, appointed in Sunderland, England",BDCM_1999_102,FALSE,FALSE
EDCPT_12295,PART_OF,Member,C_000272,C_000272,,,,-,,BDCM_1999_102,FALSE,FALSE
EDCPT_12296,PART_OF,Founder,C_000148,C_000148,,1921,1953,1921-1953,"Began as a cooperative project in 1921, and gradually formed a series of Christian communes.",BDCM_1999_132,FALSE,FALSE
EDCPT_12297,PART_OF,Missionary,C_000157,C_000157,,1852,,1852-,,BDCM_1999_120,FALSE,FALSE
EDCPT_12298,PART_OF,Member,C_000170,C_000170,,,,-,,BDCM_1999_91,FALSE,FALSE
EDCPT_12298,PART_OF,Foreign secretary,C_000289,C_000289,,1898,1901,1898-1901,,BDCM_1999_91,FALSE,FALSE
EDCPT_12298,PART_OF,General secretary,C_000289,C_000289,,1901,1915,1901-1915,"First general secretary, based in Shanghai",BDCM_1999_91,FALSE,FALSE
EDCPT_12298,PART_OF,Organized,C_000894,C_000894,,,,-,,BDCM_1999_91,FALSE,FALSE
EDCPT_12299,PART_OF,Bishop,C_000170,C_000170,,1941,,1941-,West China area. One of the four Methodist bishops in China,BDCM_1999_129,FALSE,FALSE
EDCPT_12299,PART_OF,Department head,C_000289,C_000289,,1936,,1936-,Head of Youth and Religion department; Before 1936,BDCM_1999_129,FALSE,FALSE
EDCPT_12299,PART_OF,General secretary,C_000894,C_000894,,,1946,-1946,Honorary position; As late as 1946,BDCM_1999_129,FALSE,FALSE
EDCPT_12300,PART_OF,Missionary (Taiwan),C_000221,C_000221,,1627,1639,1627-1639,Source says the Amsterdam Reformed classis sent him as missionary,BDCM_1999_113,FALSE,FALSE
EDCPT_12301,PART_OF,Founder,C_000266,C_000266,,1926,1929,1926-1929,Left TJC in 1929 to set up his own work in Hong Kong and Southeast Asia. Excommunicated by TJC in 1931.,BDCM_1999_125,FALSE,FALSE
EDCPT_12302,PART_OF,Agricultural missionary,C_000278,C_000278,,,,-,"Source specifically says Presbyterian Church, U.S.A.",BDCM_1999_99,FALSE,FALSE
EDCPT_12303,PART_OF,Conference participant,C_000289,C_000289,,,,-,,BDCM_1999_126,FALSE,FALSE
EDCPT_12304,PART_OF,General secretary,C_000289,C_000289,,1915,,1915-,Second general secretary,BDCM_1999_91,FALSE,FALSE
EDCPT_12305,PART_OF,Member,C_000303,C_000303,,1622,,1622-,,BDCM_1999_99,FALSE,FALSE
EDCPT_12306,PART_OF,Member,C_000303,C_000303,,1554,,1554-,,BDCM_1999_107,FALSE,FALSE
EDCPT_12306,PART_OF,Macao superior,C_000303,C_000303,9,1583,1587,1583-1587,,BDCM_1999_107,FALSE,FALSE
EDCPT_12307,PART_OF,Member,C_000303,C_000303,,1543,1583,1543-1583,,BDCM_1999_116-117,FALSE,FALSE
EDCPT_12307,PART_OF,Bishop (appointed),C_000303,C_000303,,1554,,1554-,1581,BDCM_1999_116-117,FALSE,FALSE
EDCPT_12307,PART_OF,Bishop (China),C_000303,C_000303,,,,-,1581,BDCM_1999_116-117,FALSE,FALSE
EDCPT_12307,PART_OF,Bishop (consecrated),C_000303,C_000303,,1560,,1560-,1581,BDCM_1999_116-117,FALSE,FALSE
EDCPT_12307,PART_OF,Assisted,C_000545,C_000545,,,,-,1581,BDCM_1999_116-117,FALSE,FALSE
EDCPT_12308,PART_OF,Coadjutor brother,C_000303,C_000303,,1707,1766,1707-1766,,BDCM_1999_120,FALSE,FALSE
EDCPT_12309,PART_OF,Missionary,C_000378,C_000378,,1850,,1850-,Assigned to China in 1852,BDCM_1999_126,FALSE,FALSE
EDCPT_12310,PART_OF,Member,C_000432,C_000432,,1623,1648,1623-1648,"Joined in 1623 in Valladolid, ordained 1632 in Manila",BDCM_1999_113,FALSE,FALSE
EDCPT_12311,PART_OF,Writer,C_000890,C_000890,,,,-,,BDCM_1999_130,FALSE,FALSE
EDCPT_12311,PART_OF,Secretary,C_000894,C_000894,,1924,1934,1924-1934,,BDCM_1999_130,FALSE,TRUE
EDCPT_12311,PART_OF,Supporter,C_000934,C_000934,,1927,,1927-,,BDCM_1999_130,FALSE,FALSE
EDCPT_12311,PART_OF,Secretary,C_000934,C_000934,,1934,,1934-,,BDCM_1999_130,FALSE,TRUE
EDCPT_12311,PART_OF,Secretary,C_001019,C_001019,,1922,,1922-,Before 1922,BDCM_1999_130,FALSE,TRUE
EDCPT_7079,PART_OF,Director of Schools,C_000011,C_000011,,,,-,,,FALSE,FALSE
EDCPT_7378,PART_OF,Supervisor of Day Schools in Jiangxi for,C_000170,C_000170,,,,-,,,FALSE,FALSE
EDCPT_7826,PART_OF,Medical missionary,C_000279,C_000279,,,,-,,BDCM_1999_134,FALSE,FALSE
EDCPT_8396,PART_OF,General Secretary,C_001121,C_001121,,,,-,,,FALSE,FALSE
EDCPT_8632,PART_OF,Missionary Bishop of Shanghai for,C_000219,C_000219,,,,-,,,FALSE,FALSE
EDCPT_9389,PART_OF,"Missionary ""in charge"" of several schools for",C_000051,C_000051,,,,-,,,FALSE,FALSE
EDCPT_9691,PART_OF,Teacher for,C_000170,C_000170,,,,-,pei,EDC_1920_83 (Teachers' section),FALSE,FALSE
EDCPT_9909,PART_OF,Worked for,C_000075,C_000075,,,,-,"Provided the information about schooling in Nanning to the EDC, but doesn't actually work at any of the schools there.",EDC_1920_66,FALSE,FALSE
EDCPT_9910,PART_OF,Secretary,C_000897,C_000897,,,,-,,EDC_1920_90 (Teachers' section),FALSE,FALSE
HBCSP_001,PART_OF,General secretary,C_000056,C_000056,,,,-,,HB_1936,FALSE,FALSE
HBCSP_002,PART_OF,Lived at,C_000056,C_000056,,,,-,,HB_1937,FALSE,FALSE
HBCSP_002,PART_OF,Missionary,C_000056,C_000056,,,,-,,HB_1938,FALSE,FALSE
HBCSP_002,PART_OF,Editorial secretary,C_000056,C_000056,,,,-,,HB_1939,FALSE,FALSE
HBCSP_003,PART_OF,Member,C_000056,C_000056,,,,-,,HB_1940,FALSE,FALSE
HBCSP_004,PART_OF,Missionary,C_000056,C_000056,,,,-,,HB_1941,FALSE,FALSE
HBCSP_004,PART_OF,Consecrated bishop,C_000056,C_000056,,,,-,,HB_1942,TRUE,TRUE
HBCSP_005,PART_OF,Published in,C_000070,C_000070,,,,-,,HB_1943,FALSE,FALSE
HBCSP_004,PART_OF,Consecrated bishop,C_000075,C_000075,,,,-,,HB_1944,TRUE,TRUE
HBCSP_006,PART_OF,Missionary,C_000101,C_000101,,,,-,,HB_1945,FALSE,FALSE
HBCSP_007,PART_OF,Founder,C_000148,C_000148,,,,-,,HB_1946,FALSE,FALSE
HBCSP_008,PART_OF,Missionary,C_000157,C_000157,,,,-,,HB_1947,FALSE,FALSE
HBCSP_005,PART_OF,Medical missionary,C_000157,C_000157,,,,-,,HB_1948,FALSE,FALSE
HBCSP_005,PART_OF,,C_000157,C_000157,,,,-,,HB_1949,FALSE,FALSE
HBCSP_009,PART_OF,Member,C_000170,C_000170,,,,-,,HB_1950,FALSE,FALSE
HBCSP_010,PART_OF,Bishop,C_000170,C_000170,,,,-,,HB_1951,FALSE,FALSE
HBCSP_011,PART_OF,Missionary (Taiwan),C_000221,C_000221,,,,-,,HB_1952,FALSE,FALSE
HBCSP_012,PART_OF,Founder,C_000266,C_000266,,,,-,,HB_1953,FALSE,FALSE
HBCSP_006,PART_OF,Member,C_000272,C_000272,,,,-,,HB_1954,FALSE,FALSE
HBCSP_013,PART_OF,Agricultural missionary,C_000278,C_000278,,,,-,,HB_1955,FALSE,FALSE
HBCSP_014,PART_OF,Medical missionary,C_000279,C_000279,,,,-,,HB_1956,FALSE,FALSE
HBCSP_009,PART_OF,Foreign secretary,C_000289,C_000289,,,,-,,HB_1957,FALSE,FALSE
HBCSP_009,PART_OF,General secretary,C_000289,C_000289,,,,-,,HB_1958,FALSE,FALSE
HBCSP_015,PART_OF,General secretary,C_000289,C_000289,,,,-,,HB_1959,FALSE,FALSE
HBCSP_016,PART_OF,Conference participant,C_000289,C_000289,,,,-,,HB_1960,FALSE,FALSE
HBCSP_010,PART_OF,Department head,C_000289,C_000289,,,,-,,HB_1961,FALSE,FALSE
HBCSP_017,PART_OF,Member,C_000303,C_000303,,,,-,,HB_1962,FALSE,FALSE
HBCSP_018,PART_OF,Member,C_000303,C_000303,,,,-,,HB_1963,FALSE,FALSE
HBCSP_018,PART_OF,Macao superior,C_000303,C_000303,,,,-,,HB_1964,FALSE,FALSE
HBCSP_019,PART_OF,Member,C_000303,C_000303,,,,-,,HB_1965,FALSE,FALSE
HBCSP_019,PART_OF,Bishop (appointed),C_000303,C_000303,,,,-,,HB_1966,FALSE,FALSE
HBCSP_019,PART_OF,Bishop (China),C_000303,C_000303,,,,-,,HB_1967,FALSE,FALSE
HBCSP_019,PART_OF,Bishop (consecrated),C_000303,C_000303,,,,-,,HB_1968,FALSE,FALSE
HBCSP_020,PART_OF,Coadjutor brother,C_000303,C_000303,,,,-,,HB_1969,FALSE,FALSE
HBCSP_021,PART_OF,Missionary,C_000378,C_000378,,,,-,,HB_1970,FALSE,FALSE
HBCSP_022,PART_OF,Member,C_000432,C_000432,,,,-,,HB_1971,FALSE,FALSE
HBCSP_023,PART_OF,Writer,C_000890,C_000890,,,,-,,HB_1972,FALSE,FALSE
HBCSP_009,PART_OF,Organized,C_000894,C_000894,,,,-,,HB_1973,FALSE,FALSE
HBCSP_010,PART_OF,General secretary,C_000894,C_000894,,,,-,,HB_1974,FALSE,FALSE
HBCSP_023,PART_OF,Secretary,C_000894,C_000894,,,,-,,HB_1975,TRUE,TRUE
HBCSP_023,PART_OF,Supporter,C_000934,C_000934,,,,-,,HB_1976,FALSE,FALSE
HBCSP_023,PART_OF,Secretary,C_000934,C_000934,,,,-,,HB_1977,TRUE,TRUE
HBCSP_023,PART_OF,Secretary,C_001019,C_001019,,,,-,,HB_1978,TRUE,TRUE
HBCSP_001,PART_OF,Editor,B_00035,B_00035,,,,-,,HB_1979,FALSE,FALSE
HBCSP_001,PART_OF,Founder; secretary,HBP_6,,,,,-,,HB_1980,FALSE,FALSE
HBCSP_001,PART_OF,Editor,HBP_5,,,,,-,,HB_1981,FALSE,FALSE
HBCSP_002,PART_OF,Editor,B_00035,B_00035,,,,-,,HB_1982,FALSE,FALSE
HBCSP_019,PART_OF,Assisted,C_000545,C_000545,,,,-,,HB_1983,FALSE,FALSE
HBCSP_016,PART_OF,President,HBP_7,,,,,-,,HB_1984,FALSE,FALSE
HBCSP_024,PART_OF,Minister,HBP_8,,,,,-,,HB_1985,FALSE,FALSE
EDCT_387,LINKED_TO,Affiliated with,EDCT_386,,,,,-,,,FALSE,FALSE
EDCT_181,LINKED_TO,Affiliated with,EDCT_199,,,,,-,"Take place at different times of day in the same building, both are presumably part of the Shanghai chapter(?) of the YMCA or something",,FALSE,FALSE
EDCT_377,LINKED_TO,Affiliated with,EDCT_256,,,,,-,,,FALSE,FALSE
EDCT_152,LINKED_TO,Part of,EDCT_061,,,,,-,,,FALSE,FALSE
EDCT_320,LINKED_TO,Affiliated with,EDCT_096,,,,,-,,,FALSE,FALSE
EDCT_135,LINKED_TO,Affiliated with,EDCT_094,,,,,-,,,FALSE,FALSE
EDCT_185,LINKED_TO,Part of,EDCT_094,,,,,-,,,FALSE,FALSE
EDCT_443,LINKED_TO,Affiliated with,EDCT_053,,,1920,,1920-,"""Hostel in connection with"" the university",EDC_1920_74,FALSE,FALSE
EDCT_093,LINKED_TO,Department of,EDCT_094,,,,,-,,,FALSE,FALSE
EDCT_391,LINKED_TO,Affiliated with,EDCT_219,,,1920,,1920-,"Trinity Higher Elementary ""Acts as a 'feeder' for Trinity College"" according to the EDC.",EDC_1920_10,FALSE,FALSE
EDCT_347,LINKED_TO,Part of,EDCT_008,,,,,-,,,FALSE,FALSE
EDCT_119,LINKED_TO,Part of,EDCT_075,,,,,-,,,FALSE,FALSE
EDCT_118,LINKED_TO,Part of,EDCT_075,,,,,-,,,FALSE,FALSE
EDCT_407,LINKED_TO,Part of,EDCT_075,,,,,-,,,FALSE,FALSE
EDCT_076,LINKED_TO,Affiliated with,EDCT_097,,,,,-,,,FALSE,FALSE
EDCT_409,PART_OF,Affiliated with,TCE_322,,,,,-,,,FALSE,FALSE
EDCT_416,PART_OF,Affiliated with,TCE_323,,,,,-,,,FALSE,FALSE
EDCT_238,PART_OF,Affiliated with,TCE_324,,,,,-,,,FALSE,FALSE
EDCT_845,PART_OF,Affiliated with,TCE_325,,,,,-,,,FALSE,FALSE
EDCT_256,PART_OF,Affiliated with,C_000075,C_000075,,,,-,"There was a ""hostel"" shared by the CMS and Canton Union T.heological Coll.",EDC_1920_68 (teachers section),FALSE,FALSE
EDCT_058,PART_OF,Affiliated with,C_000077,C_000077,,,,-,,,TRUE,TRUE
EDCT_058,PART_OF,Affiliated with,C_000880,C_000880,,,,-,,,TRUE,TRUE
EDCT_001,PART_OF,Affiliated with,C_000170,C_000170,,,,-,,,TRUE,TRUE
EDCT_001,PART_OF,Affiliated with,C_000284,C_000284,,,,-,,,TRUE,TRUE
EDCT_067,PART_OF,Affiliated with,C_000215,C_000215,,,,-,,,FALSE,FALSE
EDCT_238,PART_OF,Affiliated with,C_000272,C_000272,,,,-,,,TRUE,TRUE
EDCT_238,PART_OF,Affiliated with,C_000215,C_000215,,,,-,,,TRUE,TRUE
EDCT_238,PART_OF,Affiliated with,C_000091,C_000091,,,,-,,,TRUE,TRUE
EDCT_077,PART_OF,Received a donation from,C_000014,C_000014,,,,-,"""The local T'ungchou school expanded into North China American School in 1914-1915 when three mission agencies combined their efforts. The American Board of Commissioners for Foreign Missions donated land within their 70-acre compound outside the city walls""",CASC,TRUE,TRUE
EDCT_077,PART_OF,Received a donation from,C_000019,C_000019,,,,-,"""The local T'ungchou school expanded into North China American School in 1914-1915 when three mission agencies combined their efforts...the Presbyterian Mission funded a new building""",CASC,TRUE,TRUE
EDCT_077,PART_OF,Received a donation from,C_000170,C_000170,,,,-,"""The local T'ungchou school expanded into North China American School in 1914-1915 when three mission agencies combined their efforts...the Methodist Mission provided an annual grant.""",CASC,TRUE,TRUE
EDCT_076,PART_OF,Affiliated with,C_000170,C_000170,,,,-,,,TRUE,TRUE
EDCT_076,PART_OF,Affiliated with,C_000011,C_000011,,,,-,,,TRUE,TRUE
EDCT_097,PART_OF,Affiliated with,C_000170,C_000170,,,,-,,,TRUE,TRUE
EDCT_097,PART_OF,Affiliated with,C_000011,C_000011,,,,-,,,TRUE,TRUE
EDCT_225,PART_OF,Affiliated with,C_000290,C_000290,,,,-,"""A Branch of Y. W. C. A. (Senior and Junior Sections) exists in the school for the bigger girls and younger teachers.""",EDC_1920_77,TRUE,TRUE
EDCT_038,PART_OF,Affiliated with,C_000157,C_000157,,,,-,,EDC_1920_76,TRUE,TRUE
EDCT_038,PART_OF,Affiliated with,C_001128,C_001128,,,,-,,EDC_1920_76,TRUE,TRUE
EDCT_136,PART_OF,Affiliated with,C_000934,C_000934,,,,-,,,TRUE,TRUE
EDCT_136,PART_OF,Affiliated with,C_000019,C_000019,,,,-,,,TRUE,TRUE
EDCT_136,PART_OF,Affiliated with,C_000268,C_000268,,,,-,,,TRUE,TRUE
EDCT_136,PART_OF,Affiliated with,C_000014,C_000014,,,,-,,,TRUE,TRUE
EDCT_144,PART_OF,Affiliated with,C_000284,C_000284,,,,-,,,TRUE,TRUE
EDCT_144,PART_OF,Affiliated with,C_000170,C_000170,,,,-,,,TRUE,TRUE
EDCT_289,PART_OF,Affiliated with,C_000170,C_000170,,,,-,,,TRUE,TRUE
EDCT_289,PART_OF,Affiliated with,C_000284,C_000284,,,,-,,,TRUE,TRUE
EDCT_134,PART_OF,Affiliated with,C_000010,C_000010,,,,-,,,TRUE,TRUE
EDCT_134,PART_OF,Affiliated with,C_001034,C_001034,,,,-,,,TRUE,TRUE
EDCT_894,PART_OF,Affiliated with,C_000317,C_000317,,,,-,,,FALSE,FALSE
EDCT_283,PART_OF,Affiliated with,C_000017,C_000017,,,,-,,,FALSE,FALSE
EDCT_284,PART_OF,Affiliated with,C_000017,C_000017,,,,-,,,FALSE,FALSE
EDCT_322,PART_OF,Affiliated with,C_000017,C_000017,,,,-,,,FALSE,FALSE
EDCT_692,PART_OF,Affiliated with,C_000887,C_000887,,,,-,,,FALSE,FALSE
EDCT_392,PART_OF,Affiliated with,C_001127,C_001127,,,,-,,,FALSE,FALSE
EDCT_683,PART_OF,Affiliated with,C_000096,C_000096,,,,-,,,FALSE,FALSE
EDCT_038,PART_OF,Affiliated with,C_001128,C_001128,,,,-,,,TRUE,TRUE
EDCT_068,PART_OF,Affiliated with,C_000289,C_000289,,,,-,,,FALSE,FALSE
EDCT_110,PART_OF,Affiliated with,C_000289,C_000289,,,,-,,,FALSE,FALSE
EDCT_113,PART_OF,Affiliated with,C_000289,C_000289,,,,-,,,FALSE,FALSE
EDCT_155,PART_OF,Affiliated with,C_000289,C_000289,,,,-,,,FALSE,FALSE
EDCT_160,PART_OF,Affiliated with,C_000289,C_000289,,,,-,,,FALSE,FALSE
EDCT_162,PART_OF,Affiliated with,C_000289,C_000289,,,,-,,,FALSE,FALSE
EDCT_181,PART_OF,Affiliated with,C_000289,C_000289,,,,-,,,FALSE,FALSE
EDCT_196,PART_OF,Affiliated with,C_000289,C_000289,,,,-,,,FALSE,FALSE
EDCT_199,PART_OF,Affiliated with,C_000289,C_000289,,,,-,,,FALSE,FALSE
EDCT_220,PART_OF,Affiliated with,C_000289,C_000289,,,,-,,,FALSE,FALSE
EDCT_247,PART_OF,Affiliated with,C_000289,C_000289,,,,-,,,FALSE,FALSE
EDCT_323,PART_OF,Affiliated with,C_000289,C_000289,,,,-,,,FALSE,FALSE
EDCT_340,PART_OF,Affiliated with,C_000289,C_000289,,,,-,,,FALSE,FALSE
EDCT_341,PART_OF,Affiliated with,C_000289,C_000289,,,,-,,,FALSE,FALSE
EDCT_520,PART_OF,Affiliated with,C_000289,C_000289,,,,-,,,FALSE,FALSE
EDCT_529,PART_OF,Affiliated with,C_000289,C_000289,,,,-,,,FALSE,FALSE
EDCT_530,PART_OF,Affiliated with,C_000289,C_000289,,,,-,,,FALSE,FALSE
EDCT_533,PART_OF,Affiliated with,C_000289,C_000289,,,,-,,,FALSE,FALSE
EDCT_537,PART_OF,Affiliated with,C_000289,C_000289,,,,-,,,FALSE,FALSE
EDCT_601,PART_OF,Affiliated with,C_000289,C_000289,,,,-,,,FALSE,FALSE
EDCT_602,PART_OF,Affiliated with,C_000289,C_000289,,,,-,,,FALSE,FALSE
EDCT_604,PART_OF,Affiliated with,C_000289,C_000289,,,,-,,,FALSE,FALSE
EDCT_950,PART_OF,Affiliated with,C_000289,C_000289,,,,-,,,FALSE,FALSE
EDCT_961,PART_OF,Affiliated with,C_000289,C_000289,,,,-,,,FALSE,FALSE
EDCT_962,PART_OF,Affiliated with,C_000289,C_000289,,,,-,,,FALSE,FALSE
EDCT_453,PART_OF,Affiliated with,C_000049,C_000049,,,,-,,,FALSE,FALSE
EDCT_492,PART_OF,Affiliated with,C_000024,C_000024,,,,-,,,FALSE,FALSE
EDCT_134,PART_OF,Affiliated with,C_000010,C_000010,,,,-,,,TRUE,TRUE
EDCT_439,PART_OF,Affiliated with,C_000010,C_000010,,,,-,,,FALSE,FALSE
EDCT_534,PART_OF,Affiliated with,C_000010,C_000010,,,,-,,,FALSE,FALSE
EDCT_769,PART_OF,Affiliated with,C_000010,C_000010,,,,-,,,FALSE,FALSE
EDCT_036,PART_OF,Affiliated with,C_000157,C_000157,,,,-,,,FALSE,FALSE
EDCT_053,PART_OF,Affiliated with,C_000157,C_000157,,,,-,,,FALSE,FALSE
EDCT_095,PART_OF,Affiliated with,C_000157,C_000157,,,,-,,,FALSE,FALSE
EDCT_102,PART_OF,Affiliated with,C_000157,C_000157,,,,-,,,FALSE,FALSE
EDCT_109,PART_OF,Affiliated with,C_000157,C_000157,,,,-,,,FALSE,FALSE
EDCT_272,PART_OF,Affiliated with,C_000157,C_000157,,,,-,,,FALSE,FALSE
EDCT_280,PART_OF,Affiliated with,C_000157,C_000157,,,,-,,,FALSE,FALSE
EDCT_281,PART_OF,Affiliated with,C_000157,C_000157,,,,-,,,FALSE,FALSE
EDCT_315,PART_OF,Affiliated with,C_000157,C_000157,,,,-,,,FALSE,FALSE
EDCT_325,PART_OF,Affiliated with,C_000157,C_000157,,,,-,,,FALSE,FALSE
EDCT_027,PART_OF,Affiliated with,C_000056,C_000056,,,,-,,,FALSE,FALSE
EDCT_028,PART_OF,Affiliated with,C_000056,C_000056,,,,-,,,FALSE,FALSE
EDCT_032,PART_OF,Affiliated with,C_000056,C_000056,,,,-,,,FALSE,FALSE
EDCT_042,PART_OF,Affiliated with,C_000056,C_000056,,,,-,,,FALSE,FALSE
EDCT_108,PART_OF,Affiliated with,C_000056,C_000056,,,,-,,,FALSE,FALSE
EDCT_123,PART_OF,Affiliated with,C_000056,C_000056,,,,-,,,FALSE,FALSE
EDCT_129,PART_OF,Affiliated with,C_000056,C_000056,,,,-,,,FALSE,FALSE
EDCT_150,PART_OF,Affiliated with,C_000056,C_000056,,,,-,,,FALSE,FALSE
EDCT_259,PART_OF,Affiliated with,C_000056,C_000056,,,,-,,,FALSE,FALSE
EDCT_334,PART_OF,Affiliated with,C_000056,C_000056,,,,-,,,FALSE,FALSE
EDCT_342,PART_OF,Affiliated with,C_000056,C_000056,,,,-,,,FALSE,FALSE
EDCT_343,PART_OF,Affiliated with,C_000056,C_000056,,,,-,,,FALSE,FALSE
EDCT_346,PART_OF,Affiliated with,C_000056,C_000056,,,,-,,,FALSE,FALSE
EDCT_355,PART_OF,Affiliated with,C_000056,C_000056,,,,-,,,FALSE,FALSE
EDCT_399,PART_OF,Affiliated with,C_000056,C_000056,,,,-,,,FALSE,FALSE
EDCT_456,PART_OF,Affiliated with,C_000056,C_000056,,,,-,,,FALSE,FALSE
EDCT_472,PART_OF,Affiliated with,C_000056,C_000056,,,,-,,,FALSE,FALSE
EDCT_509,PART_OF,Affiliated with,C_000056,C_000056,,,,-,,,FALSE,FALSE
EDCT_554,PART_OF,Affiliated with,C_000056,C_000056,,,,-,,,FALSE,FALSE
EDCT_595,PART_OF,Affiliated with,C_000056,C_000056,,,,-,,,FALSE,FALSE
EDCT_623,PART_OF,Affiliated with,C_000056,C_000056,,,,-,,,FALSE,FALSE
EDCT_627,PART_OF,Affiliated with,C_000056,C_000056,,,,-,,,FALSE,FALSE
EDCT_670,PART_OF,Affiliated with,C_000056,C_000056,,,,-,,,FALSE,FALSE
EDCT_672,PART_OF,Affiliated with,C_000056,C_000056,,,,-,,,FALSE,FALSE
EDCT_684,PART_OF,Affiliated with,C_000056,C_000056,,,,-,,,FALSE,FALSE
EDCT_690,PART_OF,Affiliated with,C_000056,C_000056,,,,-,,,FALSE,FALSE
EDCT_078,PART_OF,Affiliated with,C_000014,C_000014,,,,-,,,FALSE,FALSE
EDCT_103,PART_OF,Affiliated with,C_000014,C_000014,,,,-,,,FALSE,FALSE
EDCT_117,PART_OF,Affiliated with,C_000014,C_000014,,,,-,,,FALSE,FALSE
EDCT_141,PART_OF,Affiliated with,C_000014,C_000014,,,,-,,,FALSE,FALSE
EDCT_239,PART_OF,Affiliated with,C_000014,C_000014,,,,-,,,FALSE,FALSE
EDCT_271,PART_OF,Affiliated with,C_000014,C_000014,,,,-,,,FALSE,FALSE
EDCT_278,PART_OF,Affiliated with,C_000014,C_000014,,,,-,,,FALSE,FALSE
EDCT_285,PART_OF,Affiliated with,C_000014,C_000014,,,,-,,,FALSE,FALSE
EDCT_297,PART_OF,Affiliated with,C_000014,C_000014,,,,-,,,FALSE,FALSE
EDCT_363,PART_OF,Affiliated with,C_000014,C_000014,,,,-,,,FALSE,FALSE
EDCT_366,PART_OF,Affiliated with,C_000014,C_000014,,,,-,,,FALSE,FALSE
EDCT_444,PART_OF,Affiliated with,C_000014,C_000014,,,,-,,,FALSE,FALSE
EDCT_525,PART_OF,Affiliated with,C_000014,C_000014,,,,-,,,FALSE,FALSE
EDCT_835,PART_OF,Affiliated with,C_000014,C_000014,,,,-,,,FALSE,FALSE
EDCT_046,PART_OF,Affiliated with,C_000270,C_000270,,,,-,,,FALSE,FALSE
EDCT_308,PART_OF,Affiliated with,C_000270,C_000270,,,,-,,,FALSE,FALSE
EDCT_309,PART_OF,Affiliated with,C_000270,C_000270,,,,-,,,FALSE,FALSE
EDCT_107,PART_OF,Affiliated with,C_000052,C_000052,,,,-,,,FALSE,FALSE
EDCT_222,PART_OF,Affiliated with,C_000052,C_000052,,,,-,,,FALSE,FALSE
EDCT_435,PART_OF,Affiliated with,C_000052,C_000052,,,,-,,,FALSE,FALSE
EDCT_522,PART_OF,Affiliated with,C_000052,C_000052,,,,-,,,FALSE,FALSE
EDCT_556,PART_OF,Affiliated with,C_000052,C_000052,,,,-,,,FALSE,FALSE
EDCT_357,PART_OF,Affiliated with,C_000074,C_000074,,,,-,,,FALSE,FALSE
EDCT_121,PART_OF,Affiliated with,C_000234,C_000234,,,,-,,,FALSE,FALSE
EDCT_358,PART_OF,Affiliated with,C_000234,C_000234,,,,-,,,FALSE,FALSE
EDCT_393,PART_OF,Affiliated with,C_000268,C_000268,,,,-,,,FALSE,FALSE
EDCT_063,PART_OF,Affiliated with,C_000372,C_000372,,,,-,,,FALSE,FALSE
EDCT_208,PART_OF,Affiliated with,C_000372,C_000372,,,,-,,,FALSE,FALSE
EDCT_260,PART_OF,Affiliated with,C_000372,C_000372,,,,-,,,FALSE,FALSE
EDCT_371,PART_OF,Affiliated with,C_000372,C_000372,,,,-,,,FALSE,FALSE
EDCT_408,PART_OF,Affiliated with,C_000372,C_000372,,,,-,,,FALSE,FALSE
EDCT_079,PART_OF,Affiliated with,C_000011,C_000011,,,,-,,,FALSE,FALSE
EDCT_142,PART_OF,Affiliated with,C_000011,C_000011,,,,-,,,FALSE,FALSE
EDCT_151,PART_OF,Affiliated with,C_000011,C_000011,,,,-,,,FALSE,FALSE
EDCT_195,PART_OF,Affiliated with,C_000011,C_000011,,,,-,,,FALSE,FALSE
EDCT_236,PART_OF,Affiliated with,C_000011,C_000011,,,,-,,,FALSE,FALSE
EDCT_267,PART_OF,Affiliated with,C_000011,C_000011,,,,-,,,FALSE,FALSE
EDCT_268,PART_OF,Affiliated with,C_000011,C_000011,,,,-,,,FALSE,FALSE
EDCT_269,PART_OF,Affiliated with,C_000011,C_000011,,,,-,,,FALSE,FALSE
EDCT_319,PART_OF,Affiliated with,C_000011,C_000011,,,,-,,,FALSE,FALSE
EDCT_338,PART_OF,Affiliated with,C_000011,C_000011,,,,-,,,FALSE,FALSE
EDCT_368,PART_OF,Affiliated with,C_000011,C_000011,,,,-,,,FALSE,FALSE
EDCT_421,PART_OF,Affiliated with,C_000011,C_000011,,,,-,,,FALSE,FALSE
EDCT_523,PART_OF,Affiliated with,C_000011,C_000011,,,,-,,,FALSE,FALSE
EDCT_081,PART_OF,Affiliated with,C_000222,C_000222,,,,-,,,FALSE,FALSE
EDCT_114,PART_OF,Affiliated with,C_000242,C_000242,,,,-,,,FALSE,FALSE
EDCT_137,PART_OF,Affiliated with,C_000242,C_000242,,,,-,,,FALSE,FALSE
EDCT_450,PART_OF,Affiliated with,C_000242,C_000242,,,,-,,,FALSE,FALSE
EDCT_106,PART_OF,Affiliated with,C_000282,C_000282,,,,-,,,FALSE,FALSE
EDCT_116,PART_OF,Affiliated with,C_000282,C_000282,,,,-,,,FALSE,FALSE
EDCT_124,PART_OF,Affiliated with,C_000282,C_000282,,,,-,,,FALSE,FALSE
EDCT_154,PART_OF,Affiliated with,C_000282,C_000282,,,,-,,,FALSE,FALSE
EDCT_186,PART_OF,Affiliated with,C_000282,C_000282,,,,-,,,FALSE,FALSE
EDCT_214,PART_OF,Affiliated with,C_000282,C_000282,,,,-,,,FALSE,FALSE
EDCT_303,PART_OF,Affiliated with,C_000282,C_000282,,,,-,,,FALSE,FALSE
EDCT_335,PART_OF,Affiliated with,C_000282,C_000282,,,,-,,,FALSE,FALSE
EDCT_359,PART_OF,Affiliated with,C_000282,C_000282,,,,-,,,FALSE,FALSE
EDCT_440,PART_OF,Affiliated with,C_000282,C_000282,,,,-,,,FALSE,FALSE
EDCT_441,PART_OF,Affiliated with,C_000282,C_000282,,,,-,,,FALSE,FALSE
EDCT_442,PART_OF,Affiliated with,C_000282,C_000282,,,,-,,,FALSE,FALSE
EDCT_052,PART_OF,Affiliated with,C_000075,C_000075,,,,-,,,FALSE,FALSE
EDCT_087,PART_OF,Affiliated with,C_000075,C_000075,,,,-,,,FALSE,FALSE
EDCT_091,PART_OF,Affiliated with,C_000075,C_000075,,,,-,,,FALSE,FALSE
EDCT_213,PART_OF,Affiliated with,C_000075,C_000075,,,,-,,,FALSE,FALSE
EDCT_219,PART_OF,Affiliated with,C_000075,C_000075,,,,-,,,FALSE,FALSE
EDCT_225,PART_OF,Affiliated with,C_000075,C_000075,,,,-,,,TRUE,TRUE
EDCT_231,PART_OF,Affiliated with,C_000075,C_000075,,,,-,,,FALSE,FALSE
EDCT_232,PART_OF,Affiliated with,C_000075,C_000075,,,,-,,,FALSE,FALSE
EDCT_253,PART_OF,Affiliated with,C_000075,C_000075,,,,-,,,FALSE,FALSE
EDCT_291,PART_OF,Affiliated with,C_000075,C_000075,,,,-,,,FALSE,FALSE
EDCT_292,PART_OF,Affiliated with,C_000075,C_000075,,,,-,,,FALSE,FALSE
EDCT_330,PART_OF,Affiliated with,C_000075,C_000075,,,,-,,,FALSE,FALSE
EDCT_369,PART_OF,Affiliated with,C_000075,C_000075,,,,-,,,FALSE,FALSE
EDCT_377,PART_OF,Affiliated with,C_000075,C_000075,,,,-,,,FALSE,FALSE
EDCT_381,PART_OF,Affiliated with,C_000075,C_000075,,,,-,,,FALSE,FALSE
EDCT_391,PART_OF,Affiliated with,C_000075,C_000075,,,,-,,,FALSE,FALSE
EDCT_402,PART_OF,Affiliated with,C_000075,C_000075,,,,-,,,FALSE,FALSE
EDCT_433,PART_OF,Affiliated with,C_000075,C_000075,,,,-,,,FALSE,FALSE
EDCT_438,PART_OF,Affiliated with,C_000075,C_000075,,,,-,,,FALSE,FALSE
EDCT_443,PART_OF,Affiliated with,C_000075,C_000075,,,,-,,,FALSE,FALSE
EDCT_446,PART_OF,Affiliated with,C_000075,C_000075,,,,-,,,FALSE,FALSE
EDCT_457,PART_OF,Affiliated with,C_000075,C_000075,,,,-,,,FALSE,FALSE
EDCT_459,PART_OF,Affiliated with,C_000075,C_000075,,,,-,,,FALSE,FALSE
EDCT_521,PART_OF,Affiliated with,C_000075,C_000075,,,,-,,,FALSE,FALSE
EDCT_524,PART_OF,Affiliated with,C_000075,C_000075,,,,-,,,FALSE,FALSE
EDCT_605,PART_OF,Affiliated with,C_000075,C_000075,,,,-,,,FALSE,FALSE
EDCT_608,PART_OF,Affiliated with,C_000075,C_000075,,,,-,,,FALSE,FALSE
EDCT_674,PART_OF,Affiliated with,C_000075,C_000075,,,,-,,,FALSE,FALSE
EDCT_675,PART_OF,Affiliated with,C_000075,C_000075,,,,-,,,FALSE,FALSE
EDCT_808,PART_OF,Affiliated with,C_000075,C_000075,,,,-,,,FALSE,FALSE
EDCT_815,PART_OF,Affiliated with,C_000075,C_000075,,,,-,,,FALSE,FALSE
EDCT_149,PART_OF,Affiliated with,C_000034,C_000034,,,,-,,,FALSE,FALSE
EDCT_275,PART_OF,Affiliated with,C_000034,C_000034,,,,-,,,FALSE,FALSE
EDCT_310,PART_OF,Affiliated with,C_000034,C_000034,,,,-,,,FALSE,FALSE
EDCT_603,PART_OF,Affiliated with,C_000034,C_000034,,,,-,,,FALSE,FALSE
EDCT_010,PART_OF,Affiliated with,C_000101,C_000101,,,,-,,,FALSE,FALSE
EDCT_033,PART_OF,Affiliated with,C_000101,C_000101,,,,-,,,FALSE,FALSE
EDCT_198,PART_OF,Affiliated with,C_000101,C_000101,,,,-,,,FALSE,FALSE
EDCT_452,PART_OF,Affiliated with,C_000101,C_000101,,,,-,,,FALSE,FALSE
EDCT_339,PART_OF,Affiliated with,C_000285,C_000285,,,,-,,,FALSE,FALSE
EDCT_373,PART_OF,Affiliated with,C_000285,C_000285,,,,-,,,FALSE,FALSE
EDCT_374,PART_OF,Affiliated with,C_000066,C_000066,,,,-,,,FALSE,FALSE
EDCT_536,PART_OF,Affiliated with,C_000066,C_000066,,,,-,,,FALSE,FALSE
EDCT_384,PART_OF,Affiliated with,C_000035,C_000035,,,,-,,,FALSE,FALSE
EDCT_336,PART_OF,Affiliated with,C_000071,C_000071,,,,-,,,FALSE,FALSE
EDCT_582,PART_OF,Affiliated with,C_000135,C_000135,,,,-,,,FALSE,FALSE
EDCT_469,PART_OF,Affiliated with,C_000391,C_000391,,,,-,,,FALSE,FALSE
EDCT_131,PART_OF,Affiliated with,C_000196,C_000196,,,,-,,,FALSE,FALSE
EDCT_035,PART_OF,Affiliated with,C_000248,C_000248,,,,-,,,FALSE,FALSE
EDCT_158,PART_OF,Affiliated with,C_000248,C_000248,,,,-,,,FALSE,FALSE
EDCT_188,PART_OF,Affiliated with,C_000248,C_000248,,,,-,,,FALSE,FALSE
EDCT_240,PART_OF,Affiliated with,C_000248,C_000248,,,,-,,,FALSE,FALSE
EDCT_317,PART_OF,Affiliated with,C_000248,C_000248,,,,-,,,FALSE,FALSE
EDCT_318,PART_OF,Affiliated with,C_000248,C_000248,,,,-,,,FALSE,FALSE
EDCT_344,PART_OF,Affiliated with,C_000248,C_000248,,,,-,,,FALSE,FALSE
EDCT_345,PART_OF,Affiliated with,C_000248,C_000248,,,,-,,,FALSE,FALSE
EDCT_348,PART_OF,Affiliated with,C_000248,C_000248,,,,-,,,FALSE,FALSE
EDCT_351,PART_OF,Affiliated with,C_000248,C_000248,,,,-,,,FALSE,FALSE
EDCT_352,PART_OF,Affiliated with,C_000248,C_000248,,,,-,,,FALSE,FALSE
EDCT_365,PART_OF,Affiliated with,C_000248,C_000248,,,,-,,,FALSE,FALSE
EDCT_380,PART_OF,Affiliated with,C_000248,C_000248,,,,-,,,FALSE,FALSE
EDCT_389,PART_OF,Affiliated with,C_000248,C_000248,,,,-,,,FALSE,FALSE
EDCT_400,PART_OF,Affiliated with,C_000248,C_000248,,,,-,,,FALSE,FALSE
EDCT_412,PART_OF,Affiliated with,C_000248,C_000248,,,,-,,,FALSE,FALSE
EDCT_413,PART_OF,Affiliated with,C_000248,C_000248,,,,-,,,FALSE,FALSE
EDCT_423,PART_OF,Affiliated with,C_000248,C_000248,,,,-,,,FALSE,FALSE
EDCT_434,PART_OF,Affiliated with,C_000248,C_000248,,,,-,,,FALSE,FALSE
EDCT_478,PART_OF,Affiliated with,C_000248,C_000248,,,,-,,,FALSE,FALSE
EDCT_532,PART_OF,Affiliated with,C_000248,C_000248,,,,-,,,FALSE,FALSE
EDCT_580,PART_OF,Affiliated with,C_000248,C_000248,,,,-,,,FALSE,FALSE
EDCT_878,PART_OF,Affiliated with,C_000248,C_000248,,,,-,,,FALSE,FALSE
EDCT_394,PART_OF,Affiliated with,C_000115,C_000115,,,,-,,,FALSE,FALSE
EDCT_911,PART_OF,Affiliated with,C_000115,C_000115,,,,-,,,FALSE,FALSE
EDCT_112,PART_OF,Affiliated with,C_000258,C_000258,,,,-,,,FALSE,FALSE
EDCT_104,PART_OF,Affiliated with,C_000257,C_000257,,,,-,,,FALSE,FALSE
EDCT_026,PART_OF,Affiliated with,C_000171,C_000171,,,,-,,,FALSE,FALSE
EDCT_094,PART_OF,Affiliated with,C_000171,C_000171,,,,-,,,FALSE,FALSE
EDCT_099,PART_OF,Affiliated with,C_000171,C_000171,,,,-,,,FALSE,FALSE
EDCT_122,PART_OF,Affiliated with,C_000171,C_000171,,,,-,,,FALSE,FALSE
EDCT_207,PART_OF,Affiliated with,C_000171,C_000171,,,,-,,,FALSE,FALSE
EDCT_249,PART_OF,Affiliated with,C_000171,C_000171,,,,-,,,FALSE,FALSE
EDCT_250,PART_OF,Affiliated with,C_000171,C_000171,,,,-,,,FALSE,FALSE
EDCT_302,PART_OF,Affiliated with,C_000171,C_000171,,,,-,,,FALSE,FALSE
EDCT_307,PART_OF,Affiliated with,C_000171,C_000171,,,,-,,,FALSE,FALSE
EDCT_313,PART_OF,Affiliated with,C_000171,C_000171,,,,-,,,FALSE,FALSE
EDCT_153,PART_OF,Affiliated with,C_000225,C_000225,,,,-,,,FALSE,FALSE
EDCT_599,PART_OF,Affiliated with,C_000402,C_000402,,,,-,,,FALSE,FALSE
EDCT_765,PART_OF,Affiliated with,C_000402,C_000402,,,,-,,,FALSE,FALSE
EDCT_048,PART_OF,Affiliated with,C_000170,C_000170,,,,-,,,FALSE,FALSE
EDCT_073,PART_OF,Affiliated with,C_000170,C_000170,,,,-,,,FALSE,FALSE
EDCT_080,PART_OF,Affiliated with,C_000170,C_000170,,,,-,,,FALSE,FALSE
EDCT_089,PART_OF,Affiliated with,C_000170,C_000170,,,,-,,,FALSE,FALSE
EDCT_093,PART_OF,Affiliated with,C_000170,C_000170,,,,-,,,FALSE,FALSE
EDCT_128,PART_OF,Affiliated with,C_000170,C_000170,,,,-,,,FALSE,FALSE
EDCT_145,PART_OF,Affiliated with,C_000170,C_000170,,,,-,,,FALSE,FALSE
EDCT_147,PART_OF,Affiliated with,C_000170,C_000170,,,,-,,,FALSE,FALSE
EDCT_192,PART_OF,Affiliated with,C_000170,C_000170,,,,-,,,FALSE,FALSE
EDCT_218,PART_OF,Affiliated with,C_000170,C_000170,,,,-,,,FALSE,FALSE
EDCT_226,PART_OF,Affiliated with,C_000170,C_000170,,,,-,,,FALSE,FALSE
EDCT_229,PART_OF,Affiliated with,C_000170,C_000170,,,,-,,,FALSE,FALSE
EDCT_230,PART_OF,Affiliated with,C_000170,C_000170,,,,-,,,FALSE,FALSE
EDCT_261,PART_OF,Affiliated with,C_000170,C_000170,,,,-,,,FALSE,FALSE
EDCT_270,PART_OF,Affiliated with,C_000170,C_000170,,,,-,,,FALSE,FALSE
EDCT_288,PART_OF,Affiliated with,C_000170,C_000170,,,,-,,,FALSE,FALSE
EDCT_290,PART_OF,Affiliated with,C_000170,C_000170,,,,-,,,FALSE,FALSE
EDCT_311,PART_OF,Affiliated with,C_000170,C_000170,,,,-,,,FALSE,FALSE
EDCT_372,PART_OF,Affiliated with,C_000170,C_000170,,,,-,,,FALSE,FALSE
EDCT_382,PART_OF,Affiliated with,C_000170,C_000170,,,,-,,,FALSE,FALSE
EDCT_388,PART_OF,Affiliated with,C_000170,C_000170,,,,-,,,FALSE,FALSE
EDCT_398,PART_OF,Affiliated with,C_000170,C_000170,,,,-,,,FALSE,FALSE
EDCT_409,PART_OF,Affiliated with,C_000170,C_000170,,,,-,,,FALSE,FALSE
EDCT_411,PART_OF,Affiliated with,C_000170,C_000170,,,,-,,,FALSE,FALSE
EDCT_436,PART_OF,Affiliated with,C_000170,C_000170,,,,-,,,FALSE,FALSE
EDCT_569,PART_OF,Affiliated with,C_000170,C_000170,,,,-,,,FALSE,FALSE
EDCT_618,PART_OF,Affiliated with,C_000170,C_000170,,,,-,,,FALSE,FALSE
EDCT_626,PART_OF,Affiliated with,C_000170,C_000170,,,,-,,,FALSE,FALSE
EDCT_739,PART_OF,Affiliated with,C_000170,C_000170,,,,-,,,FALSE,FALSE
EDCT_059,PART_OF,Affiliated with,C_000284,C_000284,,,,-,,,FALSE,FALSE
EDCT_276,PART_OF,Affiliated with,C_000221,C_000221,,,,-,,,FALSE,FALSE
EDCT_426,PART_OF,Affiliated with,C_000221,C_000221,,,,-,,,FALSE,FALSE
EDCT_031,PART_OF,Affiliated with,C_000219,C_000219,,,,-,,,FALSE,FALSE
EDCT_060,PART_OF,Affiliated with,C_000219,C_000219,,,,-,,,FALSE,FALSE
EDCT_085,PART_OF,Affiliated with,C_000219,C_000219,,,,-,,,FALSE,FALSE
EDCT_120,PART_OF,Affiliated with,C_000219,C_000219,,,,-,,,FALSE,FALSE
EDCT_161,PART_OF,Affiliated with,C_000219,C_000219,,,,-,,,FALSE,FALSE
EDCT_165,PART_OF,Affiliated with,C_000219,C_000219,,,,-,,,FALSE,FALSE
EDCT_180,PART_OF,Affiliated with,C_000219,C_000219,,,,-,,,FALSE,FALSE
EDCT_204,PART_OF,Affiliated with,C_000219,C_000219,,,,-,,,FALSE,FALSE
EDCT_262,PART_OF,Affiliated with,C_000219,C_000219,,,,-,,,FALSE,FALSE
EDCT_264,PART_OF,Affiliated with,C_000219,C_000219,,,,-,,,FALSE,FALSE
EDCT_266,PART_OF,Affiliated with,C_000219,C_000219,,,,-,,,FALSE,FALSE
EDCT_304,PART_OF,Affiliated with,C_000219,C_000219,,,,-,,,FALSE,FALSE
EDCT_305,PART_OF,Affiliated with,C_000219,C_000219,,,,-,,,FALSE,FALSE
EDCT_324,PART_OF,Affiliated with,C_000219,C_000219,,,,-,,,FALSE,FALSE
EDCT_331,PART_OF,Affiliated with,C_000219,C_000219,,,,-,,,FALSE,FALSE
EDCT_403,PART_OF,Affiliated with,C_000219,C_000219,,,,-,,,FALSE,FALSE
EDCT_414,PART_OF,Affiliated with,C_000219,C_000219,,,,-,,,FALSE,FALSE
EDCT_415,PART_OF,Affiliated with,C_000219,C_000219,,,,-,,,FALSE,FALSE
EDCT_194,PART_OF,Affiliated with,C_000274,C_000274,,,,-,,,FALSE,FALSE
EDCT_353,PART_OF,Affiliated with,C_000274,C_000274,,,,-,,,FALSE,FALSE
EDCT_332,PART_OF,Affiliated with,C_000051,C_000051,,,,-,,,FALSE,FALSE
EDCT_333,PART_OF,Affiliated with,C_000051,C_000051,,,,-,,,FALSE,FALSE
EDCT_390,PART_OF,Affiliated with,C_000051,C_000051,,,,-,,,FALSE,FALSE
EDCT_424,PART_OF,Affiliated with,C_000051,C_000051,,,,-,,,FALSE,FALSE
EDCT_487,PART_OF,Affiliated with,C_000051,C_000051,,,,-,,,FALSE,FALSE
EDCT_607,PART_OF,Affiliated with,C_000051,C_000051,,,,-,,,FALSE,FALSE
EDCT_012,PART_OF,Affiliated with,C_000080,C_000080,,,,-,,,FALSE,FALSE
EDCT_105,PART_OF,Affiliated with,C_000163,C_000163,,,,-,,,FALSE,FALSE
EDCT_329,PART_OF,Affiliated with,C_000016,C_000016,,,,-,,,FALSE,FALSE
EDCT_360,PART_OF,Affiliated with,C_000104,C_000104,,,,-,,,FALSE,FALSE
EDCT_349,PART_OF,Affiliated with,C_000271,C_000271,,,,-,,,FALSE,FALSE
EDCT_625,PART_OF,Affiliated with,C_000271,C_000271,,,,-,,,FALSE,FALSE
EDCT_933,PART_OF,Affiliated with,C_000271,C_000271,,,,-,,,FALSE,FALSE
EDCT_025,PART_OF,Affiliated with,C_000019,C_000019,,,,-,,,FALSE,FALSE
EDCT_051,PART_OF,Affiliated with,C_000019,C_000019,,,,-,,,FALSE,FALSE
EDCT_111,PART_OF,Affiliated with,C_000019,C_000019,,,,-,,,FALSE,FALSE
EDCT_132,PART_OF,Affiliated with,C_000019,C_000019,,,,-,,,FALSE,FALSE
EDCT_146,PART_OF,Affiliated with,C_000019,C_000019,,,,-,,,FALSE,FALSE
EDCT_200,PART_OF,Affiliated with,C_000019,C_000019,,,,-,,,FALSE,FALSE
EDCT_217,PART_OF,Affiliated with,C_000019,C_000019,,,,-,,,FALSE,FALSE
EDCT_258,PART_OF,Affiliated with,C_000019,C_000019,,,,-,,,FALSE,FALSE
EDCT_265,PART_OF,Affiliated with,C_000019,C_000019,,,,-,,,FALSE,FALSE
EDCT_277,PART_OF,Affiliated with,C_000019,C_000019,,,,-,,,FALSE,FALSE
EDCT_286,PART_OF,Affiliated with,C_000019,C_000019,,,,-,,,FALSE,FALSE
EDCT_287,PART_OF,Affiliated with,C_000019,C_000019,,,,-,,,FALSE,FALSE
EDCT_293,PART_OF,Affiliated with,C_000019,C_000019,,,,-,,,FALSE,FALSE
EDCT_294,PART_OF,Affiliated with,C_000019,C_000019,,,,-,,,FALSE,FALSE
EDCT_295,PART_OF,Affiliated with,C_000019,C_000019,,,,-,,,FALSE,FALSE
EDCT_296,PART_OF,Affiliated with,C_000019,C_000019,,,,-,,,FALSE,FALSE
EDCT_301,PART_OF,Affiliated with,C_000019,C_000019,,,,-,,,FALSE,FALSE
EDCT_306,PART_OF,Affiliated with,C_000019,C_000019,,,,-,,,FALSE,FALSE
EDCT_312,PART_OF,Affiliated with,C_000019,C_000019,,,,-,,,FALSE,FALSE
EDCT_316,PART_OF,Affiliated with,C_000019,C_000019,,,,-,,,FALSE,FALSE
EDCT_350,PART_OF,Affiliated with,C_000019,C_000019,,,,-,,,FALSE,FALSE
EDCT_362,PART_OF,Affiliated with,C_000019,C_000019,,,,-,,,FALSE,FALSE
EDCT_376,PART_OF,Affiliated with,C_000019,C_000019,,,,-,,,FALSE,FALSE
EDCT_378,PART_OF,Affiliated with,C_000019,C_000019,,,,-,,,FALSE,FALSE
EDCT_379,PART_OF,Affiliated with,C_000019,C_000019,,,,-,,,FALSE,FALSE
EDCT_386,PART_OF,Affiliated with,C_000019,C_000019,,,,-,,,FALSE,FALSE
EDCT_387,PART_OF,Affiliated with,C_000019,C_000019,,,,-,,,FALSE,FALSE
EDCT_396,PART_OF,Affiliated with,C_000019,C_000019,,,,-,,,FALSE,FALSE
EDCT_397,PART_OF,Affiliated with,C_000019,C_000019,,,,-,,,FALSE,FALSE
EDCT_405,PART_OF,Affiliated with,C_000019,C_000019,,,,-,,,FALSE,FALSE
EDCT_410,PART_OF,Affiliated with,C_000019,C_000019,,,,-,,,FALSE,FALSE
EDCT_417,PART_OF,Affiliated with,C_000019,C_000019,,,,-,,,FALSE,FALSE
EDCT_418,PART_OF,Affiliated with,C_000019,C_000019,,,,-,,,FALSE,FALSE
EDCT_425,PART_OF,Affiliated with,C_000019,C_000019,,,,-,,,FALSE,FALSE
EDCT_437,PART_OF,Affiliated with,C_000019,C_000019,,,,-,,,FALSE,FALSE
EDCT_575,PART_OF,Affiliated with,C_000019,C_000019,,,,-,,,FALSE,FALSE
EDCT_926,PART_OF,Affiliated with,C_000019,C_000019,,,,-,,,FALSE,FALSE
EDCT_024,PART_OF,Affiliated with,C_000020,C_000020,,,,-,,,FALSE,FALSE
EDCT_244,PART_OF,Affiliated with,C_000020,C_000020,,,,-,,,FALSE,FALSE
EDCT_274,PART_OF,Affiliated with,C_000020,C_000020,,,,-,,,FALSE,FALSE
EDCT_404,PART_OF,Affiliated with,C_000020,C_000020,,,,-,,,FALSE,FALSE
EDCT_606,PART_OF,Affiliated with,C_000020,C_000020,,,,-,,,FALSE,FALSE
EDCT_621,PART_OF,Affiliated with,C_000020,C_000020,,,,-,,,FALSE,FALSE
EDCT_327,PART_OF,Affiliated with,C_000215,C_000215,,,,-,,,FALSE,FALSE
EDCT_364,PART_OF,Affiliated with,C_000215,C_000215,,,,-,,,FALSE,FALSE
EDCT_367,PART_OF,Affiliated with,C_000215,C_000215,,,,-,,,FALSE,FALSE
EDCT_574,PART_OF,Affiliated with,C_000215,C_000215,,,,-,,,FALSE,FALSE
EDCT_698,PART_OF,Affiliated with,C_000215,C_000215,,,,-,,,FALSE,FALSE
EDCT_282,PART_OF,Affiliated with,C_000272,C_000272,,,,-,,,FALSE,FALSE
EDCT_298,PART_OF,Affiliated with,C_000272,C_000272,,,,-,,,FALSE,FALSE
EDCT_299,PART_OF,Affiliated with,C_000272,C_000272,,,,-,,,FALSE,FALSE
EDCT_300,PART_OF,Affiliated with,C_000272,C_000272,,,,-,,,FALSE,FALSE
EDCT_571,PART_OF,Affiliated with,C_000272,C_000272,,,,-,,,FALSE,FALSE
EDCT_115,PART_OF,Affiliated with,C_000008,C_000008,,,,-,,,FALSE,FALSE
EDCT_427,PART_OF,Affiliated with,C_000182,C_000182,,,,-,,,FALSE,FALSE
CRT_152,PART_OF,Educational Institution of,CSCE_901,,,,1933,-1933,,,FALSE,FALSE
CRT_153,PART_OF,Educational Institution of,CSCE_901,,,,1933,-1933,,,FALSE,FALSE
CRT_154,PART_OF,Educational Institution of,CSCE_901,,,,1933,-1933,,,FALSE,FALSE
CRT_155,PART_OF,Educational Institution of,CSCE_901,,,,1933,-1933,1947,,FALSE,FALSE
CRT_156,PART_OF,Educational Institution of,CSCE_902,,,,1942,-1942,1949,,FALSE,FALSE
CRT_159,PART_OF,Educational Institution of,CSCE_902,,,,1949,-1949,,,FALSE,FALSE
CRT_157,PART_OF,Educational Institution of,CSCE_902,,,,1933,-1933,1949,,FALSE,FALSE
CRT_158,PART_OF,Educational Institution of,CSCE_902,,,,1934,-1934,1949,,FALSE,FALSE
CRT_001,PART_OF,Educational Institution of,CSCE_903,,,,1934,-1934,1949,,FALSE,FALSE
CRT_002,PART_OF,Educational Institution of,CSCE_903,,,,1933,-1933,,,FALSE,FALSE
CRT_003,PART_OF,Educational Institution of,CSCE_903,,,,1933,-1933,,,FALSE,FALSE
CRT_004,PART_OF,Educational Institution of,CSCE_903,,,,1933,-1933,,,FALSE,FALSE
CRT_160,PART_OF,Educational Institution of,CSCE_904,,,,1933,-1933,1947,,FALSE,FALSE
CRT_263,PART_OF,Educational Institution of,CSCE_905,,,,1933,-1933,1949,,FALSE,FALSE
CRT_265,PART_OF,Educational Institution of,CSCE_905,,,,1933,-1933,1947,,FALSE,FALSE
CRT_161,PART_OF,Educational Institution of,CSCE_905,,,,1933,-1933,1949,,FALSE,FALSE
CRT_162,PART_OF,Educational Institution of,CSCE_906,,,,1934,-1934,1947,,FALSE,FALSE
CRT_163,PART_OF,Educational Institution of,CSCE_907,,,,1949,-1949,,,FALSE,FALSE
CRT_165,PART_OF,Educational Institution of,CSCE_907,,,,1933,-1933,1949,,FALSE,FALSE
CRT_164,PART_OF,Educational Institution of,CSCE_907,,,,1933,-1933,1949,,FALSE,FALSE
CRT_168,PART_OF,Educational Institution of,CSCE_907,,,,1933,-1933,1949,,FALSE,FALSE
CRT_170,PART_OF,Educational Institution of,CSCE_907,,,,1934,-1934,1949,,FALSE,FALSE
CRT_166,PART_OF,Educational Institution of,CSCE_907,,,,1933,-1933,1949,,FALSE,FALSE
CRT_167,PART_OF,Educational Institution of,CSCE_907,,,,1933,-1933,1949,,FALSE,FALSE
CRT_169,PART_OF,Educational Institution of,CSCE_907,,,,1934,-1934,1949,,FALSE,FALSE
CRT_171,PART_OF,Educational Institution of,CSCE_907,,,,1933,-1933,1949,,FALSE,FALSE
CRT_172,PART_OF,Educational Institution of,CSCE_908,,,,1933,-1933,1949,,FALSE,FALSE
CRT_174,PART_OF,Educational Institution of,CSCE_908,,,,1936,-1936,1949,,FALSE,FALSE
CRT_182,PART_OF,Educational Institution of,CSCE_908,,,,1935,-1935,1947,,FALSE,FALSE
CRT_173,PART_OF,Educational Institution of,CSCE_908,,,,1933,-1933,1949,,FALSE,FALSE
CRT_175,PART_OF,Educational Institution of,CSCE_908,,,,1933,-1933,1949,,FALSE,FALSE
CRT_183,PART_OF,Educational Institution of,CSCE_908,,,,1935,-1935,1947,,FALSE,FALSE
CRT_176,PART_OF,Educational Institution of,CSCE_908,,,,1933,-1933,1949,,FALSE,FALSE
CRT_177,PART_OF,Educational Institution of,CSCE_908,,,,1933,-1933,1935,,FALSE,FALSE
CRT_178,PART_OF,Educational Institution of,CSCE_908,,,,1933,-1933,1935,,FALSE,FALSE
CRT_179,PART_OF,Educational Institution of,CSCE_908,,,,1933,-1933,1934,,FALSE,FALSE
CRT_180,PART_OF,Educational Institution of,CSCE_908,,,,1933,-1933,1947,,FALSE,FALSE
CRT_181,PART_OF,Educational Institution of,CSCE_908,,,,1933,-1933,1947,,FALSE,FALSE
CRT_184,PART_OF,Educational Institution of,CSCE_908,,,,1933,-1933,,,FALSE,FALSE
CRT_185,PART_OF,Educational Institution of,CSCE_908,,,,1933,-1933,1935,,FALSE,FALSE
CRT_186,PART_OF,Educational Institution of,CSCE_908,,,,1933,-1933,1935,,FALSE,FALSE
CRT_187,PART_OF,Educational Institution of,CSCE_909,,,,1939,-1939,1947,,FALSE,FALSE
CRT_188,PART_OF,Educational Institution of,CSCE_909,,,,1934,-1934,1949,,FALSE,FALSE
CRT_189,PART_OF,Educational Institution of,CSCE_909,,,,1933,-1933,,,FALSE,FALSE
CRT_190,PART_OF,Educational Institution of,CSCE_909,,,,1933,-1933,,,FALSE,FALSE
CRT_191,PART_OF,Educational Institution of,CSCE_909,,,,1935,-1935,1949,,FALSE,FALSE
CRT_206,PART_OF,Educational Institution of,CSCE_910,,,,1933,-1933,1947,,FALSE,FALSE
CRT_193,PART_OF,Educational Institution of,CSCE_910,,,,1935,-1935,,,FALSE,FALSE
CRT_197,PART_OF,Educational Institution of,CSCE_910,,,,1933,-1933,1935,,FALSE,FALSE
CRT_195,PART_OF,Educational Institution of,CSCE_910,,,,1933,-1933,1947,,FALSE,FALSE
CRT_192,PART_OF,Educational Institution of,CSCE_910,,,,1933,-1933,1935,,FALSE,FALSE
CRT_194,PART_OF,Educational Institution of,CSCE_910,,,,1933,-1933,1947,,FALSE,FALSE
CRT_196,PART_OF,Educational Institution of,CSCE_910,,,,1933,-1933,1935,,FALSE,FALSE
CRT_198,PART_OF,Educational Institution of,CSCE_910,,,,1933,-1933,1935,,FALSE,FALSE
CRT_199,PART_OF,Educational Institution of,CSCE_910,,,,1933,-1933,1935,,FALSE,FALSE
CRT_200,PART_OF,Educational Institution of,CSCE_910,,,,1933,-1933,1935,,FALSE,FALSE
CRT_201,PART_OF,Educational Institution of,CSCE_910,,,,1935,-1935,,,FALSE,FALSE
CRT_202,PART_OF,Educational Institution of,CSCE_910,,,,1933,-1933,1934,,FALSE,FALSE
CRT_203,PART_OF,Educational Institution of,CSCE_910,,,,1933,-1933,,,FALSE,FALSE
CRT_204,PART_OF,Educational Institution of,CSCE_910,,,,1933,-1933,1935,,FALSE,FALSE
CRT_205,PART_OF,Educational Institution of,CSCE_910,,,,1933,-1933,1934,,FALSE,FALSE
CRT_207,PART_OF,Educational Institution of,CSCE_910,,,,1936,-1936,1947,,FALSE,FALSE
CRT_208,PART_OF,Educational Institution of,CSCE_910,,,,1933,-1933,1935,,FALSE,FALSE
CRT_209,PART_OF,Educational Institution of,CSCE_910,,,,1933,-1933,1935,,FALSE,FALSE
CRT_210,PART_OF,Educational Institution of,CSCE_910,,,,1935,-1935,,,FALSE,FALSE
CRT_022,PART_OF,Educational Institution of,CSCE_911,,,,1933,-1933,1949,,FALSE,FALSE
CRT_020,PART_OF,Educational Institution of,CSCE_911,,,,1933,-1933,1947,,FALSE,FALSE
CRT_021,PART_OF,Educational Institution of,CSCE_911,,,,1933,-1933,1935,,FALSE,FALSE
CRT_023,PART_OF,Educational Institution of,CSCE_912,,,,1939,-1939,1949,,FALSE,FALSE
CRT_024,PART_OF,Educational Institution of,CSCE_913,,,,1934,-1934,1949,,FALSE,FALSE
CRT_211,PART_OF,Educational Institution of,CSCE_914,,,,1933,-1933,1947,,FALSE,FALSE
CRT_212,PART_OF,Educational Institution of,CSCE_915,,,,1935,-1935,1949,,FALSE,FALSE
CRT_093,PART_OF,Educational Institution of,CSCE_916,,,,1933,-1933,1949,,FALSE,FALSE
CRT_094,PART_OF,Educational Institution of,CSCE_916,,,,1933,-1933,1949,,FALSE,FALSE
CRT_098,PART_OF,Educational Institution of,CSCE_917,,,,1933,-1933,1949,,FALSE,FALSE
CRT_099,PART_OF,Educational Institution of,CSCE_917,,,,1933,-1933,1949,,FALSE,FALSE
CRT_100,PART_OF,Educational Institution of,CSCE_917,,,,1933,-1933,1947,,FALSE,FALSE
CRT_101,PART_OF,Educational Institution of,CSCE_917,,,,1933,-1933,1934,,FALSE,FALSE
CRT_122,PART_OF,Educational Institution of,CSCE_918,,,,1933,-1933,1934,,FALSE,FALSE
CRT_123,PART_OF,Educational Institution of,CSCE_918,,,,1933,-1933,,,FALSE,FALSE
CRT_124,PART_OF,Educational Institution of,CSCE_919,,,,1942,-1942,1949,,FALSE,FALSE
CRT_125,PART_OF,Educational Institution of,CSCE_919,,,,1934,-1934,1949,,FALSE,FALSE
CRT_126,PART_OF,Educational Institution of,CSCE_919,,,,1933,-1933,,,FALSE,FALSE
CRT_127,PART_OF,Educational Institution of,CSCE_919,,,,1933,-1933,,,FALSE,FALSE
CRT_213,PART_OF,Educational Institution of,CSCE_920,,,,1934,-1934,1947,,FALSE,FALSE
CRT_214,PART_OF,Educational Institution of,CSCE_920,,,,1936,-1936,1949,,FALSE,FALSE
CRT_215,PART_OF,Educational Institution of,CSCE_920,,,,1933,-1933,1947,,FALSE,FALSE
CRT_216,PART_OF,Educational Institution of,CSCE_920,,,,1933,-1933,1935,,FALSE,FALSE
CRT_217,PART_OF,Educational Institution of,CSCE_921,,,,1933,-1933,1949,,FALSE,FALSE
CRT_218,PART_OF,Educational Institution of,CSCE_922,,,,1933,-1933,1947,,FALSE,FALSE
CRT_219,PART_OF,Educational Institution of,CSCE_923,,,,1936,-1936,1949,,FALSE,FALSE
CRT_129,PART_OF,Educational Institution of,CSCE_924,,,,1933,-1933,1947,,FALSE,FALSE
CRT_128,PART_OF,Educational Institution of,CSCE_924,,,,1933,-1933,1949,,FALSE,FALSE
CRT_130,PART_OF,Educational Institution of,CSCE_924,,,,1933,-1933,1935,,FALSE,FALSE
CRT_131,PART_OF,Educational Institution of,CSCE_924,,,,1935,-1935,1947,,FALSE,FALSE
CRT_132,PART_OF,Educational Institution of,CSCE_924,,,,1933,-1933,1934,,FALSE,FALSE
CRT_009,PART_OF,Educational Institution of,CSCE_925,,,,1934,-1934,1949,,FALSE,FALSE
CRT_011,PART_OF,Educational Institution of,CSCE_925,,,,1933,-1933,1935,,FALSE,FALSE
CRT_012,PART_OF,Educational Institution of,CSCE_925,,,,1933,-1933,1935,,FALSE,FALSE
CRT_008,PART_OF,Educational Institution of,CSCE_925,,,,1933,-1933,1949,,FALSE,FALSE
CRT_010,PART_OF,Educational Institution of,CSCE_925,,,,1933,-1933,1935,,FALSE,FALSE
CRT_013,PART_OF,Educational Institution of,CSCE_925,,,,1933,-1933,,,FALSE,FALSE
CRT_220,PART_OF,Educational Institution of,CSCE_926,,,,1933,-1933,1949,,FALSE,FALSE
CRT_221,PART_OF,Educational Institution of,CSCE_927,,,,1933,-1933,1949,,FALSE,FALSE
CRT_230,PART_OF,Educational Institution of,CSCE_928,,,,1935,-1935,1947,,FALSE,FALSE
CRT_222,PART_OF,Educational Institution of,CSCE_928,,,,1933,-1933,1949,,FALSE,FALSE
CRT_223,PART_OF,Educational Institution of,CSCE_928,,,,1933,-1933,1949,,FALSE,FALSE
CRT_224,PART_OF,Educational Institution of,CSCE_928,,,,1942,-1942,1949,,FALSE,FALSE
CRT_225,PART_OF,Educational Institution of,CSCE_928,,,,1933,-1933,1949,,FALSE,FALSE
CRT_226,PART_OF,Educational Institution of,CSCE_928,,,,1937,-1937,,,FALSE,FALSE
CRT_227,PART_OF,Educational Institution of,CSCE_928,,,,1933,-1933,1935,,FALSE,FALSE
CRT_228,PART_OF,Educational Institution of,CSCE_928,,,,1936,-1936,1949,,FALSE,FALSE
CRT_229,PART_OF,Educational Institution of,CSCE_928,,,,1936,-1936,1947,,FALSE,FALSE
CRT_231,PART_OF,Educational Institution of,CSCE_929,,,,1933,-1933,1949,,FALSE,FALSE
CRT_232,PART_OF,Educational Institution of,CSCE_929,,,,1933,-1933,1949,,FALSE,FALSE
CRT_233,PART_OF,Educational Institution of,CSCE_929,,,,1933,-1933,1949,,FALSE,FALSE
CRT_234,PART_OF,Educational Institution of,CSCE_929,,,,1933,-1933,1949,,FALSE,FALSE
CRT_146,PART_OF,Educational Institution of,CSCE_930,,,,1933,-1933,1949,,FALSE,FALSE
CRT_145,PART_OF,Educational Institution of,CSCE_930,,,,1933,-1933,1949,,FALSE,FALSE
CRT_147,PART_OF,Educational Institution of,CSCE_930,,,,1937,-1937,1949,,FALSE,FALSE
CRT_148,PART_OF,Educational Institution of,CSCE_930,,,,1942,-1942,1949,,FALSE,FALSE
CRT_235,PART_OF,Educational Institution of,CSCE_931,,,,1933,-1933,1949,,FALSE,FALSE
CRT_236,PART_OF,Educational Institution of,CSCE_932,,,,1933,-1933,,,FALSE,FALSE
CRT_237,PART_OF,Educational Institution of,CSCE_933,,,,1935,-1935,1949,,FALSE,FALSE
CRT_239,PART_OF,Educational Institution of,CSCE_934,,,,1933,-1933,1949,,FALSE,FALSE
CRT_238,PART_OF,Educational Institution of,CSCE_934,,,,1933,-1933,1949,,FALSE,FALSE
CRT_240,PART_OF,Educational Institution of,CSCE_935,,,,1939,-1939,1947,,FALSE,FALSE
CRT_241,PART_OF,Educational Institution of,CSCE_936,,,,1933,-1933,1935,,FALSE,FALSE
CRT_242,PART_OF,Educational Institution of,CSCE_937,,,,1933,-1933,1935,,FALSE,FALSE
CRT_072,PART_OF,Educational Institution of,CSCE_938,,,,1933,-1933,1947,,FALSE,FALSE
CRT_065,PART_OF,Educational Institution of,CSCE_938,,,,1933,-1933,1949,,FALSE,FALSE
CRT_078,PART_OF,Educational Institution of,CSCE_938,,,,1934,-1934,1947,,FALSE,FALSE
CRT_066,PART_OF,Educational Institution of,CSCE_938,,,,1934,-1934,1949,,FALSE,FALSE
CRT_067,PART_OF,Educational Institution of,CSCE_938,,,,1935,-1935,1949,,FALSE,FALSE
CRT_079,PART_OF,Educational Institution of,CSCE_938,,,,1933,-1933,1937,,FALSE,FALSE
CRT_080,PART_OF,Educational Institution of,CSCE_938,,,,1933,-1933,1937,,FALSE,FALSE
CRT_081,PART_OF,Educational Institution of,CSCE_938,,,,1933,-1933,,,FALSE,FALSE
CRT_082,PART_OF,Educational Institution of,CSCE_938,,,,1933,-1933,,,FALSE,FALSE
CRT_089,PART_OF,Educational Institution of,CSCE_938,,,,1933,-1933,1949,,FALSE,FALSE
CRT_064,PART_OF,Educational Institution of,CSCE_938,,,,1933,-1933,1949,,FALSE,FALSE
CRT_074,PART_OF,Educational Institution of,CSCE_938,,,,1933,-1933,1947,,FALSE,FALSE
CRT_075,PART_OF,Educational Institution of,CSCE_938,,,,1936,-1936,1947,,FALSE,FALSE
CRT_085,PART_OF,Educational Institution of,CSCE_938,,,,1933,-1933,1949,,FALSE,FALSE
CRT_084,PART_OF,Educational Institution of,CSCE_938,,,,1933,-1933,1949,,FALSE,FALSE
CRT_086,PART_OF,Educational Institution of,CSCE_938,,,,1933,-1933,1949,,FALSE,FALSE
CRT_077,PART_OF,Educational Institution of,CSCE_938,,,,1935,-1935,1947,,FALSE,FALSE
CRT_069,PART_OF,Educational Institution of,CSCE_938,,,,1933,-1933,1949,,FALSE,FALSE
CRT_068,PART_OF,Educational Institution of,CSCE_938,,,,1933,-1933,1949,,FALSE,FALSE
CRT_073,PART_OF,Educational Institution of,CSCE_938,,,,1933,-1933,1947,,FALSE,FALSE
CRT_070,PART_OF,Educational Institution of,CSCE_938,,,,1933,-1933,1949,,FALSE,FALSE
CRT_071,PART_OF,Educational Institution of,CSCE_938,,,,1933,-1933,1949,,FALSE,FALSE
CRT_076,PART_OF,Educational Institution of,CSCE_938,,,,1933,-1933,1947,,FALSE,FALSE
CRT_083,PART_OF,Educational Institution of,CSCE_938,,,,1933,-1933,,,FALSE,FALSE
CRT_087,PART_OF,Educational Institution of,CSCE_938,,,,1934,-1934,1949,,FALSE,FALSE
CRT_088,PART_OF,Educational Institution of,CSCE_938,,,,1933,-1933,1949,,FALSE,FALSE
CRT_090,PART_OF,Educational Institution of,CSCE_938,,,,1933,-1933,,,FALSE,FALSE
CRT_091,PART_OF,Educational Institution of,CSCE_938,,,,1933,-1933,,,FALSE,FALSE
CRT_092,PART_OF,Educational Institution of,CSCE_938,,,,1933,-1933,1949,,FALSE,FALSE
CRT_095,PART_OF,Educational Institution of,CSCE_939,,,,1939,-1939,1949,,FALSE,FALSE
CRT_243,PART_OF,Educational Institution of,CSCE_940,,,,1933,-1933,1947,,FALSE,FALSE
CRT_244,PART_OF,Educational Institution of,CSCE_940,,,,1935,-1935,1937,,FALSE,FALSE
CRT_133,PART_OF,Educational Institution of,CSCE_941,,,,1936,-1936,1949,,FALSE,FALSE
CRT_134,PART_OF,Educational Institution of,CSCE_941,,,,1947,-1947,1949,,FALSE,FALSE
CRT_135,PART_OF,Educational Institution of,CSCE_941,,,,1933,-1933,1937,,FALSE,FALSE
CRT_136,PART_OF,Educational Institution of,CSCE_941,,,,1933,-1933,1937,,FALSE,FALSE
CRT_137,PART_OF,Educational Institution of,CSCE_941,,,,1933,-1933,1934,,FALSE,FALSE
CRT_138,PART_OF,Educational Institution of,CSCE_941,,,,1933,-1933,,,FALSE,FALSE
CRT_139,PART_OF,Educational Institution of,CSCE_941,,,,1933,-1933,1949,,FALSE,FALSE
CRT_140,PART_OF,Educational Institution of,CSCE_941,,,,1933,-1933,1934,,FALSE,FALSE
CRT_247,PART_OF,Educational Institution of,CSCE_942,,,,1933,-1933,1949,,FALSE,FALSE
CRT_249,PART_OF,Educational Institution of,CSCE_942,,,,1933,-1933,1949,,FALSE,FALSE
CRT_251,PART_OF,Educational Institution of,CSCE_942,,,,1935,-1935,1947,,FALSE,FALSE
CRT_252,PART_OF,Educational Institution of,CSCE_942,,,,1933,-1933,1937,,FALSE,FALSE
CRT_253,PART_OF,Educational Institution of,CSCE_942,,,,1933,-1933,1934,,FALSE,FALSE
CRT_245,PART_OF,Educational Institution of,CSCE_942,,,,1935,-1935,1949,,FALSE,FALSE
CRT_246,PART_OF,Educational Institution of,CSCE_942,,,,1933,-1933,1949,,FALSE,FALSE
CRT_250,PART_OF,Educational Institution of,CSCE_942,,,,1933,-1933,1949,,FALSE,FALSE
CRT_248,PART_OF,Educational Institution of,CSCE_942,,,,1933,-1933,1949,,FALSE,FALSE
CRT_257,PART_OF,Educational Institution of,CSCE_942,,,,1938,-1938,1949,,FALSE,FALSE
CRT_254,PART_OF,Educational Institution of,CSCE_942,,,,1933,-1933,1949,,FALSE,FALSE
CRT_255,PART_OF,Educational Institution of,CSCE_942,,,,1933,-1933,1949,,FALSE,FALSE
CRT_256,PART_OF,Educational Institution of,CSCE_942,,,,1933,-1933,1949,,FALSE,FALSE
CRT_261,PART_OF,Educational Institution of,CSCE_943,,,,1933,-1933,1947,,FALSE,FALSE
CRT_258,PART_OF,Educational Institution of,CSCE_943,,,,1933,-1933,1949,,FALSE,FALSE
CRT_259,PART_OF,Educational Institution of,CSCE_943,,,,1942,-1942,1949,,FALSE,FALSE
CRT_260,PART_OF,Educational Institution of,CSCE_943,,,,1934,-1934,1937,,FALSE,FALSE
CRT_262,PART_OF,Educational Institution of,CSCE_943,,,,1933,-1933,1935,,FALSE,FALSE
CRT_149,PART_OF,Educational Institution of,CSCE_944,,,,1933,-1933,,,FALSE,FALSE
CRT_150,PART_OF,Educational Institution of,CSCE_944,,,,1933,-1933,,,FALSE,FALSE
CRT_151,PART_OF,Educational Institution of,CSCE_944,,,,1933,-1933,,,FALSE,FALSE
CRT_157,PART_OF,Educational Institution of,CSCE_945,,,,,-,,,FALSE,FALSE
CRT_027,PART_OF,Educational Institution of,CSCE_946,,,,,-,,,FALSE,FALSE
CRT_284,PART_OF,Educational Institution of,CSCE_946,,,,,-,,,FALSE,FALSE
CRT_373,PART_OF,Educational Institution of,CSCE_946,,,,,-,,,FALSE,FALSE
CRT_197,PART_OF,Educational Institution of,CSCE_947,,,,,-,,,FALSE,FALSE
CRT_317,PART_OF,Educational Institution of,CSCE_947,,,,,-,,,FALSE,FALSE
CRT_206,PART_OF,Educational Institution of,CSCE_948,,,,,-,,,FALSE,FALSE
CRT_354,PART_OF,Educational Institution of,CSCE_948,,,,,-,,,FALSE,FALSE
CRT_352,PART_OF,Educational Institution of,CSCE_948,,,,,-,,,FALSE,FALSE
CRT_202,PART_OF,Educational Institution of,CSCE_949,,,,,-,,,FALSE,FALSE
CRT_142,PART_OF,Educational Institution of,CSCE_950,,,,,-,,,FALSE,FALSE
CRT_233,PART_OF,Educational Institution of,CSCE_951,,,,,-,,,FALSE,FALSE
CRT_055,PART_OF,Educational Institution of,CSCE_951,,,,,-,,,FALSE,FALSE
CRT_056,PART_OF,Educational Institution of,CSCE_951,,,,,-,,,FALSE,FALSE
CRT_058,PART_OF,Educational Institution of,CSCE_951,,,,,-,,,FALSE,FALSE
CRT_063,PART_OF,Educational Institution of,CSCE_951,,,,,-,,,FALSE,FALSE
CRT_143,PART_OF,Educational Institution of,CSCE_952,,,,,-,,,FALSE,FALSE
CRT_128,PART_OF,Educational Institution of,CSCE_952,,,,,-,,,FALSE,FALSE
CRT_141,PART_OF,Educational Institution of,CSCE_952,,,,,-,,,FALSE,FALSE
CRT_039,PART_OF,Educational Institution of,CSCE_953,,,,,-,,,FALSE,FALSE
CRT_037,PART_OF,Educational Institution of,CSCE_953,,,,,-,,,FALSE,FALSE
CRT_049,PART_OF,Educational Institution of,CSCE_954,,,,,-,,,FALSE,FALSE
CRT_324,PART_OF,Educational Institution of,CSCE_955,,,,,-,,,FALSE,FALSE
CRT_325,PART_OF,Educational Institution of,CSCE_955,,,,,-,,,FALSE,FALSE
CRT_279,PART_OF,Educational Institution of,CSCE_956,,,,,-,,,FALSE,FALSE
CRT_334,PART_OF,Educational Institution of,CSCE_956,,,,,-,,,FALSE,FALSE
CRT_114,PART_OF,Educational Institution of,CSCE_957,,,,,-,,,FALSE,FALSE
CRT_119,PART_OF,Educational Institution of,CSCE_957,,,,,-,,,FALSE,FALSE
CRT_120,PART_OF,Educational Institution of,CSCE_957,,,,,-,,,FALSE,FALSE
CRT_221,PART_OF,Educational Institution of,CSCE_957,,,,,-,,,FALSE,FALSE
CRT_250,PART_OF,Educational Institution of,CSCE_957,,,,,-,,,FALSE,FALSE
CRT_075,PART_OF,Educational Institution of,CSCE_957,,,,,-,,,FALSE,FALSE
CRT_068,PART_OF,Educational Institution of,CSCE_957,,,,,-,,,FALSE,FALSE
CRT_073,PART_OF,Educational Institution of,CSCE_957,,,,,-,,,FALSE,FALSE
CRT_254,PART_OF,Educational Institution of,CSCE_957,,,,,-,,,FALSE,FALSE
CRT_255,PART_OF,Educational Institution of,CSCE_957,,,,,-,,,FALSE,FALSE
CRT_256,PART_OF,Educational Institution of,CSCE_957,,,,,-,,,FALSE,FALSE
CRT_340,PART_OF,Educational Institution of,CSCE_957,,,,,-,,,FALSE,FALSE
CRT_315,PART_OF,Educational Institution of,CSCE_958,,,,,-,,,FALSE,FALSE
CRT_337,PART_OF,Educational Institution of,CSCE_958,,,,,-,,,FALSE,FALSE
CRT_050,PART_OF,Educational Institution of,CSCE_959,,,,,-,,,FALSE,FALSE
CRT_335,PART_OF,Educational Institution of,CSCE_959,,,,,-,,,FALSE,FALSE
CRT_351,PART_OF,Educational Institution of,CSCE_960,,,,,-,,,FALSE,FALSE
CRT_243,PART_OF,Educational Institution of,CSCE_961,,,,,-,,,FALSE,FALSE
CRT_366,PART_OF,Educational Institution of,CSCE_961,,,,,-,,,FALSE,FALSE
CRT_172,PART_OF,Educational Institution of,CSCE_962,,,,,-,,,FALSE,FALSE
CRT_144,PART_OF,Educational Institution of,CSCE_963,,,,,-,,,FALSE,FALSE
CRT_130,PART_OF,Educational Institution of,CSCE_963,,,,,-,,,FALSE,FALSE
CRT_054,PART_OF,Educational Institution of,CSCE_964,,,,,-,,,FALSE,FALSE
CRT_147,PART_OF,Educational Institution of,CSCE_965,,,,,-,,,FALSE,FALSE
CRT_310,PART_OF,Educational Institution of,CSCE_965,,,,,-,,,FALSE,FALSE
CRT_064,PART_OF,Educational Institution of,CSCE_966,,,,,-,,,FALSE,FALSE
CRT_245,PART_OF,Educational Institution of,CSCE_966,,,,,-,,,FALSE,FALSE
CRT_246,PART_OF,Educational Institution of,CSCE_966,,,,,-,,,FALSE,FALSE
CRT_306,PART_OF,Educational Institution of,CSCE_966,,,,,-,,,FALSE,FALSE
CRT_293,PART_OF,Educational Institution of,CSCE_967,,,,,-,,,FALSE,FALSE
CRT_102,PART_OF,Educational Institution of,CSCE_967,,,,,-,,,FALSE,FALSE
CRT_175,PART_OF,Educational Institution of,CSCE_967,,,,,-,,,FALSE,FALSE
CRT_145,PART_OF,Educational Institution of,CSCE_967,,,,,-,,,FALSE,FALSE
CRT_294,PART_OF,Educational Institution of,CSCE_967,,,,,-,,,FALSE,FALSE
CRT_265,PART_OF,Educational Institution of,CSCE_968,,,,,-,,,FALSE,FALSE
CRT_195,PART_OF,Educational Institution of,CSCE_968,,,,,-,,,FALSE,FALSE
CRT_263,PART_OF,Educational Institution of,CSCE_969,,,,,-,,,FALSE,FALSE
CRT_274,PART_OF,Educational Institution of,CSCE_969,,,,,-,,,FALSE,FALSE
CRT_275,PART_OF,Educational Institution of,CSCE_969,,,,,-,,,FALSE,FALSE
CRT_318,PART_OF,Educational Institution of,CSCE_969,,,,,-,,,FALSE,FALSE
CRT_355,PART_OF,Educational Institution of,CSCE_969,,,,,-,,,FALSE,FALSE
CRT_205,PART_OF,Educational Institution of,CSCE_970,,,,,-,,,FALSE,FALSE
CRT_204,PART_OF,Educational Institution of,CSCE_971,,,,,-,,,FALSE,FALSE
CRT_302,PART_OF,Educational Institution of,CSCE_972,,,,,-,,,FALSE,FALSE
CRT_085,PART_OF,Educational Institution of,CSCE_972,,,,,-,,,FALSE,FALSE
CRT_301,PART_OF,Educational Institution of,CSCE_972,,,,,-,,,FALSE,FALSE
CRT_304,PART_OF,Educational Institution of,CSCE_972,,,,,-,,,FALSE,FALSE
CRT_308,PART_OF,Educational Institution of,CSCE_972,,,,,-,,,FALSE,FALSE
CRT_309,PART_OF,Educational Institution of,CSCE_972,,,,,-,,,FALSE,FALSE
CRT_286,PART_OF,Educational Institution of,CSCE_973,,,,,-,,,FALSE,FALSE
CRT_376,PART_OF,Educational Institution of,CSCE_974,,,,,-,,,FALSE,FALSE
CRT_377,PART_OF,Educational Institution of,CSCE_974,,,,,-,,,FALSE,FALSE
CRT_311,PART_OF,Educational Institution of,CSCE_965,,,,,-,,,FALSE,FALSE
CRT_174,PART_OF,Educational Institution of,CSCE_975,,,,,-,,,FALSE,FALSE
CRT_177,PART_OF,Educational Institution of,CSCE_975,,,,,-,,,FALSE,FALSE
CRT_109,PART_OF,Educational Institution of,CSCE_976,,,,,-,,,FALSE,FALSE
CRT_299,PART_OF,Educational Institution of,CSCE_976,,,,,-,,,FALSE,FALSE
CRT_300,PART_OF,Educational Institution of,CSCE_976,,,,,-,,,FALSE,FALSE
CRT_278,PART_OF,Educational Institution of,CSCE_976,,,,,-,,,FALSE,FALSE
CRT_112,PART_OF,Educational Institution of,CSCE_976,,,,,-,,,FALSE,FALSE
CRT_348,PART_OF,Educational Institution of,CSCE_977,,,,,-,,,FALSE,FALSE
CRT_057,PART_OF,Educational Institution of,CSCE_978,,,,,-,,,FALSE,FALSE
CRT_061,PART_OF,Educational Institution of,CSCE_978,,,,,-,,,FALSE,FALSE
CRT_321,PART_OF,Educational Institution of,CSCE_979,,,,,-,,,FALSE,FALSE
CRT_356,PART_OF,Educational Institution of,CSCE_979,,,,,-,,,FALSE,FALSE
CRT_072,PART_OF,Educational Institution of,CSCE_980,,,,,-,,,FALSE,FALSE
CRT_338,PART_OF,Educational Institution of,CSCE_980,,,,,-,,,FALSE,FALSE
CRT_272,PART_OF,Educational Institution of,CSCE_980,,,,,-,,,FALSE,FALSE
CRT_361,PART_OF,Educational Institution of,CSCE_981,,,,,-,,,FALSE,FALSE
CRT_360,PART_OF,Educational Institution of,CSCE_982,,,,,-,,,FALSE,FALSE
CRT_357,PART_OF,Educational Institution of,CSCE_981,,,,,-,,,FALSE,FALSE
CRT_322,PART_OF,Educational Institution of,CSCE_983,,,,,-,,,FALSE,FALSE
CRT_359,PART_OF,Educational Institution of,CSCE_983,,,,,-,,,FALSE,FALSE
CRT_362,PART_OF,Educational Institution of,CSCE_983,,,,,-,,,FALSE,FALSE
CRT_096,PART_OF,Educational Institution of,CSCE_984,,,,,-,,,FALSE,FALSE
CRT_097,PART_OF,Educational Institution of,CSCE_984,,,,,-,,,FALSE,FALSE
CRT_062,PART_OF,Educational Institution of,CSCE_984,,,,,-,,,FALSE,FALSE
CRT_323,PART_OF,Educational Institution of,CSCE_985,,,,,-,,,FALSE,FALSE
CRT_236,PART_OF,Educational Institution of,CSCE_986,,,,,-,,,FALSE,FALSE
CRT_316,PART_OF,Educational Institution of,CSCE_986,,,,,-,,,FALSE,FALSE
CRT_343,PART_OF,Educational Institution of,CSCE_986,,,,,-,,,FALSE,FALSE
CRT_380,PART_OF,Educational Institution of,CSCE_986,,,,,-,,,FALSE,FALSE
CRT_191,PART_OF,Educational Institution of,CSCE_987,,,,,-,,,FALSE,FALSE
CRT_207,PART_OF,Educational Institution of,CSCE_987,,,,,-,,,FALSE,FALSE
CRT_208,PART_OF,Educational Institution of,CSCE_987,,,,,-,,,FALSE,FALSE
CRT_209,PART_OF,Educational Institution of,CSCE_987,,,,,-,,,FALSE,FALSE
CRT_210,PART_OF,Educational Institution of,CSCE_987,,,,,-,,,FALSE,FALSE
CRT_228,PART_OF,Educational Institution of,CSCE_987,,,,,-,,,FALSE,FALSE
CRT_229,PART_OF,Educational Institution of,CSCE_987,,,,,-,,,FALSE,FALSE
CRT_240,PART_OF,Educational Institution of,CSCE_987,,,,,-,,,FALSE,FALSE
CRT_007,PART_OF,Educational Institution of,CSCE_988,,,,,-,,,FALSE,FALSE
CRT_220,PART_OF,Educational Institution of,CSCE_989,,,,,-,,,FALSE,FALSE
CRT_070,PART_OF,Educational Institution of,CSCE_989,,,,,-,,,FALSE,FALSE
CRT_071,PART_OF,Educational Institution of,CSCE_990,,,,,-,,,FALSE,FALSE
CRT_083,PART_OF,Educational Institution of,CSCE_990,,,,,-,,,FALSE,FALSE
CRT_122,PART_OF,Educational Institution of,CSCE_991,,,,,-,,,FALSE,FALSE
CRT_319,PART_OF,Educational Institution of,CSCE_992,,,,,-,,,FALSE,FALSE
CRT_065,PART_OF,Educational Institution of,CSCE_993,,,,,-,,,FALSE,FALSE
CRT_339,PART_OF,Educational Institution of,CSCE_993,,,,,-,,,FALSE,FALSE
CRT_173,PART_OF,Educational Institution of,CSCE_994,,,,,-,,,FALSE,FALSE
CRT_239,PART_OF,Educational Institution of,CSCE_994,,,,,-,,,FALSE,FALSE
CRT_029,PART_OF,Educational Institution of,CSCE_994,,,,,-,,,FALSE,FALSE
CRT_032,PART_OF,Educational Institution of,CSCE_994,,,,,-,,,FALSE,FALSE
CRT_285,PART_OF,Educational Institution of,CSCE_994,,,,,-,,,FALSE,FALSE
CRT_182,PART_OF,Educational Institution of,CSCE_995,,,,,-,,,FALSE,FALSE
CRT_181,PART_OF,Educational Institution of,CSCE_995,,,,,-,,,FALSE,FALSE
CRT_129,PART_OF,Educational Institution of,CSCE_953,,,,,-,,,FALSE,FALSE
CRT_038,PART_OF,Educational Institution of,CSCE_953,,,,,-,,,FALSE,FALSE
CRT_333,PART_OF,Educational Institution of,CSCE_953,,,,,-,,,FALSE,FALSE
CRT_326,PART_OF,Educational Institution of,CSCE_995,,,,,-,,,FALSE,FALSE
CRT_327,PART_OF,Educational Institution of,CSCE_995,,,,,-,,,FALSE,FALSE
CRT_290,PART_OF,Educational Institution of,CSCE_996,,,,,-,,,FALSE,FALSE
CRT_291,PART_OF,Educational Institution of,CSCE_996,,,,,-,,,FALSE,FALSE
CRT_192,PART_OF,Educational Institution of,CSCE_996,,,,,-,,,FALSE,FALSE
CRT_374,PART_OF,Educational Institution of,CSCE_997,,,,,-,,,FALSE,FALSE
CRT_074,PART_OF,Educational Institution of,CSCE_998,,,,,-,,,FALSE,FALSE
CRT_235,PART_OF,Educational Institution of,CSCE_999,,,,,-,,,FALSE,FALSE
CRT_040,PART_OF,Educational Institution of,CSCE_1000,,,,,-,,,FALSE,FALSE
CRT_048,PART_OF,Educational Institution of,CSCE_1000,,,,,-,,,FALSE,FALSE
CRT_381,PART_OF,Educational Institution of,CSCE_1001,,,,,-,,,FALSE,FALSE
CRT_170,PART_OF,Educational Institution of,CSCE_1000,,,,,-,,,FALSE,FALSE
CRT_314,PART_OF,Educational Institution of,CSCE_1002,,,,,-,,,FALSE,FALSE
CRT_023,PART_OF,Educational Institution of,CSCE_1003,,,,,-,,,FALSE,FALSE
CRT_042,PART_OF,Educational Institution of,CSCE_1003,,,,,-,,,FALSE,FALSE
CRT_117,PART_OF,Educational Institution of,CSCE_1003,,,,,-,,,FALSE,FALSE
CRT_344,PART_OF,Educational Institution of,CSCE_1004,,,,,-,,,FALSE,FALSE
CRT_100,PART_OF,Educational Institution of,CSCE_1004,,,,,-,,,FALSE,FALSE
CRT_216,PART_OF,Educational Institution of,CSCE_1004,,,,,-,,,FALSE,FALSE
CRT_218,PART_OF,Educational Institution of,CSCE_1004,,,,,-,,,FALSE,FALSE
CRT_183,PART_OF,Educational Institution of,CSCE_995,,,,,-,,,FALSE,FALSE
CRT_025,PART_OF,Educational Institution of,CSCE_1005,,,,,-,,,FALSE,FALSE
CRT_099,PART_OF,Educational Institution of,CSCE_1005,,,,,-,,,FALSE,FALSE
CRT_095,PART_OF,Educational Institution of,CSCE_1005,,,,,-,,,FALSE,FALSE
CRT_015,PART_OF,Educational Institution of,CSCE_1005,,,,,-,,,FALSE,FALSE
CRT_016,PART_OF,Educational Institution of,CSCE_1005,,,,,-,,,FALSE,FALSE
CRT_017,PART_OF,Educational Institution of,CSCE_1005,,,,,-,,,FALSE,FALSE
CRT_018,PART_OF,Educational Institution of,CSCE_1005,,,,,-,,,FALSE,FALSE
CRT_060,PART_OF,Educational Institution of,CSCE_1005,,,,,-,,,FALSE,FALSE
CRT_350,PART_OF,Educational Institution of,CSCE_1005,,,,,-,,,FALSE,FALSE
CRT_078,PART_OF,Educational Institution of,CSCE_990,,,,,-,,,FALSE,FALSE
CRT_342,PART_OF,Educational Institution of,CSCE_990,,,,,-,,,FALSE,FALSE
CRT_077,PART_OF,Educational Institution of,CSCE_990,,,,,-,,,FALSE,FALSE
CRT_237,PART_OF,Educational Institution of,CSCE_990,,,,,-,,,FALSE,FALSE
CRT_347,PART_OF,Educational Institution of,CSCE_990,,,,,-,,,FALSE,FALSE
CRT_009,PART_OF,Educational Institution of,CSCE_1006,,,,,-,,,FALSE,FALSE
CRT_011,PART_OF,Educational Institution of,CSCE_1006,,,,,-,,,FALSE,FALSE
CRT_014,PART_OF,Educational Institution of,CSCE_1006,,,,,-,,,FALSE,FALSE
CRT_010,PART_OF,Educational Institution of,CSCE_1006,,,,,-,,,FALSE,FALSE
CRT_024,PART_OF,Educational Institution of,CSCE_1007,,,,,-,,,FALSE,FALSE
CRT_052,PART_OF,Educational Institution of,CSCE_1007,,,,,-,,,FALSE,FALSE
CRT_131,PART_OF,Educational Institution of,CSCE_1008,,,,,-,,,FALSE,FALSE
CRT_132,PART_OF,Educational Institution of,CSCE_1008,,,,,-,,,FALSE,FALSE
CRT_139,PART_OF,Educational Institution of,CSCE_1008,,,,,-,,,FALSE,FALSE
CRT_140,PART_OF,Educational Institution of,CSCE_1008,,,,,-,,,FALSE,FALSE
CRT_069,PART_OF,Educational Institution of,CSCE_957,,,,,-,,,FALSE,FALSE
CRT_257,PART_OF,Educational Institution of,CSCE_957,,,,,-,,,FALSE,FALSE
CRT_194,PART_OF,Educational Institution of,CSCE_999,,,,,-,,,FALSE,FALSE
CRT_020,PART_OF,Educational Institution of,CSCE_999,,,,,-,,,FALSE,FALSE
CRT_022,PART_OF,Educational Institution of,CSCE_964,,,,,-,,,FALSE,FALSE
CRT_375,PART_OF,Educational Institution of,CSCE_1009,,,,,-,,,FALSE,FALSE
CRT_043,PART_OF,Educational Institution of,CSCE_1010,,,,,-,,,FALSE,FALSE
CRT_047,PART_OF,Educational Institution of,CSCE_1010,,,,,-,,,FALSE,FALSE
CRT_051,PART_OF,Educational Institution of,CSCE_1010,,,,,-,,,FALSE,FALSE
CRT_059,PART_OF,Educational Institution of,CSCE_978,,,,,-,,,FALSE,FALSE
CRT_002,PART_OF,Educational Institution of,CSCE_1011,,,,,-,,,FALSE,FALSE
CRT_149,PART_OF,Educational Institution of,CSCE_1011,,,,,-,,,FALSE,FALSE
CRT_150,PART_OF,Educational Institution of,CSCE_1011,,,,,-,,,FALSE,FALSE
CRT_151,PART_OF,Educational Institution of,CSCE_1011,,,,,-,,,FALSE,FALSE
CRT_076,PART_OF,Educational Institution of,CSCE_1012,,,,,-,,,FALSE,FALSE
CRT_341,PART_OF,Educational Institution of,CSCE_1012,,,,,-,,,FALSE,FALSE
CRT_345,PART_OF,Educational Institution of,CSCE_1012,,,,,-,,,FALSE,FALSE
CRT_346,PART_OF,Educational Institution of,CSCE_1012,,,,,-,,,FALSE,FALSE
CRT_006,PART_OF,Educational Institution of,CSCE_1013,,,,,-,,,FALSE,FALSE
CRT_336,PART_OF,Educational Institution of,CSCE_1013,,,,,-,,,FALSE,FALSE
CRT_225,PART_OF,Educational Institution of,CSCE_1014,,,,,-,,,FALSE,FALSE
CRT_227,PART_OF,Educational Institution of,CSCE_1014,,,,,-,,,FALSE,FALSE
CRT_331,PART_OF,Educational Institution of,CSCE_1014,,,,,-,,,FALSE,FALSE
CRT_367,PART_OF,Educational Institution of,CSCE_1014,,,,,-,,,FALSE,FALSE
CRT_214,PART_OF,Educational Institution of,CSCE_1015,,,,,-,,,FALSE,FALSE
CRT_196,PART_OF,Educational Institution of,CSCE_947,,,,,-,,,FALSE,FALSE
CRT_021,PART_OF,Educational Institution of,CSCE_947,,,,,-,,,FALSE,FALSE
CRT_041,PART_OF,Educational Institution of,CSCE_947,,,,,-,,,FALSE,FALSE
CRT_358,PART_OF,Educational Institution of,CSCE_1016,,,,,-,,,FALSE,FALSE
CRT_213,PART_OF,Educational Institution of,CSCE_1017,,,,,-,,,FALSE,FALSE
CRT_313,PART_OF,Educational Institution of,CSCE_1017,,,,,-,,,FALSE,FALSE
CRT_035,PART_OF,Educational Institution of,CSCE_1018,,,,,-,,,FALSE,FALSE
CRT_036,PART_OF,Educational Institution of,CSCE_1018,,,,,-,,,FALSE,FALSE
CRT_116,PART_OF,Educational Institution of,CSCE_1018,,,,,-,,,FALSE,FALSE
CRT_053,PART_OF,Educational Institution of,CSCE_1018,,,,,-,,,FALSE,FALSE
CRT_262,PART_OF,Educational Institution of,CSCE_1019,,,,,-,,,FALSE,FALSE
CRT_155,PART_OF,Educational Institution of,CSCE_1020,,,,,-,,,FALSE,FALSE
CRT_378,PART_OF,Educational Institution of,CSCE_1020,,,,,-,,,FALSE,FALSE
CRT_161,PART_OF,Educational Institution of,CSCE_968,,,,,-,,,FALSE,FALSE
CRT_008,PART_OF,Educational Institution of,CSCE_1021,,,,,-,,,FALSE,FALSE
CRT_013,PART_OF,Educational Institution of,CSCE_1021,,,,,-,,,FALSE,FALSE
CRT_019,PART_OF,Educational Institution of,CSCE_1021,,,,,-,,,FALSE,FALSE
CRT_185,PART_OF,Educational Institution of,CSCE_1022,,,,,-,,,FALSE,FALSE
CRT_186,PART_OF,Educational Institution of,CSCE_1022,,,,,-,,,FALSE,FALSE
CRT_211,PART_OF,Educational Institution of,CSCE_1023,,,,,-,,,FALSE,FALSE
CRT_273,PART_OF,Educational Institution of,CSCE_1023,,,,,-,,,FALSE,FALSE
CRT_280,PART_OF,Educational Institution of,CSCE_1023,,,,,-,,,FALSE,FALSE
CRT_329,PART_OF,Educational Institution of,CSCE_1023,,,,,-,,,FALSE,FALSE
CRT_276,PART_OF,Educational Institution of,CSCE_946,,,,,-,,,FALSE,FALSE
CRT_277,PART_OF,Educational Institution of,CSCE_946,,,,,-,,,FALSE,FALSE
CRT_203,PART_OF,Educational Institution of,CSCE_1024,,,,,-,,,FALSE,FALSE
CRT_231,PART_OF,Educational Institution of,CSCE_1024,,,,,-,,,FALSE,FALSE
CRT_332,PART_OF,Educational Institution of,CSCE_1024,,,,,-,,,FALSE,FALSE
CRT_369,PART_OF,Educational Institution of,CSCE_1024,,,,,-,,,FALSE,FALSE
CRT_370,PART_OF,Educational Institution of,CSCE_1024,,,,,-,,,FALSE,FALSE
CRT_363,PART_OF,Educational Institution of,CSCE_1025,,,,,-,,,FALSE,FALSE
CRT_180,PART_OF,Educational Institution of,CSCE_1026,,,,,-,,,FALSE,FALSE
CRT_148,PART_OF,Educational Institution of,CSCE_1026,,,,,-,,,FALSE,FALSE
CRT_328,PART_OF,Educational Institution of,CSCE_1026,,,,,-,,,FALSE,FALSE
CRT_287,PART_OF,Educational Institution of,CSCE_973,,,,,-,,,FALSE,FALSE
CRT_320,PART_OF,Educational Institution of,CSCE_1027,,,,,-,,,FALSE,FALSE
CRT_163,PART_OF,Educational Institution of,CSCE_945,,,,,-,,,FALSE,FALSE
CRT_159,PART_OF,Educational Institution of,CSCE_945,,,,,-,,,FALSE,FALSE
CRT_167,PART_OF,Educational Institution of,CSCE_945,,,,,-,,,FALSE,FALSE
CRT_169,PART_OF,Educational Institution of,CSCE_945,,,,,-,,,FALSE,FALSE
CRT_171,PART_OF,Educational Institution of,CSCE_945,,,,,-,,,FALSE,FALSE
CRT_164,PART_OF,Educational Institution of,CSCE_1028,,,,,-,,,FALSE,FALSE
CRT_026,PART_OF,Educational Institution of,CSCE_1028,,,,,-,,,FALSE,FALSE
CRT_168,PART_OF,Educational Institution of,CSCE_1028,,,,,-,,,FALSE,FALSE
CRT_028,PART_OF,Educational Institution of,CSCE_1028,,,,,-,,,FALSE,FALSE
CRT_045,PART_OF,Educational Institution of,CSCE_1028,,,,,-,,,FALSE,FALSE
CRT_283,PART_OF,Educational Institution of,CSCE_1028,,,,,-,,,FALSE,FALSE
CRT_165,PART_OF,Educational Institution of,CSCE_1029,,,,,-,,,FALSE,FALSE
CRT_156,PART_OF,Educational Institution of,CSCE_1029,,,,,-,,,FALSE,FALSE
CRT_282,PART_OF,Educational Institution of,CSCE_1029,,,,,-,,,FALSE,FALSE
CRT_281,PART_OF,Educational Institution of,CSCE_1029,,,,,-,,,FALSE,FALSE
CRT_261,PART_OF,Educational Institution of,CSCE_1026,,,,,-,,,FALSE,FALSE
CRT_330,PART_OF,Educational Institution of,CSCE_1030,,,,,-,,,FALSE,FALSE
CRT_368,PART_OF,Educational Institution of,CSCE_1030,,,,,-,,,FALSE,FALSE
CRT_123,PART_OF,Educational Institution of,CSCE_1030,,,,,-,,,FALSE,FALSE
CRT_162,PART_OF,Educational Institution of,CSCE_1025,,,,,-,,,FALSE,FALSE
CRT_187,PART_OF,Educational Institution of,CSCE_1025,,,,,-,,,FALSE,FALSE
CRT_267,PART_OF,Educational Institution of,CSCE_1031,,,,,-,,,FALSE,FALSE
CRT_268,PART_OF,Educational Institution of,CSCE_1031,,,,,-,,,FALSE,FALSE
CRT_001,PART_OF,Educational Institution of,CSCE_1031,,,,,-,,,FALSE,FALSE
CRT_003,PART_OF,Educational Institution of,CSCE_1031,,,,,-,,,FALSE,FALSE
CRT_004,PART_OF,Educational Institution of,CSCE_1031,,,,,-,,,FALSE,FALSE
CRT_160,PART_OF,Educational Institution of,CSCE_1031,,,,,-,,,FALSE,FALSE
CRT_188,PART_OF,Educational Institution of,CSCE_1031,,,,,-,,,FALSE,FALSE
CRT_189,PART_OF,Educational Institution of,CSCE_1031,,,,,-,,,FALSE,FALSE
CRT_190,PART_OF,Educational Institution of,CSCE_1031,,,,,-,,,FALSE,FALSE
CRT_093,PART_OF,Educational Institution of,CSCE_1031,,,,,-,,,FALSE,FALSE
CRT_094,PART_OF,Educational Institution of,CSCE_1031,,,,,-,,,FALSE,FALSE
CRT_124,PART_OF,Educational Institution of,CSCE_1031,,,,,-,,,FALSE,FALSE
CRT_125,PART_OF,Educational Institution of,CSCE_1031,,,,,-,,,FALSE,FALSE
CRT_126,PART_OF,Educational Institution of,CSCE_1031,,,,,-,,,FALSE,FALSE
CRT_127,PART_OF,Educational Institution of,CSCE_1031,,,,,-,,,FALSE,FALSE
CRT_215,PART_OF,Educational Institution of,CSCE_1031,,,,,-,,,FALSE,FALSE
CRT_217,PART_OF,Educational Institution of,CSCE_1031,,,,,-,,,FALSE,FALSE
CRT_219,PART_OF,Educational Institution of,CSCE_1031,,,,,-,,,FALSE,FALSE
CRT_223,PART_OF,Educational Institution of,CSCE_1031,,,,,-,,,FALSE,FALSE
CRT_234,PART_OF,Educational Institution of,CSCE_1031,,,,,-,,,FALSE,FALSE
CRT_087,PART_OF,Educational Institution of,CSCE_1031,,,,,-,,,FALSE,FALSE
CRT_090,PART_OF,Educational Institution of,CSCE_1031,,,,,-,,,FALSE,FALSE
CRT_091,PART_OF,Educational Institution of,CSCE_1031,,,,,-,,,FALSE,FALSE
CRT_092,PART_OF,Educational Institution of,CSCE_1031,,,,,-,,,FALSE,FALSE
CRT_364,PART_OF,Educational Institution of,CSCE_1031,,,,,-,,,FALSE,FALSE
CRT_365,PART_OF,Educational Institution of,CSCE_1031,,,,,-,,,FALSE,FALSE
CRT_224,PART_OF,Educational Institution of,CSCE_1031,,,,,-,,,FALSE,FALSE
CRT_271,PART_OF,Educational Institution of,CSCE_970,,,,,-,,,FALSE,FALSE
CRT_193,PART_OF,Educational Institution of,CSCE_970,,,,,-,,,FALSE,FALSE
CRT_046,PART_OF,Educational Institution of,CSCE_970,,,,,-,,,FALSE,FALSE
CRT_146,PART_OF,Educational Institution of,CSCE_967,,,,,-,,,FALSE,FALSE
CRT_238,PART_OF,Educational Institution of,CSCE_967,,,,,-,,,FALSE,FALSE
CRT_133,PART_OF,Educational Institution of,CSCE_967,,,,,-,,,FALSE,FALSE
CRT_134,PART_OF,Educational Institution of,CSCE_967,,,,,-,,,FALSE,FALSE
CRT_135,PART_OF,Educational Institution of,CSCE_967,,,,,-,,,FALSE,FALSE
CRT_136,PART_OF,Educational Institution of,CSCE_967,,,,,-,,,FALSE,FALSE
CRT_137,PART_OF,Educational Institution of,CSCE_967,,,,,-,,,FALSE,FALSE
CRT_030,PART_OF,Educational Institution of,CSCE_967,,,,,-,,,FALSE,FALSE
CRT_031,PART_OF,Educational Institution of,CSCE_967,,,,,-,,,FALSE,FALSE
CRT_103,PART_OF,Educational Institution of,CSCE_967,,,,,-,,,FALSE,FALSE
CRT_104,PART_OF,Educational Institution of,CSCE_967,,,,,-,,,FALSE,FALSE
CRT_105,PART_OF,Educational Institution of,CSCE_967,,,,,-,,,FALSE,FALSE
CRT_106,PART_OF,Educational Institution of,CSCE_967,,,,,-,,,FALSE,FALSE
CRT_107,PART_OF,Educational Institution of,CSCE_967,,,,,-,,,FALSE,FALSE
CRT_108,PART_OF,Educational Institution of,CSCE_967,,,,,-,,,FALSE,FALSE
CRT_292,PART_OF,Educational Institution of,CSCE_967,,,,,-,,,FALSE,FALSE
CRT_178,PART_OF,Educational Institution of,CSCE_1032,,,,,-,,,FALSE,FALSE
CRT_179,PART_OF,Educational Institution of,CSCE_1032,,,,,-,,,FALSE,FALSE
CRT_118,PART_OF,Educational Institution of,CSCE_1032,,,,,-,,,FALSE,FALSE
CRT_295,PART_OF,Educational Institution of,CSCE_1033,,,,,-,,,FALSE,FALSE
CRT_296,PART_OF,Educational Institution of,CSCE_1033,,,,,-,,,FALSE,FALSE
CRT_089,PART_OF,Educational Institution of,CSCE_1034,,,,,-,,,FALSE,FALSE
CRT_044,PART_OF,Educational Institution of,CSCE_1034,,,,,-,,,FALSE,FALSE
CRT_222,PART_OF,Educational Institution of,CSCE_1034,,,,,-,,,FALSE,FALSE
CRT_232,PART_OF,Educational Institution of,CSCE_1034,,,,,-,,,FALSE,FALSE
CRT_088,PART_OF,Educational Institution of,CSCE_1034,,,,,-,,,FALSE,FALSE
CRT_005,PART_OF,Educational Institution of,CSCE_1034,,,,,-,,,FALSE,FALSE
CRT_270,PART_OF,Educational Institution of,CSCE_957,,,,,-,,,FALSE,FALSE
CRT_212,PART_OF,Educational Institution of,CSCE_957,,,,,-,,,FALSE,FALSE
CRT_230,PART_OF,Educational Institution of,CSCE_957,,,,,-,,,FALSE,FALSE
CRT_066,PART_OF,Educational Institution of,CSCE_957,,,,,-,,,FALSE,FALSE
CRT_067,PART_OF,Educational Institution of,CSCE_957,,,,,-,,,FALSE,FALSE
CRT_079,PART_OF,Educational Institution of,CSCE_957,,,,,-,,,FALSE,FALSE
CRT_080,PART_OF,Educational Institution of,CSCE_957,,,,,-,,,FALSE,FALSE
CRT_081,PART_OF,Educational Institution of,CSCE_957,,,,,-,,,FALSE,FALSE
CRT_082,PART_OF,Educational Institution of,CSCE_957,,,,,-,,,FALSE,FALSE
CRT_247,PART_OF,Educational Institution of,CSCE_957,,,,,-,,,FALSE,FALSE
CRT_249,PART_OF,Educational Institution of,CSCE_957,,,,,-,,,FALSE,FALSE
CRT_251,PART_OF,Educational Institution of,CSCE_957,,,,,-,,,FALSE,FALSE
CRT_252,PART_OF,Educational Institution of,CSCE_957,,,,,-,,,FALSE,FALSE
CRT_253,PART_OF,Educational Institution of,CSCE_957,,,,,-,,,FALSE,FALSE
CRT_258,PART_OF,Educational Institution of,CSCE_957,,,,,-,,,FALSE,FALSE
CRT_259,PART_OF,Educational Institution of,CSCE_957,,,,,-,,,FALSE,FALSE
CRT_260,PART_OF,Educational Institution of,CSCE_957,,,,,-,,,FALSE,FALSE
CRT_113,PART_OF,Educational Institution of,CSCE_957,,,,,-,,,FALSE,FALSE
CRT_115,PART_OF,Educational Institution of,CSCE_957,,,,,-,,,FALSE,FALSE
CRT_248,PART_OF,Educational Institution of,CSCE_957,,,,,-,,,FALSE,FALSE
CRT_226,PART_OF,Educational Institution of,CSCE_957,,,,,-,,,FALSE,FALSE
CRT_264,PART_OF,Educational Institution of,CSCE_968,,,,,-,,,FALSE,FALSE
CRT_266,PART_OF,Educational Institution of,CSCE_968,,,,,-,,,FALSE,FALSE
CRT_349,PART_OF,Educational Institution of,CSCE_968,,,,,-,,,FALSE,FALSE
CRT_198,PART_OF,Educational Institution of,CSCE_968,,,,,-,,,FALSE,FALSE
CRT_199,PART_OF,Educational Institution of,CSCE_968,,,,,-,,,FALSE,FALSE
CRT_200,PART_OF,Educational Institution of,CSCE_968,,,,,-,,,FALSE,FALSE
CRT_098,PART_OF,Educational Institution of,CSCE_968,,,,,-,,,FALSE,FALSE
CRT_353,PART_OF,Educational Institution of,CSCE_968,,,,,-,,,FALSE,FALSE
CRT_084,PART_OF,Educational Institution of,CSCE_1035,,,,,-,,,FALSE,FALSE
CRT_086,PART_OF,Educational Institution of,CSCE_1035,,,,,-,,,FALSE,FALSE
CRT_033,PART_OF,Educational Institution of,CSCE_1035,,,,,-,,,FALSE,FALSE
CRT_034,PART_OF,Educational Institution of,CSCE_1035,,,,,-,,,FALSE,FALSE
CRT_110,PART_OF,Educational Institution of,CSCE_1035,,,,,-,,,FALSE,FALSE
CRT_111,PART_OF,Educational Institution of,CSCE_1035,,,,,-,,,FALSE,FALSE
CRT_303,PART_OF,Educational Institution of,CSCE_1035,,,,,-,,,FALSE,FALSE
CRT_307,PART_OF,Educational Institution of,CSCE_1035,,,,,-,,,FALSE,FALSE
CRT_371,PART_OF,Educational Institution of,CSCE_1035,,,,,-,,,FALSE,FALSE
CRT_372,PART_OF,Educational Institution of,CSCE_1035,,,,,-,,,FALSE,FALSE
CRT_305,PART_OF,Educational Institution of,CSCE_1035,,,,,-,,,FALSE,FALSE
CRT_184,PART_OF,Educational Institution of,CSCE_975,,,,,-,,,FALSE,FALSE
CRT_012,PART_OF,Educational Institution of,CSCE_1036,,,,,-,,,FALSE,FALSE
CRT_241,PART_OF,Educational Institution of,CSCE_1037,,,,,-,,,FALSE,FALSE
CRT_242,PART_OF,Educational Institution of,CSCE_1037,,,,,-,,,FALSE,FALSE
CRT_244,PART_OF,Educational Institution of,CSCE_1038,,,,,-,,,FALSE,FALSE
CRT_288,PART_OF,Educational Institution of,CSCE_945,,,,,-,,,FALSE,FALSE
CRT_158,PART_OF,Educational Institution of,CSCE_945,,,,,-,,,FALSE,FALSE
CRT_101,PART_OF,Educational Institution of,CSCE_967,,,,,-,,,FALSE,FALSE
CRT_121,PART_OF,Educational Institution of,CSCE_957,,,,,-,,,FALSE,FALSE
CRT_297,PART_OF,Educational Institution of,CSCE_1039,,,,,-,,,FALSE,FALSE
CRT_298,PART_OF,Educational Institution of,CSCE_1039,,,,,-,,,FALSE,FALSE
CRT_166,PART_OF,Educational Institution of,CSCE_1029,,,,,-,,,FALSE,FALSE
CRT_289,PART_OF,Educational Institution of,CSCE_946,,,,,-,,,FALSE,FALSE
CRT_269,PART_OF,Educational Institution of,CSCE_1040,,,,,-,,,FALSE,FALSE
CRT_152,PART_OF,Educational Institution of,CSCE_1040,,,,,-,,,FALSE,FALSE
CRT_153,PART_OF,Educational Institution of,CSCE_1040,,,,,-,,,FALSE,FALSE
CRT_154,PART_OF,Educational Institution of,CSCE_1040,,,,,-,,,FALSE,FALSE
CRT_138,PART_OF,Educational Institution of,CSCE_952,,,,,-,,,FALSE,FALSE
CRT_379,PART_OF,Educational Institution of,CSCE_952,,,,,-,,,FALSE,FALSE
CRT_176,PART_OF,Educational Institution of,CSCE_965,,,,,-,,,FALSE,FALSE
CRT_312,PART_OF,Educational Institution of,CSCE_965,,,,,-,,,FALSE,FALSE
HBCS_001,PART_OF,School of,C_000008,,,,,-,,HB_1936_150-154,FALSE,FALSE
HBCS_001,PART_OF,School of,C_000157,,,,,-,,HB_1936_150-154,FALSE,FALSE
HBCS_001,PART_OF,School of,C_000219,,,,,-,,HB_1936_150-154,FALSE,FALSE
HBCS_001,PART_OF,School of,C_000222,,,,,-,,HB_1936_150-154,FALSE,FALSE
HBCS_001,PART_OF,School of,C_000883,,,,,-,,HB_1936_150-154,FALSE,FALSE
HBCS_002,PART_OF,School of,C_000019,,,,,-,,HB_1936_163,FALSE,FALSE
HBCS_002,PART_OF,School of,C_000020,,,,,-,,HB_1936_163,FALSE,FALSE
HBCS_004,PART_OF,School of,C_000019,,,,,-,,HB_1936_150-157,FALSE,FALSE
HBCS_004,PART_OF,School of,C_000034,,,,,-,,HB_1936_150-157,FALSE,FALSE
HBCS_004,PART_OF,School of,C_000101,,,,,-,,HB_1936_150-157,FALSE,FALSE
HBCS_004,PART_OF,School of,C_000170,,,,,-,,HB_1936_150-157,FALSE,FALSE
HBCS_004,PART_OF,School of,C_000242,,,,,-,,HB_1936_150-157,FALSE,FALSE
HBCS_004,PART_OF,School of,C_000270,,,,,-,,HB_1936_150-157,FALSE,FALSE
HBCS_004,PART_OF,School of,C_000284,,,,,-,,HB_1936_150-157,FALSE,FALSE
HBCS_006,PART_OF,School of,C_000011,,,,,-,,HB_1936_150-159,FALSE,FALSE
HBCS_006,PART_OF,School of,C_000019,,,,,-,,HB_1936_150-159,FALSE,FALSE
HBCS_006,PART_OF,School of,C_000170,,,,,-,,HB_1936_150-159,FALSE,FALSE
HBCS_006,PART_OF,School of,C_000372,,,,,-,,HB_1936_150-159,FALSE,FALSE
HBCS_008,PART_OF,School of,C_000011,,,,,-,,HB_1936_150-158,FALSE,FALSE
HBCS_008,PART_OF,School of,C_000248,,,,,-,,HB_1936_150-158,FALSE,FALSE
HBCS_011,PART_OF,School of,C_000011,,,,,-,,HB_1936_150-159,FALSE,FALSE
HBCS_011,PART_OF,School of,C_000120,,,,,-,,HB_1936_150-159,FALSE,FALSE
HBCS_011,PART_OF,School of,C_000170,,,,,-,,HB_1936_150-159,FALSE,FALSE
HBCS_011,PART_OF,School of,C_000270,,,,,-,,HB_1936_150-159,FALSE,FALSE
HBCS_012,PART_OF,School of,C_000014,,,,,-,,HB_1936_150-154,FALSE,FALSE
HBCS_012,PART_OF,School of,C_000075,,,,,-,,HB_1936_150-154,FALSE,FALSE
HBCS_012,PART_OF,School of,C_000170,,,,,-,,HB_1936_150-154,FALSE,FALSE
HBCS_012,PART_OF,School of,C_000221,,,,,-,,HB_1936_150-154,FALSE,FALSE
HBCS_013,PART_OF,School of,C_000019,,,,,-,,HB_1936_150-155,FALSE,FALSE
HBCS_013,PART_OF,School of,C_000157,,,,,-,,HB_1936_150-155,FALSE,FALSE
HBCS_013,PART_OF,School of,C_000170,,,,,-,,HB_1936_150-155,FALSE,FALSE
HBCS_013,PART_OF,School of,C_000171,,,,,-,,HB_1936_150-155,FALSE,FALSE
HBCS_013,PART_OF,School of,C_000222,,,,,-,,HB_1936_150-155,FALSE,FALSE
HBCS_013,PART_OF,School of,C_000284,,,,,-,,HB_1936_150-155,FALSE,FALSE
HBCS_013,PART_OF,School of,C_000372,,,,,-,,HB_1936_150-155,FALSE,FALSE
HBCS_013,PART_OF,School of,C_000876,,,,,-,,HB_1936_150-155,FALSE,FALSE
HBCS_014,PART_OF,School of,C_000019,,,,,-,,HB_1936_150-156,FALSE,FALSE
HBCS_014,PART_OF,School of,C_000020,,,,,-,,HB_1936_150-156,FALSE,FALSE
HBCS_015,PART_OF,School of,C_000284,,,,,-,,HB_1936_150-180,FALSE,FALSE
HBCS_016,PART_OF,School of,C_000052,,,,,-,,HB_1936_89-150-162,FALSE,FALSE
HBCS_016,PART_OF,School of,C_001039,,,,,-,,HB_1936_89-150-162,FALSE,FALSE
HBCS_017,PART_OF,School of,C_000222,,,,,-,,HB_1936_150-160,FALSE,FALSE
HBCS_017,PART_OF,School of,C_000284,,,,,-,,HB_1936_150-160,FALSE,FALSE
HBCS_017,PART_OF,School of,C_000285,,,,,-,,HB_1936_150-160,FALSE,FALSE
HBCS_017,PART_OF,School of,C_000876,,,,,-,,HB_1936_150-160,FALSE,FALSE
HBCS_017,PART_OF,School of,C_001007,,,,,-,,HB_1936_150-160,FALSE,FALSE
HBCS_018,PART_OF,School of,C_000014,,,,,-,,HB_1936_150-163,FALSE,FALSE
HBCS_018,PART_OF,School of,C_000019,,,,,-,,HB_1936_150-163,FALSE,FALSE
HBCS_018,PART_OF,School of,C_000034,,,,,-,,HB_1936_150-163,FALSE,FALSE
HBCS_018,PART_OF,School of,C_000170,,,,,-,,HB_1936_150-163,FALSE,FALSE
HBCS_018,PART_OF,School of,C_000270,,,,,-,,HB_1936_150-163,FALSE,FALSE
HBCS_019,PART_OF,School of,C_000018,,,,,-,,HB_1936_150-163,FALSE,FALSE
HBCS_019,PART_OF,School of,C_000115,,,,,-,,HB_1936_150-163,FALSE,FALSE
HBCS_019,PART_OF,School of,C_000163,,,,,-,,HB_1936_150-163,FALSE,FALSE
HBCS_019,PART_OF,School of,C_000196,,,,,-,,HB_1936_150-163,FALSE,FALSE
HBCS_019,PART_OF,School of,C_000322,,,,,-,,HB_1936_150-163,FALSE,FALSE
HBCS_020,PART_OF,School of,C_000019,,,,,-,,HB_1936_150-163,FALSE,FALSE
HBCS_020,PART_OF,School of,C_000020,,,,,-,,HB_1936_150-163,FALSE,FALSE
HBCS_020,PART_OF,School of,C_000170,,,,,-,,HB_1936_150-163,FALSE,FALSE
HBCS_020,PART_OF,School of,C_000171,,,,,-,,HB_1936_150-163,FALSE,FALSE
HBCS_020,PART_OF,School of,C_000270,,,,,-,,HB_1936_150-163,FALSE,FALSE
HBCS_021,PART_OF,School of,C_000011,,,,,-,,HB_1936_150-163,FALSE,FALSE
HBCS_021,PART_OF,School of,C_000248,,,,,-,,HB_1936_150-163,FALSE,FALSE
HBCS_022,PART_OF,School of,C_000019,,,,,-,,HB_1936_150-163,FALSE,FALSE
HBCS_022,PART_OF,School of,C_000075,,,,,-,,HB_1936_150-163,FALSE,FALSE
HBCS_022,PART_OF,School of,C_000157,,,,,-,,HB_1936_150-163,FALSE,FALSE
HBCS_022,PART_OF,School of,C_000217,,,,,-,,HB_1936_150-163,FALSE,FALSE
HBCS_022,PART_OF,School of,C_000268,,,,,-,,HB_1936_150-163,FALSE,FALSE
HBCS_022,PART_OF,School of,C_000270,,,,,-,,HB_1936_150-163,FALSE,FALSE
HBCS_022,PART_OF,School of,C_000883,,,,,-,,HB_1936_150-163,FALSE,FALSE
HBCS_022,PART_OF,School of,C_000934,,,,,-,,HB_1936_150-163,FALSE,FALSE
HBCS_023,PART_OF,School of,C_000014,,,,,-,,HB_1936_150-163,FALSE,FALSE
HBCS_023,PART_OF,School of,C_000019,,,,,-,,HB_1936_150-163,FALSE,FALSE
HBCS_023,PART_OF,School of,C_000157,,,,,-,,HB_1936_150-163,FALSE,FALSE
HBCS_023,PART_OF,School of,C_000170,,,,,-,,HB_1936_150-163,FALSE,FALSE
HBCS_027,PART_OF,School of,C_000014,,,,,-,,HB_1936_162,FALSE,FALSE
HBCS_027,PART_OF,School of,C_000019,,,,,-,,HB_1936_162,FALSE,FALSE
HBCS_027,PART_OF,School of,C_000157,,,,,-,,HB_1936_162,FALSE,FALSE
HBCS_027,PART_OF,School of,C_000170,,,,,-,,HB_1936_162,FALSE,FALSE
HBCS_027,PART_OF,School of,C_000242,,,,,-,,HB_1936_162,FALSE,FALSE
HBCS_029,PART_OF,School of,C_000075,,,,,-,,HB_1936_163,FALSE,FALSE
HBCS_029,PART_OF,School of,C_000219,,,,,-,,HB_1936_163,FALSE,FALSE
HBCS_029,PART_OF,School of,C_000242,,,,,-,,HB_1936_163,FALSE,FALSE
HBCS_032,PART_OF,School of,C_000011,,,,,-,,HB_1936_162,FALSE,FALSE
HBCS_032,PART_OF,School of,C_000075,,,,,-,,HB_1936_162,FALSE,FALSE
HBCS_032,PART_OF,School of,C_000120,,,,,-,,HB_1936_162,FALSE,FALSE
HBCS_032,PART_OF,School of,C_000170,,,,,-,,HB_1936_162,FALSE,FALSE
HBCS_032,PART_OF,School of,C_000270,,,,,-,,HB_1936_162,FALSE,FALSE
HBCS_032,PART_OF,School of,C_000284,,,,,-,,HB_1936_162,FALSE,FALSE
HBCS_032,PART_OF,School of,C_000876,,,,,-,,HB_1936_162,FALSE,FALSE
HBCS_033,PART_OF,School of,C_000011,,,,,-,,HB_1936_163,FALSE,FALSE
HBCS_033,PART_OF,School of,C_000016,,,,,-,,HB_1936_163,FALSE,FALSE
HBCS_033,PART_OF,School of,C_000075,,,,,-,,HB_1936_163,FALSE,FALSE
HBCS_033,PART_OF,School of,C_000120,,,,,-,,HB_1936_163,FALSE,FALSE
HBCS_033,PART_OF,School of,C_000170,,,,,-,,HB_1936_163,FALSE,FALSE
HBCS_033,PART_OF,School of,C_000270,,,,,-,,HB_1936_163,FALSE,FALSE
HBCS_034,PART_OF,School of,C_000019,,,,,-,,HB_1936_163,FALSE,FALSE
HBCS_034,PART_OF,School of,C_000020,,,,,-,,HB_1936_163,FALSE,FALSE
HBCS_034,PART_OF,School of,C_000170,,,,,-,,HB_1936_163,FALSE,FALSE
HBCS_034,PART_OF,School of,C_000171,,,,,-,,HB_1936_163,FALSE,FALSE
HBCS_034,PART_OF,School of,C_000372,,,,,-,,HB_1936_163,FALSE,FALSE
HBCS_037,PART_OF,School of,C_000075,,,,,-,,HB_1936_164,FALSE,FALSE
HBCS_037,PART_OF,School of,C_000880,,,,,-,,HB_1936_164,FALSE,FALSE
HBCS_041,PART_OF,School of,C_000157,,,,,-,,HB_1936_164,FALSE,FALSE
HBCS_041,PART_OF,School of,C_000222,,,,,-,,HB_1936_164,FALSE,FALSE
HBCS_041,PART_OF,School of,C_000883,,,,,-,,HB_1936_164,FALSE,FALSE
HBCS_043,PART_OF,School of,C_000101,,,,,-,,HB_1936_164,FALSE,FALSE
HBCS_043,PART_OF,School of,C_000934,,,,,-,,HB_1936_164,FALSE,FALSE
HBCS_048,PART_OF,School of,C_000019,,,,,-,,HB_1936_164,FALSE,FALSE
HBCS_048,PART_OF,School of,C_000157,,,,,-,,HB_1936_164,FALSE,FALSE
HBCS_048,PART_OF,School of,C_000268,,,,,-,,HB_1936_164,FALSE,FALSE
HBCS_048,PART_OF,School of,C_000270,,,,,-,,HB_1936_164,FALSE,FALSE
HBCS_048,PART_OF,School of,C_000883,,,,,-,,HB_1936_164,FALSE,FALSE
HBCS_048,PART_OF,School of,C_000934,,,,,-,,HB_1936_164,FALSE,FALSE
HBCS_054,PART_OF,School of,C_000014,,,,,-,,HB_1936_165,FALSE,FALSE
HBCS_054,PART_OF,School of,C_000019,,,,,-,,HB_1936_165,FALSE,FALSE
HBCS_054,PART_OF,School of,C_000157,,,,,-,,HB_1936_165,FALSE,FALSE
HBCS_054,PART_OF,School of,C_000284,,,,,-,,HB_1936_165,FALSE,FALSE
HBCS_062,PART_OF,School of,C_000014,,,,,-,,HB_1936_165,FALSE,FALSE
HBCS_062,PART_OF,School of,C_000034,,,,,-,,HB_1936_165,FALSE,FALSE
HBCS_062,PART_OF,School of,C_000082,,,,,-,,HB_1936_165,FALSE,FALSE
HBCS_065,PART_OF,School of,C_000014,,,,,-,,HB_1936_165,FALSE,FALSE
HBCS_065,PART_OF,School of,C_000977,,,,,-,,HB_1936_165,FALSE,FALSE
HBCS_081,PART_OF,School of,C_000019,,,,,-,,HB_1936_166,FALSE,FALSE
HBCS_081,PART_OF,School of,C_000020,,,,,-,,HB_1936_166,FALSE,FALSE
HBCS_083,PART_OF,School of,C_000170,,,,,-,,HB_1936_178,FALSE,FALSE
HBCS_083,PART_OF,School of,C_000284,,,,,-,,HB_1936_178,FALSE,FALSE
HBCS_129,PART_OF,School of,C_000019,,,,,-,,HB_1936_179-247,FALSE,FALSE
HBCS_129,PART_OF,School of,C_000104,,,,,-,,HB_1936_179-247,FALSE,FALSE
HBCS_129,PART_OF,School of,C_000222,,,,,-,,HB_1936_179-247,FALSE,FALSE
HBCS_130,PART_OF,School of,C_000170,,,,,-,,HB_1936_179,FALSE,FALSE
HBCS_130,PART_OF,School of,C_000284,,,,,-,,HB_1936_179,FALSE,FALSE
HBCS_142,PART_OF,School of,C_000011,,,,,-,,HB_1936_179-255,FALSE,FALSE
HBCS_142,PART_OF,School of,C_000019,,,,,-,,HB_1936_179-255,FALSE,FALSE
HBCS_142,PART_OF,School of,C_000020,,,,,-,,HB_1936_179-255,FALSE,FALSE
HBCS_142,PART_OF,School of,C_000075,,,,,-,,HB_1936_179-255,FALSE,FALSE
HBCS_178,PART_OF,School of,C_000170,,,,,-,,HB_1936_180,FALSE,FALSE
HBCS_178,PART_OF,School of,C_000284,,,,,-,,HB_1936_180,FALSE,FALSE
HBCS_197,PART_OF,School of,C_000019,,,,,-,,HB_1936_181-255,FALSE,FALSE
HBCS_197,PART_OF,School of,C_000020,,,,,-,,HB_1936_181-255,FALSE,FALSE
HBCS_219,PART_OF,School of,C_000876,,,,,-,,HB_1936_181-274,FALSE,FALSE
HBCS_219,PART_OF,School of,C_000883,,,,,-,,HB_1936_181-274,FALSE,FALSE
HBCS_251,PART_OF,School of,C_000219,,,,,-,,HB_1936_182-279,FALSE,FALSE
HBCS_251,PART_OF,School of,C_000289,,,,,-,,HB_1936_182-279,FALSE,FALSE
HBCS_257,PART_OF,School of,C_000075,,,,,-,,HB_1936_182-266,FALSE,FALSE
HBCS_257,PART_OF,School of,C_000170,,,,,-,,HB_1936_182-266,FALSE,FALSE
HBCS_269,PART_OF,School of,C_000170,,,,,-,,HB_1936_183-254,FALSE,FALSE
HBCS_269,PART_OF,School of,C_000284,,,,,-,,HB_1936_183-254,FALSE,FALSE
HBCS_273,PART_OF,School of,C_000170,,,,,-,,HB_1936_183-286,FALSE,FALSE
HBCS_273,PART_OF,School of,C_000284,,,,,-,,HB_1936_183-286,FALSE,FALSE
HBCS_293,PART_OF,School of,C_000014,,,,,-,,HB_1936_183-246,FALSE,FALSE
HBCS_293,PART_OF,School of,C_000019,,,,,-,,HB_1936_183-246,FALSE,FALSE
HBCS_293,PART_OF,School of,C_000217,,,,,-,,HB_1936_183-246,FALSE,FALSE
HBCS_293,PART_OF,School of,C_000268,,,,,-,,HB_1936_183-246,FALSE,FALSE
HBCS_332,PART_OF,School of,C_000170,,,,,-,,HB_1936_184-290,FALSE,FALSE
HBCS_332,PART_OF,School of,C_000242,,,,,-,,HB_1936_184-290,FALSE,FALSE
HBCS_342,PART_OF,School of,C_000056,,,,,-,,CM_1893_138,FALSE,FALSE
HBCS_342,PART_OF,School of,C_000228,,,,,-,,CM_1893_138,FALSE,FALSE
HBCS_343,PART_OF,School of,C_000056,,,,,-,,CM_1902_32,FALSE,FALSE
HBCS_343,PART_OF,School of,C_000066,,,,,-,,CM_1902_32,FALSE,FALSE
HBCS_344,PART_OF,School of,C_000056,,,,,-,,CM_1902_32,FALSE,FALSE
HBCS_344,PART_OF,School of,C_000066,,,,,-,,CM_1902_32,FALSE,FALSE
HBCS_346,PART_OF,School of,C_000056,,,,,-,,CM_1903_170; CM_1904_77,FALSE,FALSE
HBCS_346,PART_OF,School of,C_000075,,,,,-,,CM_1903_170; CM_1904_77,FALSE,FALSE
HBCS_202,PART_OF,School of,C_000915,,,,,-,,HB_1936_181-244,FALSE,FALSE
HBCS_035,PART_OF,School of,C_000139,,,,,-,,HB_1936_163; CM_1932_134,FALSE,FALSE
HBCS_047,PART_OF,School of,C_000139,,,,,-,,HB_1936_164,FALSE,FALSE
HBCS_076,PART_OF,School of,C_000139,,,,,-,,HB_1936_166,FALSE,FALSE
HBCS_403,PART_OF,School of,C_000019,,,,,-,,HB_1936_229,FALSE,FALSE
HBCS_306,PART_OF,School of,C_000234,,,,,-,,HB_1936_184,FALSE,FALSE
HBCS_399,PART_OF,School of,C_000026,,,,,-,,HB_1936_228,FALSE,FALSE
HBCS_036,PART_OF,School of,C_000934,,,,,-,,HB_1936_164,FALSE,FALSE
HBCS_061,PART_OF,School of,C_000934,,,,,-,,HB_1936_165,FALSE,FALSE
HBCS_117,PART_OF,School of,C_000018,,,,,-,,HB_1936_179,FALSE,FALSE
HBCS_195,PART_OF,School of,C_000018,,,,,-,,HB_1936_181-294,FALSE,FALSE
HBCS_312,PART_OF,School of,C_000290,,,,,-,,HB_1936_184-272,FALSE,FALSE
HBCS_376,PART_OF,School of,C_000193,,,,,-,,HB_1936_228,FALSE,FALSE
HBCS_318,PART_OF,School of,C_000289,,,,,-,,HB_1936_184-246,FALSE,FALSE
HBCS_319,PART_OF,School of,C_000289,,,,,-,,HB_1936_184-246,FALSE,FALSE
HBCS_320,PART_OF,School of,C_000289,,,,,-,,HB_1936_184-249,FALSE,FALSE
HBCS_321,PART_OF,School of,C_000289,,,,,-,,HB_1936_184-256,FALSE,FALSE
HBCS_322,PART_OF,School of,C_000289,,,,,-,,HB_1936_184-272,FALSE,FALSE
HBCS_323,PART_OF,School of,C_000289,,,,,-,,HB_1936_184-276,FALSE,FALSE
HBCS_324,PART_OF,School of,C_000289,,,,,-,,HB_1936_184-276,FALSE,FALSE
HBCS_325,PART_OF,School of,C_000289,,,,,-,,HB_1936_184-276,FALSE,FALSE
HBCS_326,PART_OF,School of,C_000289,,,,,-,,HB_1936_184-283,FALSE,FALSE
HBCS_327,PART_OF,School of,C_000289,,,,,-,,HB_1936_184,FALSE,FALSE
HBCS_328,PART_OF,School of,C_000049,,,,,-,,HB_1936_184-261,FALSE,FALSE
HBCS_368,PART_OF,School of,C_000880,,,,,-,,HB_1936_228,FALSE,FALSE
HBCS_222,PART_OF,School of,C_000077,,,,,-,,HB_1936_181-269,FALSE,FALSE
HBCS_367,PART_OF,School of,C_000077,,,,,-,,HB_1936_228,FALSE,FALSE
HBCS_369,PART_OF,School of,C_000077,,,,,-,,HB_1936_228,FALSE,FALSE
HBCS_194,PART_OF,School of,C_000322,,,,,-,,HB_1936_181-258,FALSE,FALSE
HBCS_049,PART_OF,School of,C_000157,,,,,-,,HB_1936_164,FALSE,FALSE
HBCS_055,PART_OF,School of,C_000157,,,,,-,,HB_1936_165,FALSE,FALSE
HBCS_085,PART_OF,School of,C_000157,,,,,-,,HB_1936_178,FALSE,FALSE
HBCS_088,PART_OF,School of,C_000157,,,,,-,,HB_1936_178,FALSE,FALSE
HBCS_138,PART_OF,School of,C_000157,,,,,-,,HB_1936_31-179,FALSE,FALSE
HBCS_170,PART_OF,School of,C_000157,,,,,-,,HB_1936_180-256,FALSE,FALSE
HBCS_200,PART_OF,School of,C_000157,,,,,-,,HB_1936_181-280,FALSE,FALSE
HBCS_201,PART_OF,School of,C_000157,,,,,-,,0,FALSE,FALSE
HBCS_256,PART_OF,School of,C_000157,,,,,-,,HB_1936_32,FALSE,FALSE
HBCS_075,PART_OF,School of,C_000056,,,,,-,,HB_1936_166,FALSE,FALSE
HBCS_077,PART_OF,School of,C_000056,,,,,-,,HB_1936_166,FALSE,FALSE
HBCS_108,PART_OF,School of,C_000056,,,,,-,,HB_1936_118-178,FALSE,FALSE
HBCS_164,PART_OF,School of,C_000056,,,,,-,,HB_1936_180-248,FALSE,FALSE
HBCS_225,PART_OF,School of,C_000056,,,,,-,,HB_1936_181-248,FALSE,FALSE
HBCS_337,PART_OF,School of,C_000056,,,,,-,,CM_1892_55-135; CM_1903_73,FALSE,FALSE
HBCS_338,PART_OF,School of,C_000056,,,,,-,,CM_1888_45; CM_1894_161,FALSE,FALSE
HBCS_339,PART_OF,School of,C_000056,,,,,-,,CM_1891_131,FALSE,FALSE
HBCS_340,PART_OF,School of,C_000056,,,,,-,,CM_1891_128,FALSE,FALSE
HBCS_347,PART_OF,School of,C_000056,,,,,-,,CM_1903_121,FALSE,FALSE
HBCS_348,PART_OF,School of,C_000056,,,,,-,,CM_1903_110,FALSE,FALSE
HBCS_349,PART_OF,School of,C_000056,,,,,-,,CM_1904_45,FALSE,FALSE
HBCS_350,PART_OF,School of,C_000056,,,,,-,,CM_1904_100,FALSE,FALSE
HBCS_351,PART_OF,School of,C_000056,,,,,-,,CM_1905_53; CM_1906_71,FALSE,FALSE
HBCS_352,PART_OF,School of,C_000056,,,,,-,,CM_1908_77-175-195,FALSE,FALSE
HBCS_353,PART_OF,School of,C_000056,,,,,-,,CM_1908_94; CM_1912_111; CM_1917_129,FALSE,FALSE
HBCS_354,PART_OF,School of,C_000056,,,,,-,,CM_1910_123; CM_1911_23,FALSE,FALSE
HBCS_356,PART_OF,School of,C_000056,,,,,-,,CM_1912_38,FALSE,FALSE
HBCS_357,PART_OF,School of,C_000056,,,,,-,,CM_1912_38,FALSE,FALSE
HBCS_358,PART_OF,School of,C_000056,,,,,-,,CM_1915_79,FALSE,FALSE
HBCS_359,PART_OF,School of,C_000056,,,,,-,,CM_1917_129,FALSE,FALSE
HBCS_360,PART_OF,School of,C_000056,,,,,-,,CM_1920_58; CM_1928_6,FALSE,FALSE
HBCS_361,PART_OF,School of,C_000056,,,,,-,,CM_1921_83,FALSE,FALSE
HBCS_362,PART_OF,School of,C_000056,,,,,-,,CM_1926_10,FALSE,FALSE
HBCS_363,PART_OF,School of,C_000056,,,,,-,,CM_1928_28,FALSE,FALSE
HBCS_364,PART_OF,School of,C_000056,,,,,-,,CM_1935_8,FALSE,FALSE
HBCS_371,PART_OF,School of,C_000056,,,,,-,,HB_1936_228,FALSE,FALSE
HBCS_387,PART_OF,School of,C_000056,,,,,-,,HB_1936_228,FALSE,FALSE
HBCS_082,PART_OF,School of,C_000014,,,,,-,,HB_1936_166,FALSE,FALSE
HBCS_096,PART_OF,School of,C_000014,,,,,-,,HB_1936_178,FALSE,FALSE
HBCS_128,PART_OF,School of,C_000014,,,,,-,,HB_1936_179,FALSE,FALSE
HBCS_134,PART_OF,School of,C_000014,,,,,-,,HB_1936_179-297,FALSE,FALSE
HBCS_172,PART_OF,School of,C_000014,,,,,-,,HB_1936_180-297,FALSE,FALSE
HBCS_209,PART_OF,School of,C_000014,,,,,-,,HB_1936_181-253,FALSE,FALSE
HBCS_221,PART_OF,School of,C_000014,,,,,-,,HB_1936_181-290,FALSE,FALSE
HBCS_226,PART_OF,School of,C_000014,,,,,-,,HB_1936_181-252,FALSE,FALSE
HBCS_240,PART_OF,School of,C_000014,,,,,-,,HB_1936_182-292,FALSE,FALSE
HBCS_266,PART_OF,School of,C_000014,,,,,-,,HB_1936_182-293,FALSE,FALSE
HBCS_289,PART_OF,School of,C_000014,,,,,-,,HB_1936_183-260,FALSE,FALSE
HBCS_290,PART_OF,School of,C_000014,,,,,-,,HB_1936_183-275,FALSE,FALSE
HBCS_330,PART_OF,School of,C_000014,,,,,-,,HB_1936_184-275,FALSE,FALSE
HBCS_131,PART_OF,School of,C_000270,,,,,-,,HB_1936_179-262,FALSE,FALSE
HBCS_155,PART_OF,School of,C_000270,,,,,-,,HB_1936_180,FALSE,FALSE
HBCS_157,PART_OF,School of,C_000270,,,,,-,,HB_1936_180,FALSE,FALSE
HBCS_158,PART_OF,School of,C_000270,,,,,-,,HB_1936_180-261,FALSE,FALSE
HBCS_230,PART_OF,School of,C_000270,,,,,-,,HB_1936_182,FALSE,FALSE
HBCS_231,PART_OF,School of,C_000270,,,,,-,,HB_1936_182,FALSE,FALSE
HBCS_052,PART_OF,School of,C_000228,,,,,-,,HB_1936_165,FALSE,FALSE
HBCS_066,PART_OF,School of,C_000228,,,,,-,,HB_1936_165,FALSE,FALSE
HBCS_063,PART_OF,School of,C_000082,,,,,-,,HB_1936_165,FALSE,FALSE
HBCS_064,PART_OF,School of,C_000082,,,,,-,,HB_1936_165,FALSE,FALSE
HBCS_079,PART_OF,School of,C_000234,,,,,-,,HB_1936_166,FALSE,FALSE
HBCS_080,PART_OF,School of,C_000234,,,,,-,,HB_1936_166,FALSE,FALSE
HBCS_110,PART_OF,School of,C_000234,,,,,-,,HB_1936_178,FALSE,FALSE
HBCS_220,PART_OF,School of,C_000234,,,,,-,,HB_1936_181-295,FALSE,FALSE
HBCS_294,PART_OF,School of,C_000234,,,,,-,,HB_1936_183-249,FALSE,FALSE
HBCS_206,PART_OF,School of,C_000268,,,,,-,,HB_1936_181,FALSE,FALSE
HBCS_116,PART_OF,School of,C_000372,,,,,-,,HB_1936_179,FALSE,FALSE
HBCS_118,PART_OF,School of,C_000372,,,,,-,,HB_1936_179,FALSE,FALSE
HBCS_310,PART_OF,School of,C_000372,,,,,-,,HB_1936_184-299,FALSE,FALSE
HBCS_044,PART_OF,School of,C_000011,,,,,-,,HB_1936_164,FALSE,FALSE
HBCS_051,PART_OF,School of,C_000011,,,,,-,,HB_1936_164,FALSE,FALSE
HBCS_060,PART_OF,School of,C_000011,,,,,-,,HB_1936_165,FALSE,FALSE
HBCS_093,PART_OF,School of,C_000011,,,,,-,,HB_1936_178,FALSE,FALSE
HBCS_103,PART_OF,School of,C_000011,,,,,-,,HB_1936_178,FALSE,FALSE
HBCS_104,PART_OF,School of,C_000011,,,,,-,,HB_1936_178-288,FALSE,FALSE
HBCS_112,PART_OF,School of,C_000011,,,,,-,,HB_1936_179-293,FALSE,FALSE
HBCS_176,PART_OF,School of,C_000011,,,,,-,,HB_1936_180-289,FALSE,FALSE
HBCS_214,PART_OF,School of,C_000011,,,,,-,,HB_1936_181,FALSE,FALSE
HBCS_216,PART_OF,School of,C_000011,,,,,-,,HB_1936_181-259,FALSE,FALSE
HBCS_241,PART_OF,School of,C_000011,,,,,-,,HB_1936_182-274,FALSE,FALSE
HBCS_285,PART_OF,School of,C_000011,,,,,-,,HB_1936_183-263,FALSE,FALSE
HBCS_299,PART_OF,School of,C_000011,,,,,-,,HB_1936_183-255,FALSE,FALSE
HBCS_334,PART_OF,School of,C_000011,,,,,-,,HB_1936_184-283,FALSE,FALSE
HBCS_102,PART_OF,School of,C_000222,,,,,-,,HB_1936_178-284,FALSE,FALSE
HBCS_122,PART_OF,School of,C_000222,,,,,-,,HB_1936_179-284,FALSE,FALSE
HBCS_152,PART_OF,School of,C_000222,,,,,-,,HB_1936_180-301,FALSE,FALSE
HBCS_335,PART_OF,School of,C_000222,,,,,-,,HB_1936_184-301,FALSE,FALSE
HBCS_084,PART_OF,School of,C_000242,,,,,-,,HB_1936_178,FALSE,FALSE
HBCS_113,PART_OF,School of,C_000242,,,,,-,,HB_1936_179,FALSE,FALSE
HBCS_233,PART_OF,School of,C_000242,,,,,-,,HB_1936_182-276,FALSE,FALSE
HBCS_247,PART_OF,School of,C_000242,,,,,-,,HB_1936_182-276,FALSE,FALSE
HBCS_388,PART_OF,School of,C_000242,,,,,-,,HB_1936_228,FALSE,FALSE
HBCS_086,PART_OF,School of,C_000075,,,,,-,,HB_1936_178,FALSE,FALSE
HBCS_087,PART_OF,School of,C_000075,,,,,-,,HB_1936_178,FALSE,FALSE
HBCS_090,PART_OF,School of,C_000075,,,,,-,,HB_1936_178,FALSE,FALSE
HBCS_106,PART_OF,School of,C_000075,,,,,-,,HB_1936_178-263,FALSE,FALSE
HBCS_109,PART_OF,School of,C_000075,,,,,-,,HB_1936_178-247,FALSE,FALSE
HBCS_119,PART_OF,School of,C_000075,,,,,-,,HB_1936_179-253,FALSE,FALSE
HBCS_125,PART_OF,School of,C_000075,,,,,-,,HB_1936_179,FALSE,FALSE
HBCS_147,PART_OF,School of,C_000075,,,,,-,,HB_1936_179,FALSE,FALSE
HBCS_180,PART_OF,School of,C_000075,,,,,-,,HB_1936_180-284,FALSE,FALSE
HBCS_232,PART_OF,School of,C_000075,,,,,-,,HB_1936_182-263; CCEA_1936_9,FALSE,FALSE
HBCS_245,PART_OF,School of,C_000075,,,,,-,,HB_1936_182,FALSE,FALSE
HBCS_246,PART_OF,School of,C_000075,,,,,-,,HB_1936_182,FALSE,FALSE
HBCS_254,PART_OF,School of,C_000075,,,,,-,,HB_1936_182-258,FALSE,FALSE
HBCS_255,PART_OF,School of,C_000075,,,,,-,,HB_1936_182,FALSE,FALSE
HBCS_259,PART_OF,School of,C_000075,,,,,-,,HB_1936_182-253,FALSE,FALSE
HBCS_268,PART_OF,School of,C_000075,,,,,-,,HB_1936_182,FALSE,FALSE
HBCS_276,PART_OF,School of,C_000075,,,,,-,,HB_1936_183-253,FALSE,FALSE
HBCS_277,PART_OF,School of,C_000075,,,,,-,,HB_1936_183-273,FALSE,FALSE
HBCS_370,PART_OF,School of,C_000075,,,,,-,,HB_1936_228,FALSE,FALSE
HBCS_287,PART_OF,School of,C_000034,,,,,-,,HB_1936_183-290,FALSE,FALSE
HBCS_143,PART_OF,School of,C_000101,,,,,-,,HB_1936_179-302,FALSE,FALSE
HBCS_237,PART_OF,School of,C_000101,,,,,-,,HB_1936_182-251,FALSE,FALSE
HBCS_238,PART_OF,School of,C_000101,,,,,-,,HB_1936_182,FALSE,FALSE
HBCS_239,PART_OF,School of,C_000101,,,,,-,,HB_1936_182-264,FALSE,FALSE
HBCS_329,PART_OF,School of,C_000101,,,,,-,,HB_1936_184-289; CCEA_1936_14,FALSE,FALSE
HBCS_097,PART_OF,School of,C_000285,,,,,-,,HB_1936_178,FALSE,FALSE
HBCS_136,PART_OF,School of,C_000233,,,,,-,,HB_1936_25-179,FALSE,FALSE
HBCS_137,PART_OF,School of,C_000233,,,,,-,,HB_1936_25-179,FALSE,FALSE
HBCS_074,PART_OF,School of,C_000066,,,,,-,,HB_1936_166,FALSE,FALSE
HBCS_379,PART_OF,School of,C_000066,,,,,-,,HB_1936_228,FALSE,FALSE
HBCS_042,PART_OF,School of,C_000035,,,,,-,,HB_1936_164,FALSE,FALSE
HBCS_190,PART_OF,School of,C_000035,,,,,-,,HB_1936_180-265,FALSE,FALSE
HBCS_192,PART_OF,School of,C_000035,,,,,-,,HB_1936_181-273,FALSE,FALSE
HBCS_111,PART_OF,School of,C_000039,,,,,-,,HB_1936_179,FALSE,FALSE
HBCS_120,PART_OF,School of,C_000883,,,,,-,,HB_1936_179-256,FALSE,FALSE
HBCS_153,PART_OF,School of,C_000883,,,,,-,,HB_1936_180-252,FALSE,FALSE
HBCS_156,PART_OF,School of,C_000883,,,,,-,,HB_1936_180-252,FALSE,FALSE
HBCS_205,PART_OF,School of,C_000883,,,,,-,,HB_1936_181-291,FALSE,FALSE
HBCS_274,PART_OF,School of,C_000883,,,,,-,,HB_1936_183-285,FALSE,FALSE
HBCS_295,PART_OF,School of,C_000883,,,,,-,,HB_1936_183-256,FALSE,FALSE
HBCS_305,PART_OF,School of,C_000883,,,,,-,,HB_1936_184-299,FALSE,FALSE
HBCS_375,PART_OF,School of,C_000883,,,,,-,,HB_1936_228,FALSE,FALSE
HBCS_383,PART_OF,School of,C_000135,,,,,-,,HB_1936_228,FALSE,FALSE
HBCS_385,PART_OF,School of,C_000135,,,,,-,,HB_1936_228,FALSE,FALSE
HBCS_149,PART_OF,School of,C_000196,,,,,-,,HB_1936_179-301,FALSE,FALSE
HBCS_150,PART_OF,School of,C_000196,,,,,-,,HB_1936_179,FALSE,FALSE
HBCS_373,PART_OF,School of,C_000196,,,,,-,,HB_1936_228,FALSE,FALSE
HBCS_050,PART_OF,School of,C_000248,,,,,-,,HB_1936_164,FALSE,FALSE
HBCS_092,PART_OF,School of,C_000248,,,,,-,,HB_1936_24-178,FALSE,FALSE
HBCS_115,PART_OF,School of,C_000248,,,,,-,,HB_1936_179,FALSE,FALSE
HBCS_123,PART_OF,School of,C_000248,,,,,-,,HB_1936_179-277,FALSE,FALSE
HBCS_124,PART_OF,School of,C_000248,,,,,-,,HB_1936_24-179; EDC_1920_50,FALSE,FALSE
HBCS_211,PART_OF,School of,C_000248,,,,,-,,HB_1936_181-282,FALSE,FALSE
HBCS_227,PART_OF,School of,C_000248,,,,,-,,HB_1936_181-215,FALSE,FALSE
HBCS_228,PART_OF,School of,C_000248,,,,,-,,HB_1936_181-299,FALSE,FALSE
HBCS_229,PART_OF,School of,C_000248,,,,,-,,HB_1936_182,FALSE,FALSE
HBCS_271,PART_OF,School of,C_000248,,,,,-,,HB_1936_183-282,FALSE,FALSE
HBCS_284,PART_OF,School of,C_000248,,,,,-,,HB_1936_183,FALSE,FALSE
HBCS_288,PART_OF,School of,C_000248,,,,,-,,HB_1936_183-259,FALSE,FALSE
HBCS_300,PART_OF,School of,C_000248,,,,,-,,HB_1936_183-287,FALSE,FALSE
HBCS_308,PART_OF,School of,C_000248,,,,,-,,HB_1936_184-248; CCEA_1936_66,FALSE,FALSE
HBCS_314,PART_OF,School of,C_000248,,,,,-,,HB_1936_184-288,FALSE,FALSE
HBCS_073,PART_OF,School of,C_000138,,,,,-,,HB_1936_166,FALSE,FALSE
HBCS_175,PART_OF,School of,C_000253,,,,,-,,HB_1936_180-262,FALSE,FALSE
HBCS_010,PART_OF,School of,C_000171,,,,,-,,HB_1936_150-158,FALSE,FALSE
HBCS_089,PART_OF,School of,C_000171,,,,,-,,HB_1936_178,FALSE,FALSE
HBCS_121,PART_OF,School of,C_000171,,,,,-,,HB_1936_179-287,FALSE,FALSE
HBCS_144,PART_OF,School of,C_000171,,,,,-,,HB_1936_179,FALSE,FALSE
HBCS_199,PART_OF,School of,C_000171,,,,,-,,HB_1936_181-293,FALSE,FALSE
HBCS_262,PART_OF,School of,C_000171,,,,,-,,HB_1936_182,FALSE,FALSE
HBCS_263,PART_OF,School of,C_000171,,,,,-,,HB_1936_182,FALSE,FALSE
HBCS_297,PART_OF,School of,C_000171,,,,,-,,HB_1936_183-259,FALSE,FALSE
HBCS_028,PART_OF,School of,C_000170,,,,,-,,HB_1936_163,FALSE,FALSE
HBCS_038,PART_OF,School of,C_000170,,,,,-,,HB_1936_164,FALSE,FALSE
HBCS_091,PART_OF,School of,C_000170,,,,,-,,HB_1936_178,FALSE,FALSE
HBCS_098,PART_OF,School of,C_000170,,,,,-,,HB_1936_178-253,FALSE,FALSE
HBCS_107,PART_OF,School of,C_000170,,,,,-,,HB_1936_178-301,FALSE,FALSE
HBCS_132,PART_OF,School of,C_000170,,,,,-,,HB_1936_179-288,FALSE,FALSE
HBCS_135,PART_OF,School of,C_000170,,,,,-,,HB_1936_179-249,FALSE,FALSE
HBCS_139,PART_OF,School of,C_000170,,,,,-,,HB_1936_179-257,FALSE,FALSE
HBCS_140,PART_OF,School of,C_000170,,,,,-,,HB_1936_179-257,FALSE,FALSE
HBCS_165,PART_OF,School of,C_000170,,,,,-,,HB_1936_180-247,FALSE,FALSE
HBCS_166,PART_OF,School of,C_000170,,,,,-,,HB_1936_180,FALSE,FALSE
HBCS_167,PART_OF,School of,C_000170,,,,,-,,HB_1936_180-293,FALSE,FALSE
HBCS_173,PART_OF,School of,C_000170,,,,,-,,HB_1936_180-297,FALSE,FALSE
HBCS_186,PART_OF,School of,C_000170,,,,,-,,HB_1936_180-255,FALSE,FALSE
HBCS_210,PART_OF,School of,C_000170,,,,,-,,HB_1936_181-254,FALSE,FALSE
HBCS_215,PART_OF,School of,C_000170,,,,,-,,HB_1936_181-296,FALSE,FALSE
HBCS_217,PART_OF,School of,C_000170,,,,,-,,HB_1936_181,FALSE,FALSE
HBCS_242,PART_OF,School of,C_000170,,,,,-,,HB_1936_182-297,FALSE,FALSE
HBCS_267,PART_OF,School of,C_000170,,,,,-,,HB_1936_182-288,FALSE,FALSE
HBCS_275,PART_OF,School of,C_000170,,,,,-,,HB_1936_183-270,FALSE,FALSE
HBCS_286,PART_OF,School of,C_000170,,,,,-,,HB_1936_183-290,FALSE,FALSE
HBCS_292,PART_OF,School of,C_000170,,,,,-,,HB_1936_183-271,FALSE,FALSE
HBCS_298,PART_OF,School of,C_000170,,,,,-,,HB_1936_183-273,FALSE,FALSE
HBCS_307,PART_OF,School of,C_000170,,,,,-,,HB_1936_184-264,FALSE,FALSE
HBCS_309,PART_OF,School of,C_000170,,,,,-,,HB_1936_184-289,FALSE,FALSE
HBCS_313,PART_OF,School of,C_000170,,,,,-,,HB_1936_184-287,FALSE,FALSE
HBCS_045,PART_OF,School of,C_000284,,,,,-,,HB_1936_164,FALSE,FALSE
HBCS_046,PART_OF,School of,C_000284,,,,,-,,HB_1936_164,FALSE,FALSE
HBCS_053,PART_OF,School of,C_000284,,,,,-,,HB_1936_165,FALSE,FALSE
HBCS_068,PART_OF,School of,C_000284,,,,,-,,HB_1936_165,FALSE,FALSE
HBCS_159,PART_OF,School of,C_000284,,,,,-,,HB_1936_180-254,FALSE,FALSE
HBCS_203,PART_OF,School of,C_000284,,,,,-,,HB_1936_181-250,FALSE,FALSE
HBCS_204,PART_OF,School of,C_000284,,,,,-,,HB_1936_181-272,FALSE,FALSE
HBCS_243,PART_OF,School of,C_000284,,,,,-,,HB_1936_182-264,FALSE,FALSE
HBCS_270,PART_OF,School of,C_000284,,,,,-,,HB_1936_183; EDC_1920_97,FALSE,FALSE
HBCS_302,PART_OF,School of,C_000284,,,,,-,,HB_1936_183-253,FALSE,FALSE
HBCS_345,PART_OF,School of,C_000314,,,,,-,,CM_1902_46,FALSE,FALSE
HBCS_174,PART_OF,School of,C_000221,,,,,-,,HB_1936_180-271,FALSE,FALSE
HBCS_272,PART_OF,School of,C_000221,,,,,-,,HB_1936_183,FALSE,FALSE
HBCS_007,PART_OF,School of,C_000219,,,,,-,,HB_1936_150-158,FALSE,FALSE
HBCS_030,PART_OF,School of,C_000219,,,,,-,,HB_1936_163,FALSE,FALSE
HBCS_031,PART_OF,School of,C_000219,,,,,-,,HB_1936_161,FALSE,FALSE
HBCS_094,PART_OF,School of,C_000219,,,,,-,,HB_1936_178-298,FALSE,FALSE
HBCS_095,PART_OF,School of,C_000219,,,,,-,,HB_1936_178-298,FALSE,FALSE
HBCS_196,PART_OF,School of,C_000219,,,,,-,,HB_1936_181-300,FALSE,FALSE
HBCS_244,PART_OF,School of,C_000219,,,,,-,,HB_1936_182-260,FALSE,FALSE
HBCS_248,PART_OF,School of,C_000219,,,,,-,,HB_1936_182-298,FALSE,FALSE
HBCS_249,PART_OF,School of,C_000219,,,,,-,,HB_1936_182,FALSE,FALSE
HBCS_250,PART_OF,School of,C_000219,,,,,-,,HB_1936_182-278,FALSE,FALSE
HBCS_252,PART_OF,School of,C_000219,,,,,-,,HB_1936_182-255,FALSE,FALSE
HBCS_253,PART_OF,School of,C_000219,,,,,-,,HB_1936_182-279,FALSE,FALSE
HBCS_261,PART_OF,School of,C_000219,,,,,-,,HB_1936_182,FALSE,FALSE
HBCS_316,PART_OF,School of,C_000219,,,,,-,,HB_1936_184-255,FALSE,FALSE
HBCS_397,PART_OF,School of,C_000219,,,,,-,,HB_1936_228,FALSE,FALSE
HBCS_154,PART_OF,School of,C_000051,,,,,-,,HB_1936_180; EDC_1920_96,FALSE,FALSE
HBCS_171,PART_OF,School of,C_000080,,,,,-,,HB_1936_180-260,FALSE,FALSE
HBCS_040,PART_OF,School of,C_000089,,,,,-,,HB_1936_164,FALSE,FALSE
HBCS_148,PART_OF,School of,C_000163,,,,,-,,HB_1936_179-252,FALSE,FALSE
HBCS_187,PART_OF,School of,C_000163,,,,,-,,HB_1936_180-287,FALSE,FALSE
HBCS_127,PART_OF,School of,C_000016,,,,,-,,HB_1936_38-179,FALSE,FALSE
HBCS_039,PART_OF,School of,C_000106,,,,,-,,HB_1936_164,FALSE,FALSE
HBCS_003,PART_OF,School of,C_000104,,,,,-,,HB_1936_178,FALSE,FALSE
HBCS_212,PART_OF,School of,C_000104,,,,,-,,HB_1936_181-297,FALSE,FALSE
HBCS_059,PART_OF,School of,C_000019,,,,,-,,HB_1936_165,FALSE,FALSE
HBCS_067,PART_OF,School of,C_000019,,,,,-,,HB_1936_165,FALSE,FALSE
HBCS_069,PART_OF,School of,C_000019,,,,,-,,HB_1936_166,FALSE,FALSE
HBCS_070,PART_OF,School of,C_000019,,,,,-,,HB_1936_166,FALSE,FALSE
HBCS_071,PART_OF,School of,C_000019,,,,,-,,HB_1936_166,FALSE,FALSE
HBCS_072,PART_OF,School of,C_000019,,,,,-,,HB_1936_166,FALSE,FALSE
HBCS_078,PART_OF,School of,C_000019,,,,,-,,HB_1936_166,FALSE,FALSE
HBCS_100,PART_OF,School of,C_000019,,,,,-,,HB_1936_88-178,FALSE,FALSE
HBCS_105,PART_OF,School of,C_000019,,,,,-,,HB_1936_178,FALSE,FALSE
HBCS_114,PART_OF,School of,C_000019,,,,,-,,HB_1936_179,FALSE,FALSE
HBCS_126,PART_OF,School of,C_000019,,,,,-,,HB_1936_179-281,FALSE,FALSE
HBCS_160,PART_OF,School of,C_000019,,,,,-,,HB_1936_180,FALSE,FALSE
HBCS_163,PART_OF,School of,C_000019,,,,,-,,HB_1936_180-259,FALSE,FALSE
HBCS_169,PART_OF,School of,C_000019,,,,,-,,HB_1936_180-260; CCEA_1936_14,FALSE,FALSE
HBCS_179,PART_OF,School of,C_000019,,,,,-,,HB_1936_180-296,FALSE,FALSE
HBCS_182,PART_OF,School of,C_000019,,,,,-,,HB_1936_180,FALSE,FALSE
HBCS_183,PART_OF,School of,C_000019,,,,,-,,HB_1936_180-298,FALSE,FALSE
HBCS_188,PART_OF,School of,C_000019,,,,,-,,HB_1936_180-301,FALSE,FALSE
HBCS_193,PART_OF,School of,C_000019,,,,,-,,HB_1936_181-283,FALSE,FALSE
HBCS_198,PART_OF,School of,C_000019,,,,,-,,HB_1936_181-293,FALSE,FALSE
HBCS_208,PART_OF,School of,C_000019,,,,,-,,HB_1936_181-272,FALSE,FALSE
HBCS_234,PART_OF,School of,C_000019,,,,,-,,HB_1936_182-245,FALSE,FALSE
HBCS_236,PART_OF,School of,C_000019,,,,,-,,HB_1936_182-294,FALSE,FALSE
HBCS_278,PART_OF,School of,C_000019,,,,,-,,HB_1936_183-245,FALSE,FALSE
HBCS_279,PART_OF,School of,C_000019,,,,,-,,HB_1936_183-248,FALSE,FALSE
HBCS_280,PART_OF,School of,C_000019,,,,,-,,HB_1936_183-294,FALSE,FALSE
HBCS_281,PART_OF,School of,C_000019,,,,,-,,HB_1936_183,FALSE,FALSE
HBCS_282,PART_OF,School of,C_000019,,,,,-,,HB_1936_183-276,FALSE,FALSE
HBCS_296,PART_OF,School of,C_000019,,,,,-,,HB_1936_183,FALSE,FALSE
HBCS_301,PART_OF,School of,C_000019,,,,,-,,HB_1936_183-292,FALSE,FALSE
HBCS_303,PART_OF,School of,C_000019,,,,,-,,HB_1936_184-295,FALSE,FALSE
HBCS_317,PART_OF,School of,C_000019,,,,,-,,HB_1936_184-248,FALSE,FALSE
HBCS_382,PART_OF,School of,C_000019,,,,,-,,HB_1936_228,FALSE,FALSE
HBCS_057,PART_OF,School of,C_000020,,,,,-,,HB_1936_165,FALSE,FALSE
HBCS_058,PART_OF,School of,C_000020,,,,,-,,HB_1936_165,FALSE,FALSE
HBCS_177,PART_OF,School of,C_000020,,,,,-,,HB_1936_180-263,FALSE,FALSE
HBCS_224,PART_OF,School of,C_000020,,,,,-,,HB_1936_181-288,FALSE,FALSE
HBCS_264,PART_OF,School of,C_000020,,,,,-,,HB_1936_182-262,FALSE,FALSE
HBCS_265,PART_OF,School of,C_000020,,,,,-,,HB_1936_182-262,FALSE,FALSE
HBCS_024,PART_OF,School of,C_000008,,,,,-,,HB_1936_160-247,FALSE,FALSE
HBCS_025,PART_OF,School of,C_000008,,,,,-,,HB_1936_160,FALSE,FALSE
HBCS_026,PART_OF,School of,C_000008,,,,,-,,HB_1936_160-184,FALSE,FALSE
INST_TEMP_ID,LABEL,REL_TYPE,CHCD_ID,,,,,-,,,FALSE,FALSE
HBLT_007,PART_OF,Library of,C_000019,,,,,-,,,FALSE,FALSE
HBLT_007,PART_OF,Library of,C_000020,,,,,-,,,FALSE,FALSE
HBLT_005,PART_OF,Library of,C_000014,,,,,-,,,FALSE,FALSE
HBLT_005,PART_OF,Library of,C_000075,,,,,-,,,FALSE,FALSE
HBLT_005,PART_OF,Library of,C_000221,,,,,-,,,FALSE,FALSE
HBLT_005,PART_OF,Library of,C_000170,,,,,-,,,FALSE,FALSE
HBLT_036,PART_OF,Library of,C_000284,,,,,-,,,FALSE,FALSE
HBLT_001,PART_OF,Library of,C_000157,,,,,-,,,FALSE,FALSE
HBLT_001,PART_OF,Library of,C_000170,,,,,-,,,FALSE,FALSE
HBLT_001,PART_OF,Library of,C_000019,,,,,-,,,FALSE,FALSE
HBLT_001,PART_OF,Library of,C_000014,,,,,-,,,FALSE,FALSE
HBLT_003,PART_OF,Library of,C_000219,,,,,-,,,FALSE,FALSE
HBLT_003,PART_OF,Library of,C_000157,,,,,-,,,FALSE,FALSE
HBLT_003,PART_OF,Library of,C_000222,,,,,-,,,FALSE,FALSE
HBLT_003,PART_OF,Library of,C_000883,,,,,-,,,FALSE,FALSE
HBLT_003,PART_OF,Library of,C_000008,,,,,-,,,FALSE,FALSE
HBLT_042,PART_OF,Library of,C_000170,,,,,-,,,FALSE,FALSE
HBLT_042,PART_OF,Library of,C_000372,,,,,-,,,FALSE,FALSE
HBLT_042,PART_OF,Library of,C_000011,,,,,-,,,FALSE,FALSE
HBLT_042,PART_OF,Library of,C_000019,,,,,-,,,FALSE,FALSE
HBLT_008,PART_OF,Library of,C_000876,,,,,-,,,FALSE,FALSE
HBLT_008,PART_OF,Library of,C_000157,,,,,-,,,FALSE,FALSE
HBLT_008,PART_OF,Library of,C_000284,,,,,-,,,FALSE,FALSE
HBLT_008,PART_OF,Library of,C_000170,,,,,-,,,FALSE,FALSE
HBLT_008,PART_OF,Library of,C_000171,,,,,-,,,FALSE,FALSE
HBLT_008,PART_OF,Library of,C_000019,,,,,-,,,FALSE,FALSE
HBLT_008,PART_OF,Library of,C_000222,,,,,-,,,FALSE,FALSE
HBLT_008,PART_OF,Library of,C_000372,,,,,-,,,FALSE,FALSE
HBLT_044,PART_OF,Library of,C_000011,,,,,-,,,FALSE,FALSE
HBLT_044,PART_OF,Library of,C_000248,,,,,-,,,FALSE,FALSE
HBLT_045,PART_OF,Library of,C_000011,,,,,-,,,FALSE,FALSE
HBLT_045,PART_OF,Library of,C_000248,,,,,-,,,FALSE,FALSE
HBLT_012,PART_OF,Library of,C_000285,,,,,-,,,FALSE,FALSE
HBLT_012,PART_OF,Library of,C_000876,,,,,-,,,FALSE,FALSE
HBLT_012,PART_OF,Library of,C_000182,,,,,-,,,FALSE,FALSE
HBLT_012,PART_OF,Library of,C_000222,,,,,-,,,FALSE,FALSE
HBLT_012,PART_OF,Library of,C_000284,,,,,-,,,FALSE,FALSE
HBLT_011,PART_OF,Library of,C_000171,,,,,-,,,FALSE,FALSE
HBLT_004,PART_OF,Library of,C_000014,,,,,-,,,FALSE,FALSE
HBLT_004,PART_OF,Library of,C_000034,,,,,-,,,FALSE,FALSE
HBLT_004,PART_OF,Library of,C_000170,,,,,-,,,FALSE,FALSE
HBLT_004,PART_OF,Library of,C_000019,,,,,-,,,FALSE,FALSE
HBLT_004,PART_OF,Library of,C_000270,,,,,-,,,FALSE,FALSE
HBLT_038,PART_OF,Library of,C_000011,,,,,-,,,FALSE,FALSE
HBLT_038,PART_OF,Library of,C_000120,,,,,-,,,FALSE,FALSE
HBLT_038,PART_OF,Library of,C_000270,,,,,-,,,FALSE,FALSE
HBLT_038,PART_OF,Library of,C_000170,,,,,-,,,FALSE,FALSE
HBLT_013,PART_OF,Library of,C_000019,,,,,-,,,FALSE,FALSE
HBLT_013,PART_OF,Library of,C_000020,,,,,-,,,FALSE,FALSE
HBLT_017,PART_OF,Library of,C_000284,,,,,-,,,FALSE,FALSE
HBLT_017,PART_OF,Library of,C_000170,,,,,-,,,FALSE,FALSE
HBLT_063,PART_OF,Library of,C_000170,,,,,-,,,FALSE,FALSE
HBLT_063,PART_OF,Library of,C_000284,,,,,-,,,FALSE,FALSE
HBLT_024,PART_OF,Library of,C_000011,,,,,-,,,FALSE,FALSE
HBLT_024,PART_OF,Library of,C_000248,,,,,-,,,FALSE,FALSE
HBLT_110,PART_OF,Library of,C_000018,,,,,-,,,FALSE,FALSE
HBLT_110,PART_OF,Library of,C_000115,,,,,-,,,FALSE,FALSE
HBLT_110,PART_OF,Library of,C_000163,,,,,-,,,FALSE,FALSE
HBLT_110,PART_OF,Library of,C_000196,,,,,-,,,FALSE,FALSE
HBLT_110,PART_OF,Library of,C_000322,,,,,-,,,FALSE,FALSE
HBLT_111,PART_OF,Library of,C_000222,,,,,-,,,FALSE,FALSE
HBLT_111,PART_OF,Library of,C_000157,,,,,-,,,FALSE,FALSE
HBLT_111,PART_OF,Library of,C_000883,,,,,-,,,FALSE,FALSE
HBLT_112,PART_OF,Library of,C_000170,,,,,-,,,FALSE,FALSE
HBLT_112,PART_OF,Library of,C_000171,,,,,-,,,FALSE,FALSE
HBLT_112,PART_OF,Library of,C_000019,,,,,-,,,FALSE,FALSE
HBLT_112,PART_OF,Library of,C_000020,,,,,-,,,FALSE,FALSE
HBLT_112,PART_OF,Library of,C_000270,,,,,-,,,FALSE,FALSE
HBLT_104,PART_OF,Library of,C_000019,,,,,-,,,FALSE,FALSE
HBLT_030,PART_OF,Library of,C_000018,,,,,-,,,FALSE,FALSE
HBLT_099,PART_OF,Library of,C_000289,,,,,-,,,FALSE,FALSE
HBLT_106,PART_OF,Library of,C_000289,,,,,-,,,FALSE,FALSE
HBLT_107,PART_OF,Library of,C_000289,,,,,-,,,FALSE,FALSE
HBLT_100,PART_OF,Library of,C_000289,,,,,-,,,FALSE,FALSE
HBLT_102,PART_OF,Library of,C_000289,,,,,-,,,FALSE,FALSE
HBLT_033,PART_OF,Library of,C_000289,,,,,-,,,FALSE,FALSE
HBLT_002,PART_OF,Library of,C_000289,,,,,-,,,FALSE,FALSE
HBLT_009,PART_OF,Library of,C_000289,,,,,-,,,FALSE,FALSE
HBLT_105,PART_OF,Library of,C_000289,,,,,-,,,FALSE,FALSE
HBLT_098,PART_OF,Library of,C_000289,,,,,-,,,FALSE,FALSE
HBLT_039,PART_OF,Library of,C_000289,,,,,-,,,FALSE,FALSE
HBLT_089,PART_OF,Library of,C_000289,,,,,-,,,FALSE,FALSE
HBLT_061,PART_OF,Library of,C_000157,,,,,-,,,FALSE,FALSE
HBLT_067,PART_OF,Library of,C_000157,,,,,-,,,FALSE,FALSE
HBLT_097,PART_OF,Library of,C_000056,,,,,-,,,FALSE,FALSE
HBLT_056,PART_OF,Library of,C_000014,,,,,-,,,FALSE,FALSE
HBLT_019,PART_OF,Library of,C_000014,,,,,-,,,FALSE,FALSE
HBLT_028,PART_OF,Library of,C_000014,,,,,-,,,FALSE,FALSE
HBLT_094,PART_OF,Library of,C_000014,,,,,-,,,FALSE,FALSE
HBLT_016,PART_OF,Library of,C_000014,,,,,-,,,FALSE,FALSE
HBLT_020,PART_OF,Library of,C_000014,,,,,-,,,FALSE,FALSE
HBLT_060,PART_OF,Library of,C_000014,,,,,-,,,FALSE,FALSE
HBLT_093,PART_OF,Library of,C_000014,,,,,-,,,FALSE,FALSE
HBLT_041,PART_OF,Library of,C_000234,,,,,-,,,FALSE,FALSE
HBLT_021,PART_OF,Library of,C_000372,,,,,-,,,FALSE,FALSE
HBLT_047,PART_OF,Library of,C_000011,,,,,-,,,FALSE,FALSE
HBLT_066,PART_OF,Library of,C_000222,,,,,-,,,FALSE,FALSE
HBLT_050,PART_OF,Library of,C_000075,,,,,-,,,FALSE,FALSE
HBLT_029,PART_OF,Library of,C_000034,,,,,-,,,FALSE,FALSE
HBLT_018,PART_OF,Library of,C_000101,,,,,-,,,FALSE,FALSE
HBLT_051,PART_OF,Library of,C_000101,,,,,-,,,FALSE,FALSE
HBLT_022,PART_OF,Library of,C_000285,,,,,-,,,FALSE,FALSE
HBLT_075,PART_OF,Library of,C_000233,,,,,-,,,FALSE,FALSE
HBLT_091,PART_OF,Library of,C_000035,,,,,-,,,FALSE,FALSE
HBLT_032,PART_OF,Library of,C_000070,,,,,-,,,FALSE,FALSE
HBLT_092,PART_OF,Library of,C_000883,,,,,-,,,FALSE,FALSE
HBLT_069,PART_OF,Library of,C_000883,,,,,-,,,FALSE,FALSE
HBLT_074,PART_OF,Library of,C_000248,,,,,-,,,FALSE,FALSE
HBLT_086,PART_OF,Library of,C_000248,,,,,-,,,FALSE,FALSE
HBLT_087,PART_OF,Library of,C_000248,,,,,-,,,FALSE,FALSE
HBLT_079,PART_OF,Library of,C_000248,,,,,-,,,FALSE,FALSE
HBLT_109,PART_OF,Library of,C_000138,,,,,-,,,FALSE,FALSE
HBLT_080,PART_OF,Library of,C_000171,,,,,-,,,FALSE,FALSE
HBLT_077,PART_OF,Library of,C_000171,,,,,-,,,FALSE,FALSE
HBLT_034,PART_OF,Library of,C_000171,,,,,-,,,FALSE,FALSE
HBLT_043,PART_OF,Library of,C_000171,,,,,-,,,FALSE,FALSE
HBLT_048,PART_OF,Library of,C_000171,,,,,-,,,FALSE,FALSE
HBLT_052,PART_OF,Library of,C_000170,,,,,-,,,FALSE,FALSE
HBLT_015,PART_OF,Library of,C_000170,,,,,-,,,FALSE,FALSE
HBLT_055,PART_OF,Library of,C_000170,,,,,-,,,FALSE,FALSE
HBLT_062,PART_OF,Library of,C_000170,,,,,-,,,FALSE,FALSE
HBLT_053,PART_OF,Library of,C_000170,,,,,-,,,FALSE,FALSE
HBLT_108,PART_OF,Library of,C_000170,,,,,-,,,FALSE,FALSE
HBLT_054,PART_OF,Library of,C_000170,,,,,-,,,FALSE,FALSE
HBLT_071,PART_OF,Library of,C_000170,,,,,-,,,FALSE,FALSE
HBLT_082,PART_OF,Library of,C_000170,,,,,-,,,FALSE,FALSE
HBLT_083,PART_OF,Library of,C_000170,,,,,-,,,FALSE,FALSE
HBLT_073,PART_OF,Library of,C_000284,,,,,-,,,FALSE,FALSE
HBLT_070,PART_OF,Library of,C_000284,,,,,-,,,FALSE,FALSE
HBLT_010,PART_OF,Library of,C_000219,,,,,-,,,FALSE,FALSE
HBLT_081,PART_OF,Library of,C_000219,,,,,-,,,FALSE,FALSE
HBLT_023,PART_OF,Library of,C_000219,,,,,-,,,FALSE,FALSE
HBLT_068,PART_OF,Library of,C_000219,,,,,-,,,FALSE,FALSE
HBLT_025,PART_OF,Library of,C_000219,,,,,-,,,FALSE,FALSE
HBLT_024,PART_OF,Library of,C_000219,,,,,-,,,FALSE,FALSE
HBLT_065,PART_OF,Library of,C_000104,,,,,-,,,FALSE,FALSE
HBLT_057,PART_OF,Library of,C_000019,,,,,-,,,FALSE,FALSE
HBLT_096,PART_OF,Library of,C_000019,,,,,-,,,FALSE,FALSE
HBLT_076,PART_OF,Library of,C_000019,,,,,-,,,FALSE,FALSE
HBLT_078,PART_OF,Library of,C_000019,,,,,-,,,FALSE,FALSE
HBLT_006,PART_OF,Library of,C_000019,,,,,-,,,FALSE,FALSE
HBLT_049,PART_OF,Library of,C_000019,,,,,-,,,FALSE,FALSE
HBLT_088,PART_OF,Library of,C_000019,,,,,-,,,FALSE,FALSE
HBLT_014,PART_OF,Library of,C_000019,,,,,-,,,FALSE,FALSE
HBLT_058,PART_OF,Library of,C_000019,,,,,-,,,FALSE,FALSE
HBLT_026,PART_OF,Library of,C_000019,,,,,-,,,FALSE,FALSE
HBLT_095,PART_OF,Library of,C_000019,,,,,-,,,FALSE,FALSE
HBLT_072,PART_OF,Library of,C_000020,,,,,-,,,FALSE,FALSE
HBLT_040,PART_OF,Library of,C_000008,,,,,-,,,FALSE,FALSE
HBLT_064,PART_OF,Library of,C_000008,,,,,-,,,FALSE,FALSE
HBLAI_201,PART_OF,Publishing Body of,C_000013,C_000013,,,,-,,HB_1936_198,FALSE,FALSE
HBLAI_206,PART_OF,Publishing Body of,C_000047,C_000047,,,,-,,HB_1936_201,FALSE,FALSE
HBLAI_205,PART_OF,Publishing Body of,C_000051,C_000051,,,,-,,HB_1936_200,FALSE,FALSE
HBLAI_202,PART_OF,Publishing Body of,C_000066,C_000066,,,,-,,HB_1936_200,FALSE,FALSE
HBLAI_208,PART_OF,Publishing Body of,C_000070,C_000070,,,,-,,HB_1936_202,FALSE,FALSE
HBLAI_220,PART_OF,Publishing Body of,C_000135,C_000135,,,,-,,HB_1936_226,FALSE,FALSE
HBLAI_214,PART_OF,Publishing Body of,C_000183,C_000183,,,,-,,HB_1936_205,FALSE,FALSE
HBLAI_219,PART_OF,Publishing Body of,C_000183,C_000183,,,,-,,HB_1936_226,FALSE,FALSE
HBLAI_217,PART_OF,Publishing Body of,C_000224,C_000224,,,,-,,HB_1936_207,FALSE,FALSE
HBLAI_218,PART_OF,Publishing Body of,C_000239,C_000239,,,,-,,HB_1936_208,FALSE,FALSE
HBLAI_215,PART_OF,Publishing Body of,C_000261,C_000261,,,,-,,HB_1936_206,FALSE,FALSE
HBLAI_207,PART_OF,Publishing Body of,C_000307,C_000307,,,,-,,HB_1936_202,FALSE,FALSE
HBLAI_204,PART_OF,Publishing Body of,C_000880,C_000880,,,,-,,HB_1936_200,FALSE,FALSE
HBLAI_221,PART_OF,Publishing Body of,C_000886,C_000886,,,,-,,HB_1936_227,FALSE,FALSE
HBLAI_211,PART_OF,Publishing Body of,C_000919,C_000919,,,,-,,HB_1936_204,FALSE,FALSE
HBLAI_212,PART_OF,Publishing Body of,C_000919,C_000919,,,,-,,HB_1936_204,FALSE,FALSE
HBLAI_216,PART_OF,Publishing Body of,C_001129,C_001129,,,,-,,HB_1936_207,FALSE,FALSE
HBLAI_203,PART_OF,Publishing Body of,C_000289,C_000289,,,,-,,HB_1936_200,FALSE,FALSE
HBLAI_209,PART_OF,Publishing Body of,HBLAC_5,,,,,-,,HB_1936_203,FALSE,FALSE
HBLAI_210,PART_OF,Publishing Body of,HBLAC_8,,,,,-,,HB_1936_204,FALSE,FALSE
HBLAI_213,PART_OF,Publishing Body of,HBLAC_4,,,,,-,,HB_1936_204,FALSE,FALSE
EDCT_775,PRESENT_AT,,GT_001,,,,,-,RECORDED AS: Anhui,EDC_1914_7,FALSE,FALSE
EDCT_700,PRESENT_AT,,GT_002,,,,,-,RECORDED AS: Anhwei,EDC_1914_1,FALSE,FALSE
EDCT_680,PRESENT_AT,,GT_003,,,,,-,RECORDED AS: Chapei; Shanghai,EDC_1917_91,FALSE,FALSE
EDCT_535,PRESENT_AT,,GT_004,,,,,-,RECORDED AS: Chengting,EDC_1918_50,FALSE,FALSE
EDCT_681,PRESENT_AT,,GT_005,,,,,-,"RECORDED AS: Chihsien, Chihli",EDC_1918_142,FALSE,FALSE
EDCT_816,PRESENT_AT,,GT_006,,,,,-,"RECORDED AS: Chinchowfu, Manchuria",EDC_1916_63,FALSE,FALSE
EDCT_525,PRESENT_AT,,GT_007,,,,,-,"RECORDED AS: Diongloh, Fukien.",,FALSE,FALSE
EDCT_698,PRESENT_AT,,GT_008,,,,,-,"RECORDED AS: Fakuting via Newchwang, Manchuria",EDC_1917_72; EDC_1916_79,FALSE,FALSE
EDCT_722,PRESENT_AT,,GT_009,,,,,-,"RECORDED AS: Fenyang, Anhwei",EDC_1916_67,FALSE,FALSE
EDCT_865,PRESENT_AT,,GT_010,,,,,-,"RECORDED AS: Haichang, Manchuria",EDC_1916_72,FALSE,FALSE
EDCT_914,PRESENT_AT,,GT_011,,,,,-,"RECORDED AS: Haicheng, Manchuria",EDC_1914_20,FALSE,FALSE
EDCT_524,PRESENT_AT,,GT_012,,,,,-,"RECORDED AS: Hengchowfu, Hunan",EDC_1917_41,FALSE,FALSE
EDCT_768,PRESENT_AT,,GT_013,,,,,-,RECORDED AS: Hok-Ling,,FALSE,FALSE
EDCT_967,PRESENT_AT,,GT_014,,,,,-,RECORDED AS: Hong kong,,FALSE,FALSE
EDCT_972,PRESENT_AT,,GT_015,,,,,-,RECORDED AS: Hongkong,,FALSE,FALSE
EDCT_871,PRESENT_AT,,GT_016,,,,,-,"RECORDED AS: Hseinmeinhsein, Manchuria",EDC_1916_79,FALSE,FALSE
EDCT_817,PRESENT_AT,,GT_017,,,,,-,"RECORDED AS: Hsinminfu, Manchuria",EDC_1916_65,FALSE,FALSE
EDCT_851,PRESENT_AT,,GT_018,,,,,-,"RECORDED AS: Huaiyang, Honan",EDC_1916_68,FALSE,FALSE
EDCT_630,PRESENT_AT,,GT_019,,,,,-,RECORDED AS: Hubei,EDC_1914_7,FALSE,FALSE
EDCT_778,PRESENT_AT,,GT_020,,,,,-,"RECORDED AS: Hwang Hien, Shantung",EDC_1914_16,FALSE,FALSE
EDCT_691,PRESENT_AT,,GT_021,,,,,-,"RECORDED AS: Hwangyen, Chekiang",EDC_1917_55,FALSE,FALSE
EDCT_560,PRESENT_AT,,GT_022,,,,,-,"RECORDED AS: Ichowfu, Shantung",EDC_1917_9,FALSE,FALSE
EDCT_668,PRESENT_AT,,GT_023,,,,,-,RECORDED AS: Jiangxi,EDC_1914_7,FALSE,FALSE
EDCT_606,PRESENT_AT,,GT_024,,,,,-,"RECORDED AS: Kachek (Hainan), Kwangtung",EDC_1917_51,FALSE,FALSE
EDCT_776,PRESENT_AT,,GT_025,,,,,-,"RECORDED AS: Kienchow, Szechwan",EDC_1914_11,FALSE,FALSE
EDCT_818,PRESENT_AT,,GT_026,,,,,-,"RECORDED AS: Kuanchengtzu, Manchuria",EDC_1916_62,FALSE,FALSE
EDCT_970,PRESENT_AT,,GT_027,,,,,-,"RECORDED AS: Kutien, Fukien",,FALSE,FALSE
EDCT_609,PRESENT_AT,,GT_028,,,,,-,"RECORDED AS: Langhsien, Chihli",EDC_1917_83,FALSE,FALSE
EDCT_599,PRESENT_AT,,GT_029,,,,,-,"RECORDED AS: Lanhsien, Shansi",EDC_1917_49,FALSE,FALSE
EDCT_707,PRESENT_AT,,GT_030,,,,,-,"RECORDED AS: Lister Road, Newchwang, Manchuria",EDC_1918_147,FALSE,FALSE
EDCT_750,PRESENT_AT,,GT_031,,,,,-,"RECORDED AS: M. E. M. Hinghwa, Fukien",EDC_1914_15,FALSE,FALSE
EDCT_642,PRESENT_AT,,GT_032,,,,,-,RECORDED AS: Mienchow;Szechuan,EDC_1917_68,FALSE,FALSE
EDCT_738,PRESENT_AT,,GT_032,,,,,-,RECORDED AS: Mienchow;Szechuan,EDC_1917_98,FALSE,FALSE
EDCT_991,PRESENT_AT,,GT_033,,,,,-,RECORDED AS: Mingteh,,FALSE,FALSE
EDCT_797,PRESENT_AT,,GT_034,,,,,-,"RECORDED AS: near Yochow City, Human",EDC_1914_13,FALSE,FALSE
EDCT_836,PRESENT_AT,,GT_035,,,,,-,"RECORDED AS: Pangchuang, Shandong",EDC_1914_14,FALSE,FALSE
EDCT_611,PRESENT_AT,,GT_036,,,,,-,"RECORDED AS: Pui Ching, Canton",EDC_1917_83,FALSE,FALSE
EDCT_837,PRESENT_AT,,GT_037,,,,,-,RECORDED AS: Saigon,EDC_1914_4,FALSE,FALSE
EDCT_858,PRESENT_AT,,GT_038,,,,,-,"RECORDED AS: Sai-i-haug, Soochow, Kiangsu",EDC_1918_146,FALSE,FALSE
EDCT_994,PRESENT_AT,,GT_039,,,,,-,RECORDED AS: Saiyingpun,,FALSE,FALSE
EDCT_779,PRESENT_AT,,GT_040,,,,,-,RECORDED AS: Shansi Province,EDC_1914_1,FALSE,FALSE
EDCT_588,PRESENT_AT,,GT_041,,,,,-,RECORDED AS: Shantung,,FALSE,FALSE
EDCT_671,PRESENT_AT,,GT_041,,,,,-,RECORDED AS: Shantung,EDC_1914_1,FALSE,FALSE
EDCT_792,PRESENT_AT,,GT_041,,,,,-,RECORDED AS: Shantung,EDC_1914_14,FALSE,FALSE
EDCT_918,PRESENT_AT,,GT_041,,,,,-,RECORDED AS: Shantung,EDC_1914_1,FALSE,FALSE
EDCT_968,PRESENT_AT,,GT_041,,,,,-,RECORDED AS: Shantung,,FALSE,FALSE
EDCT_753,PRESENT_AT,,GT_042,,,,,-,"RECORDED AS: Shaowu, Fukien",EDC_1914_16,FALSE,FALSE
EDCT_595,PRESENT_AT,,GT_043,,,,,-,"RECORDED AS: Shekichen, Ho",EDC_1917_19,FALSE,FALSE
EDCT_654,PRESENT_AT,,GT_044,,,,,-,RECORDED AS: Shiuchowfu,EDC_1917_87,FALSE,FALSE
EDCT_802,PRESENT_AT,,GT_045,,,,,-,"RECORDED AS: Siaochang, Chihli",EDC_1918_121,FALSE,FALSE
EDCT_649,PRESENT_AT,,GT_046,,,,,-,RECORDED AS: since 191 I,EDC_1914_19,FALSE,FALSE
EDCT_512,PRESENT_AT,,GT_047,,,,,-,"RECORDED AS: Sinyangchow, Honan",EDC_1917_2,FALSE,FALSE
EDCT_973,PRESENT_AT,,GT_048,,,,,-,RECORDED AS: St. Mary's Hall,,FALSE,FALSE
EDCT_663,PRESENT_AT,,GT_049,,,,,-,"RECORDED AS: Suchien, Kiangsu",EDC_1916_72,FALSE,FALSE
EDCT_523,PRESENT_AT,,GT_050,,,,,-,"RECORDED AS: Suifu, Szechuan",EDC_1917_40,FALSE,FALSE
EDCT_899,PRESENT_AT,,GT_051,,,,,-,"RECORDED AS: Suifu, Szechwan",EDC_1916_80,FALSE,FALSE
EDCT_548,PRESENT_AT,,GT_052,,,,,-,"RECORDED AS: Takushan, Manchuria",EDC_1917_8,FALSE,FALSE
EDCT_702,PRESENT_AT,,GT_053,,,,,-,"RECORDED AS: Talanfu, Shanghai",,FALSE,FALSE
EDCT_833,PRESENT_AT,,GT_054,,,,,-,"RECORDED AS: Taohualuen, Yi-yang, Honan",EDC_1914_12,FALSE,FALSE
EDCT_979,PRESENT_AT,,GT_054,,,,,-,"RECORDED AS: Taohualuen, Yi-yang, Honan",,FALSE,FALSE
EDCT_842,PRESENT_AT,,GT_055,,,,,-,"RECORDED AS: Tehsien,Shantung",EDC_1917_87,FALSE,FALSE
EDCT_608,PRESENT_AT,,GT_056,,,,,-,"RECORDED AS: Tehyang,Szechuan",EDC_1917_83,FALSE,FALSE
EDCT_850,PRESENT_AT,,GT_057,,,,,-,"RECORDED AS: Tinghsien, Chihli",EDC_1916_65,FALSE,FALSE
EDCT_704,PRESENT_AT,,GT_058,,,,,-,"RECORDED AS: Tsinanfu, Shanghai",EDC_1914_5,FALSE,FALSE
EDCT_743,PRESENT_AT,,GT_059,,,,,-,"RECORDED AS: Tsingchowfu, Shantung",EDC_1914_10,FALSE,FALSE
EDCT_567,PRESENT_AT,,GT_060,,,,,-,"RECORDED AS: Tsingshih, Hunan",EDC_1917_81,FALSE,FALSE
EDCT_985,PRESENT_AT,,GT_061,,,,,-,RECORDED AS: Wuchang,,FALSE,FALSE
EDCT_990,PRESENT_AT,,GT_062,,,,,-,RECORDED AS: Wuhu,,FALSE,FALSE
EDCT_689,PRESENT_AT,,GT_063,,,,,-,"RECORDED AS: Yenchow, Che",EDC_1914_10,FALSE,FALSE
EDCT_600,PRESENT_AT,,GT_064,,,,,-,"RECORDED AS: Yeungkong, kwangtung",EDC_1917_50,FALSE,FALSE
EDCT_532,PRESENT_AT,,GT_065,,,,,-,"RECORDED AS: Yintak, Kwantung",EDC_1918_48,FALSE,FALSE
EDCT_964,PRESENT_AT,,GT_066,,,,,-,"RECORDED AS: Yungting, Hunan",EDC_1914_20,FALSE,FALSE
EDCT_008,PRESENT_AT,,F_102,F_102,,,,-,RECORDED AS: Tsinan,EDC_1920_90-91,FALSE,FALSE
EDCT_110,PRESENT_AT,,F_102,F_102,,,,-,RECORDED AS: Tsinan,EDC_1920_92,FALSE,FALSE
EDCT_294,PRESENT_AT,,F_102,F_102,,,,-,RECORDED AS: Tsinan,EDC_1920_90,FALSE,FALSE
EDCT_347,PRESENT_AT,,F_102,F_102,,,,-,RECORDED AS: Tsinan,EDC_1920_92,FALSE,FALSE
EDCT_646,PRESENT_AT,,F_102,F_102,,,,-,"RECORDED AS: Tsinan, Shantung",EDC_1916_67,FALSE,FALSE
EDCT_820,PRESENT_AT,,F_102,F_102,,,,-,"RECORDED AS: Tsinan, Shantung",EDC_1916_52,FALSE,FALSE
EDCT_917,PRESENT_AT,,F_102,F_102,,,,-,"RECORDED AS: Tsinan, Shantung",EDC_1918_139,FALSE,FALSE
EDCT_915,PRESENT_AT,,F_102,F_102,,,,-,"RECORDED AS: Tsinan-fu, Shantung",EDC_1914_11,FALSE,FALSE
EDCT_421,PRESENT_AT,,F_106,F_106,,,,-,RECORDED AS: Jindong,EDC_1920_137,FALSE,FALSE
EDCT_269,PRESENT_AT,,F_106,F_106,,,,-,RECORDED AS: Kinhwa,EDC_1920_8; HB_1936_183-263,FALSE,FALSE
EDCT_573,PRESENT_AT,,F_106,F_106,,,,-,"RECORDED AS: Kinhwafu, Chekiang",EDC_1918_80,FALSE,FALSE
EDCT_296,PRESENT_AT,,F_107,F_107,,,,-,RECORDED AS: Tsining,EDC_1920_92,FALSE,FALSE
EDCT_316,PRESENT_AT,,F_107,F_107,,,,-,"RECORDED AS: Tsining, Shantung",EDC_1920_92; EDC_1918_147,FALSE,FALSE
EDCT_1001,PRESENT_AT,,F_107,F_107,,,,-,,,FALSE,FALSE
EDCT_171,PRESENT_AT,,F_109,F_109,,,,-,RECORDED AS: Kaifeng,EDC_1920_30,FALSE,FALSE
EDCT_344,PRESENT_AT,,F_109,F_109,,,,-,RECORDED AS: Kaifeng,EDC_1920_30,FALSE,FALSE
EDCT_345,PRESENT_AT,,F_109,F_109,,,,-,RECORDED AS: Kaifeng,EDC_1920_30,FALSE,FALSE
EDCT_453,PRESENT_AT,,F_109,F_109,,,,-,RECORDED AS: Kaifeng,EDC_1920_129,FALSE,FALSE
EDCT_539,PRESENT_AT,,F_109,F_109,,,,-,RECORDED AS: Kaifeng,EDC_1918_51,FALSE,FALSE
EDCT_870,PRESENT_AT,,F_109,F_109,,,,-,"RECORDED AS: Kaifeng, Honan",EDC_1916_53,FALSE,FALSE
EDCT_885,PRESENT_AT,,F_109,F_109,,,,-,"RECORDED AS: Kaifeng, Honan",EDC_1917_58,FALSE,FALSE
EDCT_160,PRESENT_AT,,F_109,F_109,,,,-,"RECORDED AS: Shan Huo Tien Street, Kaifeng",EDC_1920_30,FALSE,FALSE
EDCT_155,PRESENT_AT,,F_111,F_111,,,,-,RECORDED AS: Yunnanfu,EDC_1920_100,FALSE,FALSE
EDCT_334,PRESENT_AT,,F_111,F_111,,,,-,RECORDED AS: Yunnanfu,EDC_1920_52 (Teachers section),FALSE,FALSE
EDCT_594,PRESENT_AT,,F_111,F_111,,,,-,"RECORDED AS: Yunnanfu, Yunnan",EDC_1917_19,FALSE,FALSE
EDCT_597,PRESENT_AT,,F_111,F_111,,,,-,"RECORDED AS: Yunnanfu, Yunnan",EDC_1917_19,FALSE,FALSE
EDCT_852,PRESENT_AT,,F_111,F_111,,,,-,"RECORDED AS: Yunnanfu, Yunnan",EDC_1914_5,FALSE,FALSE
EDCT_643,PRESENT_AT,,F_111,F_111,,,,-,RECORDED AS: Yunnanfu;Yunnan,EDC_1916_22,FALSE,FALSE
EDCT_867,PRESENT_AT,,F_111,F_111,,,,-,RECORDED AS: Yunnanfu;Yunnan,EDC_1917_95,FALSE,FALSE
EDCT_042,PRESENT_AT,,F_113,F_113,,,,-,RECORDED AS: Lanchowfu,EDC_1920_41,FALSE,FALSE
EDCT_299,PRESENT_AT,,F_116,F_116,,,,-,RECORDED AS: Liaoyang,EDC_1920_83,FALSE,FALSE
EDCT_935,PRESENT_AT,,F_116,F_116,,,,-,"RECORDED AS: Liaoyang, Manchuria",EDC_1916_51,FALSE,FALSE
EDCT_799,PRESENT_AT,,F_116,F_116,,,,-,"RECORDED AS: Liaoyang, Manchuria",EDC_1914_9,FALSE,FALSE
EDCT_300,PRESENT_AT,,F_116,F_116,,,,-,,EDC_1920_39,FALSE,FALSE
EDCT_058,PRESENT_AT,,F_118,F_118,,,,-,RECORDED AS: Taian,EDC_1920_90,FALSE,FALSE
EDCT_229,PRESENT_AT,,F_118,F_118,,,,-,RECORDED AS: Taianfu,EDC_1920_90,FALSE,FALSE
EDCT_411,PRESENT_AT,,F_118,F_118,,,,-,RECORDED AS: Taianfu,EDC_1920_90,FALSE,FALSE
EDCT_908,PRESENT_AT,,F_118,F_118,,,,-,RECORDED AS: Taianfu Shantung,EDC_1916_62,FALSE,FALSE
EDCT_662,PRESENT_AT,,F_118,F_118,,,,-,"RECORDED AS: Taianfu, Shantung",EDC_1914_13,FALSE,FALSE
EDCT_079,PRESENT_AT,,F_134,F_134,,,,-,RECORDED AS: Kaying,EDC_1920_76,FALSE,FALSE
EDCT_653,PRESENT_AT,,F_134,F_134,,,,-,"RECORDED AS: Kaying, Kwangtung",EDC_1917_68,FALSE,FALSE
EDCT_381,PRESENT_AT,,F_135,F_135,,,,-,RECORDED AS: Mienyang,EDC_1920_97,FALSE,FALSE
EDCT_089,PRESENT_AT,,F_137,F_137,,,,-,RECORDED AS: Nanchang,EDC_1920_43; HB_1936_181,FALSE,FALSE
EDCT_128,PRESENT_AT,,F_137,F_137,,,,-,RECORDED AS: Nanchang,EDC_1920_43; HB_1936_178; EDC_1916_39,FALSE,FALSE
EDCT_545,PRESENT_AT,,F_137,F_137,,,,-,RECORDED AS: Nanchang,EDC_1918_55,FALSE,FALSE
EDCT_589,PRESENT_AT,,F_137,F_137,,,,-,"RECORDED AS: Nanchang, Kiangsi",EDC_1917_45,FALSE,FALSE
EDCT_598,PRESENT_AT,,F_137,F_137,,,,-,"RECORDED AS: Nanchang, Kiangsi",EDC_1917_49,FALSE,FALSE
EDCT_273,PRESENT_AT,,F_139,F_139,,,,-,"RECORDED AS: ""Hillcrest,"" Nanking",EDC_1920_46,FALSE,FALSE
EDCT_144,PRESENT_AT,,F_139,F_139,,,,-,RECORDED AS: Nanking,EDC_1920_46; HB_1936_181-272,FALSE,FALSE
EDCT_152,PRESENT_AT,,F_139,F_139,,,,-,RECORDED AS: Nanking,EDC_1920_47,FALSE,FALSE
EDCT_163,PRESENT_AT,,F_139,F_139,,,,-,RECORDED AS: Nanking,EDC_1920_46,FALSE,FALSE
EDCT_190,PRESENT_AT,,F_139,F_139,,,,-,RECORDED AS: Nanking,EDC_1920_45,FALSE,FALSE
EDCT_329,PRESENT_AT,,F_139,F_139,,,,-,RECORDED AS: Nanking,EDC_1920_45; EDC_1916_72,FALSE,FALSE
EDCT_371,PRESENT_AT,,F_139,F_139,,,,-,RECORDED AS: Nanking,EDC_1920_45,FALSE,FALSE
EDCT_439,PRESENT_AT,,F_139,F_139,,,,-,RECORDED AS: Nanking,EDC_1920_45;,FALSE,FALSE
EDCT_502,PRESENT_AT,,F_139,F_139,,,,-,RECORDED AS: Nanking,EDC_1920_120,FALSE,FALSE
EDCT_534,PRESENT_AT,,F_139,F_139,,,,-,RECORDED AS: Nanking,EDC_1917_38,FALSE,FALSE
EDCT_724,PRESENT_AT,,F_139,F_139,,,,-,RECORDED AS: Nanking,EDC_1916_66,FALSE,FALSE
EDCT_959,PRESENT_AT,,F_139,F_139,,,,-,RECORDED AS: Nanking,EDC_1916_62,FALSE,FALSE
EDCT_550,PRESENT_AT,,F_139,F_139,,,,-,RECORDED AS: Nanking,,FALSE,FALSE
EDCT_629,PRESENT_AT,,F_139,F_139,,,,-,RECORDED AS: Nanking,EDC_1914_13,FALSE,FALSE
EDCT_813,PRESENT_AT,,F_139,F_139,,,,-,RECORDED AS: Nanking,EDC_1914_11,FALSE,FALSE
EDCT_814,PRESENT_AT,,F_139,F_139,,,,-,RECORDED AS: Nanking,EDC_1914_19,FALSE,FALSE
EDCT_577,PRESENT_AT,,F_139,F_139,,,,-,"RECORDED AS: Nanking, Kiangsu",EDC_1917_15,FALSE,FALSE
EDCT_798,PRESENT_AT,,F_139,F_139,,,,-,"RECORDED AS: Nanking, Kiangsu",EDC_1918_146,FALSE,FALSE
EDCT_228,PRESENT_AT,,F_14,F_14,,,,-,RECORDED AS: Paotingfu,EDC_1920_12,FALSE,FALSE
EDCT_247,PRESENT_AT,,F_14,F_14,,,,-,RECORDED AS: Paotingfu,EDC_1920_12,FALSE,FALSE
EDCT_248,PRESENT_AT,,F_14,F_14,,,,-,RECORDED AS: Paotingfu,EDC_1920_30 (Teachers section),FALSE,FALSE
EDCT_854,PRESENT_AT,,F_14,F_14,,,,-,"RECORDED AS: Paotingfu, Chihli",EDC_1917_60,FALSE,FALSE
EDCT_117,PRESENT_AT,,F_14,F_14,,,,-,"RECORDED AS: South Suburb, Paotingfu",EDC_1920_12; HB_1936_183-275,FALSE,FALSE
EDCT_166,PRESENT_AT,,F_140,F_140,,,,-,RECORDED AS: Nanning,EDC_1920_67,FALSE,FALSE
EDCT_253,PRESENT_AT,,F_145,F_145,,,,-,"RECORDED AS: Jing Teh School, Church Missionary Society, Ningpo",EDC_1920_9; HB_1936_182-273,FALSE,FALSE
EDCT_170,PRESENT_AT,,F_145,F_145,,,,-,RECORDED AS: Ningpo,EDC_1920_9; HB_1936_182-274,FALSE,FALSE
EDCT_216,PRESENT_AT,,F_145,F_145,,,,-,RECORDED AS: Ningpo,EDC_1920_9,FALSE,FALSE
EDCT_220,PRESENT_AT,,F_145,F_145,,,,-,RECORDED AS: Ningpo,EDC_1920_10,FALSE,FALSE
EDCT_354,PRESENT_AT,,F_145,F_145,,,,-,RECORDED AS: Ningpo,EDC_1920_58 (Teachers' section),FALSE,FALSE
EDCT_357,PRESENT_AT,,F_145,F_145,,,,-,RECORDED AS: Ningpo,EDC_1920_9,FALSE,FALSE
EDCT_362,PRESENT_AT,,F_145,F_145,,,,-,RECORDED AS: Ningpo,EDC_1920_9,FALSE,FALSE
EDCT_370,PRESENT_AT,,F_145,F_145,,,,-,RECORDED AS: Ningpo,EDC_1920_9,FALSE,FALSE
EDCT_429,PRESENT_AT,,F_145,F_145,,,,-,RECORDED AS: Ningpo,EDC_1920_139,FALSE,FALSE
EDCT_673,PRESENT_AT,,F_145,F_145,,,,-,RECORDED AS: Ningpo,,FALSE,FALSE
EDCT_844,PRESENT_AT,,F_145,F_145,,,,-,RECORDED AS: Ningpo,EDC_1914_9,FALSE,FALSE
EDCT_449,PRESENT_AT,,F_153,F_153,,,,-,RECORDED AS: Hinghwa,EDC_1920_156,FALSE,FALSE
EDCT_749,PRESENT_AT,,F_153,F_153,,,,-,"RECORDED AS: Hinghwa, Fu",EDC_1914_8,FALSE,FALSE
EDCT_766,PRESENT_AT,,F_153,F_153,,,,-,"RECORDED AS: Hinghwa, Fu",EDC_1914_8,FALSE,FALSE
EDCT_765,PRESENT_AT,,F_153,F_153,,,,-,"RECORDED AS: Hinghwa, Fukien",EDC_1918_121,FALSE,FALSE
EDCT_739,PRESENT_AT,,F_153,F_153,,,,-,"RECORDED AS: Hinghwa, Fukien",EDC_1918_128,FALSE,FALSE
EDCT_752,PRESENT_AT,,F_153,F_153,,,,-,"RECORDED AS: Hinghwa, Fukien",EDC_1918_134,FALSE,FALSE
EDCT_996,PRESENT_AT,,F_153,F_153,,,,-,"RECORDED AS: Hinghwa, Fukien",,FALSE,FALSE
EDCT_145,PRESENT_AT,,F_153,F_153,,,,-,RECORDED AS: Hinghwafu,EDC_1920_26,FALSE,FALSE
EDCT_372,PRESENT_AT,,F_153,F_153,,,,-,RECORDED AS: Hinghwafu,EDC_1920_26; HB_1936_179-257,FALSE,FALSE
EDCT_438,PRESENT_AT,,F_153,F_153,,,,-,RECORDED AS: Hinghwafu,EDC_1920_27,FALSE,FALSE
EDCT_593,PRESENT_AT,,F_153,F_153,,,,-,"RECORDED AS: Hingwa, Fukien",EDC_1917_19,FALSE,FALSE
EDCT_815,PRESENT_AT,,F_153,F_153,,,,-,"RECORDED AS: Hinnghwa, Fukien",EDC_1916_78,FALSE,FALSE
EDCT_463,PRESENT_AT,,F_157,F_157,,,,-,RECORDED AS: Moukden,EDC_1920_134,FALSE,FALSE
EDCT_791,PRESENT_AT,,F_158,F_158,,,,-,RECORDED AS: Tsing tau,EDC_1914_2,FALSE,FALSE
EDCT_744,PRESENT_AT,,F_158,F_158,,,,-,RECORDED AS: Tsingtao,EDC_1914_17,FALSE,FALSE
EDCT_790,PRESENT_AT,,F_158,F_158,,,,-,RECORDED AS: Tsingtao,EDC_1914_9,FALSE,FALSE
EDCT_575,PRESENT_AT,,F_158,F_158,,,,-,"RECORDED AS: Tsingtao, Shantung",EDC_1917_12,FALSE,FALSE
EDCT_379,PRESENT_AT,,F_158,F_158,,,,-,RECORDED AS: Tsingtau,EDC_1920_92,FALSE,FALSE
EDCT_612,PRESENT_AT,,F_158,F_158,,,,-,"RECORDED AS: Tsingtau, Shantung",EDC_1917_83,FALSE,FALSE
EDCT_142,PRESENT_AT,,F_170,F_170,,,,-,RECORDED AS: Swatow,EDC_1920_79,FALSE,FALSE
EDCT_198,PRESENT_AT,,F_170,F_170,,,,-,RECORDED AS: Swatow,EDC_1920_79,FALSE,FALSE
EDCT_635,PRESENT_AT,,F_170,F_170,,,,-,RECORDED AS: Swatow,EDC_1914_30,FALSE,FALSE
EDCT_803,PRESENT_AT,,F_170,F_170,,,,-,RECORDED AS: Swatow,EDC_1916_81,FALSE,FALSE
EDCT_718,PRESENT_AT,,F_170,F_170,,,,-,"RECORDED AS: Swatow, Kwangtung",EDC_1914_9,FALSE,FALSE
EDCT_391,PRESENT_AT,,F_173,F_173,,,,-,RECORDED AS: Shaohingfu,EDC_1920_10,FALSE,FALSE
EDCT_231,PRESENT_AT,,F_173,F_173,,,,-,RECORDED AS: Shaoshing,EDC_1920_27 (Teachers section),FALSE,FALSE
EDCT_338,PRESENT_AT,,F_173,F_173,,,,-,RECORDED AS: Shaoshing,EDC_1920_10; HB_1936_184-283,FALSE,FALSE
EDCT_298,PRESENT_AT,,F_175,F_175,,,,-,"RECORDED AS: East Suburb, Moukden",EDC_1920_83,FALSE,FALSE
EDCT_067,PRESENT_AT,,F_175,F_175,,,,-,RECORDED AS: Moukden,EDC_1920_83,FALSE,FALSE
EDCT_238,PRESENT_AT,,F_175,F_175,,,,-,RECORDED AS: Moukden,EDC_1920_83-84,FALSE,FALSE
EDCT_477,PRESENT_AT,,F_175,F_175,,,,-,RECORDED AS: Moukden,EDC_1920_108,FALSE,FALSE
EDCT_723,PRESENT_AT,,F_175,F_175,,,,-,"RECORDED AS: Moukden, Manchuria",EDC_1916_62,FALSE,FALSE
EDCT_763,PRESENT_AT,,F_175,F_175,,,,-,"RECORDED AS: Moukden, Manchuria",EDC_1918_149,FALSE,FALSE
EDCT_923,PRESENT_AT,,F_175,F_175,,,,-,"RECORDED AS: Moukden, Manchuria",EDC_1916_35,FALSE,FALSE
EDCT_811,PRESENT_AT,,F_175,F_175,,,,-,"RECORDED AS: Moukden, Manchuria",EDC_1914_6,FALSE,FALSE
EDCT_571,PRESENT_AT,,F_175,F_175,,,,-,"RECORDED AS: Moukden, Manchuria.",EDC_1918_59,FALSE,FALSE
EDCT_677,PRESENT_AT,,F_175,F_175,,,,-,"RECORDED AS: Mukden, Manchuria",EDC_1917_79,FALSE,FALSE
EDCT_283,PRESENT_AT,,F_183,F_183,,,,-,RECORDED AS: Suining,EDC_1920_98,FALSE,FALSE
EDCT_284,PRESENT_AT,,F_183,F_183,,,,-,RECORDED AS: Suining,EDC_1920_98,FALSE,FALSE
EDCT_026,PRESENT_AT,,F_186,F_186,,,,-,"RECORDED AS: Mokahmoyoan, Soochow",EDC_1920_62,FALSE,FALSE
EDCT_094,PRESENT_AT,,F_186,F_186,,,,-,RECORDED AS: Soochow,HB_1936_182,FALSE,FALSE
EDCT_180,PRESENT_AT,,F_186,F_186,,,,-,RECORDED AS: Soochow,EDC_1920_62; HB_1936_182,FALSE,FALSE
EDCT_185,PRESENT_AT,,F_186,F_186,,,,-,RECORDED AS: Soochow,EDC_1920_62-63,FALSE,FALSE
EDCT_207,PRESENT_AT,,F_186,F_186,,,,-,RECORDED AS: Soochow,HB_1936_179; EDC_1918_133; EDC_1916_61,FALSE,FALSE
EDCT_209,PRESENT_AT,,F_186,F_186,,,,-,RECORDED AS: Soochow,EDC_1920_62,FALSE,FALSE
EDCT_274,PRESENT_AT,,F_186,F_186,,,,-,RECORDED AS: Soochow,EDC_1920_62,FALSE,FALSE
EDCT_307,PRESENT_AT,,F_186,F_186,,,,-,RECORDED AS: Soochow,EDC_1920_62,FALSE,FALSE
EDCT_350,PRESENT_AT,,F_186,F_186,,,,-,RECORDED AS: Soochow,EDC_1920_64,FALSE,FALSE
EDCT_400,PRESENT_AT,,F_186,F_186,,,,-,RECORDED AS: Soochow,EDC_1920_62; HB_1936_183-287,FALSE,FALSE
EDCT_427,PRESENT_AT,,F_186,F_186,,,,-,RECORDED AS: Soochow,EDC_1920_138,FALSE,FALSE
EDCT_468,PRESENT_AT,,F_186,F_186,,,,-,RECORDED AS: Soochow,EDC_1918_2,FALSE,FALSE
EDCT_528,PRESENT_AT,,F_186,F_186,,,,-,RECORDED AS: Soochow,EDC_1918_46,FALSE,FALSE
EDCT_618,PRESENT_AT,,F_186,F_186,,,,-,RECORDED AS: Soochow,EDC_1917_22,FALSE,FALSE
EDCT_526,PRESENT_AT,,F_186,F_186,,,,-,RECORDED AS: Soochow,EDC_1917_41,FALSE,FALSE
EDCT_880,PRESENT_AT,,F_186,F_186,,,,-,RECORDED AS: Soochow,EDC_1914_3,FALSE,FALSE
EDCT_881,PRESENT_AT,,F_186,F_186,,,,-,RECORDED AS: Soochow,EDC_1914_12,FALSE,FALSE
EDCT_900,PRESENT_AT,,F_186,F_186,,,,-,RECORDED AS: Soochow,EDC_1914_9,FALSE,FALSE
EDCT_975,PRESENT_AT,,F_186,F_186,,,,-,RECORDED AS: Soochow,,FALSE,FALSE
EDCT_423,PRESENT_AT,,F_186,F_186,,,,-,"RECORDED AS: Soochow, Kiangsu",EDC_1920_64; EDC_1918_125,FALSE,FALSE
EDCT_578,PRESENT_AT,,F_186,F_186,,,,-,"RECORDED AS: Soochow, Kiangsu",EDC_1917_15,FALSE,FALSE
EDCT_637,PRESENT_AT,,F_186,F_186,,,,-,"RECORDED AS: Soochow, Kiangsu",EDC_1918_120,FALSE,FALSE
EDCT_903,PRESENT_AT,,F_186,F_186,,,,-,"RECORDED AS: Soochow, Kiangsu",EDC_1918_147,FALSE,FALSE
EDCT_942,PRESENT_AT,,F_186,F_186,,,,-,"RECORDED AS: Soochow, Kiangsu",EDC_1917_85,FALSE,FALSE
EDCT_448,PRESENT_AT,,F_189,F_189,,,,-,RECORDED AS: Taiyuan,EDC_1920_156; EDC_1918_137,FALSE,FALSE
EDCT_056,PRESENT_AT,,F_189,F_189,,,,-,RECORDED AS: Taiyuanfu,EDC_1920_86,FALSE,FALSE
EDCT_176,PRESENT_AT,,F_189,F_189,,,,-,RECORDED AS: Taiyuanfu,EDC_1920_86,FALSE,FALSE
EDCT_221,PRESENT_AT,,F_189,F_189,,,,-,RECORDED AS: Taiyuanfu,EDC_1920_86,FALSE,FALSE
EDCT_361,PRESENT_AT,,F_190,F_190,,,,-,RECORDED AS: Taichow,EDC_1920_62 (Teachers' section),FALSE,FALSE
EDCT_032,PRESENT_AT,,F_190,F_190,,,,-,RECORDED AS: Taichowfu,EDC_1920_10,FALSE,FALSE
EDCT_402,PRESENT_AT,,F_190,F_190,,,,-,RECORDED AS: Taichowfu,EDC_1920_10,FALSE,FALSE
EDCT_877,PRESENT_AT,,F_200,F_200,,,,-,"RECORDED AS: Wei Hsien, Shantung",EDC_1914_8,FALSE,FALSE
EDCT_293,PRESENT_AT,,F_200,F_200,,,,-,RECORDED AS: Weihsien,EDC_1920_98; HB_1936_180-298,FALSE,FALSE
EDCT_647,PRESENT_AT,,F_200,F_200,,,,-,RECORDED AS: Weihsien,EDC_1914_4,FALSE,FALSE
EDCT_493,PRESENT_AT,,F_200,F_200,,,,-,"RECORDED AS: Weihsien, Shantung",EDC_1920_118,FALSE,FALSE
EDCT_645,PRESENT_AT,,F_200,F_200,,,,-,"RECORDED AS: Weihsien, Shantung",EDC_1914_18,FALSE,FALSE
EDCT_705,PRESENT_AT,,F_200,F_200,,,,-,"RECORDED AS: Weihsien, Shantung",EDC_1914_13,FALSE,FALSE
EDCT_741,PRESENT_AT,,F_200,F_200,,,,-,"RECORDED AS: Weihsien, Shantung",EDC_1914_21,FALSE,FALSE
EDCT_869,PRESENT_AT,,F_200,F_200,,,,-,"RECORDED AS: Weihsien, Shantung",EDC_1914_10,FALSE,FALSE
EDCT_083,PRESENT_AT,,F_201,F_201,,,,-,RECORDED AS: Weihaiwei,EDC_1920_98,FALSE,FALSE
EDCT_137,PRESENT_AT,,F_201,F_201,,,,-,RECORDED AS: Weihaiwei,EDC_1920_92; HB_1936_178,FALSE,FALSE
EDCT_336,PRESENT_AT,,F_201,F_201,,,,-,RECORDED AS: Weihaiwei,EDC_1920_98; EDC_1916_39,FALSE,FALSE
EDCT_563,PRESENT_AT,,F_201,F_201,,,,-,"RECORDED AS: Weihaiwei, Shantung",EDC_1917_10,FALSE,FALSE
EDCT_531,PRESENT_AT,,F_201,F_201,,,,-,RECORDED AS: Weihawei,EDC_1918_48,FALSE,FALSE
EDCT_194,PRESENT_AT,,F_204,F_204,,,,-,RECORDED AS: Wenchow,EDC_1920_11,FALSE,FALSE
EDCT_554,PRESENT_AT,,F_204,F_204,,,,-,"RECORDED AS: Wenchow, Chekiang",EDC_1918_58,FALSE,FALSE
EDCT_623,PRESENT_AT,,F_204,F_204,,,,-,"RECORDED AS: Wenchow, Chekiang",EDC_1918_108,FALSE,FALSE
EDCT_767,PRESENT_AT,,F_207,F_207,,,,-,RECORDED AS: Hankiw;Hupeh,EDC_1917_91,FALSE,FALSE
EDCT_002,PRESENT_AT,,F_207,F_207,,,,-,RECORDED AS: Hankow,EDC_1920_36,FALSE,FALSE
EDCT_072,PRESENT_AT,,F_207,F_207,,,,-,RECORDED AS: Hankow,EDC_1920_36,FALSE,FALSE
EDCT_109,PRESENT_AT,,F_207,F_207,,,,-,RECORDED AS: Hankow,EDC_1920_37; HB_1936_31-179,FALSE,FALSE
EDCT_264,PRESENT_AT,,F_207,F_207,,,,-,RECORDED AS: Hankow,EDC_1920_37-38,FALSE,FALSE
EDCT_340,PRESENT_AT,,F_207,F_207,,,,-,RECORDED AS: Hankow,EDC_1920_37,FALSE,FALSE
EDCT_341,PRESENT_AT,,F_207,F_207,,,,-,RECORDED AS: Hankow,EDC_1920_54 (Teachers section),FALSE,FALSE
EDCT_415,PRESENT_AT,,F_207,F_207,,,,-,RECORDED AS: Hankow,EDC_1920_36,FALSE,FALSE
EDCT_426,PRESENT_AT,,F_207,F_207,,,,-,RECORDED AS: Hankow,EDC_1920_37,FALSE,FALSE
EDCT_476,PRESENT_AT,,F_207,F_207,,,,-,RECORDED AS: Hankow,EDC_1920_135,FALSE,FALSE
EDCT_479,PRESENT_AT,,F_207,F_207,,,,-,RECORDED AS: Hankow,EDC_1918_7,FALSE,FALSE
EDCT_481,PRESENT_AT,,F_207,F_207,,,,-,RECORDED AS: Hankow,EDC_1920_113,FALSE,FALSE
EDCT_485,PRESENT_AT,,F_207,F_207,,,,-,RECORDED AS: Hankow,EDC_1920_114,FALSE,FALSE
EDCT_496,PRESENT_AT,,F_207,F_207,,,,-,RECORDED AS: Hankow,EDC_1920_101,FALSE,FALSE
EDCT_734,PRESENT_AT,,F_207,F_207,,,,-,"RECORDED AS: Hankow, Hubei",EDC_1914_14,FALSE,FALSE
EDCT_948,PRESENT_AT,,F_207,F_207,,,,-,"RECORDED AS: Hankow, Hubei",EDC_1914_14,FALSE,FALSE
EDCT_591,PRESENT_AT,,F_207,F_207,,,,-,"RECORDED AS: Hankow, Hupeh",EDC_1918_99,FALSE,FALSE
EDCT_894,PRESENT_AT,,F_207,F_207,,,,-,"RECORDED AS: Hankow, Hupeh",EDC_1918_138,FALSE,FALSE
EDCT_916,PRESENT_AT,,F_207,F_207,,,,-,"RECORDED AS: Hankow, Hupeh",EDC_1918_131,FALSE,FALSE
EDCT_950,PRESENT_AT,,F_207,F_207,,,,-,"RECORDED AS: Hankow, Hupeh",EDC_1918_124,FALSE,FALSE
EDCT_953,PRESENT_AT,,F_207,F_207,,,,-,"RECORDED AS: Hankow, Hupeh",EDC_1918_123,FALSE,FALSE
EDCT_961,PRESENT_AT,,F_207,F_207,,,,-,"RECORDED AS: Hankow, Hupeh",EDC_1918_138,FALSE,FALSE
EDCT_227,PRESENT_AT,,F_207,F_207,,,,-,"RECORDED AS: Hua Kin Kai, Hankow",EDC_1920_36-37,FALSE,FALSE
EDCT_995,PRESENT_AT,,F_207,F_207,,,,-,,,FALSE,FALSE
EDCT_617,PRESENT_AT,,F_208,F_208,,,,-,"RECORDED AS: Luchowfu, Anhwei",,FALSE,FALSE
EDCT_644,PRESENT_AT,,F_208,F_208,,,,-,"RECORDED AS: Siengchang, Anhwei",EDC_1918_131,FALSE,FALSE
EDCT_134,PRESENT_AT,,F_208,F_208,,,,-,RECORDED AS: Wuhu,EDC_1920_3; EDC_1918_134,FALSE,FALSE
EDCT_922,PRESENT_AT,,F_208,F_208,,,,-,"RECORDED AS: Wuhu, Anhui",EDC_1914_17,FALSE,FALSE
EDCT_492,PRESENT_AT,,F_208,F_208,,,,-,"RECORDED AS: Wuhu, Anhwei",EDC_1920_118,FALSE,FALSE
EDCT_884,PRESENT_AT,,F_208,F_208,,,,-,"RECORDED AS: Wuhu, Anhwei",EDC_1914_19,FALSE,FALSE
EDCT_921,PRESENT_AT,,F_208,F_208,,,,-,"RECORDED AS: Wuhu, Anhwei",EDC_1914_18,FALSE,FALSE
EDCT_304,PRESENT_AT,,F_211,F_211,,,,-,RECORDED AS: Wusih,EDC_1920_65; EDC_1918_137,FALSE,FALSE
EDCT_454,PRESENT_AT,,F_211,F_211,,,,-,RECORDED AS: Wusih,EDC_1920_129,FALSE,FALSE
EDCT_536,PRESENT_AT,,F_213,F_213,,,,-,"RECORDED AS: via Canton, Wuchow",EDC_1918_50,FALSE,FALSE
EDCT_434,PRESENT_AT,,F_213,F_213,,,,-,RECORDED AS: Wuchow,EDC_1920_141,FALSE,FALSE
EDCT_580,PRESENT_AT,,F_213,F_213,,,,-,"RECORDED AS: Wuchow, Canton, Kwantung",EDC_1918_102,FALSE,FALSE
EDCT_023,PRESENT_AT,,F_214,F_214,,,,-,RECORDED AS: Amoy,EDC_1920_24,FALSE,FALSE
EDCT_036,PRESENT_AT,,F_214,F_214,,,,-,RECORDED AS: Amoy,HB_1936_178; EDC_1920_24,FALSE,FALSE
EDCT_517,PRESENT_AT,,F_214,F_214,,,,-,RECORDED AS: Amoy,EDC_1918_29,FALSE,FALSE
EDCT_639,PRESENT_AT,,F_214,F_214,,,,-,RECORDED AS: Amoy,EDC_1914_1,FALSE,FALSE
EDCT_919,PRESENT_AT,,F_214,F_214,,,,-,RECORDED AS: Amoy,EDC_1914_19,FALSE,FALSE
EDCT_740,PRESENT_AT,,F_214,F_214,,,,-,"RECORDED AS: Amoy, Fukien",EDC_1917_54,FALSE,FALSE
EDCT_113,PRESENT_AT,,F_215,F_215,,,,-,RECORDED AS: Sianfu,EDC_1920_94,FALSE,FALSE
EDCT_275,PRESENT_AT,,F_215,F_215,,,,-,RECORDED AS: Sianfu,EDC_1920_94,FALSE,FALSE
EDCT_652,PRESENT_AT,,F_215,F_215,,,,-,"RECORDED AS: Sianfu, hensi",EDC_1914_16,FALSE,FALSE
EDCT_576,PRESENT_AT,,F_215,F_215,,,,-,"RECORDED AS: Sianfu, Shensi",EDC_1917_13,FALSE,FALSE
EDCT_614,PRESENT_AT,,F_215,F_215,,,,-,"RECORDED AS: Sianfu, Shensi",EDC_1917_84,FALSE,FALSE
EDCT_615,PRESENT_AT,,F_215,F_215,,,,-,"RECORDED AS: SIanfu, Shensi",EDC_1917_84,FALSE,FALSE
EDCT_369,PRESENT_AT,,F_216,F_216,,,,-,RECORDED AS: Siangtan,EDC_1920_35,FALSE,FALSE
EDCT_396,PRESENT_AT,,F_216,F_216,,,,-,RECORDED AS: Siangtan,EDC_1920_75 (Teachers' section),FALSE,FALSE
EDCT_416,PRESENT_AT,,F_216,F_216,,,,-,RECORDED AS: Siangtan,EDC_1920_88 (Teachers' section),FALSE,FALSE
EDCT_378,PRESENT_AT,,F_223,F_223,,,,-,RECORDED AS: Shuntehfu,EDC_1920_68 (teachers section),FALSE,FALSE
EDCT_105,PRESENT_AT,,F_225,F_225,,,,-,RECORDED AS: Sinyangchow,EDC_1920_31,FALSE,FALSE
EDCT_319,PRESENT_AT,,F_231,F_231,,,,-,RECORDED AS: Yachowfu,EDC_1920_99,FALSE,FALSE
EDCT_265,PRESENT_AT,,F_235,F_235,,,,-,RECORDED AS: Yeungkong,EDC_1920_79,FALSE,FALSE
EDCT_386,PRESENT_AT,,F_235,F_235,,,,-,RECORDED AS: Yeungkong,EDC_1920_79,FALSE,FALSE
EDCT_387,PRESENT_AT,,F_235,F_235,,,,-,RECORDED AS: Yeungkong,EDC_1920_79,FALSE,FALSE
EDCT_031,PRESENT_AT,,F_237,F_237,,,,-,RECORDED AS: Yangchow,EDC_1920_65; HB_1936_181-300; EDC_1916_39,FALSE,FALSE
EDCT_120,PRESENT_AT,,F_237,F_237,,,,-,RECORDED AS: Yangchow,EDC_1920_65,FALSE,FALSE
EDCT_259,PRESENT_AT,,F_237,F_237,,,,-,RECORDED AS: Yangchow,EDC_1920_101; CM_1912_38,FALSE,FALSE
EDCT_686,PRESENT_AT,,F_237,F_237,,,,-,"RECORDED AS: Yangchow, Kiangsu",EDC_1916_21,FALSE,FALSE
EDCT_736,PRESENT_AT,,F_237,F_237,,,,-,"RECORDED AS: Yangchow, Kiangsu",EDC_1914_3,FALSE,FALSE
EDCT_805,PRESENT_AT,,F_237,F_237,,,,-,"RECORDED AS: Yangchow, Kiangsu",EDC_1914_9,FALSE,FALSE
EDCT_628,PRESENT_AT,,F_237,F_237,,,,-,"RECORDED AS: Yangchow, via Chinkiang, Ku",EDC_1916_68,FALSE,FALSE
EDCT_309,PRESENT_AT,,F_238,F_238,,,,-,RECORDED AS: Kiating,EDC_1920_42 (teachers section); HB_1936_179-262,FALSE,FALSE
EDCT_012,PRESENT_AT,,F_241,F_241,,,,-,RECORDED AS: Ichang,EDC_1920_38,FALSE,FALSE
EDCT_262,PRESENT_AT,,F_241,F_241,,,,-,RECORDED AS: Ichang,EDC_1920_38,FALSE,FALSE
EDCT_574,PRESENT_AT,,F_245,F_245,,,,-,"RECORDED AS: Newchwang, Fengtien",EDC_1917_12,FALSE,FALSE
EDCT_131,PRESENT_AT,,F_247,F_247,,,,-,RECORDED AS: Yiyang,EDC_1920_35; HB_1936_179-301,FALSE,FALSE
EDCT_154,PRESENT_AT,,F_247,F_247,,,,-,RECORDED AS: Yiyang,EDC_1920_35,FALSE,FALSE
EDCT_335,PRESENT_AT,,F_247,F_247,,,,-,RECORDED AS: Yiyang,EDC_1920_35; HB_1936_180-263,FALSE,FALSE
EDCT_544,PRESENT_AT,,F_247,F_247,,,,-,RECORDED AS: Yiyang,EDC_1918_54,FALSE,FALSE
EDCT_104,PRESENT_AT,,F_251,F_251,,,,-,RECORDED AS: Yuncheng,EDC_1920_86; CM_1910_7,FALSE,FALSE
EDCT_327,PRESENT_AT,,F_256,F_256,,,,-,RECORDED AS: ed,EDC_1920_83,FALSE,FALSE
EDCT_201,PRESENT_AT,,F_259,F_259,,,,-,RECORDED AS: Changsha,EDC_1920_32,FALSE,FALSE
EDCT_349,PRESENT_AT,,F_259,F_259,,,,-,RECORDED AS: Changsha,EDC_1920_33,FALSE,FALSE
EDCT_410,PRESENT_AT,,F_259,F_259,,,,-,RECORDED AS: Changsha,EDC_1920_32,FALSE,FALSE
EDCT_414,PRESENT_AT,,F_259,F_259,,,,-,RECORDED AS: Changsha,EDC_1920_32,FALSE,FALSE
EDCT_417,PRESENT_AT,,F_259,F_259,,,,-,RECORDED AS: Changsha,EDC_1920_32,FALSE,FALSE
EDCT_418,PRESENT_AT,,F_259,F_259,,,,-,RECORDED AS: Changsha,EDC_1920_32,FALSE,FALSE
EDCT_461,PRESENT_AT,,F_259,F_259,,,,-,RECORDED AS: Changsha,EDC_1920_134; EDC_1916_64,FALSE,FALSE
EDCT_762,PRESENT_AT,,F_259,F_259,,,,-,"RECORDED AS: Changsha, Hunan",EDC_1914_14,FALSE,FALSE
EDCT_849,PRESENT_AT,,F_259,F_259,,,,-,"RECORDED AS: Changsha, Hunan",EDC_1918_142,FALSE,FALSE
EDCT_933,PRESENT_AT,,F_259,F_259,,,,-,"RECORDED AS: Changsha, Hunan",EDC_1917_37,FALSE,FALSE
EDCT_954,PRESENT_AT,,F_259,F_259,,,,-,"RECORDED AS: Changsha, Hunan",EDC_1914_12,FALSE,FALSE
EDCT_955,PRESENT_AT,,F_259,F_259,,,,-,"RECORDED AS: Changsha, Hunan",EDC_1914_11,FALSE,FALSE
EDCT_956,PRESENT_AT,,F_259,F_259,,,,-,"RECORDED AS: Changsha, Hunan",EDC_1914_12,FALSE,FALSE
EDCT_115,PRESENT_AT,,F_259,F_259,,,,-,RECORDED AS: Hunan,EDC_1920_32-33; HB_1936_160,FALSE,FALSE
EDCT_217,PRESENT_AT,,F_26,F_26,,,,-,RECORDED AS: Changteh,EDC_1920_34,FALSE,FALSE
EDCT_287,PRESENT_AT,,F_26,F_26,,,,-,RECORDED AS: Changteh,EDC_1920_34,FALSE,FALSE
EDCT_556,PRESENT_AT,,F_26,F_26,,,,-,"RECORDED AS: Changteh, Honan",EDC_1918_78,FALSE,FALSE
EDCT_100,PRESENT_AT,,F_261,F_261,,,,-,"RECORDED AS: Kiang Kan, Hangchow",EDC_1920_6; EDC_1916_70,FALSE,FALSE
EDCT_211,PRESENT_AT,,F_261,F_261,,,,-,"RECORDED AS: Kung Yuan, Hangchow",EDC_1920_5,FALSE,FALSE
EDCT_101,PRESENT_AT,,F_261,F_261,,,,-,"RECORDED AS: Yah Szi Road, Manchu City, Hangzhou",EDC_1920_6,FALSE,FALSE
EDCT_353,PRESENT_AT,,F_264,F_264,,,,-,RECORDED AS: Chaotung,EDC_1920_99,FALSE,FALSE
EDCT_240,PRESENT_AT,,F_267,F_267,,,,-,RECORDED AS: Chinkiang,EDC_1920_44,FALSE,FALSE
EDCT_244,PRESENT_AT,,F_267,F_267,,,,-,RECORDED AS: Chinkiang,EDC_1920_44,FALSE,FALSE
EDCT_270,PRESENT_AT,,F_267,F_267,,,,-,RECORDED AS: Chinkiang,EDC_1920_44,FALSE,FALSE
EDCT_431,PRESENT_AT,,F_267,F_267,,,,-,RECORDED AS: Chinkiang,EDC_1920_140,FALSE,FALSE
EDCT_499,PRESENT_AT,,F_275,F_275,,,,-,RECORDED AS: Szechuan,,FALSE,FALSE
EDCT_487,PRESENT_AT,,F_275,F_275,,,,-,"RECORDED AS: Tzeliutsing, Szechuan",EDC_1920_116; EDC_1918_117,FALSE,FALSE
EDCT_161,PRESENT_AT,,F_277,F_277,,,,-,RECORDED AS: Anking,EDC_1920_2,FALSE,FALSE
EDCT_305,PRESENT_AT,,F_277,F_277,,,,-,RECORDED AS: Anking,EDC_1920_1-2,FALSE,FALSE
EDCT_331,PRESENT_AT,,F_277,F_277,,,,-,RECORDED AS: Anking,EDC_1920_2; EDC_1916_70,FALSE,FALSE
EDCT_460,PRESENT_AT,,F_277,F_277,,,,-,RECORDED AS: Anking,EDC_1920_164,FALSE,FALSE
EDCT_205,PRESENT_AT,,F_28,F_28,,,,-,RECORDED AS: Changchow,EDC_1920_44,FALSE,FALSE
EDCT_033,PRESENT_AT,,F_281,F_281,,,,-,RECORDED AS: Chuanchow,EDC_1920_24; HB_1936_182-251,FALSE,FALSE
EDCT_116,PRESENT_AT,,F_287,F_287,,,,-,RECORDED AS: Fatshan,EDC_1920_72; HB_1936_180-252,FALSE,FALSE
EDCT_124,PRESENT_AT,,F_287,F_287,,,,-,RECORDED AS: Fatshan,EDC_1920_72; HB_1936_180-252,FALSE,FALSE
EDCT_456,PRESENT_AT,,F_291,F_291,,,,-,RECORDED AS: Anshun,EDC_1920_130,FALSE,FALSE
EDCT_183,PRESENT_AT,,F_296,F_296,,,,-,RECORDED AS: Tangshan,EDC_1920_20,FALSE,FALSE
EDCT_075,PRESENT_AT,,F_30,F_30,,,,-,RECORDED AS: Chengtu,EDC_1920_96-97,FALSE,FALSE
EDCT_118,PRESENT_AT,,F_30,F_30,,,,-,RECORDED AS: Chengtu,"EDC_1920_12 (Teachers section, not schools section)",FALSE,FALSE
EDCT_119,PRESENT_AT,,F_30,F_30,,,,-,RECORDED AS: Chengtu,"EDC_1920_12 (Teachers section, not schools section)",FALSE,FALSE
EDCT_311,PRESENT_AT,,F_30,F_30,,,,-,RECORDED AS: Chengtu,EDC_1920_96,FALSE,FALSE
EDCT_332,PRESENT_AT,,F_30,F_30,,,,-,RECORDED AS: Chengtu,EDC_1920_95,FALSE,FALSE
EDCT_333,PRESENT_AT,,F_30,F_30,,,,-,RECORDED AS: Chengtu,EDC_1920_95,FALSE,FALSE
EDCT_358,PRESENT_AT,,F_30,F_30,,,,-,RECORDED AS: Chengtu,EDC_1920_96; HB_1936_183-249,FALSE,FALSE
EDCT_390,PRESENT_AT,,F_30,F_30,,,,-,RECORDED AS: Chengtu,EDC_1920_96; HB_1936_180,FALSE,FALSE
EDCT_407,PRESENT_AT,,F_30,F_30,,,,-,RECORDED AS: Chengtu,EDC_1920_100,FALSE,FALSE
EDCT_475,PRESENT_AT,,F_30,F_30,,,,-,RECORDED AS: Chengtu,EDC_1920_141,FALSE,FALSE
EDCT_516,PRESENT_AT,,F_30,F_30,,,,-,RECORDED AS: Chengtu,EDC_1918_28,FALSE,FALSE
EDCT_533,PRESENT_AT,,F_30,F_30,,,,-,"RECORDED AS: Chengtu, Szechwan",EDC_1918_49,FALSE,FALSE
EDCT_559,PRESENT_AT,,F_30,F_30,,,,-,"RECORDED AS: Chengtu, Szechwan",EDC_1917_9,FALSE,FALSE
EDCT_607,PRESENT_AT,,F_30,F_30,,,,-,"RECORDED AS: Chengtu, Szechwan",EDC_1917_51,FALSE,FALSE
EDCT_706,PRESENT_AT,,F_30,F_30,,,,-,"RECORDED AS: Chengtu, Szechwan",EDC_1914_15,FALSE,FALSE
EDCT_731,PRESENT_AT,,F_30,F_30,,,,-,"RECORDED AS: Chengtu, Szechwan",EDC_1918_121,FALSE,FALSE
EDCT_773,PRESENT_AT,,F_30,F_30,,,,-,"RECORDED AS: Chengtu, Szechwan",EDC_1917_91,FALSE,FALSE
EDCT_939,PRESENT_AT,,F_30,F_30,,,,-,"RECORDED AS: Chengtu, Szechwan",EDC_1914_4,FALSE,FALSE
EDCT_112,PRESENT_AT,,F_301,F_301,,,,-,RECORDED AS: Hwangchow,EDC_1920_38,FALSE,FALSE
EDCT_325,PRESENT_AT,,F_305,F_305,,,,-,RECORDED AS: Siaokan,EDC_1920_38,FALSE,FALSE
EDCT_543,PRESENT_AT,,F_307,F_307,,,,-,"RECORDED AS: Yochow City, Hunan",EDC_1918_54,FALSE,FALSE
EDCT_048,PRESENT_AT,,F_308,F_308,,,,-,RECORDED AS: Kiukiang,EDC_1920_42,FALSE,FALSE
EDCT_059,PRESENT_AT,,F_308,F_308,,,,-,RECORDED AS: Kiukiang,EDC_1920_5; HB_1936_182-264,FALSE,FALSE
EDCT_940,PRESENT_AT,,F_308,F_308,,,,-,RECORDED AS: Kiukiang,EDC_1914_14,FALSE,FALSE
EDCT_886,PRESENT_AT,,F_308,F_308,,,,-,"RECORDED AS: Kiukiang, Kiangsi",EDC_1916_64,FALSE,FALSE
EDCT_861,PRESENT_AT,,F_308,F_308,,,,-,"RECORDED AS: Kiukiang, Kiangsi",EDC_1914_2,FALSE,FALSE
EDCT_301,PRESENT_AT,,F_31,F_31,,,,-,RECORDED AS: Chenchow,EDC_1920_34,FALSE,FALSE
EDCT_735,PRESENT_AT,,F_31,F_31,,,,-,"RECORDED AS: Chenchow, Hunan",EDC_1916_55,FALSE,FALSE
EDCT_027,PRESENT_AT,,F_317,F_317,,,,-,RECORDED AS: Chefoo,EDC_1920_87,FALSE,FALSE
EDCT_028,PRESENT_AT,,F_317,F_317,,,,-,RECORDED AS: Chefoo,EDC_1920_88,FALSE,FALSE
EDCT_111,PRESENT_AT,,F_317,F_317,,,,-,RECORDED AS: Chefoo,EDC_1920_88,FALSE,FALSE
EDCT_188,PRESENT_AT,,F_317,F_317,,,,-,RECORDED AS: Chefoo,EDC_1920_87,FALSE,FALSE
EDCT_346,PRESENT_AT,,F_317,F_317,,,,-,RECORDED AS: Chefoo,EDC_1920_88,FALSE,FALSE
EDCT_470,PRESENT_AT,,F_317,F_317,,,,-,RECORDED AS: Chefoo,EDC_1920_100,FALSE,FALSE
EDCT_489,PRESENT_AT,,F_317,F_317,,,,-,RECORDED AS: Chefoo,EDC_1920_117,FALSE,FALSE
EDCT_666,PRESENT_AT,,F_317,F_317,,,,-,RECORDED AS: Chefoo,EDC_1914_13,FALSE,FALSE
EDCT_866,PRESENT_AT,,F_317,F_317,,,,-,RECORDED AS: Chefoo,EDC_1914_22,FALSE,FALSE
EDCT_515,PRESENT_AT,,F_317,F_317,,,,-,"RECORDED AS: Chefoo, Shantung",EDC_1917_2,FALSE,FALSE
EDCT_562,PRESENT_AT,,F_317,F_317,,,,-,"RECORDED AS: Chefoo, Shantung",EDC_1917_80,FALSE,FALSE
EDCT_670,PRESENT_AT,,F_317,F_317,,,,-,"RECORDED AS: Chefoo, Shantung",EDC_1916_70,FALSE,FALSE
EDCT_685,PRESENT_AT,,F_317,F_317,,,,-,"RECORDED AS: Chefoo, Shantung",,FALSE,FALSE
EDCT_772,PRESENT_AT,,F_317,F_317,,,,-,"RECORDED AS: Chefoo, Shantung",EDC_1918_113,FALSE,FALSE
EDCT_687,PRESENT_AT,,F_317,F_317,,,,-,RECORDED AS: Chefoo; Shantung,EDC_1917_99,FALSE,FALSE
EDCT_208,PRESENT_AT,,F_35,F_35,,,,-,RECORDED AS: Chuchow,EDC_1920_2,FALSE,FALSE
EDCT_408,PRESENT_AT,,F_35,F_35,,,,-,RECORDED AS: Chuchow,EDC_1920_2,FALSE,FALSE
EDCT_498,PRESENT_AT,,F_35,F_35,,,,-,RECORDED AS: Chuchow,EDC_1918_19,FALSE,FALSE
EDCT_699,PRESENT_AT,,F_35,F_35,,,,-,"RECORDED AS: Chuchow, Anhwei",EDC_1914_8,FALSE,FALSE
EDCT_191,PRESENT_AT,,F_36,F_36,,,,-,RECORDED AS: Talifu,EDC_1920_100,FALSE,FALSE
EDCT_342,PRESENT_AT,,F_36,F_36,,,,-,RECORDED AS: Talifu,EDC_1920_99,FALSE,FALSE
EDCT_343,PRESENT_AT,,F_36,F_36,,,,-,RECORDED AS: Talifu,EDC_1920_99,FALSE,FALSE
EDCT_141,PRESENT_AT,,F_45,F_45,,,,-,RECORDED AS: Tehchow,EDC_1920_90; HB_1936_182-292,FALSE,FALSE
EDCT_471,PRESENT_AT,,F_45,F_45,,,,-,RECORDED AS: Tehchow,EDC_1920_100,FALSE,FALSE
EDCT_153,PRESENT_AT,,F_48,F_48,,,,-,RECORDED AS: Tungkun,EDC_1920_79,FALSE,FALSE
EDCT_672,PRESENT_AT,,F_56,F_56,,,,-,RECORDED AS: Kuei-Chow,EDC_1895_68,FALSE,FALSE
EDCT_659,PRESENT_AT,,F_57,F_57,,,,-,"RECORDED AS: Bingtang, Haitang Island, Fukien",EDC_1916_53,FALSE,FALSE
EDCT_049,PRESENT_AT,,F_57,F_57,,,,-,RECORDED AS: Foochow,EDC_1920_25,FALSE,FALSE
EDCT_076,PRESENT_AT,,F_57,F_57,,,,-,RECORDED AS: Foochow,EDC_1920_26,FALSE,FALSE
EDCT_078,PRESENT_AT,,F_57,F_57,,,,-,RECORDED AS: Foochow,EDC_1920_25; HB_1936_179,FALSE,FALSE
EDCT_082,PRESENT_AT,,F_57,F_57,,,,-,RECORDED AS: Foochow,EDC_1920_25; HB_1936_150-154,FALSE,FALSE
EDCT_097,PRESENT_AT,,F_57,F_57,,,,-,RECORDED AS: Foochow,EDC_1920_26,FALSE,FALSE
EDCT_196,PRESENT_AT,,F_57,F_57,,,,-,RECORDED AS: Foochow,EDC_1920_26,FALSE,FALSE
EDCT_219,PRESENT_AT,,F_57,F_57,,,,-,RECORDED AS: Foochow,EDC_1920_25; HB_1936_183-253,FALSE,FALSE
EDCT_263,PRESENT_AT,,F_57,F_57,,,,-,RECORDED AS: Foochow,EDC_1920_25-26,FALSE,FALSE
EDCT_330,PRESENT_AT,,F_57,F_57,,,,-,RECORDED AS: Foochow,EDC_1920_24; HB_1936_178,FALSE,FALSE
EDCT_466,PRESENT_AT,,F_57,F_57,,,,-,RECORDED AS: Foochow,EDC_1918_1,FALSE,FALSE
EDCT_518,PRESENT_AT,,F_57,F_57,,,,-,RECORDED AS: Foochow,EDC_1918_30,FALSE,FALSE
EDCT_633,PRESENT_AT,,F_57,F_57,,,,-,RECORDED AS: Foochow,EDC_1914_16,FALSE,FALSE
EDCT_634,PRESENT_AT,,F_57,F_57,,,,-,RECORDED AS: Foochow,EDC_1914_12,FALSE,FALSE
EDCT_674,PRESENT_AT,,F_57,F_57,,,,-,RECORDED AS: Foochow,EDC_1916_70,FALSE,FALSE
EDCT_725,PRESENT_AT,,F_57,F_57,,,,-,RECORDED AS: Foochow,EDC_1914_6,FALSE,FALSE
EDCT_727,PRESENT_AT,,F_57,F_57,,,,-,RECORDED AS: Foochow,EDC_1914_8,FALSE,FALSE
EDCT_898,PRESENT_AT,,F_57,F_57,,,,-,RECORDED AS: Foochow,EDC_1914_16,FALSE,FALSE
EDCT_920,PRESENT_AT,,F_57,F_57,,,,-,RECORDED AS: Foochow,EDC_1916_78,FALSE,FALSE
EDCT_977,PRESENT_AT,,F_57,F_57,,,,-,RECORDED AS: Foochow,,FALSE,FALSE
EDCT_636,PRESENT_AT,,F_57,F_57,,,,-,"RECORDED AS: Foochow, Fu",EDC_1917_85; EDC_1916_38,FALSE,FALSE
EDCT_907,PRESENT_AT,,F_57,F_57,,,,-,"RECORDED AS: Foochow, Fujian",EDC_1914_14,FALSE,FALSE
EDCT_925,PRESENT_AT,,F_57,F_57,,,,-,"RECORDED AS: Foochow, Fujian",EDC_1914_14,FALSE,FALSE
EDCT_565,PRESENT_AT,,F_57,F_57,,,,-,"RECORDED AS: Foochow, Fukien",EDC_1917_44,FALSE,FALSE
EDCT_569,PRESENT_AT,,F_57,F_57,,,,-,"RECORDED AS: Foochow, Fukien",,FALSE,FALSE
EDCT_726,PRESENT_AT,,F_57,F_57,,,,-,"RECORDED AS: Foochow, Fukien",EDC_1916_59,FALSE,FALSE
EDCT_800,PRESENT_AT,,F_57,F_57,,,,-,"RECORDED AS: Foochow, Fukien",EDC_1918_136,FALSE,FALSE
EDCT_848,PRESENT_AT,,F_57,F_57,,,,-,"RECORDED AS: Foochow, Fukien",EDC_1916_74,FALSE,FALSE
EDCT_558,PRESENT_AT,,F_57,F_57,,,,-,"RECORDED AS: Fowchow, Szechuan",EDC_1917_9,FALSE,FALSE
EDCT_737,PRESENT_AT,,F_57,F_57,,,,-,"RECORDED AS: Kingtao, Futing, via Foochow",EDC_1916_71,FALSE,FALSE
EDCT_986,PRESENT_AT,,F_57,F_57,,,,-,,,FALSE,FALSE
EDCT_107,PRESENT_AT,,F_6,F_6,,,,-,RECORDED AS: Changte,EDC_1920_29,FALSE,FALSE
EDCT_108,PRESENT_AT,,F_60,F_60,,,,-,RECORDED AS: Kanchow,EDC_1920_42,FALSE,FALSE
EDCT_509,PRESENT_AT,,F_60,F_60,,,,-,RECORDED AS: Kanchow,EDC_1920_123,FALSE,FALSE
EDCT_017,PRESENT_AT,,F_62,F_62,,,,-,RECORDED AS: Canton,EDC_1920_70,FALSE,FALSE
EDCT_035,PRESENT_AT,,F_62,F_62,,,,-,RECORDED AS: Canton,EDC_1920_70; HB_1936_182,FALSE,FALSE
EDCT_054,PRESENT_AT,,F_62,F_62,,,,-,RECORDED AS: Canton,EDC_1920_68-69; EDC_1916_38-39,FALSE,FALSE
EDCT_086,PRESENT_AT,,F_62,F_62,,,,-,RECORDED AS: Canton,EDC_1920_70,FALSE,FALSE
EDCT_136,PRESENT_AT,,F_62,F_62,,,,-,RECORDED AS: Canton,EDC_1920_71; HB_1936_182-245,FALSE,FALSE
EDCT_156,PRESENT_AT,,F_62,F_62,,,,-,RECORDED AS: Canton,EDC_1920_70,FALSE,FALSE
EDCT_243,PRESENT_AT,,F_62,F_62,,,,-,RECORDED AS: Canton,EDC_1920_69,FALSE,FALSE
EDCT_278,PRESENT_AT,,F_62,F_62,,,,-,RECORDED AS: Canton,EDC_1920_71,FALSE,FALSE
EDCT_303,PRESENT_AT,,F_62,F_62,,,,-,RECORDED AS: Canton,EDC_1920_71,FALSE,FALSE
EDCT_428,PRESENT_AT,,F_62,F_62,,,,-,RECORDED AS: Canton,EDC_1920_92 (Teachers' section); HB_1936_183-246,FALSE,FALSE
EDCT_538,PRESENT_AT,,F_62,F_62,,,,-,RECORDED AS: Canton,EDC_1918_51,FALSE,FALSE
EDCT_585,PRESENT_AT,,F_62,F_62,,,,-,RECORDED AS: Canton,,FALSE,FALSE
EDCT_709,PRESENT_AT,,F_62,F_62,,,,-,RECORDED AS: Canton,EDC_1918_115,FALSE,FALSE
EDCT_717,PRESENT_AT,,F_62,F_62,,,,-,RECORDED AS: Canton,EDC_1916_75,FALSE,FALSE
EDCT_787,PRESENT_AT,,F_62,F_62,,,,-,RECORDED AS: Canton,EDC_1918_115,FALSE,FALSE
EDCT_794,PRESENT_AT,,F_62,F_62,,,,-,RECORDED AS: Canton,EDC_1916_58,FALSE,FALSE
EDCT_511,PRESENT_AT,,F_62,F_62,,,,-,RECORDED AS: Canton,EDC_1917_2,FALSE,FALSE
EDCT_513,PRESENT_AT,,F_62,F_62,,,,-,RECORDED AS: Canton,EDC_1917_2,FALSE,FALSE
EDCT_613,PRESENT_AT,,F_62,F_62,,,,-,RECORDED AS: Canton,EDC_1917_84,FALSE,FALSE
EDCT_542,PRESENT_AT,,F_62,F_62,,,,-,"RECORDED AS: Canton, Kwangtung",EDC_1918_52,FALSE,FALSE
EDCT_845,PRESENT_AT,,F_62,F_62,,,,-,"RECORDED AS: Canton, Kwangtung",EDC_1917_71; EDC_1916_79,FALSE,FALSE
EDCT_150,PRESENT_AT,,F_65,F_65,,,,-,RECORDED AS: Kweiyang,EDC_1920_17 (Teachers section),FALSE,FALSE
EDCT_819,PRESENT_AT,,F_65,F_65,,,,-,"RECORDED AS: Kweiyang, Kweichow",EDC_1918_145,FALSE,FALSE
EDCT_822,PRESENT_AT,,F_65,F_65,,,,-,"RECORDED AS: Kweiyang, Kweichow",EDC_1918_145,FALSE,FALSE
EDCT_863,PRESENT_AT,,F_73,F_73,,,,-,RECORDED AS: Hangcho,EDC_1914_36,FALSE,FALSE
EDCT_068,PRESENT_AT,,F_73,F_73,,,,-,RECORDED AS: Hangchow,EDC_1920_7,FALSE,FALSE
EDCT_401,PRESENT_AT,,F_73,F_73,,,,-,RECORDED AS: Hangchow,EDC_1920_7; EDC_1918_148,FALSE,FALSE
EDCT_457,PRESENT_AT,,F_73,F_73,,,,-,RECORDED AS: Hangchow,EDC_1920_161,FALSE,FALSE
EDCT_459,PRESENT_AT,,F_73,F_73,,,,-,RECORDED AS: Hangchow,EDC_1920_163,FALSE,FALSE
EDCT_521,PRESENT_AT,,F_73,F_73,,,,-,RECORDED AS: Hangchow,EDC_1920_105,FALSE,FALSE
EDCT_605,PRESENT_AT,,F_73,F_73,,,,-,RECORDED AS: Hangchow,EDC_1918_66; EDC_1916_55,FALSE,FALSE
EDCT_843,PRESENT_AT,,F_73,F_73,,,,-,RECORDED AS: Hangchow,EDC_1914_20,FALSE,FALSE
EDCT_951,PRESENT_AT,,F_73,F_73,,,,-,RECORDED AS: Hangchow,EDC_1916_04,FALSE,FALSE
EDCT_755,PRESENT_AT,,F_73,F_73,,,,-,"RECORDED AS: Hangchow, Che",EDC_1914_10,FALSE,FALSE
EDCT_756,PRESENT_AT,,F_73,F_73,,,,-,"RECORDED AS: Hangchow, Che",EDC_1914_10,FALSE,FALSE
EDCT_675,PRESENT_AT,,F_73,F_73,,,,-,"RECORDED AS: Hangchow, Chekiang",EDC_1918_124,FALSE,FALSE
EDCT_742,PRESENT_AT,,F_73,F_73,,,,-,"RECORDED AS: Hangchow, Chekiang",EDC_1918_144,FALSE,FALSE
EDCT_808,PRESENT_AT,,F_73,F_73,,,,-,"RECORDED AS: Hangchow, Chekiang",EDC_1918_134,FALSE,FALSE
EDCT_872,PRESENT_AT,,F_73,F_73,,,,-,"RECORDED AS: Hangchow, Chekiang",EDC_1914_16,FALSE,FALSE
EDCT_063,PRESENT_AT,,F_77,F_77,,,,-,RECORDED AS: Luchowfu,EDC_1920_3; EDC_1916_39,FALSE,FALSE
EDCT_260,PRESENT_AT,,F_77,F_77,,,,-,RECORDED AS: Luchowfu,EDC_1920_3,FALSE,FALSE
EDCT_292,PRESENT_AT,,F_80,F_80,,,,-,RECORDED AS: Hengchowfu,EDC_1920_34,FALSE,FALSE
EDCT_433,PRESENT_AT,,F_80,F_80,,,,-,RECORDED AS: Hengchowfu,EDC_1920_141,FALSE,FALSE
EDCT_235,PRESENT_AT,,F_86,F_86,,,,-,RECORDED AS: Hwaianfu,EDC_1920_27 (Teachers section),FALSE,FALSE
EDCT_313,PRESENT_AT,,F_94,F_94,,,,-,RECORDED AS: Huchow,EDC_1920_62-63; HB_1936_182,FALSE,FALSE
EDCT_383,PRESENT_AT,,F_94,F_94,,,,-,RECORDED AS: Huchow,EDC_1920_8,FALSE,FALSE
EDCT_751,PRESENT_AT,,F_94,F_94,,,,-,"RECORDED AS: Huchow, Chekiang",EDC_1916_66,FALSE,FALSE
EDCT_771,PRESENT_AT,,F_94,F_94,,,,-,"RECORDED AS: Huchow, Chekiang",EDC_1914_19,FALSE,FALSE
EDCT_099,PRESENT_AT,,F_94,F_94,,,,-,RECORDED AS: Huchowfu,EDC_1920_8; HB_1936_183-259,FALSE,FALSE
EDCT_236,PRESENT_AT,,F_94,F_94,,,,-,RECORDED AS: Huchowfu,EDC_1920_7,FALSE,FALSE
EDCT_356,PRESENT_AT,,F_94,F_94,,,,-,RECORDED AS: Huchowfu,EDC_1920_7,FALSE,FALSE
EDCT_215,PRESENT_AT,,F_95,F_95,,,,-,RECORDED AS: Kashing,EDC_1920_8,FALSE,FALSE
EDCT_286,PRESENT_AT,,F_95,F_95,,,,-,RECORDED AS: Kashing,EDC_1920_35; HB_1936_180-263,FALSE,FALSE
EDCT_874,PRESENT_AT,,L1503,L1503,,,,-,"RECORDED AS: South Gate, Shanghai",EDC_1916_81,FALSE,FALSE
EDCT_769,PRESENT_AT,,O_1,O_1,,,,-,"RECORDED AS: Hsiao, Chaohsien, Anhwei",EDC_1918_145; EDC_1918_148,FALSE,FALSE
EDCT_506,PRESENT_AT,,O_13,O_13,,,,-,"RECORDED AS: 2, Bridges Street, Hong Kong",EDC_1920_113; EDC_1916_75,FALSE,FALSE
EDCT_590,PRESENT_AT,,O_13,O_13,,,,-,"RECORDED AS: Caine Road, Hongkong",EDC_1918_97,FALSE,FALSE
EDCT_018,PRESENT_AT,,O_13,O_13,,,,-,"RECORDED AS: Causeway Bay, Hongkong",EDC_1920_74,FALSE,FALSE
EDCT_655,PRESENT_AT,,O_13,O_13,,,,-,RECORDED AS: Hong Kong,EDC_1914_13,FALSE,FALSE
EDCT_712,PRESENT_AT,,O_13,O_13,,,,-,RECORDED AS: Hong Kong,EDC_1914_8,FALSE,FALSE
EDCT_720,PRESENT_AT,,O_13,O_13,,,,-,RECORDED AS: Hong Kong,EDC_1914_8,FALSE,FALSE
EDCT_891,PRESENT_AT,,O_13,O_13,,,,-,RECORDED AS: Hong Kong,EDC_1914_7,FALSE,FALSE
EDCT_895,PRESENT_AT,,O_13,O_13,,,,-,RECORDED AS: Hong Kong,EDC_1914_6,FALSE,FALSE
EDCT_088,PRESENT_AT,,O_13,O_13,,,,-,RECORDED AS: Hongkong,EDC_1920_76,FALSE,FALSE
EDCT_098,PRESENT_AT,,O_13,O_13,,,,-,RECORDED AS: Hongkong,EDC_1920_73; EDC_1918_112,FALSE,FALSE
EDCT_157,PRESENT_AT,,O_13,O_13,,,,-,RECORDED AS: Hongkong,EDC_1920_76,FALSE,FALSE
EDCT_254,PRESENT_AT,,O_13,O_13,,,,-,RECORDED AS: Hongkong,EDC_1920_72: Wikipedia; EDC_1916_38,FALSE,FALSE
EDCT_255,PRESENT_AT,,O_13,O_13,,,,-,RECORDED AS: Hongkong,EDC_1920_72,FALSE,FALSE
EDCT_443,PRESENT_AT,,O_13,O_13,,,,-,RECORDED AS: Hongkong,EDC_1920_74,FALSE,FALSE
EDCT_482,PRESENT_AT,,O_13,O_13,,,,-,RECORDED AS: Hongkong,EDC_1918_10,FALSE,FALSE
EDCT_648,PRESENT_AT,,O_13,O_13,,,,-,RECORDED AS: Hongkong,EDC_1917_27,FALSE,FALSE
EDCT_708,PRESENT_AT,,O_13,O_13,,,,-,RECORDED AS: Hongkong,EDC_1914_14,FALSE,FALSE
EDCT_770,PRESENT_AT,,O_13,O_13,,,,-,RECORDED AS: Hongkong,EDC_1914_9,FALSE,FALSE
EDCT_864,PRESENT_AT,,O_13,O_13,,,,-,RECORDED AS: Hongkong,EDC_1914_16,FALSE,FALSE
EDCT_896,PRESENT_AT,,O_13,O_13,,,,-,RECORDED AS: Hongkong,EDC_1914_12,FALSE,FALSE
EDCT_902,PRESENT_AT,,O_13,O_13,,,,-,RECORDED AS: HongKong,EDC_1917_88,FALSE,FALSE
EDCT_905,PRESENT_AT,,O_13,O_13,,,,-,RECORDED AS: Hongkong,EDC_1914_16,FALSE,FALSE
EDCT_931,PRESENT_AT,,O_13,O_13,,,,-,RECORDED AS: Hongkong,EDC_1914_10,FALSE,FALSE
EDCT_958,PRESENT_AT,,O_13,O_13,,,,-,RECORDED AS: Hongkong,EDC_1914_18,FALSE,FALSE
EDCT_981,PRESENT_AT,,O_13,O_13,,,,-,RECORDED AS: Hongkong,,FALSE,FALSE
EDCT_583,PRESENT_AT,,O_13,O_13,,,,-,"RECORDED AS: Pokfolum Road, Hong Kong",EDC_1918_103; EDC_1916_40,FALSE,FALSE
EDCT_446,PRESENT_AT,,O_13,O_13,,,,-,"RECORDED AS: Victoria, Hongkong",EDC_1920_147,FALSE,FALSE
EDCT_957,PRESENT_AT,,O_15,O_15,,,,-,"RECORDED AS: Changsha, Hunan",EDC_1916_80,FALSE,FALSE
EDCT_983,PRESENT_AT,,O_15,O_15,,,,-,"RECORDED AS: Changsha, Hunan",,FALSE,FALSE
EDCT_621,PRESENT_AT,,O_15,O_15,,,,-,"RECORDED AS: Hengchow, Hunan",EDC_1917_22,FALSE,FALSE
EDCT_619,PRESENT_AT,,O_15,O_15,,,,-,RECORDED AS: Hunan,EDC_1917_103,FALSE,FALSE
EDCT_786,PRESENT_AT,,O_15,O_15,,,,-,RECORDED AS: Hunan,EDC_1914_1,FALSE,FALSE
EDCT_829,PRESENT_AT,,O_15,O_15,,,,-,"RECORDED AS: Hunan; Baptist College, Shanghai",EDC_1914_18,FALSE,FALSE
EDCT_530,PRESENT_AT,,O_16,O_16,,,,-,RECORDED AS: Kirin,EDC_1918_47,FALSE,FALSE
EDCT_947,PRESENT_AT,,O_16,O_16,,,,-,"RECORDED AS: Kirin, Manchuria",EDC_1914_6,FALSE,FALSE
EDCT_962,PRESENT_AT,,O_16,O_16,,,,-,"RECORDED AS: Kirin, Manchuria",EDC_1917_59,FALSE,FALSE
EDCT_936,PRESENT_AT,,O_16,O_16,,,,-,"RECORDED AS: Yushuting, Kirin",EDC_1918_134; EDC_1916_57,FALSE,FALSE
EDCT_497,PRESENT_AT,,O_17,O_17,,,,-,RECORDED AS: Jiangsu,,FALSE,FALSE
EDCT_495,PRESENT_AT,,O_17,O_17,,,,-,RECORDED AS: Jiangsu,,FALSE,FALSE
EDCT_504,PRESENT_AT,,O_17,O_17,,,,-,RECORDED AS: Jiangsu,EDC_1920_153,FALSE,FALSE
EDCT_519,PRESENT_AT,,O_17,O_17,,,,-,RECORDED AS: Jiangsu,,FALSE,FALSE
EDCT_688,PRESENT_AT,,O_17,O_17,,,,-,RECORDED AS: Kiangsi,EDC_1914_1,FALSE,FALSE
EDCT_501,PRESENT_AT,,O_17,O_17,,,,-,RECORDED AS: Kiangsu,EDC_1920_120,FALSE,FALSE
EDCT_785,PRESENT_AT,,O_17,O_17,,,,-,RECORDED AS: Kiangsu,EDC_1914_1,FALSE,FALSE
EDCT_806,PRESENT_AT,,O_17,O_17,,,,-,RECORDED AS: Kiangsu,EDC_1914_1,FALSE,FALSE
EDCT_690,PRESENT_AT,,O_17,O_17,,,,-,"RECORDED AS: Yencheng, Honan",EDC_1916_77,FALSE,FALSE
EDCT_846,PRESENT_AT,,O_17,O_17,,,,-,"RECORDED AS: Yencheng, Kiangsu",EDC_1918_112,FALSE,FALSE
EDCT_761,PRESENT_AT,,O_2,O_2,,,,-,RECORDED AS: Beijing,EDC_1914_14,FALSE,FALSE
EDCT_832,PRESENT_AT,,O_2,O_2,,,,-,RECORDED AS: Beijing,EDC_1914_7,FALSE,FALSE
EDCT_847,PRESENT_AT,,O_2,O_2,,,,-,"RECORDED AS: North Cathedral, Peitang, Peking, Chihli",EDC_1918_129,FALSE,FALSE
EDCT_073,PRESENT_AT,,O_2,O_2,,,,-,RECORDED AS: Peiping,HB_1936_179; EDC_1920_6,FALSE,FALSE
EDCT_005,PRESENT_AT,,O_2,O_2,,,,-,RECORDED AS: Peking,EDC_1920_13-14,FALSE,FALSE
EDCT_071,PRESENT_AT,,O_2,O_2,,,,-,RECORDED AS: Peking,EDC_1920_19,FALSE,FALSE
EDCT_092,PRESENT_AT,,O_2,O_2,,,,-,RECORDED AS: Peking,EDC_1920_13,FALSE,FALSE
EDCT_095,PRESENT_AT,,O_2,O_2,,,,-,RECORDED AS: Peking,EDC_1920_9; EDC_1916_65,FALSE,FALSE
EDCT_096,PRESENT_AT,,O_2,O_2,,,,-,RECORDED AS: Peking,EDC_1920_16-17,FALSE,FALSE
EDCT_114,PRESENT_AT,,O_2,O_2,,,,-,RECORDED AS: Peking,EDC_1920_14; HB_1936_182-276,FALSE,FALSE
EDCT_132,PRESENT_AT,,O_2,O_2,,,,-,RECORDED AS: Peking,EDC_1920_17; HB_1936_183-276; EDC_1916_40,FALSE,FALSE
EDCT_133,PRESENT_AT,,O_2,O_2,,,,-,RECORDED AS: Peking,EDC_1920_14 (teachers section),FALSE,FALSE
EDCT_203,PRESENT_AT,,O_2,O_2,,,,-,RECORDED AS: Peking,EDC_1920_23 (Teachers section),FALSE,FALSE
EDCT_212,PRESENT_AT,,O_2,O_2,,,,-,RECORDED AS: Peking,EDC_1920_24 (Teachers section),FALSE,FALSE
EDCT_223,PRESENT_AT,,O_2,O_2,,,,-,RECORDED AS: Peking,EDC_1920_12,FALSE,FALSE
EDCT_246,PRESENT_AT,,O_2,O_2,,,,-,RECORDED AS: Peking,EDC_1920_13,FALSE,FALSE
EDCT_271,PRESENT_AT,,O_2,O_2,,,,-,RECORDED AS: Peking,EDC_1920_12; HB_1936_178,FALSE,FALSE
EDCT_279,PRESENT_AT,,O_2,O_2,,,,-,RECORDED AS: Peking,EDC_1920_19,FALSE,FALSE
EDCT_326,PRESENT_AT,,O_2,O_2,,,,-,RECORDED AS: Peking,EDC_1920_14,FALSE,FALSE
EDCT_444,PRESENT_AT,,O_2,O_2,,,,-,RECORDED AS: Peking,EDC_1920_19; HB_1936_184-275,FALSE,FALSE
EDCT_447,PRESENT_AT,,O_2,O_2,,,,-,RECORDED AS: Peking,EDC_1920_152; EDC_1916_38,FALSE,FALSE
EDCT_450,PRESENT_AT,,O_2,O_2,,,,-,RECORDED AS: Peking,EDC_1920_126,FALSE,FALSE
EDCT_458,PRESENT_AT,,O_2,O_2,,,,-,RECORDED AS: Peking,EDC_1920_131,FALSE,FALSE
EDCT_464,PRESENT_AT,,O_2,O_2,,,,-,RECORDED AS: Peking,EDC_1918_1,FALSE,FALSE
EDCT_484,PRESENT_AT,,O_2,O_2,,,,-,RECORDED AS: Peking,EDC_1920_114,FALSE,FALSE
EDCT_537,PRESENT_AT,,O_2,O_2,,,,-,RECORDED AS: Peking,EDC_1918_50,FALSE,FALSE
EDCT_566,PRESENT_AT,,O_2,O_2,,,,-,RECORDED AS: Peking,EDC_1918_79,FALSE,FALSE
EDCT_570,PRESENT_AT,,O_2,O_2,,,,-,RECORDED AS: Peking,EDC_1917_11,FALSE,FALSE
EDCT_620,PRESENT_AT,,O_2,O_2,,,,-,RECORDED AS: Peking,EDC_1918_107,FALSE,FALSE
EDCT_764,PRESENT_AT,,O_2,O_2,,,,-,RECORDED AS: Peking,EDC_1918_117,FALSE,FALSE
EDCT_924,PRESENT_AT,,O_2,O_2,,,,-,RECORDED AS: Peking,EDC_1917_26,FALSE,FALSE
EDCT_928,PRESENT_AT,,O_2,O_2,,,,-,RECORDED AS: Peking,EDC_1916_81,FALSE,FALSE
EDCT_465,PRESENT_AT,,O_2,O_2,,,,-,RECORDED AS: Peking,EDC_1918_1,FALSE,FALSE
EDCT_610,PRESENT_AT,,O_2,O_2,,,,-,RECORDED AS: Peking,EDC_1917_83,FALSE,FALSE
EDCT_665,PRESENT_AT,,O_2,O_2,,,,-,RECORDED AS: Peking,EDC_1914_13,FALSE,FALSE
EDCT_747,PRESENT_AT,,O_2,O_2,,,,-,RECORDED AS: Peking,EDC_1914_4,FALSE,FALSE
EDCT_804,PRESENT_AT,,O_2,O_2,,,,-,RECORDED AS: Peking,EDC_1914_18,FALSE,FALSE
EDCT_831,PRESENT_AT,,O_2,O_2,,,,-,RECORDED AS: Peking,EDC_1914_10,FALSE,FALSE
EDCT_909,PRESENT_AT,,O_2,O_2,,,,-,RECORDED AS: Peking,EDC_1914_3,FALSE,FALSE
EDCT_910,PRESENT_AT,,O_2,O_2,,,,-,RECORDED AS: Peking,EDC_1914_13,FALSE,FALSE
EDCT_927,PRESENT_AT,,O_2,O_2,,,,-,RECORDED AS: Peking,,FALSE,FALSE
EDCT_941,PRESENT_AT,,O_2,O_2,,,,-,RECORDED AS: Peking,EDC_1914_12,FALSE,FALSE
EDCT_976,PRESENT_AT,,O_2,O_2,,,,-,RECORDED AS: Peking,,FALSE,FALSE
EDCT_980,PRESENT_AT,,O_2,O_2,,,,-,RECORDED AS: Peking,,FALSE,FALSE
EDCT_781,PRESENT_AT,,O_2,O_2,,,,-,"RECORDED AS: Peking, Chihli",EDC_1918_124,FALSE,FALSE
EDCT_926,PRESENT_AT,,O_2,O_2,,,,-,"RECORDED AS: Peking, Chihli",EDC_1917_71,FALSE,FALSE
EDCT_862,PRESENT_AT,,O_2,O_2,,,,-,"RECORDED AS: Peking,Chili",EDC_1917_92,FALSE,FALSE
EDCT_997,PRESENT_AT,,O_2,O_2,,,,-,,,FALSE,FALSE
EDCT_006,PRESENT_AT,,O_20,O_20,,,,-,RECORDED AS: Macao,EDC_1920_78,FALSE,FALSE
EDCT_179,PRESENT_AT,,O_20,O_20,,,,-,RECORDED AS: Macao,EDC_1920_78,FALSE,FALSE
EDCT_328,PRESENT_AT,,O_20,O_20,,,,-,RECORDED AS: Macao,EDC_1920_78,FALSE,FALSE
EDCT_719,PRESENT_AT,,O_20,O_20,,,,-,RECORDED AS: Macao,EDC_1916_78,FALSE,FALSE
EDCT_568,PRESENT_AT,,O_20,O_20,,,,-,"RECORDED AS: Macao, Kwangtung",EDC_1917_10,FALSE,FALSE
EDCT_572,PRESENT_AT,,O_20,O_20,,,,-,"RECORDED AS: Macao, Kwangtung",EDC_1918_59; EDC_1916_73,FALSE,FALSE
EDCT_622,PRESENT_AT,,O_24,O_24,,,,-,"RECORDED AS: Penghsien, Szechwan",EDC_1917_22,FALSE,FALSE
EDCT_553,PRESENT_AT,,O_25,O_25,,,,-,"RECORDED AS: Ankiu, Shantung",EDC_1918_57,FALSE,FALSE
EDCT_483,PRESENT_AT,,O_25,O_25,,,,-,RECORDED AS: Shandong,EDC_1918_12,FALSE,FALSE
EDCT_656,PRESENT_AT,,O_26,O_26,,,,-,"RECORDED AS: 106 North Szechuen Road, Shanghai",EDC_1918_140,FALSE,FALSE
EDCT_552,PRESENT_AT,,O_26,O_26,,,,-,"RECORDED AS: 11a, Quinsan Road, Shanghai",EDC_1918_57,FALSE,FALSE
EDCT_783,PRESENT_AT,,O_26,O_26,,,,-,"RECORDED AS: 11c Nanking Road, Shanghai",EDC_1916_61,FALSE,FALSE
EDCT_505,PRESENT_AT,,O_26,O_26,,,,-,"RECORDED AS: 179, Rue Montigny, French Concession, Shanghai",EDC_1920_110; EDC_1916_38,FALSE,FALSE
EDCT_878,PRESENT_AT,,O_26,O_26,,,,-,"RECORDED AS: 2 Route Touranne, Shanghai",EDC_1916_52,FALSE,FALSE
EDCT_875,PRESENT_AT,,O_26,O_26,,,,-,"RECORDED AS: 207, Burkill Road, Shanghai",EDC_1918_143,FALSE,FALSE
EDCT_693,PRESENT_AT,,O_26,O_26,,,,-,"RECORDED AS: 25 Ningkuo Road, Shanghai",EDC_1918_117,FALSE,FALSE
EDCT_602,PRESENT_AT,,O_26,O_26,,,,-,"RECORDED AS: 4 Quinsan Gardens, Shanghai",EDC_1917_20,FALSE,FALSE
EDCT_697,PRESENT_AT,,O_26,O_26,,,,-,"RECORDED AS: Hongkew, Shanghai, Kiangsu",EDC_1918_124,FALSE,FALSE
EDCT_932,PRESENT_AT,,O_26,O_26,,,,-,"RECORDED AS: Ioo, Avenue Road, Shanghai",EDC_1914_18,FALSE,FALSE
EDCT_904,PRESENT_AT,,O_26,O_26,,,,-,"RECORDED AS: Jessfield, Shanghai",EDC_1916_30,FALSE,FALSE
EDCT_631,PRESENT_AT,,O_26,O_26,,,,-,"RECORDED AS: Jessfield, Shanghai",EDC_1914_10,FALSE,FALSE
EDCT_890,PRESENT_AT,,O_26,O_26,,,,-,"RECORDED AS: Jessfield, Shanghai",EDC_1914_19,FALSE,FALSE
EDCT_892,PRESENT_AT,,O_26,O_26,,,,-,"RECORDED AS: Jessfield, Shanghai",EDC_1914_12,FALSE,FALSE
EDCT_982,PRESENT_AT,,O_26,O_26,,,,-,"RECORDED AS: Jessfield, Shanghai",,FALSE,FALSE
EDCT_703,PRESENT_AT,,O_26,O_26,,,,-,"RECORDED AS: Kiangwan Road, Shanghai",EDC_1918_118,FALSE,FALSE
EDCT_242,PRESENT_AT,,O_26,O_26,,,,-,"RECORDED AS: Kiu Mer Road, Shanghai",EDC_1920_61,FALSE,FALSE
EDCT_015,PRESENT_AT,,O_26,O_26,,,,-,"RECORDED AS: Nanzing Road, Shanghai",EDC_1920_58,FALSE,FALSE
EDCT_897,PRESENT_AT,,O_26,O_26,,,,-,"RECORDED AS: Nanzing Road, Shanghai, Kiangsu",EDC_1917_26,FALSE,FALSE
EDCT_683,PRESENT_AT,,O_26,O_26,,,,-,"RECORDED AS: Quinsan Gardens, Shanghai",EDC_1917_30,FALSE,FALSE
EDCT_488,PRESENT_AT,,O_26,O_26,,,,-,"RECORDED AS: Rue Touranne, 2, Shanghai",EDC_1920_117,FALSE,FALSE
EDCT_034,PRESENT_AT,,O_26,O_26,,,,-,RECORDED AS: Shanghai,EDC_1920_56-57; HB_1936_150-158; HB_1936_163; https://en.wikipedia.org/wiki/University_of_Shanghai,FALSE,FALSE
EDCT_085,PRESENT_AT,,O_26,O_26,,,,-,RECORDED AS: Shanghai,EDC_1920_58; HB_1936_182-278; EDC_1916_38,FALSE,FALSE
EDCT_130,PRESENT_AT,,O_26,O_26,,,,-,RECORDED AS: Shanghai,EDC_1920_14 (Teachers section),FALSE,FALSE
EDCT_451,PRESENT_AT,,O_26,O_26,,,,-,RECORDED AS: Shanghai,EDC_1920_159,FALSE,FALSE
EDCT_508,PRESENT_AT,,O_26,O_26,,,,-,RECORDED AS: Shanghai,EDC_1920_122,FALSE,FALSE
EDCT_514,PRESENT_AT,,O_26,O_26,,,,-,RECORDED AS: Shanghai,EDC_1920_63,FALSE,FALSE
EDCT_546,PRESENT_AT,,O_26,O_26,,,,-,RECORDED AS: Shanghai,EDC_1918_55,FALSE,FALSE
EDCT_564,PRESENT_AT,,O_26,O_26,,,,-,RECORDED AS: Shanghai,,FALSE,FALSE
EDCT_657,PRESENT_AT,,O_26,O_26,,,,-,RECORDED AS: Shanghai,EDC_1916_72,FALSE,FALSE
EDCT_676,PRESENT_AT,,O_26,O_26,,,,-,RECORDED AS: Shanghai,EDC_1916_05,FALSE,FALSE
EDCT_692,PRESENT_AT,,O_26,O_26,,,,-,RECORDED AS: Shanghai,EDC_1917_30,FALSE,FALSE
EDCT_733,PRESENT_AT,,O_26,O_26,,,,-,RECORDED AS: Shanghai,EDC_1916_57,FALSE,FALSE
EDCT_784,PRESENT_AT,,O_26,O_26,,,,-,RECORDED AS: Shanghai,EDC_1916_81,FALSE,FALSE
EDCT_823,PRESENT_AT,,O_26,O_26,,,,-,RECORDED AS: Shanghai,EDC_1918_130,FALSE,FALSE
EDCT_963,PRESENT_AT,,O_26,O_26,,,,-,RECORDED AS: Shanghai,EDC_1916_67,FALSE,FALSE
EDCT_640,PRESENT_AT,,O_26,O_26,,,,-,RECORDED AS: Shanghai,EDC_1914_24,FALSE,FALSE
EDCT_641,PRESENT_AT,,O_26,O_26,,,,-,RECORDED AS: Shanghai,EDC_1914_12,FALSE,FALSE
EDCT_651,PRESENT_AT,,O_26,O_26,,,,-,RECORDED AS: Shanghai,EDC_1914_17,FALSE,FALSE
EDCT_669,PRESENT_AT,,O_26,O_26,,,,-,RECORDED AS: Shanghai,EDC_1914_6,FALSE,FALSE
EDCT_695,PRESENT_AT,,O_26,O_26,,,,-,RECORDED AS: Shanghai,EDC_1914_6,FALSE,FALSE
EDCT_696,PRESENT_AT,,O_26,O_26,,,,-,RECORDED AS: Shanghai,EDC_1914_10,FALSE,FALSE
EDCT_714,PRESENT_AT,,O_26,O_26,,,,-,RECORDED AS: Shanghai,EDC_1914_8,FALSE,FALSE
EDCT_715,PRESENT_AT,,O_26,O_26,,,,-,RECORDED AS: Shanghai,EDC_1914_10,FALSE,FALSE
EDCT_728,PRESENT_AT,,O_26,O_26,,,,-,RECORDED AS: Shanghai,EDC_1914_1,FALSE,FALSE
EDCT_748,PRESENT_AT,,O_26,O_26,,,,-,RECORDED AS: Shanghai,EDC_1914_8,FALSE,FALSE
EDCT_758,PRESENT_AT,,O_26,O_26,,,,-,RECORDED AS: Shanghai,EDC_1914_14,FALSE,FALSE
EDCT_780,PRESENT_AT,,O_26,O_26,,,,-,RECORDED AS: Shanghai,EDC_1917_85,FALSE,FALSE
EDCT_789,PRESENT_AT,,O_26,O_26,,,,-,RECORDED AS: Shanghai,EDC_1914_11,FALSE,FALSE
EDCT_796,PRESENT_AT,,O_26,O_26,,,,-,RECORDED AS: Shanghai,,FALSE,FALSE
EDCT_809,PRESENT_AT,,O_26,O_26,,,,-,RECORDED AS: Shanghai,EDC_1914_11,FALSE,FALSE
EDCT_810,PRESENT_AT,,O_26,O_26,,,,-,RECORDED AS: Shanghai,EDC_1914_3,FALSE,FALSE
EDCT_856,PRESENT_AT,,O_26,O_26,,,,-,RECORDED AS: Shanghai,EDC_1914_11,FALSE,FALSE
EDCT_857,PRESENT_AT,,O_26,O_26,,,,-,RECORDED AS: Shanghai,EDC_1914_19,FALSE,FALSE
EDCT_860,PRESENT_AT,,O_26,O_26,,,,-,RECORDED AS: Shanghai,EDC_1914_4,FALSE,FALSE
EDCT_873,PRESENT_AT,,O_26,O_26,,,,-,RECORDED AS: Shanghai,EDC_1914_3,FALSE,FALSE
EDCT_876,PRESENT_AT,,O_26,O_26,,,,-,RECORDED AS: Shanghai,EDC_1914_14,FALSE,FALSE
EDCT_879,PRESENT_AT,,O_26,O_26,,,,-,RECORDED AS: Shanghai,EDC_1914_16,FALSE,FALSE
EDCT_887,PRESENT_AT,,O_26,O_26,,,,-,RECORDED AS: Shanghai,EDC_1914_10,FALSE,FALSE
EDCT_888,PRESENT_AT,,O_26,O_26,,,,-,RECORDED AS: Shanghai,EDC_1914_16,FALSE,FALSE
EDCT_889,PRESENT_AT,,O_26,O_26,,,,-,RECORDED AS: Shanghai,EDC_1914_16,FALSE,FALSE
EDCT_893,PRESENT_AT,,O_26,O_26,,,,-,RECORDED AS: Shanghai,EDC_1914_1,FALSE,FALSE
EDCT_929,PRESENT_AT,,O_26,O_26,,,,-,RECORDED AS: Shanghai,EDC_1914_8,FALSE,FALSE
EDCT_930,PRESENT_AT,,O_26,O_26,,,,-,RECORDED AS: Shanghai,EDC_1914_8,FALSE,FALSE
EDCT_949,PRESENT_AT,,O_26,O_26,,,,-,RECORDED AS: Shanghai,EDC_1914_16,FALSE,FALSE
EDCT_952,PRESENT_AT,,O_26,O_26,,,,-,RECORDED AS: Shanghai,EDC_1914_5,FALSE,FALSE
EDCT_966,PRESENT_AT,,O_26,O_26,,,,-,RECORDED AS: Shanghai,,FALSE,FALSE
EDCT_998,PRESENT_AT,,O_26,O_26,,,,-,RECORDED AS: Shanghai,,FALSE,FALSE
EDCT_579,PRESENT_AT,,O_26,O_26,,,,-,"RECORDED AS: Shanghai, Kiangsu",EDC_1917_15,FALSE,FALSE
EDCT_581,PRESENT_AT,,O_26,O_26,,,,-,"RECORDED AS: Shanghai, Kiangsu",EDC_1918_102,FALSE,FALSE
EDCT_469,PRESENT_AT,,O_26,O_26,,,,-,RECORDED AS: Siccawei,EDC_1918_3; https://zh.m.wikipedia.org/zh-hans/%E5%90%AF%E6%98%8E%E5%A5%B3%E6%A0%A1%E6%97%A7%E5%9D%80,FALSE,FALSE
EDCT_549,PRESENT_AT,,O_26,O_26,,,,-,"RECORDED AS: Sinza Terrace, Shanghai",EDC_1918_57,FALSE,FALSE
EDCT_868,PRESENT_AT,,O_26,O_26,,,,-,"RECORDED AS: St. John's University, Jessfield, Shanghai",EDC_1914_11,FALSE,FALSE
EDCT_812,PRESENT_AT,,O_26,O_26,,,,-,"RECORDED AS: St. John's University, Shanghai",EDC_1914_18,FALSE,FALSE
EDCT_828,PRESENT_AT,,O_26,O_26,,,,-,"RECORDED AS: St. Mary's Hall, Jessfield, Shanghai",EDC_1914_11,FALSE,FALSE
EDCT_603,PRESENT_AT,,O_26,O_26,,,,-,"RECORDED AS: West Gate, Shanghai",EDC_1917_20,FALSE,FALSE
EDCT_945,PRESENT_AT,,O_26,O_26,,,,-,"RECORDED AS: Y. M. C. A., Shanghai",EDC_1914_18,FALSE,FALSE
EDCT_969,PRESENT_AT,,O_26,O_26,,,,-,,,FALSE,FALSE
EDCT_793,PRESENT_AT,,O_28,O_28,,,,-,"RECORDED AS: Tai Yuan Fu, Shansi",EDC_1918_123,FALSE,FALSE
EDCT_382,PRESENT_AT,,O_3,O_3,,,,-,RECORDED AS: Chungking,HB_1936_183; EDC_1920_97,FALSE,FALSE
EDCT_467,PRESENT_AT,,O_3,O_3,,,,-,RECORDED AS: Chungking,EDC_1918_1,FALSE,FALSE
EDCT_730,PRESENT_AT,,O_3,O_3,,,,-,"RECORDED AS: Chungking, Szech wan",EDC_1914_8,FALSE,FALSE
EDCT_626,PRESENT_AT,,O_3,O_3,,,,-,"RECORDED AS: Chungking, Szechuan",EDC_1917_26,FALSE,FALSE
EDCT_322,PRESENT_AT,,O_3,O_3,,,,-,"RECORDED AS: Wen Fung Ta, Chungking",EDC_1920_97; EDC_1918_123,FALSE,FALSE
EDCT_490,PRESENT_AT,,O_30,O_30,,,,-,"RECORDED AS: Recreation Road, Tientsin",EDC_1920_118,FALSE,FALSE
EDCT_030,PRESENT_AT,,O_30,O_30,,,,-,RECORDED AS: Tientsin,EDC_1920_22; EDC_1916_38,FALSE,FALSE
EDCT_055,PRESENT_AT,,O_30,O_30,,,,-,RECORDED AS: Tientsin,EDC_1920_20,FALSE,FALSE
EDCT_147,PRESENT_AT,,O_30,O_30,,,,-,RECORDED AS: Tientsin,EDC_1920_22,FALSE,FALSE
EDCT_178,PRESENT_AT,,O_30,O_30,,,,-,RECORDED AS: Tientsin,EDC_1920_21,FALSE,FALSE
EDCT_272,PRESENT_AT,,O_30,O_30,,,,-,RECORDED AS: Tientsin,EDC_1920_22; HB_1936_178,FALSE,FALSE
EDCT_406,PRESENT_AT,,O_30,O_30,,,,-,RECORDED AS: Tientsin,EDC_1920_83 (teachers' section); HB_1936_180,FALSE,FALSE
EDCT_529,PRESENT_AT,,O_30,O_30,,,,-,RECORDED AS: Tientsin,EDC_1918_47,FALSE,FALSE
EDCT_638,PRESENT_AT,,O_30,O_30,,,,-,RECORDED AS: Tientsin,EDC_1917_69,FALSE,FALSE
EDCT_745,PRESENT_AT,,O_30,O_30,,,,-,RECORDED AS: Tientsin,EDC_1914_9,FALSE,FALSE
EDCT_788,PRESENT_AT,,O_30,O_30,,,,-,RECORDED AS: Tientsin,EDC_1917_27; EDC_1916_39,FALSE,FALSE
EDCT_807,PRESENT_AT,,O_30,O_30,,,,-,RECORDED AS: Tientsin,EDC_1917_89,FALSE,FALSE
EDCT_821,PRESENT_AT,,O_30,O_30,,,,-,RECORDED AS: Tientsin,EDC_1916_67,FALSE,FALSE
EDCT_839,PRESENT_AT,,O_30,O_30,,,,-,RECORDED AS: Tientsin,EDC_1914_11,FALSE,FALSE
EDCT_840,PRESENT_AT,,O_30,O_30,,,,-,RECORDED AS: Tientsin,EDC_1914_17,FALSE,FALSE
EDCT_841,PRESENT_AT,,O_30,O_30,,,,-,RECORDED AS: Tientsin,EDC_1914_10,FALSE,FALSE
EDCT_520,PRESENT_AT,,O_30,O_30,,,,-,"RECORDED AS: Tientsin, Chihli",EDC_1917_4,FALSE,FALSE
EDCT_682,PRESENT_AT,,O_30,O_30,,,,-,"RECORDED AS: Tientsin, Chihli",EDC_1916_61,FALSE,FALSE
EDCT_838,PRESENT_AT,,O_30,O_30,,,,-,"RECORDED AS: Tientsin, Chihli",EDC_1916_55,FALSE,FALSE
EDCT_906,PRESENT_AT,,O_30,O_30,,,,-,"RECORDED AS: Tientsin, Chihli",EDC_1916_81,FALSE,FALSE
EDCT_782,PRESENT_AT,,O_30,O_30,,,,-,"RECORDED AS: Tientsin, Chili",EDC_1914_4,FALSE,FALSE
EDCT_713,PRESENT_AT,,O_32,O_32,,,,-,RECORDED AS: Yunnan,EDC_1914_7,FALSE,FALSE
EDCT_901,PRESENT_AT,,O_32,O_32,,,,-,RECORDED AS: Yunnan,EDC_1914_13,FALSE,FALSE
EDCT_946,PRESENT_AT,,O_32,O_32,,,,-,RECORDED AS: Yunnan,EDC_1914_7,FALSE,FALSE
EDCT_561,PRESENT_AT,,O_33,O_33,,,,-,"RECORDED AS: Chukihsien, Chekiang",EDC_1917_9,FALSE,FALSE
EDCT_627,PRESENT_AT,,O_33,O_33,,,,-,"RECORDED AS: Sienkuhsien, Chekiang",EDC_1918_137,FALSE,FALSE
EDCT_596,PRESENT_AT,,O_4,O_4,,,,-,"RECORDED AS: Kutien, Fukien",EDC_1917_19,FALSE,FALSE
EDCT_478,PRESENT_AT,,O_5,O_5,,,,-,RECORDED AS: Kwantung,EDC_1920_108,FALSE,FALSE
EDCT_826,PRESENT_AT,,O_5,O_5,,,,-,RECORDED AS: Kwantung,EDC_1917_97,FALSE,FALSE
EDCT_486,PRESENT_AT,,O_5,O_5,,,,-,"RECORDED AS: via Canton, Guangdong",EDC_1920_116,FALSE,FALSE
EDCT_503,PRESENT_AT,,O_6,O_6,,,,-,"RECORDED AS: Tsinchow, Kansu",EDC_1920_121,FALSE,FALSE
EDCT_491,PRESENT_AT,,O_9,O_9,,,,-,"RECORDED AS: Changte Ho, Honan",EDC_1920_118,FALSE,FALSE
EDCT_853,PRESENT_AT,,O_9,O_9,,,,-,"RECORDED AS: Huyangchen, Honan",EDC_1918_147,FALSE,FALSE
EDCT_774,PRESENT_AT,,O_9,O_9,,,,-,"RECORDED AS: Hwaikingfu, Henan",EDC_1918_116,FALSE,FALSE
EDCT_364,PRESENT_AT,,Y_1016,Y_1016,,,,-,RECORDED AS: Kwangning,EDC_1920_83,FALSE,FALSE
EDCT_367,PRESENT_AT,,Y_1016,Y_1016,,,,-,RECORDED AS: Kwangning,EDC_1920_83,FALSE,FALSE
EDCT_129,PRESENT_AT,,Y_1257,Y_1257,,,,-,RECORDED AS: Paoning,EDC_1920_97-98,FALSE,FALSE
EDCT_148,PRESENT_AT,,Y_1257,Y_1257,,,,-,RECORDED AS: Paoning,EDC_1920_98; CM_1903_170; CM_1904_77,FALSE,FALSE
EDCT_684,PRESENT_AT,,Y_1257,Y_1257,,,,-,"RECORDED AS: Paoningfu, Szechwan",EDC_1916_58,FALSE,FALSE
EDCT_245,PRESENT_AT,,Y_13,Y_13,,,,-,RECORDED AS: Fengyang,EDC_1920_2,FALSE,FALSE
EDCT_507,PRESENT_AT,,Y_1317,Y_1317,,,,-,RECORDED AS: Tungchwan,EDC_1920_122,FALSE,FALSE
EDCT_106,PRESENT_AT,,Y_133,Y_133,,,,-,RECORDED AS: Hanyang,EDC_1920_38,FALSE,FALSE
EDCT_711,PRESENT_AT,,Y_133,Y_133,,,,-,"RECORDED AS: Hanyang, Hupch",EDC_1914_13,FALSE,FALSE
EDCT_710,PRESENT_AT,,Y_133,Y_133,,,,-,"RECORDED AS: Hanyang, Hupeh",EDC_1914_8,FALSE,FALSE
EDCT_337,PRESENT_AT,,Y_135,Y_135,,,,-,RECORDED AS: Shekow,EDC_1920_38; HB_1936_150-163,FALSE,FALSE
EDCT_046,PRESENT_AT,,Y_1355,Y_1355,,,,-,RECORDED AS: Jenshow,EDC_1920_97,FALSE,FALSE
EDCT_308,PRESENT_AT,,Y_1355,Y_1355,,,,-,RECORDED AS: Jenshow,EDC_1920_97,FALSE,FALSE
EDCT_214,PRESENT_AT,,Y_141,Y_141,,,,-,"RECORDED AS: Outside the Great East Gate, Wuchang",EDC_1920_40,FALSE,FALSE
EDCT_102,PRESENT_AT,,Y_141,Y_141,,,,-,RECORDED AS: Wuchang,EDC_1920_39,FALSE,FALSE
EDCT_167,PRESENT_AT,,Y_141,Y_141,,,,-,RECORDED AS: Wuchang,EDC_1920_40,FALSE,FALSE
EDCT_186,PRESENT_AT,,Y_141,Y_141,,,,-,RECORDED AS: Wuchang,EDC_1920_39,FALSE,FALSE
EDCT_314,PRESENT_AT,,Y_141,Y_141,,,,-,RECORDED AS: Wuchang,EDC_1920_39; HB_1936_150-154,FALSE,FALSE
EDCT_324,PRESENT_AT,,Y_141,Y_141,,,,-,RECORDED AS: Wuchang,EDC_1920_39; HB_1936_182-298,FALSE,FALSE
EDCT_385,PRESENT_AT,,Y_141,Y_141,,,,-,RECORDED AS: Wuchang,EDC_1920_39,FALSE,FALSE
EDCT_420,PRESENT_AT,,Y_141,Y_141,,,,-,RECORDED AS: Wuchang,EDC_1920_137,FALSE,FALSE
EDCT_601,PRESENT_AT,,Y_141,Y_141,,,,-,RECORDED AS: Wuchang,EDC_1918_63,FALSE,FALSE
EDCT_694,PRESENT_AT,,Y_141,Y_141,,,,-,RECORDED AS: Wuchang,EDC_1914_12,FALSE,FALSE
EDCT_944,PRESENT_AT,,Y_141,Y_141,,,,-,RECORDED AS: Wuchang,EDC_1914_13,FALSE,FALSE
EDCT_974,PRESENT_AT,,Y_141,Y_141,,,,-,RECORDED AS: Wuchang,,FALSE,FALSE
EDCT_978,PRESENT_AT,,Y_141,Y_141,,,,-,RECORDED AS: Wuchang,,FALSE,FALSE
EDCT_992,PRESENT_AT,,Y_141,Y_141,,,,-,RECORDED AS: Wuchang,,FALSE,FALSE
EDCT_660,PRESENT_AT,,Y_141,Y_141,,,,-,"RECORDED AS: Wuchang, Hubei",EDC_1914_14,FALSE,FALSE
EDCT_540,PRESENT_AT,,Y_141,Y_141,,,,-,"RECORDED AS: Wuchang, Hupeh",EDC_1917_42,FALSE,FALSE
EDCT_661,PRESENT_AT,,Y_141,Y_141,,,,-,"RECORDED AS: Wuchang, Hupeh",EDC_1914_10,FALSE,FALSE
EDCT_701,PRESENT_AT,,Y_141,Y_141,,,,-,"RECORDED AS: Wuchang, Hupeh",EDC_1916_51,FALSE,FALSE
EDCT_795,PRESENT_AT,,Y_141,Y_141,,,,-,"RECORDED AS: Wuchang, Hupeh",EDC_1914_11,FALSE,FALSE
EDCT_938,PRESENT_AT,,Y_141,Y_141,,,,-,"RECORDED AS: Wuchang, Hupeh",EDC_1916_59,FALSE,FALSE
EDCT_960,PRESENT_AT,,Y_141,Y_141,,,,-,"RECORDED AS: Wuchang, Hupeh",EDC_1918_125,FALSE,FALSE
EDCT_323,PRESENT_AT,,Y_1435,Y_1435,,,,-,"RECORDED AS: Hazakura Machi, Tsingtao",EDC_1920_92,FALSE,FALSE
EDCT_192,PRESENT_AT,,Y_1447,Y_1447,,,,-,RECORDED AS: Ankiachwang,EDC_1920_87,FALSE,FALSE
EDCT_399,PRESENT_AT,,Y_146,Y_146,,,,-,RECORDED AS: Laohokow,EDC_1920_38,FALSE,FALSE
EDCT_175,PRESENT_AT,,Y_1460,Y_1460,,,,-,"RECORDED AS: Port Edward, Weihaiwei",EDC_1920_92,FALSE,FALSE
EDCT_412,PRESENT_AT,,Y_1467,Y_1467,,,,-,RECORDED AS: Tengchowfu,EDC_1920_86 (Teachers' section),FALSE,FALSE
EDCT_149,PRESENT_AT,,Y_1476,Y_1476,,,,-,RECORDED AS: Chowtsun,EDC_1920_88,FALSE,FALSE
EDCT_239,PRESENT_AT,,Y_1483,Y_1483,,,,-,RECORDED AS: Lintsingchow,EDC_1920_89,FALSE,FALSE
EDCT_351,PRESENT_AT,,Y_1490,Y_1490,,,,-,RECORDED AS: Laiyang,EDC_1920_89,FALSE,FALSE
EDCT_352,PRESENT_AT,,Y_1490,Y_1490,,,,-,RECORDED AS: Laiyang,EDC_1920_89,FALSE,FALSE
EDCT_158,PRESENT_AT,,Y_1491,Y_1491,,,,-,RECORDED AS: Laichowfu,EDC_1920_89,FALSE,FALSE
EDCT_551,PRESENT_AT,,Y_1491,Y_1491,,,,-,RECORDED AS: Laichowfu,EDC_1918_57,FALSE,FALSE
EDCT_912,PRESENT_AT,,Y_1492,Y_1492,,,,-,RECORDED AS: Hwang Hien,EDC_1914_6,FALSE,FALSE
EDCT_777,PRESENT_AT,,Y_1492,Y_1492,,,,-,"RECORDED AS: Hwang Hien, Shantung",EDC_1914_13,FALSE,FALSE
EDCT_348,PRESENT_AT,,Y_1492,Y_1492,,,,-,RECORDED AS: Hwanghsien,EDC_1920_89,FALSE,FALSE
EDCT_365,PRESENT_AT,,Y_1492,Y_1492,,,,-,RECORDED AS: Hwanghsien,EDC_1920_88,FALSE,FALSE
EDCT_413,PRESENT_AT,,Y_1492,Y_1492,,,,-,RECORDED AS: Hwanghsien,EDC_1920_89,FALSE,FALSE
EDCT_146,PRESENT_AT,,Y_1497,Y_1497,,,,-,"RECORDED AS: East Beach, Chefoo",EDC_1920_87; HB_1936_229,FALSE,FALSE
EDCT_016,PRESENT_AT,,Y_1498,Y_1498,,,,-,RECORDED AS: Woosung,EDC_1920_64-65,FALSE,FALSE
EDCT_824,PRESENT_AT,,Y_1498,Y_1498,,,,-,"RECORDED AS: Woosung Forts, Jiangsu",EDC_1914_14,FALSE,FALSE
EDCT_825,PRESENT_AT,,Y_1498,Y_1498,,,,-,"RECORDED AS: Woosung, Kiangsu",EDC_1916_54,FALSE,FALSE
EDCT_250,PRESENT_AT,,Y_1499,Y_1499,,,,-,"RECORDED AS: 1 Edinburgh Road, Shanghai",EDC_1920_53; HB_1936_181-281; EDC_1918_127,FALSE,FALSE
EDCT_321,PRESENT_AT,,Y_1499,Y_1499,,,,-,"RECORDED AS: Edinburgh Road, Shanghai",EDC_1920_52; HB_1936_228,FALSE,FALSE
EDCT_173,PRESENT_AT,,Y_1499,Y_1499,,,,-,"RECORDED AS: Jessfield Rd, Shanghai",EDC_1920_60,FALSE,FALSE
EDCT_060,PRESENT_AT,,Y_1499,Y_1499,,,,-,"RECORDED AS: Jessfield Road, Shanghai",EDC_1920_60; EDC_1916_38,FALSE,FALSE
EDCT_380,PRESENT_AT,,Y_1502,Y_1502,,,,-,"RECORDED AS: 176 North Szechuen Road, Shanghai",EDC_1920_50; EDC_1918_118,FALSE,FALSE
EDCT_500,PRESENT_AT,,Y_1502,Y_1502,,,,-,"RECORDED AS: 178, North Szechuen Road, Shanghai",EDC_1920_119,FALSE,FALSE
EDCT_650,PRESENT_AT,,Y_1502,Y_1502,,,,-,"RECORDED AS: 180 North Szechuen Road, Shanghai",EDC_1918_129,FALSE,FALSE
EDCT_093,PRESENT_AT,,Y_1502,Y_1502,,,,-,"RECORDED AS: 20 Quinsan Road, Shanghai",EDC_1920_60; EDC_1916_69,FALSE,FALSE
EDCT_122,PRESENT_AT,,Y_1502,Y_1502,,,,-,"RECORDED AS: 20 Quinsan Road, Shanghai",EDC_1920_57; EDC_1918_117,FALSE,FALSE
EDCT_003,PRESENT_AT,,Y_1502,Y_1502,,,,-,"RECORDED AS: 31 Quinsan Gardens, Shanghai",EDC_1920_53; EDC_1917_1; EDC_1916_51,FALSE,FALSE
EDCT_232,PRESENT_AT,,Y_1502,Y_1502,,,,-,"RECORDED AS: 90 Range Road, Shanghai",EDC_1920_48,FALSE,FALSE
EDCT_280,PRESENT_AT,,Y_1502,Y_1502,,,,-,"RECORDED AS: Chaoufoong Road, Shanghai",EDC_1920_53,FALSE,FALSE
EDCT_281,PRESENT_AT,,Y_1502,Y_1502,,,,-,"RECORDED AS: Chaoufoong Road, Shanghai",EDC_1920_53; HB_1936_181-280,FALSE,FALSE
EDCT_090,PRESENT_AT,,Y_1502,Y_1502,,,,-,"RECORDED AS: North Szechuen Road, Ext., Shanghai",EDC_1920_55,FALSE,FALSE
EDCT_004,PRESENT_AT,,Y_1502,Y_1502,,,,-,"RECORDED AS: North Szechuen Road, Shanghai",EDC_1920_56,FALSE,FALSE
EDCT_317,PRESENT_AT,,Y_1502,Y_1502,,,,-,"RECORDED AS: North Szechuen Road, Shanghai",EDC_1920_53; HB_1936_181-282,FALSE,FALSE
EDCT_430,PRESENT_AT,,Y_1502,Y_1502,,,,-,"RECORDED AS: North Szechuen Road, Shanghai",EDC_1920_139,FALSE,FALSE
EDCT_174,PRESENT_AT,,Y_1502,Y_1502,,,,-,"RECORDED AS: Range Road, Shanghai",EDC_1920_52,FALSE,FALSE
EDCT_187,PRESENT_AT,,Y_1502,Y_1502,,,,-,"RECORDED AS: Thorne Road (off Woosung Road), Shanghai",EDC_1920_49,FALSE,FALSE
EDCT_971,PRESENT_AT,,Y_1502,Y_1502,,,,-,,,FALSE,FALSE
EDCT_199,PRESENT_AT,,Y_1503,Y_1503,,,,-,"RECORDED AS: 120 Szechuen Road, Shanghai",EDC_1920_49-50; EDC_1918_117; EDC_1916_64,FALSE,FALSE
EDCT_041,PRESENT_AT,,Y_1503,Y_1503,,,,-,"RECORDED AS: 55 Avenue Dubail, Shanghai",EDC_1920_48; EDC_1918_122,FALSE,FALSE
EDCT_373,PRESENT_AT,,Y_1503,Y_1503,,,,-,"RECORDED AS: Arsenal Road, Shaghai",EDC_1920_67 (Teachers' section),FALSE,FALSE
EDCT_045,PRESENT_AT,,Y_1503,Y_1503,,,,-,"RECORDED AS: Avenue Joffre, Shanghai",EDC_1920_50,FALSE,FALSE
EDCT_392,PRESENT_AT,,Y_1503,Y_1503,,,,-,"RECORDED AS: Avenue Road, Shanghai",EDC_1920_60,FALSE,FALSE
EDCT_009,PRESENT_AT,,Y_1503,Y_1503,,,,-,"RECORDED AS: Boulevard de Montigny, Shanghai",EDC_1920_50,FALSE,FALSE
EDCT_138,PRESENT_AT,,Y_1503,Y_1503,,,,-,"RECORDED AS: Chung Hwa Road, Shanghai",EDC_1920_57,FALSE,FALSE
EDCT_306,PRESENT_AT,,Y_1503,Y_1503,,,,-,"RECORDED AS: Great East Gate, Nantao, Shanghai",EDC_1920_54; EDC_1918_125,FALSE,FALSE
EDCT_249,PRESENT_AT,,Y_1503,Y_1503,,,,-,"RECORDED AS: Hankow Road, Shanghai",EDC_1920_53,FALSE,FALSE
EDCT_189,PRESENT_AT,,Y_1503,Y_1503,,,,-,"RECORDED AS: Inside New West Gate, Shanghai",EDC_1920_56,FALSE,FALSE
EDCT_069,PRESENT_AT,,Y_1503,Y_1503,,,,-,RECORDED AS: Kiukiang Road,EDC_1920_19,FALSE,FALSE
EDCT_019,PRESENT_AT,,Y_1503,Y_1503,,,,-,"RECORDED AS: Nanking Road, Shanghai",EDC_1920_2,FALSE,FALSE
EDCT_020,PRESENT_AT,,Y_1503,Y_1503,,,,-,"RECORDED AS: Nanking Road, Shanghai",EDC_1920_2,FALSE,FALSE
EDCT_206,PRESENT_AT,,Y_1503,Y_1503,,,,-,RECORDED AS: Nanyang,EDC_1920_54,FALSE,FALSE
EDCT_126,PRESENT_AT,,Y_1503,Y_1503,,,,-,"RECORDED AS: North Soochow Road, Shanghai",EDC_1920_61,FALSE,FALSE
EDCT_389,PRESENT_AT,,Y_1503,Y_1503,,,,-,"RECORDED AS: Old North Gate, Shanghai",EDC_1920_48,FALSE,FALSE
EDCT_375,PRESENT_AT,,Y_1503,Y_1503,,,,-,"RECORDED AS: Rue Montauban, Shanghai",EDC_1920_60,FALSE,FALSE
EDCT_258,PRESENT_AT,,Y_1503,Y_1503,,,,-,"RECORDED AS: South Gate, Shanghai",EDC_1920_52,FALSE,FALSE
EDCT_312,PRESENT_AT,,Y_1503,Y_1503,,,,-,"RECORDED AS: South Gate, Shanghai",EDC_1920_52; EDC_1916_75,FALSE,FALSE
EDCT_181,PRESENT_AT,,Y_1503,Y_1503,,,,-,"RECORDED AS: Szechuen Road, Shanghai",EDC_1920_49,FALSE,FALSE
EDCT_241,PRESENT_AT,,Y_1503,Y_1503,,,,-,"RECORDED AS: Weihaiwei Road, Shanghai",EDC_1920_49,FALSE,FALSE
EDCT_339,PRESENT_AT,,Y_1503,Y_1503,,,,-,"RECORDED AS: West Gate, Shanghai",EDC_1920_48; HB_1936_178; EDC_1916_40,FALSE,FALSE
EDCT_943,PRESENT_AT,,Y_1503,Y_1503,,,,-,"RECORDED AS: West Gate, Shanghai, Kiangsu",EDC_1918_124,FALSE,FALSE
EDCT_251,PRESENT_AT,,Y_1503,Y_1503,,,,-,"RECORDED AS: Whangpoo Road, Shanghai",EDC_1920_57,FALSE,FALSE
EDCT_070,PRESENT_AT,,Y_1505,Y_1505,,,,-,RECORDED AS: Corner of Carter and Shanhaikuan Roads,EDC_1920_50-51,FALSE,FALSE
EDCT_007,PRESENT_AT,,Y_1505,Y_1505,,,,-,"RECORDED AS: Elgin Road, Shanghai",EDC_1920_55,FALSE,FALSE
EDCT_062,PRESENT_AT,,Y_1505,Y_1505,,,,-,"RECORDED AS: Elgin Road, Shanghai",EDC_1920_54,FALSE,FALSE
EDCT_177,PRESENT_AT,,Y_1505,Y_1505,,,,-,"RECORDED AS: Elgin Road, Shanghai",EDC_1920_52,FALSE,FALSE
EDCT_125,PRESENT_AT,,Y_1505,Y_1505,,,,-,"RECORDED AS: Yates Road, Shanghai",EDC_1920_49,FALSE,FALSE
EDCT_197,PRESENT_AT,,Y_1508,Y_1508,,,,-,"RECORDED AS: Loh Li Bridge, Pootung",EDC_1920_47,FALSE,FALSE
EDCT_302,PRESENT_AT,,Y_1511,Y_1511,,,,-,RECORDED AS: Sungkiang,EDC_1920_64; HB_1936_184-289,FALSE,FALSE
EDCT_135,PRESENT_AT,,Y_1511,Y_1511,,,,-,"RECORDED AS: Sungkiang, Kiangsu",EDC_1920_62-63; EDC_1918_142,FALSE,FALSE
EDCT_855,PRESENT_AT,,Y_1511,Y_1511,,,,-,"RECORDED AS: Sungkiang, Kiangsu",EDC_1918_143,FALSE,FALSE
EDCT_759,PRESENT_AT,,Y_1512,Y_1512,,,,-,"RECORDED AS: 7 Siccawei Rd., Shanghai",EDC_1916_56,FALSE,FALSE
EDCT_557,PRESENT_AT,,Y_1512,Y_1512,,,,-,RECORDED AS: Siccawei,EDC_1918_78,FALSE,FALSE
EDCT_011,PRESENT_AT,,Y_1512,Y_1512,,,,-,"RECORDED AS: Siccawei Road, Shanghai",EDC_1920_51,FALSE,FALSE
EDCT_172,PRESENT_AT,,Y_1512,Y_1512,,,,-,"RECORDED AS: Siccawei Road, Shanghai",EDC_1920_51; EDC_1916_60,FALSE,FALSE
EDCT_040,PRESENT_AT,,Y_1512,Y_1512,,,,-,"RECORDED AS: Siccawei, near Shanghai",EDC_1920_55,FALSE,FALSE
EDCT_732,PRESENT_AT,,Y_1512,Y_1512,,,,-,"RECORDED AS: Siccawei, Shanghai",EDC_1914_13,FALSE,FALSE
EDCT_859,PRESENT_AT,,Y_1512,Y_1512,,,,-,"RECORDED AS: Siccawei, Shanghai",EDC_1914_17,FALSE,FALSE
EDCT_882,PRESENT_AT,,Y_1512,Y_1512,,,,-,"RECORDED AS: Siccawei, Shanghai",EDC_1914_3,FALSE,FALSE
EDCT_883,PRESENT_AT,,Y_1512,Y_1512,,,,-,"RECORDED AS: Siccawei, Shanghai",EDC_1914_2,FALSE,FALSE
EDCT_679,PRESENT_AT,,Y_1513,Y_1513,,,,-,"RECORDED AS: 1 Boone Road, Shanghai",EDC_1918_125,FALSE,FALSE
EDCT_224,PRESENT_AT,,Y_1513,Y_1513,,,,-,"RECORDED AS: 295 Pd. Haining Road, Shanghai",EDC_1920_53,FALSE,FALSE
EDCT_913,PRESENT_AT,,Y_1513,Y_1513,,,,-,"RECORDED AS: 33A Haskell, Rd., Shanghai",EDC_1916_62,FALSE,FALSE
EDCT_014,PRESENT_AT,,Y_1513,Y_1513,,,,-,"RECORDED AS: Baikal Road, Shanghai",EDC_1920_54,FALSE,FALSE
EDCT_403,PRESENT_AT,,Y_1513,Y_1513,,,,-,"RECORDED AS: Barchet Road, Shanghai",EDC_1920_60,FALSE,FALSE
EDCT_754,PRESENT_AT,,Y_1513,Y_1513,,,,-,"RECORDED AS: Boone Rd, Shanghai",,FALSE,FALSE
EDCT_022,PRESENT_AT,,Y_1513,Y_1513,,,,-,"RECORDED AS: Boone Road, Shanghai",EDC_1920_61,FALSE,FALSE
EDCT_064,PRESENT_AT,,Y_1513,Y_1513,,,,-,"RECORDED AS: Boone Road, Shanghai",EDC_1920_55,FALSE,FALSE
EDCT_547,PRESENT_AT,,Y_1513,Y_1513,,,,-,"RECORDED AS: Boone Road, Shanghai",EDC_1918_56,FALSE,FALSE
EDCT_721,PRESENT_AT,,Y_1513,Y_1513,,,,-,"RECORDED AS: Boone Road, Shanghai",EDC_1918_117,FALSE,FALSE
EDCT_039,PRESENT_AT,,Y_1513,Y_1513,,,,-,"RECORDED AS: Haskell Road, Shanghai",EDC_1920_61,FALSE,FALSE
EDCT_121,PRESENT_AT,,Y_1513,Y_1513,,,,-,"RECORDED AS: Ningkuo Road, Shanghai",EDC_1920_57,FALSE,FALSE
EDCT_285,PRESENT_AT,,Y_1650,Y_1650,,,,-,RECORDED AS: Taikuhsien,EDC_1920_85; HB_1936_181-290,FALSE,FALSE
EDCT_835,PRESENT_AT,,Y_1650,Y_1650,,,,-,"RECORDED AS: Taikuhsien, Shansi",EDC_1917_54,FALSE,FALSE
EDCT_123,PRESENT_AT,,Y_1666,Y_1666,,,,-,RECORDED AS: Hungtung,EDC_1920_85; HB_1936_166,FALSE,FALSE
EDCT_472,PRESENT_AT,,Y_1666,Y_1666,,,,-,RECORDED AS: Hungtung,EDC_1920_106,FALSE,FALSE
EDCT_140,PRESENT_AT,,Y_1668,Y_1668,,,,-,RECORDED AS: Hwochow,EDC_1920_85; CM_1908_94; CM_1912_111; CM_1917_129,FALSE,FALSE
EDCT_363,PRESENT_AT,,Y_1679,Y_1679,,,,-,RECORDED AS: Fenchow,EDC_1920_85; HB_1936_181-253,FALSE,FALSE
EDCT_937,PRESENT_AT,,Y_181,Y_181,,,,-,"RECORDED AS: Tayeh, Hupeh",EDC_1916_08,FALSE,FALSE
EDCT_210,PRESENT_AT,,Y_1817,Y_1817,,,,-,"RECORDED AS: Hotung-hsiao-kuan, Tientsin",EDC_1920_22,FALSE,FALSE
EDCT_164,PRESENT_AT,,Y_1817,Y_1817,,,,-,"RECORDED AS: Tientsin City Station, Ho-Pei, Tientsin",EDC_1920_22,FALSE,FALSE
EDCT_169,PRESENT_AT,,Y_1819,Y_1819,,,,-,"RECORDED AS: French Concession, Tientsin",EDC_1920_21,FALSE,FALSE
EDCT_047,PRESENT_AT,,Y_1819,Y_1819,,,,-,"RECORDED AS: Rue St. Louis, Tientsin",EDC_1920_20-21,FALSE,FALSE
EDCT_066,PRESENT_AT,,Y_1821,Y_1821,,,,-,"RECORDED AS: Hsiku, Tientsin",EDC_1920_21,FALSE,FALSE
EDCT_289,PRESENT_AT,,Y_1955,Y_1955,,,,-,"RECORDED AS: Hua Nang, Foochow",EDC_1920_26; HB_1936_150-180,FALSE,FALSE
EDCT_291,PRESENT_AT,,Y_1957,Y_1957,,,,-,"RECORDED AS: Kiangtow, Futsing",EDC_1920_27,FALSE,FALSE
EDCT_290,PRESENT_AT,,Y_1957,Y_1957,,,,-,RECORDED AS: Lungtien,EDC_1920_27; HB_1936_180-271,FALSE,FALSE
EDCT_555,PRESENT_AT,,Y_1957,Y_1957,,,,-,"RECORDED AS: Lungtien, Futsing",EDC_1918_58,FALSE,FALSE
EDCT_398,PRESENT_AT,,Y_1964,Y_1964,,,,-,RECORDED AS: Mintsinghsien,EDC_1920_27,FALSE,FALSE
EDCT_436,PRESENT_AT,,Y_1964,Y_1964,,,,-,RECORDED AS: Mintsinghsien,EDC_1920_27,FALSE,FALSE
EDCT_001,PRESENT_AT,,Y_1965,Y_1965,,,,-,"RECORDED AS: Haitang, via Foochow",EDC_1920_57,FALSE,FALSE
EDCT_297,PRESENT_AT,,Y_1967,Y_1967,,,,-,RECORDED AS: Ing Tai,EDC_1920_27,FALSE,FALSE
EDCT_315,PRESENT_AT,,Y_1968,Y_1968,,,,-,RECORDED AS: Tingchowfu,EDC_1920_28,FALSE,FALSE
EDCT_103,PRESENT_AT,,Y_1979,Y_1979,,,,-,RECORDED AS: Shaowu,EDC_1920_28,FALSE,FALSE
EDCT_288,PRESENT_AT,,Y_1983,Y_1983,,,,-,RECORDED AS: Yenping,EDC_1920_28,FALSE,FALSE
EDCT_261,PRESENT_AT,,Y_1987,Y_1987,,,,-,RECORDED AS: Kutien,EDC_1920_27; HB_1936_182-266,FALSE,FALSE
EDCT_616,PRESENT_AT,,Y_2014,Y_2014,,,,-,RECORDED AS: Kulangsu,EDC_1917_84,FALSE,FALSE
EDCT_664,PRESENT_AT,,Y_2014,Y_2014,,,,-,RECORDED AS: Kulangsu,,FALSE,FALSE
EDCT_276,PRESENT_AT,,Y_2014,Y_2014,,,,-,"RECORDED AS: Kulangsu, Amoy",EDC_1920_24; HB_1936_183,FALSE,FALSE
EDCT_632,PRESENT_AT,,Y_2014,Y_2014,,,,-,"RECORDED AS: Kulangsu, Amoy",EDC_1914_4,FALSE,FALSE
EDCT_757,PRESENT_AT,,Y_2038,Y_2038,,,,-,"RECORDED AS: Yung Chun, Fu",EDC_1914_13,FALSE,FALSE
EDCT_010,PRESENT_AT,,Y_2038,Y_2038,,,,-,RECORDED AS: Yungchun,EDC_1920_23; HB_1936_179-302,FALSE,FALSE
EDCT_452,PRESENT_AT,,Y_2038,Y_2038,,,,-,RECORDED AS: Yungchun,EDC_1920_128,FALSE,FALSE
EDCT_393,PRESENT_AT,,Y_2041,Y_2041,,,,-,"RECORDED AS: Honaam, Canton",EDC_1920_71,FALSE,FALSE
EDCT_716,PRESENT_AT,,Y_2041,Y_2041,,,,-,"RECORDED AS: Honam, Canton",EDC_1914_4,FALSE,FALSE
EDCT_182,PRESENT_AT,,Y_2043,Y_2043,,,,-,"RECORDED AS: Bubbling Well Road, Shanghai",EDC_1920_54,FALSE,FALSE
EDCT_233,PRESENT_AT,,Y_2043,Y_2043,,,,-,"RECORDED AS: Bubbling Well Road, Shanghai",EDC_1920_61,FALSE,FALSE
EDCT_237,PRESENT_AT,,Y_2043,Y_2043,,,,-,"RECORDED AS: Native City, Shanghai",EDC_1920_57,FALSE,FALSE
EDCT_266,PRESENT_AT,,Y_2044,Y_2044,,,,-,"RECORDED AS: Fati, Canton",EDC_1920_70; EDC_1918_134,FALSE,FALSE
EDCT_419,PRESENT_AT,,Y_2044,Y_2044,,,,-,"RECORDED AS: Fung Yuen Street, Canton",EDC_1920_68,FALSE,FALSE
EDCT_377,PRESENT_AT,,Y_2044,Y_2044,,,,-,RECORDED AS: Paak Hok Tung,EDC_1920_68 (teachers section),FALSE,FALSE
EDCT_051,PRESENT_AT,,Y_2044,Y_2044,,,,-,"RECORDED AS: Paak Hok Tung, Canton",EDC_1920_71; HB_1936_183-245,FALSE,FALSE
EDCT_256,PRESENT_AT,,Y_2044,Y_2044,,,,-,"RECORDED AS: Pak Hok Tung, Canton",EDC_1920_69,FALSE,FALSE
EDCT_025,PRESENT_AT,,Y_2044,Y_2044,,,,-,"RECORDED AS: Sai Kwaan, Canton",EDC_1920_69; EDC_1916_40,FALSE,FALSE
EDCT_087,PRESENT_AT,,Y_2048,Y_2048,,,,-,"RECORDED AS: East Parade Ground, Canton",EDC_1920_71,FALSE,FALSE
EDCT_213,PRESENT_AT,,Y_2048,Y_2048,,,,-,"RECORDED AS: East Parade Ground, Canton",EDC_1920_70; HB_1936_179,FALSE,FALSE
EDCT_318,PRESENT_AT,,Y_2048,Y_2048,,,,-,"RECORDED AS: Tung Shan, Canton",EDC_1920_70; HB_1936_181-215,FALSE,FALSE
EDCT_384,PRESENT_AT,,Y_2055,Y_2055,,,,-,RECORDED AS: Kuchuk,EDC_1920_78; HB_1936_180-265,FALSE,FALSE
EDCT_586,PRESENT_AT,,Y_2055,Y_2055,,,,-,"RECORDED AS: Kuchuk, Kwangtung",EDC_1917_82,FALSE,FALSE
EDCT_437,PRESENT_AT,,Y_2071,Y_2071,,,,-,RECORDED AS: Wukingfu,EDC_1920_79,FALSE,FALSE
EDCT_397,PRESENT_AT,,Y_2090,Y_2090,,,,-,"RECORDED AS: Linchow, via Canton and Yingtak",EDC_1920_78,FALSE,FALSE
EDCT_151,PRESENT_AT,,Y_2096,Y_2096,,,,-,RECORDED AS: Chaoyanghsien,EDC_1920_71; HB_1936_178; EDC_1916_39,FALSE,FALSE
EDCT_729,PRESENT_AT,,Y_2105,Y_2105,,,,-,"RECORDED AS: Luho, via Nanking, Kiangsu",EDC_1918_137,FALSE,FALSE
EDCT_084,PRESENT_AT,,Y_2223,Y_2223,,,,-,RECORDED AS: Liangchowfu,EDC_1920_41,FALSE,FALSE
EDCT_480,PRESENT_AT,,Y_2358,Y_2358,,,,-,RECORDED AS: Hwaikingfu,EDC_1920_110,FALSE,FALSE
EDCT_522,PRESENT_AT,,Y_2358,Y_2358,,,,-,RECORDED AS: Hwaikingfu,EDC_1920_105; EDC_1916_62,FALSE,FALSE
EDCT_222,PRESENT_AT,,Y_2428,Y_2428,,,,-,RECORDED AS: Weihwei,EDC_1920_31,FALSE,FALSE
EDCT_435,PRESENT_AT,,Y_2428,Y_2428,,,,-,RECORDED AS: Weihwei,EDC_1920_31,FALSE,FALSE
EDCT_355,PRESENT_AT,,Y_2495,Y_2495,,,,-,RECORDED AS: Hiangcheng,EDC_1920_29; CM_1917_129,FALSE,FALSE
EDCT_043,PRESENT_AT,,Y_2502,Y_2502,,,,-,"RECORDED AS: Drum Tower, Peking",EDC_1920_3,FALSE,FALSE
EDCT_044,PRESENT_AT,,Y_2502,Y_2502,,,,-,"RECORDED AS: Drum Tower, Peking",EDC_1920_3,FALSE,FALSE
EDCT_162,PRESENT_AT,,Y_2502,Y_2502,,,,-,"RECORDED AS: Hatamen Street and Chin-yu Hutung, Peking",EDC_1920_15; HB_1936_184-276; ZUO_2004,FALSE,FALSE
EDCT_074,PRESENT_AT,,Y_2502,Y_2502,,,,-,"RECORDED AS: Hatamen Street, Peking",EDC_1920_16,FALSE,FALSE
EDCT_080,PRESENT_AT,,Y_2502,Y_2502,,,,-,"RECORDED AS: Ma Pi Ch'ang Hutung, Peking",EDC_1920_14-15,FALSE,FALSE
EDCT_037,PRESENT_AT,,Y_2502,Y_2502,,,,-,RECORDED AS: Peking,EDC_1920_101,FALSE,FALSE
EDCT_320,PRESENT_AT,,Y_2502,Y_2502,,,,-,"RECORDED AS: Tung Fu Chia Tao, Peking",EDC_1920_14; EDC_1916_39,FALSE,FALSE
EDCT_057,PRESENT_AT,,Y_2505,Y_2505,,,,-,"RECORDED AS: Tsing Hua Yuan, Peking",EDC_1920_17-18,FALSE,FALSE
EDCT_746,PRESENT_AT,,Y_2512,Y_2512,,,,-,"RECORDED AS: Tungchou, Chihli",EDC_1917_54,FALSE,FALSE
EDCT_366,PRESENT_AT,,Y_2512,Y_2512,,,,-,RECORDED AS: Tungchow,EDC_1920_23; HB_1936_180-297,FALSE,FALSE
EDCT_830,PRESENT_AT,,Y_2512,Y_2512,,,,-,"RECORDED AS: Tungchow, Chihli",EDC_1914_11,FALSE,FALSE
EDCT_077,PRESENT_AT,,Y_2512,Y_2512,,,,-,"RECORDED AS: Tungchow, Peking",EDC_1920_14,FALSE,FALSE
EDCT_541,PRESENT_AT,,Y_2512,Y_2512,,,,-,RECORDED AS: Tungchow; Chihli,EDC_1917_42; EDC_1918_140,FALSE,FALSE
EDCT_202,PRESENT_AT,,Y_2513,Y_2513,,,,-,"RECORDED AS: Liu Li Ch'ang, Peking",EDC_1920_15,FALSE,FALSE
EDCT_029,PRESENT_AT,,Y_2513,Y_2513,,,,-,"RECORDED AS: Nan T'ang, Peking",EDC_1920_13,FALSE,FALSE
EDCT_424,PRESENT_AT,,Y_2525,Y_2525,,,,-,RECORDED AS: Fowchow,EDC_1920_97,FALSE,FALSE
EDCT_374,PRESENT_AT,,Y_2646,Y_2646,,,,-,RECORDED AS: Wuchow,EDC_1920_67,FALSE,FALSE
EDCT_440,PRESENT_AT,,Y_2646,Y_2646,,,,-,RECORDED AS: Wuchow,EDC_1920_67,FALSE,FALSE
EDCT_441,PRESENT_AT,,Y_2646,Y_2646,,,,-,RECORDED AS: Wuchow,EDC_1920_67,FALSE,FALSE
EDCT_442,PRESENT_AT,,Y_2646,Y_2646,,,,-,RECORDED AS: Wuchow,EDC_1920_67,FALSE,FALSE
EDCT_065,PRESENT_AT,,Y_2800,Y_2800,,,,-,"RECORDED AS: 42 Foh Yuan Hang, Chen-tsan, Hangchow",EDC_1920_6,FALSE,FALSE
EDCT_234,PRESENT_AT,,Y_2800,Y_2800,,,,-,"RECORDED AS: Kwei Hang, Hangchow",EDC_1920_4,FALSE,FALSE
EDCT_195,PRESENT_AT,,Y_2800,Y_2800,,,,-,"RECORDED AS: 淳佑橋, Hangchow",EDC_1920_7; HB_1936_183-255,FALSE,FALSE
EDCT_184,PRESENT_AT,,Y_2802,Y_2802,,,,-,"RECORDED AS: Ping An Bridge, Hangchow",EDC_1920_5,FALSE,FALSE
EDCT_267,PRESENT_AT,,Y_2838,Y_2838,,,,-,"RECORDED AS: Salt Gate, Ningpo",EDC_1920_9,FALSE,FALSE
EDCT_268,PRESENT_AT,,Y_2879,Y_2879,,,,-,RECORDED AS: Tinghai,EDC_1920_11,FALSE,FALSE
EDCT_368,PRESENT_AT,,Y_2879,Y_2879,,,,-,RECORDED AS: Tinghai,EDC_1920_10; HB_1936_179-293,FALSE,FALSE
EDCT_230,PRESENT_AT,,Y_294,Y_294,,,,-,RECORDED AS: Changli,EDC_1920_12,FALSE,FALSE
EDCT_587,PRESENT_AT,,Y_294,Y_294,,,,-,RECORDED AS: Changli,EDC_1917_82,FALSE,FALSE
EDCT_218,PRESENT_AT,,Y_299,Y_299,,,,-,RECORDED AS: Shanhaikuan,EDC_1920_20,FALSE,FALSE
EDCT_226,PRESENT_AT,,Y_299,Y_299,,,,-,RECORDED AS: Shanhaikuan,EDC_1920_19,FALSE,FALSE
EDCT_388,PRESENT_AT,,Y_299,Y_299,,,,-,RECORDED AS: Shanhaikuan,EDC_1920_19-20,FALSE,FALSE
EDCT_409,PRESENT_AT,,Y_299,Y_299,,,,-,RECORDED AS: Shanhaikuan,EDC_1920_19,FALSE,FALSE
EDCT_445,PRESENT_AT,,Y_365,Y_365,,,,-,RECORDED AS: Yung Ching,EDC_1920_97 (Teachers' section),FALSE,FALSE
EDCT_432,PRESENT_AT,,Y_379,Y_379,,,,-,RECORDED AS: Tsunhwa,EDC_1920_141,FALSE,FALSE
EDCT_193,PRESENT_AT,,Y_382,Y_382,,,,-,RECORDED AS: Kiungchow,EDC_1920_77; HB_1936_182-264,FALSE,FALSE
EDCT_277,PRESENT_AT,,Y_382,Y_382,,,,-,RECORDED AS: Kiungchow,EDC_1920_77,FALSE,FALSE
EDCT_425,PRESENT_AT,,Y_382,Y_382,,,,-,RECORDED AS: Kiungchow,EDC_1920_138,FALSE,FALSE
EDCT_455,PRESENT_AT,,Y_382,Y_382,,,,-,RECORDED AS: Kiungchow,EDC_1920_130,FALSE,FALSE
EDCT_474,PRESENT_AT,,Y_382,Y_382,,,,-,RECORDED AS: Kiungchow,EDC_1920_107,FALSE,FALSE
EDCT_494,PRESENT_AT,,Y_382,Y_382,,,,-,RECORDED AS: Kiungchow,,FALSE,FALSE
EDCT_405,PRESENT_AT,,Y_382,Y_382,,,,-,,EDC_1920_78,FALSE,FALSE
EDCT_200,PRESENT_AT,,Y_4,Y_4,,,,-,RECORDED AS: Hwaiyuan,EDC_1920_2-3,FALSE,FALSE
EDCT_295,PRESENT_AT,,Y_4,Y_4,,,,-,RECORDED AS: Hwaiyuan,EDC_1920_3,FALSE,FALSE
EDCT_050,PRESENT_AT,,Y_403,Y_403,,,,-,"RECORDED AS: Aberdeen Street, Hongkong","EDC_1920_73, EDC_1916_38",FALSE,FALSE
EDCT_052,PRESENT_AT,,Y_403,Y_403,,,,-,"RECORDED AS: Babington Path, Hongkong",EDC_1920_74; HB_1936_182; EDC_1916_39,FALSE,FALSE
EDCT_038,PRESENT_AT,,Y_403,Y_403,,,,-,"RECORDED AS: Bonham Road, West Point, Hongkong",EDC_1920_76,FALSE,FALSE
EDCT_013,PRESENT_AT,,Y_403,Y_403,,,,-,"RECORDED AS: Kennedy Road, Hongkong",EDC_1920_74,FALSE,FALSE
EDCT_091,PRESENT_AT,,Y_403,Y_403,,,,-,"RECORDED AS: St. Stephen's College, Church Missionary Society, Corner of Bonham Road and Western Street, Hongkong",EDC_1920_74; EDC_1918_134,FALSE,FALSE
EDCT_143,PRESENT_AT,,Y_403,Y_403,,,,-,"RECORDED AS: West Point, Hongkong",EDC_1920_74,FALSE,FALSE
EDCT_053,PRESENT_AT,,Y_405,Y_405,,,,-,"RECORDED AS: Pokfolum Road, Hongkong",EDC_1920_75-76,FALSE,FALSE
EDCT_422,PRESENT_AT,,Y_406,Y_406,,,,-,RECORDED AS: Wantsai,EDC_1920_73,FALSE,FALSE
EDCT_225,PRESENT_AT,,Y_407,Y_407,,,,-,RECORDED AS: Kowloon,EDC_1920_77,FALSE,FALSE
EDCT_252,PRESENT_AT,,Y_407,Y_407,,,,-,RECORDED AS: Kowloon,EDC_1920_77; EDC_1916_78,FALSE,FALSE
EDCT_395,PRESENT_AT,,Y_407,Y_407,,,,-,RECORDED AS: Kowloon,HB_1936_228; EDC_1920_75 (Teachers' section),FALSE,FALSE
EDCT_592,PRESENT_AT,,Y_407,Y_407,,,,-,RECORDED AS: Kowloon,EDC_1918_120,FALSE,FALSE
EDCT_934,PRESENT_AT,,Y_407,Y_407,,,,-,"RECORDED AS: Kowloon City, Hongkong",EDC_1914_14,FALSE,FALSE
EDCT_582,PRESENT_AT,,Y_407,Y_407,,,,-,"RECORDED AS: Kowloon, Hong Kong",EDC_1918_103,FALSE,FALSE
EDCT_624,PRESENT_AT,,Y_407,Y_407,,,,-,"RECORDED AS: Kowloon, Hongkong",EDS_1918_112,FALSE,FALSE
EDCT_658,PRESENT_AT,,Y_407,Y_407,,,,-,"RECORDED AS: Kowloon, Hongkong",EDC_1914_9,FALSE,FALSE
EDCT_021,PRESENT_AT,,Y_407,Y_407,,,,-,"RECORDED AS: Kowloong, H'kong",EDC_1920_72,FALSE,FALSE
EDCT_987,PRESENT_AT,,Y_407,Y_407,,,,-,,,FALSE,FALSE
EDCT_282,PRESENT_AT,,Y_443,Y_443,,,,-,RECORDED AS: Hulan,EDC_1920_82,FALSE,FALSE
EDCT_510,PRESENT_AT,,Y_46,Y_46,,,,-,RECORDED AS: Hweichow,EDC_1920_45,FALSE,FALSE
EDCT_911,PRESENT_AT,,Y_548,Y_548,,,,-,"RECORDED AS: Tsinglan, Hunan",EDC_1917_56; Juntunen_XVI&202,FALSE,FALSE
EDCT_376,PRESENT_AT,,Y_552,Y_552,,,,-,"RECORDED AS: Taoyuan, Hunan",EDC_1920_35; EDC_1916_51,FALSE,FALSE
EDCT_394,PRESENT_AT,,Y_627,Y_627,,,,-,RECORDED AS: Tayung (Yungting),EDC_1920_35; EDC_1916_54; EDC_1916_72,FALSE,FALSE
EDCT_168,PRESENT_AT,,Y_630,Y_630,,,,-,"RECORDED AS: Outside the North Gate, Changsha",EDC_1920_33,FALSE,FALSE
EDCT_360,PRESENT_AT,,Y_639,Y_639,,,,-,RECORDED AS: Liling,EDC_1920_34,FALSE,FALSE
EDCT_625,PRESENT_AT,,Y_639,Y_639,,,,-,"RECORDED AS: Liling, Hun",EDC_1917_24,FALSE,FALSE
EDCT_081,PRESENT_AT,,Y_655,Y_655,,,,-,RECORDED AS: Shenchowfu,EDC_1920_34-35; HB_1936_179-284; EDC_1916_39,FALSE,FALSE
EDCT_359,PRESENT_AT,,Y_662,Y_662,,,,-,RECORDED AS: Pingkiang,EDC_1920_34,FALSE,FALSE
EDCT_204,PRESENT_AT,,Y_69,Y_69,,,,-,"RECORDED AS: Lion Hill, Wuhu",EDC_1920_3,FALSE,FALSE
EDCT_061,PRESENT_AT,,Y_747,Y_747,,,,-,"RECORDED AS: Drum Tower, Nanking",EDC_1920_47,FALSE,FALSE
EDCT_127,PRESENT_AT,,Y_747,Y_747,,,,-,RECORDED AS: Nanking,EDC_1920_45-46; HB_1936_150-155; EDC_1916_38,FALSE,FALSE
EDCT_604,PRESENT_AT,,Y_747,Y_747,,,,-,RECORDED AS: Nanking,EDC_1918_65,FALSE,FALSE
EDCT_834,PRESENT_AT,,Y_747,Y_747,,,,-,RECORDED AS: Nanking,EDC_1918_124,FALSE,FALSE
EDCT_159,PRESENT_AT,,Y_757,Y_757,,,,-,"RECORDED AS: Tong Ka Cha, Nantungchow",EDC_1920_47,FALSE,FALSE
EDCT_024,PRESENT_AT,,Y_787,Y_787,,,,-,RECORDED AS: Kiangyin,EDC_1920_45; HB_1936_182-262,FALSE,FALSE
EDCT_404,PRESENT_AT,,Y_787,Y_787,,,,-,RECORDED AS: Kiangyin,EDC_1920_45; EDC_1918_147,FALSE,FALSE
EDCT_760,PRESENT_AT,,Y_787,Y_787,,,,-,"RECORDED AS: Kiangyin, Kiangsu",EDC_1918_124,FALSE,FALSE
EDCT_165,PRESENT_AT,,Y_788,Y_788,,,,-,"RECORDED AS: New North Gate, Wusih",EDC_1920_65,FALSE,FALSE
EDCT_310,PRESENT_AT,,Y_795,Y_795,,,,-,RECORDED AS: Peichen,EDC_1920_90; EDC_1916_39,FALSE,FALSE
EDCT_139,PRESENT_AT,,Y_904,Y_904,,,,-,RECORDED AS: Kuling,EDC_1920_42-43,FALSE,FALSE
EDCT_667,PRESENT_AT,,Y_904,Y_904,,,,-,"RECORDED AS: Kuling, via Kiukiang, Kiangsi",EDC_1914_18,FALSE,FALSE
EDCT_257,PRESENT_AT,,Y_983,Y_983,,,,-,"RECORDED AS: Hsiao Ho Yen, Moukden, Fengtien",,FALSE,FALSE
EDCT_462,PRESENT_AT,,Y_998,Y_998,,,,-,RECORDED AS: Kaiyuan,EDC_1920_134,FALSE,FALSE
EDCT_584,PRESENT_AT,,Y_O_43,Y_O_43,,,,-,"RECORDED AS: Glenealy Road, Hongkong",,FALSE,FALSE
HBLAI_201,LOCATED_IN,,O_26,O_26,,,,-,RECORDED AS: Shanghai,HB_1936_198,FALSE,FALSE
HBLAI_202,LOCATED_IN,,O_26,O_26,,,,-,RECORDED AS: Shanghai,HB_1936_200,FALSE,FALSE
HBLAI_203,LOCATED_IN,,O_26,O_26,,,,-,RECORDED AS: Shanghai,HB_1936_200,FALSE,FALSE
HBLAI_204,LOCATED_IN,,O_2,O_2,,,,-,RECORDED AS: Beijing,HB_1936_200,FALSE,FALSE
HBLAI_205,LOCATED_IN,,F_30,F_30,,,,-,RECORDED AS: Chengtu,HB_1936_200,FALSE,FALSE
HBLAI_206,LOCATED_IN,,O_26,O_26,,,,-,RECORDED AS: Shanghai,HB_1936_201,FALSE,FALSE
HBLAI_207,LOCATED_IN,,O_26,O_26,,,,-,RECORDED AS: Shanghai,HB_1936_202,FALSE,FALSE
HBLAI_208,LOCATED_IN,,O_26,O_26,,,,-,RECORDED AS: Shanghai,HB_1936_202,FALSE,FALSE
HBLAI_209,LOCATED_IN,,O_26,O_26,,,,-,RECORDED AS: Shanghai,HB_1936_203,FALSE,FALSE
HBLAI_210,LOCATED_IN,,O_26,O_26,,,,-,RECORDED AS: Shanghai,HB_1936_204,FALSE,FALSE
HBLAI_211,LOCATED_IN,,O_26,O_26,,,,-,RECORDED AS: Hankow; Shanghai,HB_1936_204,FALSE,FALSE
HBLAI_212,LOCATED_IN,,O_26,O_26,,,,-,RECORDED AS: Hankow; Shanghai,HB_1936_204,FALSE,FALSE
HBLAI_213,LOCATED_IN,,O_26,O_26,,,,-,RECORDED AS: Shanghai,HB_1936_204,FALSE,FALSE
HBLAI_214,LOCATED_IN,,O_26,O_26,,,,-,RECORDED AS: Shanghai,HB_1936_205,FALSE,FALSE
HBLAI_215,LOCATED_IN,,O_26,O_26,,,,-,RECORDED AS: Shanghai,HB_1936_206,FALSE,FALSE
HBLAI_216,LOCATED_IN,,O_26,O_26,,,,-,RECORDED AS: Shanghai,HB_1936_207,FALSE,FALSE
HBLAI_217,LOCATED_IN,,O_26,O_26,,,,-,RECORDED AS: Hankow; Shanghai,HB_1936_207,FALSE,FALSE
HBLAI_218,LOCATED_IN,,O_26,O_26,,,,-,RECORDED AS: Shanghai,HB_1936_208,FALSE,FALSE
HBLAI_219,LOCATED_IN,,O_2,O_2,,,,-,RECORDED AS: Beijing,HB_1936_226,FALSE,FALSE
HBLAI_220,LOCATED_IN,,O_13,O_13,,,,-,RECORDED AS: Hong Kong,HB_1936_226,FALSE,FALSE
HBLAI_221,LOCATED_IN,,O_26,O_26,,,,-,RECORDED AS: Shanghai,HB_1936_227,FALSE,FALSE
HBLAI_222,LOCATED_IN,,O_26,O_26,,,,-,RECORDED AS: Shanghai,HB_1936_227,FALSE,FALSE
HBCS_346,LOCATED_IN,,Y_1257,Y_1257,,,,-,RECORDED AS: Sin-tien-tsi,HB_1936,FALSE,FALSE
HBCS_173,LOCATED_IN,,Y_1268,Y_1268,,,,-,RECORDED AS: Tzechow,HB_1936,FALSE,FALSE
HBCS_242,LOCATED_IN,,Y_1268,Y_1268,,,,-,RECORDED AS: Tzechow,HB_1936,FALSE,FALSE
HBCS_157,LOCATED_IN,,Y_1310,Y_1310,,,,-,RECORDED AS: Junghsien,HB_1936,FALSE,FALSE
HBCS_158,LOCATED_IN,,Y_1310,Y_1310,,,,-,RECORDED AS: Junghsien,HB_1936,FALSE,FALSE
HBCS_230,LOCATED_IN,,Y_1312,Y_1312,,,,-,RECORDED AS: Tzeliutsing,HB_1936,FALSE,FALSE
HBCS_231,LOCATED_IN,,Y_1312,Y_1312,,,,-,RECORDED AS: Tzeliutsing,HB_1936,FALSE,FALSE
HBCS_120,LOCATED_IN,,Y_133,Y_133,,,,-,RECORDED AS: Hanyang,HB_1936,FALSE,FALSE
HBCS_295,LOCATED_IN,,Y_133,Y_133,,,,-,RECORDED AS: Hanyang,HB_1936,FALSE,FALSE
HBCS_019,LOCATED_IN,,Y_135,Y_135,,,,-,RECORDED AS: Shekow,HB_1936,FALSE,FALSE
HBCS_155,LOCATED_IN,,Y_1355,Y_1355,,,,-,RECORDED AS: Jenshow,HB_1936,FALSE,FALSE
HBCS_001,LOCATED_IN,,Y_141,Y_141,,,,-,RECORDED AS: Wuchang,HB_1936,FALSE,FALSE
HBCS_041,LOCATED_IN,,Y_141,Y_141,,,,-,RECORDED AS: Wuchang,HB_1936,FALSE,FALSE
HBCS_094,LOCATED_IN,,Y_141,Y_141,,,,-,RECORDED AS: Wuchang,HB_1936,FALSE,FALSE
HBCS_095,LOCATED_IN,,Y_141,Y_141,,,,-,RECORDED AS: Wuchang,HB_1936,FALSE,FALSE
HBCS_248,LOCATED_IN,,Y_141,Y_141,,,,-,RECORDED AS: Wuchang,HB_1936,FALSE,FALSE
HBCS_305,LOCATED_IN,,Y_141,Y_141,,,,-,RECORDED AS: Wuchang,HB_1936,FALSE,FALSE
HBCS_377,LOCATED_IN,,Y_141,Y_141,,,,-,RECORDED AS: Wuchang,HB_1936,FALSE,FALSE
HBCS_380,LOCATED_IN,,Y_141,Y_141,,,,-,RECORDED AS: Wuchang,HB_1936,FALSE,FALSE
HBCS_388,LOCATED_IN,,Y_1412,Y_1412,,,,-,RECORDED AS: Yenchow,HB_1936,FALSE,FALSE
HBCS_175,LOCATED_IN,,Y_1429,Y_1429,,,,-,RECORDED AS: Kiaochow,HB_1936,FALSE,FALSE
HBCS_195,LOCATED_IN,,Y_1430,Y_1430,,,,-,RECORDED AS: Tsimo,HB_1936,FALSE,FALSE
HBCS_115,LOCATED_IN,,Y_1434,Y_1434,,,,-,RECORDED AS: Pingtu,HB_1936,FALSE,FALSE
HBCS_123,LOCATED_IN,,Y_1434,Y_1434,,,,-,RECORDED AS: Pingtu,HB_1936,FALSE,FALSE
HBCS_148,LOCATED_IN,,Y_144,Y_144,,,,-,RECORDED AS: Fancheng,HB_1936,FALSE,FALSE
HBCS_069,LOCATED_IN,,Y_1467,Y_1467,,,,-,RECORDED AS: Tenghsien,HB_1936,FALSE,FALSE
HBCS_081,LOCATED_IN,,Y_1467,Y_1467,,,,-,RECORDED AS: Tenghsien,HB_1936,FALSE,FALSE
HBCS_198,LOCATED_IN,,Y_1467,Y_1467,,,,-,RECORDED AS: Tenghsien,HB_1936,FALSE,FALSE
HBCS_301,LOCATED_IN,,Y_1467,Y_1467,,,,-,RECORDED AS: Tengchow,HB_1936,FALSE,FALSE
HBCS_188,LOCATED_IN,,Y_1469,Y_1469,,,,-,RECORDED AS: Yihsien,HB_1936,FALSE,FALSE
HBCS_082,LOCATED_IN,,Y_1483,Y_1483,,,,-,RECORDED AS: Lintsing,HB_1936,FALSE,FALSE
HBCS_288,LOCATED_IN,,Y_1492,Y_1492,,,,-,RECORDED AS: Hwanghsien,HB_1936,FALSE,FALSE
HBCS_031,LOCATED_IN,,Y_1499,Y_1499,,,,-,"RECORDED AS: Jessfield Road, Shanghai",HB_1936,FALSE,FALSE
HBCS_199,LOCATED_IN,,Y_1499,Y_1499,,,,-,"RECORDED AS: Edinburgh Rd, Shanghai",HB_1936,FALSE,FALSE
HBCS_251,LOCATED_IN,,Y_1499,Y_1499,,,,-,"RECORDED AS: Jessfield Rd, Shanghai",HB_1936,FALSE,FALSE
HBCS_124,LOCATED_IN,,Y_1502,Y_1502,,,,-,"RECORDED AS: North Szechuen Road, Shanghai",HB_1936,FALSE,FALSE
HBCS_211,LOCATED_IN,,Y_1502,Y_1502,,,,-,"RECORDED AS: Paoshing Rd, Shanghai",HB_1936,FALSE,FALSE
HBCS_193,LOCATED_IN,,Y_1503,Y_1503,,,,-,"RECORDED AS: South Gate, Shanghai",HB_1936,FALSE,FALSE
HBCS_253,LOCATED_IN,,Y_1505,Y_1505,,,,-,"RECORDED AS: 65 Brenan Rd, Shanghai",HB_1936,FALSE,FALSE
HBCS_309,LOCATED_IN,,Y_1511,Y_1511,,,,-,RECORDED AS: Sungkiang,HB_1936,FALSE,FALSE
HBCS_035,LOCATED_IN,,Y_1513,Y_1513,,,,-,RECORDED AS: Kiangwan,HB_1936,FALSE,FALSE
HBCS_066,LOCATED_IN,,Y_1618,Y_1618,,,,-,RECORDED AS: Hingping,HB_1936,FALSE,FALSE
HBCS_342,LOCATED_IN,,Y_1645,Y_1645,,,,-,RECORDED AS: Kiai-hsiu,HB_1936,FALSE,FALSE
HBCS_065,LOCATED_IN,,Y_1650,Y_1650,,,,-,RECORDED AS: Taiku,HB_1936,FALSE,FALSE
HBCS_221,LOCATED_IN,,Y_1650,Y_1650,,,,-,RECORDED AS: Taiku,HB_1936,FALSE,FALSE
HBCS_063,LOCATED_IN,,Y_1654,Y_1654,,,,-,RECORDED AS: Liaochow,HB_1936,FALSE,FALSE
HBCS_077,LOCATED_IN,,Y_1666,Y_1666,,,,-,RECORDED AS: Hungtung,HB_1936,FALSE,FALSE
HBCS_353,LOCATED_IN,,Y_1668,Y_1668,,,,-,RECORDED AS: Hwochow,HB_1936,FALSE,FALSE
HBCS_062,LOCATED_IN,,Y_1679,Y_1679,,,,-,RECORDED AS: Fenchow,HB_1936,FALSE,FALSE
HBCS_209,LOCATED_IN,,Y_1679,Y_1679,,,,-,RECORDED AS: Fenchow,HB_1936,FALSE,FALSE
HBCS_387,LOCATED_IN,,Y_1694,Y_1694,,,,-,RECORDED AS: Shochow,HB_1936,FALSE,FALSE
HBCS_064,LOCATED_IN,,Y_1724,Y_1724,,,,-,RECORDED AS: Ping Ting,HB_1936,FALSE,FALSE
HBCS_376,LOCATED_IN,,Y_192,Y_192,,,,-,RECORDED AS: Kungchow,HB_1936,FALSE,FALSE
HBCS_226,LOCATED_IN,,Y_1956,Y_1956,,,,-,RECORDED AS: Diongloh,HB_1936,FALSE,FALSE
HBCS_174,LOCATED_IN,,Y_1957,Y_1957,,,,-,RECORDED AS: Lung Tien,HB_1936,FALSE,FALSE
HBCS_210,LOCATED_IN,,Y_1957,Y_1957,,,,-,RECORDED AS: Futsing,HB_1936,FALSE,FALSE
HBCS_269,LOCATED_IN,,Y_1957,Y_1957,,,,-,RECORDED AS: Futsing,HB_1936,FALSE,FALSE
HBCS_222,LOCATED_IN,,Y_1961,Y_1961,,,,-,RECORDED AS: Luoyuan,HB_1936,FALSE,FALSE
HBCS_275,LOCATED_IN,,Y_1964,Y_1964,,,,-,RECORDED AS: Mintsing,HB_1936,FALSE,FALSE
HBCS_292,LOCATED_IN,,Y_1964,Y_1964,,,,-,RECORDED AS: Mintsing,HB_1936,FALSE,FALSE
HBCS_186,LOCATED_IN,,Y_1965,Y_1965,,,,-,RECORDED AS: Bing Tang,HB_1936,FALSE,FALSE
HBCS_289,LOCATED_IN,,Y_1967,Y_1967,,,,-,RECORDED AS: Ingtai,HB_1936,FALSE,FALSE
HBCS_106,LOCATED_IN,,Y_1976,Y_1976,,,,-,RECORDED AS: Kiennow; Chien Ou,HB_1936,FALSE,FALSE
HBCS_232,LOCATED_IN,,Y_1976,Y_1976,,,,-,RECORDED AS: Kiennow; Chien Ou,HB_1936,FALSE,FALSE
HBCS_107,LOCATED_IN,,Y_1983,Y_1983,,,,-,RECORDED AS: Yenping,HB_1936,FALSE,FALSE
HBCS_257,LOCATED_IN,,Y_1987,Y_1987,,,,-,RECORDED AS: Kutien,HB_1936,FALSE,FALSE
HBCS_268,LOCATED_IN,,Y_1987,Y_1987,,,,-,RECORDED AS: Kutien,HB_1936,FALSE,FALSE
HBCS_370,LOCATED_IN,,Y_1987,Y_1987,,,,-,RECORDED AS: Kutien,HB_1936,FALSE,FALSE
HBCS_215,LOCATED_IN,,Y_1997,Y_1997,,,,-,RECORDED AS: Sienyu,HB_1936,FALSE,FALSE
HBCS_273,LOCATED_IN,,Y_1997,Y_1997,,,,-,RECORDED AS: Sienyu,HB_1936,FALSE,FALSE
HBCS_369,LOCATED_IN,,Y_2001,Y_2001,,,,-,RECORDED AS: Kienning,HB_1936,FALSE,FALSE
HBCS_036,LOCATED_IN,,Y_2014,Y_2014,,,,-,"RECORDED AS: Amoy, Kulangsu",HB_1936,FALSE,FALSE
HBCS_143,LOCATED_IN,,Y_2038,Y_2038,,,,-,RECORDED AS: Yung Chung,HB_1936,FALSE,FALSE
HBCS_202,LOCATED_IN,,Y_2044,Y_2044,,,,-,"RECORDED AS: Saichuen, Canton",HB_1936,FALSE,FALSE
HBCS_278,LOCATED_IN,,Y_2044,Y_2044,,,,-,"RECORDED AS: Pakhok-tung, Canton",HB_1936,FALSE,FALSE
HBCS_190,LOCATED_IN,,Y_2055,Y_2055,,,,-,RECORDED AS: Ku Chuk,HB_1936,FALSE,FALSE
HBCS_236,LOCATED_IN,,Y_2067,Y_2067,,,,-,RECORDED AS: Tai San,HB_1936,FALSE,FALSE
HBCS_192,LOCATED_IN,,Y_2085,Y_2085,,,,-,RECORDED AS: Wu Hwa,HB_1936,FALSE,FALSE
HBCS_399,LOCATED_IN,,Y_2168,Y_2168,,,,-,RECORDED AS: Minchow,HB_1936,FALSE,FALSE
HBCS_042,LOCATED_IN,,Y_2322,Y_2322,,,,-,RECORDED AS: Pyangtong,HB_1936,FALSE,FALSE
HBCS_043,LOCATED_IN,,Y_2322,Y_2322,,,,-,RECORDED AS: Pyangtong,HB_1936,FALSE,FALSE
HBCS_349,LOCATED_IN,,Y_2484,Y_2484,,,,-,RECORDED AS: Shih-ki-tien,HB_1936,FALSE,FALSE
HBCS_359,LOCATED_IN,,Y_2495,Y_2495,,,,-,RECORDED AS: Hiangcheng,HB_1936,FALSE,FALSE
HBCS_134,LOCATED_IN,,Y_2512,Y_2512,,,,-,RECORDED AS: Tungchow,HB_1936,FALSE,FALSE
HBCS_172,LOCATED_IN,,Y_2512,Y_2512,,,,-,RECORDED AS: Tungchow,HB_1936,FALSE,FALSE
HBCS_315,LOCATED_IN,,Y_2513,Y_2513,,,,-,"RECORDED AS: West City, Peiping",HB_1936,FALSE,FALSE
HBCS_306,LOCATED_IN,,Y_2538,Y_2538,,,,-,RECORDED AS: Da Bao,HB_1936,FALSE,FALSE
HBCS_378,LOCATED_IN,,Y_2582,Y_2582,,,,-,RECORDED AS: Kwai Hsien,HB_1936,FALSE,FALSE
HBCS_379,LOCATED_IN,,Y_2582,Y_2582,,,,-,RECORDED AS: Kwei Ping,HB_1936,FALSE,FALSE
HBCS_385,LOCATED_IN,,Y_2617,Y_2617,,,,-,RECORDED AS: Heung Shan,HB_1936,FALSE,FALSE
HBCS_047,LOCATED_IN,,Y_2646,Y_2646,,,,-,RECORDED AS: Wuchow,HB_1936,FALSE,FALSE
HBCS_228,LOCATED_IN,,Y_2646,Y_2646,,,,-,RECORDED AS: Wuchow,HB_1936,FALSE,FALSE
HBCS_347,LOCATED_IN,,Y_2646,Y_2646,,,,-,RECORDED AS: Wuchau,HB_1936,FALSE,FALSE
HBCS_360,LOCATED_IN,,Y_2718,Y_2718,,,,-,RECORDED AS: Solowu,HB_1936,FALSE,FALSE
HBCS_348,LOCATED_IN,,Y_2840,Y_2840,,,,-,RECORDED AS: Ning-hai,HB_1936,FALSE,FALSE
HBCS_351,LOCATED_IN,,Y_2872,Y_2872,,,,-,RECORDED AS: P'ing-yang,HB_1936,FALSE,FALSE
HBCS_112,LOCATED_IN,,Y_2879,Y_2879,,,,-,RECORDED AS: Tinghai,HB_1936,FALSE,FALSE
HBCS_053,LOCATED_IN,,Y_294,Y_294,,,,-,RECORDED AS: Changli,HB_1936,FALSE,FALSE
HBCS_083,LOCATED_IN,,Y_294,Y_294,,,,-,RECORDED AS: Changli,HB_1936,FALSE,FALSE
HBCS_165,LOCATED_IN,,Y_294,Y_294,,,,-,RECORDED AS: Changli,HB_1936,FALSE,FALSE
HBCS_364,LOCATED_IN,,Y_308,Y_308,,,,-,RECORDED AS: Hwailu,HB_1936,FALSE,FALSE
HBCS_166,LOCATED_IN,,Y_373,Y_373,,,,-,RECORDED AS: Lwanchow,HB_1936,FALSE,FALSE
HBCS_168,LOCATED_IN,,Y_379,Y_379,,,,-,RECORDED AS: Tsunhwa,HB_1936,FALSE,FALSE
HBCS_239,LOCATED_IN,,Y_382,Y_382,,,,-,RECORDED AS: Kiungchow,HB_1936,FALSE,FALSE
HBCS_431,LOCATED_IN,,Y_382,Y_382,,,,-,RECORDED AS: Kiungchow,HB_1936,FALSE,FALSE
HBCS_078,LOCATED_IN,,Y_4,Y_4,,,,-,RECORDED AS: Hwaiyuan,HB_1936,FALSE,FALSE
HBCS_160,LOCATED_IN,,Y_4,Y_4,,,,-,RECORDED AS: Hwaiyuan,HB_1936,FALSE,FALSE
HBCS_163,LOCATED_IN,,Y_4,Y_4,,,,-,RECORDED AS: Hwaiyuan,HB_1936,FALSE,FALSE
HBCS_400,LOCATED_IN,,Y_407,Y_407,,,,-,RECORDED AS: Kowloon,HB_1936,FALSE,FALSE
HBCS_003,LOCATED_IN,,Y_639,Y_639,,,,-,RECORDED AS: Liling,HB_1936,FALSE,FALSE
HBCS_102,LOCATED_IN,,Y_655,Y_655,,,,-,RECORDED AS: Yuanling,HB_1936,FALSE,FALSE
HBCS_122,LOCATED_IN,,Y_655,Y_655,,,,-,RECORDED AS: Yuanling,HB_1936,FALSE,FALSE
HBCS_057,LOCATED_IN,,Y_744,Y_744,,,,-,RECORDED AS: Haichow,HB_1936,FALSE,FALSE
HBCS_013,LOCATED_IN,,Y_747,Y_747,,,,-,RECORDED AS: Nanking,HB_1936,FALSE,FALSE
HBCS_127,LOCATED_IN,,Y_751,Y_751,,,,-,RECORDED AS: Luho,HB_1936,FALSE,FALSE
HBCS_058,LOCATED_IN,,Y_787,Y_787,,,,-,RECORDED AS: Kiangyin,HB_1936,FALSE,FALSE
HBCS_264,LOCATED_IN,,Y_787,Y_787,,,,-,RECORDED AS: Kiangyin,HB_1936,FALSE,FALSE
HBCS_265,LOCATED_IN,,Y_787,Y_787,,,,-,RECORDED AS: Kiangyin,HB_1936,FALSE,FALSE
HBCS_298,LOCATED_IN,,Y_81,Y_81,,,,-,RECORDED AS: Ningkuofu,HB_1936,FALSE,FALSE
HBCS_080,LOCATED_IN,,Y_820,Y_820,,,,-,RECORDED AS: Chiao Tow,HB_1936,FALSE,FALSE
HBCS_110,LOCATED_IN,,Y_820,Y_820,,,,-,RECORDED AS: Sia Shu,HB_1936,FALSE,FALSE
HBCS_341,LOCATED_IN,,Y_903,Y_903,,,,-,RECORDED AS: Ta-ku-t'ang,HB_1936,FALSE,FALSE
HBCS_357,LOCATED_IN,,Y_904,Y_904,,,,-,RECORDED AS: Kuling,HB_1936,FALSE,FALSE
HBCS_373,LOCATED_IN,,Y_920,Y_920,,,,-,RECORDED AS: Yiyang,HB_1936,FALSE,FALSE
HBCS_004,LOCATED_IN,,F_102,F_102,,,,-,RECORDED AS: Tsinan,HB_1936,FALSE,FALSE
HBCS_018,LOCATED_IN,,F_102,F_102,,,,-,RECORDED AS: Tsinan,HB_1936,FALSE,FALSE
HBCS_070,LOCATED_IN,,F_102,F_102,,,,-,RECORDED AS: Tsinan,HB_1936,FALSE,FALSE
HBCS_100,LOCATED_IN,,F_102,F_102,,,,-,RECORDED AS: Tsinan,HB_1936,FALSE,FALSE
HBCS_220,LOCATED_IN,,F_102,F_102,,,,-,"RECORDED AS: Fengtai, Tsinan",HB_1936,FALSE,FALSE
HBCS_280,LOCATED_IN,,F_102,F_102,,,,-,RECORDED AS: Tsinan,HB_1936,FALSE,FALSE
HBCS_040,LOCATED_IN,,F_105,F_105,,,,-,RECORDED AS: Kingchow,HB_1936,FALSE,FALSE
HBCS_103,LOCATED_IN,,F_106,F_106,,,,-,RECORDED AS: Kinhwa,HB_1936,FALSE,FALSE
HBCS_285,LOCATED_IN,,F_106,F_106,,,,-,RECORDED AS: Kinhwa,HB_1936,FALSE,FALSE
HBCS_071,LOCATED_IN,,F_107,F_107,,,,-,RECORDED AS: Tsining,HB_1936,FALSE,FALSE
HBCS_179,LOCATED_IN,,F_107,F_107,,,,-,RECORDED AS: Tsining,HB_1936,FALSE,FALSE
HBCS_206,LOCATED_IN,,F_107,F_107,,,,-,RECORDED AS: Tsining,HB_1936,FALSE,FALSE
HBCS_092,LOCATED_IN,,F_109,F_109,,,,-,RECORDED AS: Kaifeng,HB_1936,FALSE,FALSE
HBCS_328,LOCATED_IN,,F_109,F_109,,,,-,RECORDED AS: Kaifeng,HB_1936,FALSE,FALSE
HBCS_392,LOCATED_IN,,F_111,F_111,,,,-,RECORDED AS: Yunnanfu,HB_1936,FALSE,FALSE
HBCS_068,LOCATED_IN,,F_118,F_118,,,,-,RECORDED AS: Taian,HB_1936,FALSE,FALSE
HBCS_286,LOCATED_IN,,F_118,F_118,,,,-,RECORDED AS: Taian,HB_1936,FALSE,FALSE
HBCS_332,LOCATED_IN,,F_118,F_118,,,,-,RECORDED AS: Taian,HB_1936,FALSE,FALSE
HBCS_169,LOCATED_IN,,F_122,F_122,,,,-,RECORDED AS: Ichowfu,HB_1936,FALSE,FALSE
HBCS_184,LOCATED_IN,,F_134,F_134,,,,-,RECORDED AS: Kayang,HB_1936,FALSE,FALSE
HBCS_191,LOCATED_IN,,F_134,F_134,,,,-,RECORDED AS: Meihsien,HB_1936,FALSE,FALSE
HBCS_383,LOCATED_IN,,F_134,F_134,,,,-,RECORDED AS: Ka Ying,HB_1936,FALSE,FALSE
HBCS_331,LOCATED_IN,,F_135,F_135,,,,-,RECORDED AS: Mienyang,HB_1936,FALSE,FALSE
HBCS_075,LOCATED_IN,,F_137,F_137,,,,-,RECORDED AS: Nanchang,HB_1936,FALSE,FALSE
HBCS_091,LOCATED_IN,,F_137,F_137,,,,-,RECORDED AS: Nanchang,HB_1936,FALSE,FALSE
HBCS_217,LOCATED_IN,,F_137,F_137,,,,-,RECORDED AS: Nanchang,HB_1936,FALSE,FALSE
HBCS_006,LOCATED_IN,,F_139,F_139,,,,-,RECORDED AS: Nanking,HB_1936,FALSE,FALSE
HBCS_020,LOCATED_IN,,F_139,F_139,,,,-,RECORDED AS: Nanking,HB_1936,FALSE,FALSE
HBCS_029,LOCATED_IN,,F_139,F_139,,,,-,RECORDED AS: Nanking,HB_1936,FALSE,FALSE
HBCS_034,LOCATED_IN,,F_139,F_139,,,,-,RECORDED AS: Nanking,HB_1936,FALSE,FALSE
HBCS_046,LOCATED_IN,,F_139,F_139,,,,-,RECORDED AS: Nanking,HB_1936,FALSE,FALSE
HBCS_059,LOCATED_IN,,F_139,F_139,,,,-,RECORDED AS: Nanking,HB_1936,FALSE,FALSE
HBCS_101,LOCATED_IN,,F_139,F_139,,,,-,RECORDED AS: Nanking,HB_1936,FALSE,FALSE
HBCS_116,LOCATED_IN,,F_139,F_139,,,,-,RECORDED AS: Nanking,HB_1936,FALSE,FALSE
HBCS_133,LOCATED_IN,,F_139,F_139,,,,-,RECORDED AS: Nanking,HB_1936,FALSE,FALSE
HBCS_204,LOCATED_IN,,F_139,F_139,,,,-,RECORDED AS: Nanking,HB_1936,FALSE,FALSE
HBCS_208,LOCATED_IN,,F_139,F_139,,,,-,RECORDED AS: Nanking,HB_1936,FALSE,FALSE
HBCS_218,LOCATED_IN,,F_139,F_139,,,,-,RECORDED AS: Nanking,HB_1936,FALSE,FALSE
HBCS_312,LOCATED_IN,,F_139,F_139,,,,-,RECORDED AS: Nanking,HB_1936,FALSE,FALSE
HBCS_322,LOCATED_IN,,F_139,F_139,,,,-,RECORDED AS: Nanking,HB_1936,FALSE,FALSE
HBCS_416,LOCATED_IN,,F_139,F_139,,,,-,RECORDED AS: Nanking,HB_1936,FALSE,FALSE
HBCS_290,LOCATED_IN,,F_14,F_14,,,,-,RECORDED AS: Paotingfu,HB_1936,FALSE,FALSE
HBCS_404,LOCATED_IN,,F_142,F_142,,,,-,RECORDED AS: Nantung,HB_1936,FALSE,FALSE
HBCS_219,LOCATED_IN,,F_145,F_145,,,,-,RECORDED AS: Ningpo,HB_1936,FALSE,FALSE
HBCS_241,LOCATED_IN,,F_145,F_145,,,,-,RECORDED AS: Ningpo,HB_1936,FALSE,FALSE
HBCS_246,LOCATED_IN,,F_145,F_145,,,,-,RECORDED AS: Ningpo,HB_1936,FALSE,FALSE
HBCS_277,LOCATED_IN,,F_145,F_145,,,,-,RECORDED AS: Ningpo,HB_1936,FALSE,FALSE
HBCS_139,LOCATED_IN,,F_153,F_153,,,,-,RECORDED AS: Putien,HB_1936,FALSE,FALSE
HBCS_140,LOCATED_IN,,F_153,F_153,,,,-,RECORDED AS: Putien,HB_1936,FALSE,FALSE
HBCS_117,LOCATED_IN,,F_158,F_158,,,,-,RECORDED AS: Tsingtao,HB_1936,FALSE,FALSE
HBCS_303,LOCATED_IN,,F_158,F_158,,,,-,RECORDED AS: Tsingtao,HB_1936,FALSE,FALSE
HBCS_344,LOCATED_IN,,F_17,F_17,,,,-,RECORDED AS: Pao-t'eo,HB_1936,FALSE,FALSE
HBCS_051,LOCATED_IN,,F_170,F_170,,,,-,RECORDED AS: Swatow,HB_1936,FALSE,FALSE
HBCS_060,LOCATED_IN,,F_170,F_170,,,,-,RECORDED AS: Swatow,HB_1936,FALSE,FALSE
HBCS_099,LOCATED_IN,,F_170,F_170,,,,-,RECORDED AS: Swatow,HB_1936,FALSE,FALSE
HBCS_176,LOCATED_IN,,F_170,F_170,,,,-,RECORDED AS: Swatow,HB_1936,FALSE,FALSE
HBCS_260,LOCATED_IN,,F_170,F_170,,,,-,RECORDED AS: Swatow,HB_1936,FALSE,FALSE
HBCS_329,LOCATED_IN,,F_170,F_170,,,,-,RECORDED AS: Swatow,HB_1936,FALSE,FALSE
HBCS_274,LOCATED_IN,,F_172,F_172,,,,-,RECORDED AS: Shiuchow,HB_1936,FALSE,FALSE
HBCS_104,LOCATED_IN,,F_173,F_173,,,,-,RECORDED AS: Shaoshing,HB_1936,FALSE,FALSE
HBCS_180,LOCATED_IN,,F_173,F_173,,,,-,RECORDED AS: Shaoshing,HB_1936,FALSE,FALSE
HBCS_334,LOCATED_IN,,F_173,F_173,,,,-,RECORDED AS: Shaoshing,HB_1936,FALSE,FALSE
HBCS_340,LOCATED_IN,,F_173,F_173,,,,-,RECORDED AS: Shaohing,HB_1936,FALSE,FALSE
HBCS_415,LOCATED_IN,,F_173,F_173,,,,-,RECORDED AS: Shaohing,HB_1936,FALSE,FALSE
HBCS_386,LOCATED_IN,,F_175,F_175,,,,-,RECORDED AS: Moukden,HB_1936,FALSE,FALSE
HBCS_132,LOCATED_IN,,F_183,F_183,,,,-,RECORDED AS: Suining,HB_1936,FALSE,FALSE
HBCS_267,LOCATED_IN,,F_183,F_183,,,,-,RECORDED AS: Suining,HB_1936,FALSE,FALSE
HBCS_010,LOCATED_IN,,F_186,F_186,,,,-,RECORDED AS: Soochow,HB_1936,FALSE,FALSE
HBCS_089,LOCATED_IN,,F_186,F_186,,,,-,RECORDED AS: Soochow,HB_1936,FALSE,FALSE
HBCS_105,LOCATED_IN,,F_186,F_186,,,,-,RECORDED AS: Nanhsuchow,HB_1936,FALSE,FALSE
HBCS_121,LOCATED_IN,,F_186,F_186,,,,-,RECORDED AS: Soochow,HB_1936,FALSE,FALSE
HBCS_144,LOCATED_IN,,F_186,F_186,,,,-,RECORDED AS: Soochow,HB_1936,FALSE,FALSE
HBCS_261,LOCATED_IN,,F_186,F_186,,,,-,RECORDED AS: Soochow,HB_1936,FALSE,FALSE
HBCS_263,LOCATED_IN,,F_186,F_186,,,,-,RECORDED AS: Soochow,HB_1936,FALSE,FALSE
HBCS_296,LOCATED_IN,,F_186,F_186,,,,-,RECORDED AS: Soochow,HB_1936,FALSE,FALSE
HBCS_300,LOCATED_IN,,F_186,F_186,,,,-,RECORDED AS: Soochow,HB_1936,FALSE,FALSE
HBCS_313,LOCATED_IN,,F_186,F_186,,,,-,RECORDED AS: Soochow,HB_1936,FALSE,FALSE
HBCS_314,LOCATED_IN,,F_186,F_186,,,,-,RECORDED AS: Soochow,HB_1936,FALSE,FALSE
HBCS_407,LOCATED_IN,,F_186,F_186,,,,-,RECORDED AS: Soochow,HB_1936,FALSE,FALSE
HBCS_287,LOCATED_IN,,F_189,F_189,,,,-,RECORDED AS: Taiyuan,HB_1936,FALSE,FALSE
HBCS_424,LOCATED_IN,,F_189,F_189,,,,-,RECORDED AS: Taiyuan,HB_1936,FALSE,FALSE
HBCS_212,LOCATED_IN,,F_198,F_198,,,,-,RECORDED AS: Tungjen,HB_1936,FALSE,FALSE
HBCS_072,LOCATED_IN,,F_200,F_200,,,,-,RECORDED AS: Weihsien,HB_1936,FALSE,FALSE
HBCS_183,LOCATED_IN,,F_200,F_200,,,,-,RECORDED AS: Weihsien,HB_1936,FALSE,FALSE
HBCS_084,LOCATED_IN,,F_201,F_201,,,,-,RECORDED AS: Weihaiwei,HB_1936,FALSE,FALSE
HBCS_079,LOCATED_IN,,F_204,F_204,,,,-,RECORDED AS: Wenchow,HB_1936,FALSE,FALSE
HBCS_339,LOCATED_IN,,F_204,F_204,,,,-,RECORDED AS: Wun-chau,HB_1936,FALSE,FALSE
HBCS_350,LOCATED_IN,,F_204,F_204,,,,-,RECORDED AS: Wun-chau,HB_1936,FALSE,FALSE
HBCS_039,LOCATED_IN,,F_207,F_207,,,,-,RECORDED AS: Hankow,HB_1936,FALSE,FALSE
HBCS_138,LOCATED_IN,,F_207,F_207,,,,-,RECORDED AS: Hankow,HB_1936,FALSE,FALSE
HBCS_170,LOCATED_IN,,F_207,F_207,,,,-,RECORDED AS: Hankow,HB_1936,FALSE,FALSE
HBCS_252,LOCATED_IN,,F_207,F_207,,,,-,RECORDED AS: Hankow,HB_1936,FALSE,FALSE
HBCS_316,LOCATED_IN,,F_207,F_207,,,,-,RECORDED AS: Hankow,HB_1936,FALSE,FALSE
HBCS_321,LOCATED_IN,,F_207,F_207,,,,-,RECORDED AS: Hankow,HB_1936,FALSE,FALSE
HBCS_375,LOCATED_IN,,F_207,F_207,,,,-,RECORDED AS: Hankow,HB_1936,FALSE,FALSE
HBCS_396,LOCATED_IN,,F_207,F_207,,,,-,RECORDED AS: Hankow,HB_1936,FALSE,FALSE
HBCS_427,LOCATED_IN,,F_207,F_207,,,,-,RECORDED AS: Hankow,HB_1936,FALSE,FALSE
HBCS_185,LOCATED_IN,,F_208,F_208,,,,-,RECORDED AS: Wuhu,HB_1936,FALSE,FALSE
HBCS_310,LOCATED_IN,,F_208,F_208,,,,-,RECORDED AS: Wuhu,HB_1936,FALSE,FALSE
HBCS_394,LOCATED_IN,,F_208,F_208,,,,-,RECORDED AS: Wuhu,HB_1936,FALSE,FALSE
HBCS_085,LOCATED_IN,,F_214,F_214,,,,-,RECORDED AS: Amoy,HB_1936,FALSE,FALSE
HBCS_146,LOCATED_IN,,F_214,F_214,,,,-,RECORDED AS: Amoy,HB_1936,FALSE,FALSE
HBCS_151,LOCATED_IN,,F_214,F_214,,,,-,RECORDED AS: Amoy,HB_1936,FALSE,FALSE
HBCS_161,LOCATED_IN,,F_214,F_214,,,,-,RECORDED AS: Amoy,HB_1936,FALSE,FALSE
HBCS_162,LOCATED_IN,,F_214,F_214,,,,-,RECORDED AS: Amoy,HB_1936,FALSE,FALSE
HBCS_333,LOCATED_IN,,F_214,F_214,,,,-,RECORDED AS: Amoy,HB_1936,FALSE,FALSE
HBCS_052,LOCATED_IN,,F_215,F_215,,,,-,RECORDED AS: Sian,HB_1936,FALSE,FALSE
HBCS_374,LOCATED_IN,,F_216,F_216,,,,-,RECORDED AS: Siangtan,HB_1936,FALSE,FALSE
HBCS_391,LOCATED_IN,,F_224,F_224,,,,-,RECORDED AS: Sining,HB_1936,FALSE,FALSE
HBCS_187,LOCATED_IN,,F_225,F_225,,,,-,RECORDED AS: Sinyang,HB_1936,FALSE,FALSE
HBCS_049,LOCATED_IN,,F_23,F_23,,,,-,RECORDED AS: Tsangchow,HB_1936,FALSE,FALSE
HBCS_224,LOCATED_IN,,F_230,F_230,,,,-,RECORDED AS: Hsuchow,HB_1936,FALSE,FALSE
HBCS_196,LOCATED_IN,,F_237,F_237,,,,-,RECORDED AS: Yangchow,HB_1936,FALSE,FALSE
HBCS_338,LOCATED_IN,,F_237,F_237,,,,-,RECORDED AS: Yang-chau,HB_1936,FALSE,FALSE
HBCS_356,LOCATED_IN,,F_237,F_237,,,,-,RECORDED AS: Yangchow,HB_1936,FALSE,FALSE
HBCS_131,LOCATED_IN,,F_238,F_238,,,,-,RECORDED AS: Kiating,HB_1936,FALSE,FALSE
HBCS_093,LOCATED_IN,,F_240,F_240,,,,-,RECORDED AS: Suifu,HB_1936,FALSE,FALSE
HBCS_213,LOCATED_IN,,F_240,F_240,,,,-,RECORDED AS: Iping,HB_1936,FALSE,FALSE
HBCS_214,LOCATED_IN,,F_240,F_240,,,,-,RECORDED AS: Suifu,HB_1936,FALSE,FALSE
HBCS_171,LOCATED_IN,,F_241,F_241,,,,-,RECORDED AS: Ichang,HB_1936,FALSE,FALSE
HBCS_244,LOCATED_IN,,F_241,F_241,,,,-,RECORDED AS: Ichang,HB_1936,FALSE,FALSE
HBCS_149,LOCATED_IN,,F_247,F_247,,,,-,RECORDED AS: Yiyang,HB_1936,FALSE,FALSE
HBCS_150,LOCATED_IN,,F_247,F_247,,,,-,RECORDED AS: Yiyang,HB_1936,FALSE,FALSE
HBCS_355,LOCATED_IN,,F_251,F_251,,,,-,RECORDED AS: Yuncheng,HB_1936,FALSE,FALSE
HBCS_024,LOCATED_IN,,F_259,F_259,,,,-,RECORDED AS: Changsha,HB_1936,FALSE,FALSE
HBCS_025,LOCATED_IN,,F_259,F_259,,,,-,RECORDED AS: Changsha,HB_1936,FALSE,FALSE
HBCS_026,LOCATED_IN,,F_259,F_259,,,,-,RECORDED AS: Changsha,HB_1936,FALSE,FALSE
HBCS_073,LOCATED_IN,,F_259,F_259,,,,-,RECORDED AS: Changsha,HB_1936,FALSE,FALSE
HBCS_074,LOCATED_IN,,F_259,F_259,,,,-,RECORDED AS: Wuchang,HB_1936,FALSE,FALSE
HBCS_129,LOCATED_IN,,F_259,F_259,,,,-,RECORDED AS: Changsha,HB_1936,FALSE,FALSE
HBCS_371,LOCATED_IN,,F_259,F_259,,,,-,RECORDED AS: Changsha,HB_1936,FALSE,FALSE
HBCS_372,LOCATED_IN,,F_259,F_259,,,,-,RECORDED AS: Changsha,HB_1936,FALSE,FALSE
HBCS_421,LOCATED_IN,,F_259,F_259,,,,-,RECORDED AS: Changsha,HB_1936,FALSE,FALSE
HBCS_014,LOCATED_IN,,F_261,F_261,,,,-,RECORDED AS: Zakow,HB_1936,FALSE,FALSE
HBCS_109,LOCATED_IN,,F_261,F_261,,,,-,RECORDED AS: Changchow,HB_1936,FALSE,FALSE
HBCS_141,LOCATED_IN,,F_261,F_261,,,,-,RECORDED AS: Hangchow,HB_1936,FALSE,FALSE
HBCS_142,LOCATED_IN,,F_261,F_261,,,,-,RECORDED AS: Hangchow,HB_1936,FALSE,FALSE
HBCS_197,LOCATED_IN,,F_261,F_261,,,,-,RECORDED AS: Hangchow,HB_1936,FALSE,FALSE
HBCS_272,LOCATED_IN,,F_261,F_261,,,,-,RECORDED AS: Changchow,HB_1936,FALSE,FALSE
HBCS_281,LOCATED_IN,,F_261,F_261,,,,-,RECORDED AS: Hangchow,HB_1936,FALSE,FALSE
HBCS_299,LOCATED_IN,,F_261,F_261,,,,-,RECORDED AS: Hangchow,HB_1936,FALSE,FALSE
HBCS_354,LOCATED_IN,,F_261,F_261,,,,-,RECORDED AS: Hangchow,HB_1936,FALSE,FALSE
HBCS_410,LOCATED_IN,,F_261,F_261,,,,-,RECORDED AS: Hangchow,HB_1936,FALSE,FALSE
HBCS_414,LOCATED_IN,,F_261,F_261,,,,-,RECORDED AS: Hangchow,HB_1936,FALSE,FALSE
HBCS_223,LOCATED_IN,,F_267,F_267,,,,-,RECORDED AS: Chinkiang,HB_1936,FALSE,FALSE
HBCS_361,LOCATED_IN,,F_267,F_267,,,,-,RECORDED AS: Chinkiang,HB_1936,FALSE,FALSE
HBCS_207,LOCATED_IN,,F_268,F_268,,,,-,RECORDED AS: Siulaam,HB_1936,FALSE,FALSE
HBCS_337,LOCATED_IN,,F_277,F_277,,,,-,RECORDED AS: Gan-k'ing,HB_1936,FALSE,FALSE
HBCS_235,LOCATED_IN,,F_281,F_281,,,,-,RECORDED AS: Chuanchow,HB_1936,FALSE,FALSE
HBCS_237,LOCATED_IN,,F_281,F_281,,,,-,RECORDED AS: Chuanchow,HB_1936,FALSE,FALSE
HBCS_153,LOCATED_IN,,F_287,F_287,,,,-,RECORDED AS: Fatshan,HB_1936,FALSE,FALSE
HBCS_156,LOCATED_IN,,F_287,F_287,,,,-,RECORDED AS: Fatshan,HB_1936,FALSE,FALSE
HBCS_358,LOCATED_IN,,F_291,F_291,,,,-,RECORDED AS: Anshunfu,HB_1936,FALSE,FALSE
HBCS_205,LOCATED_IN,,F_296,F_296,,,,-,RECORDED AS: Tangshan,HB_1936,FALSE,FALSE
HBCS_011,LOCATED_IN,,F_30,F_30,,,,-,RECORDED AS: Chengtu,HB_1936,FALSE,FALSE
HBCS_032,LOCATED_IN,,F_30,F_30,,,,-,RECORDED AS: Chengtu,HB_1936,FALSE,FALSE
HBCS_033,LOCATED_IN,,F_30,F_30,,,,-,RECORDED AS: Chengtu,HB_1936,FALSE,FALSE
HBCS_044,LOCATED_IN,,F_30,F_30,,,,-,RECORDED AS: Chengtu,HB_1936,FALSE,FALSE
HBCS_135,LOCATED_IN,,F_30,F_30,,,,-,RECORDED AS: Chengtu,HB_1936,FALSE,FALSE
HBCS_154,LOCATED_IN,,F_30,F_30,,,,-,RECORDED AS: Chengtu,HB_1936,FALSE,FALSE
HBCS_203,LOCATED_IN,,F_30,F_30,,,,-,RECORDED AS: Chengtu,HB_1936,FALSE,FALSE
HBCS_294,LOCATED_IN,,F_30,F_30,,,,-,RECORDED AS: Chengtu,HB_1936,FALSE,FALSE
HBCS_352,LOCATED_IN,,F_30,F_30,,,,-,RECORDED AS: Chengtu,HB_1936,FALSE,FALSE
HBCS_389,LOCATED_IN,,F_30,F_30,,,,-,RECORDED AS: Chengtu,HB_1936,FALSE,FALSE
HBCS_409,LOCATED_IN,,F_30,F_30,,,,-,RECORDED AS: Chengtu,HB_1936,FALSE,FALSE
HBCS_194,LOCATED_IN,,F_300,F_300,,,,-,RECORDED AS: Hsuchang,HB_1936,FALSE,FALSE
HBCS_055,LOCATED_IN,,F_305,F_305,,,,-,RECORDED AS: Siaokan,HB_1936,FALSE,FALSE
HBCS_152,LOCATED_IN,,F_307,F_307,,,,-,RECORDED AS: Yochow,HB_1936,FALSE,FALSE
HBCS_335,LOCATED_IN,,F_307,F_307,,,,-,RECORDED AS: Yochow,HB_1936,FALSE,FALSE
HBCS_056,LOCATED_IN,,F_308,F_308,,,,-,RECORDED AS: Kiukiang,HB_1936,FALSE,FALSE
HBCS_243,LOCATED_IN,,F_308,F_308,,,,-,RECORDED AS: Kiukiang,HB_1936,FALSE,FALSE
HBCS_307,LOCATED_IN,,F_308,F_308,,,,-,RECORDED AS: Kiukiang,HB_1936,FALSE,FALSE
HBCS_067,LOCATED_IN,,F_317,F_317,,,,-,RECORDED AS: Cheefoo,HB_1936,FALSE,FALSE
HBCS_164,LOCATED_IN,,F_317,F_317,,,,-,RECORDED AS: Chefoo,HB_1936,FALSE,FALSE
HBCS_225,LOCATED_IN,,F_317,F_317,,,,-,RECORDED AS: Chefoo,HB_1936,FALSE,FALSE
HBCS_279,LOCATED_IN,,F_317,F_317,,,,-,RECORDED AS: Chefoo,HB_1936,FALSE,FALSE
HBCS_308,LOCATED_IN,,F_317,F_317,,,,-,RECORDED AS: Chefoo,HB_1936,FALSE,FALSE
HBCS_317,LOCATED_IN,,F_317,F_317,,,,-,RECORDED AS: Chefoo,HB_1936,FALSE,FALSE
HBCS_320,LOCATED_IN,,F_317,F_317,,,,-,RECORDED AS: Chefoo,HB_1936,FALSE,FALSE
HBCS_403,LOCATED_IN,,F_317,F_317,,,,-,RECORDED AS: Chefoo,HB_1936,FALSE,FALSE
HBCS_390,LOCATED_IN,,F_319,F_319,,,,-,RECORDED AS: Kwanghan,HB_1936,FALSE,FALSE
HBCS_240,LOCATED_IN,,F_45,F_45,,,,-,RECORDED AS: Techow,HB_1936,FALSE,FALSE
HBCS_012,LOCATED_IN,,F_57,F_57,,,,-,RECORDED AS: Foochow,HB_1936,FALSE,FALSE
HBCS_015,LOCATED_IN,,F_57,F_57,,,,-,RECORDED AS: Foochow,HB_1936,FALSE,FALSE
HBCS_037,LOCATED_IN,,F_57,F_57,,,,-,RECORDED AS: Foochow,HB_1936,FALSE,FALSE
HBCS_038,LOCATED_IN,,F_57,F_57,,,,-,RECORDED AS: Foochow,HB_1936,FALSE,FALSE
HBCS_045,LOCATED_IN,,F_57,F_57,,,,-,RECORDED AS: Foochow,HB_1936,FALSE,FALSE
HBCS_086,LOCATED_IN,,F_57,F_57,,,,-,RECORDED AS: Foochow,HB_1936,FALSE,FALSE
HBCS_098,LOCATED_IN,,F_57,F_57,,,,-,RECORDED AS: Foochow,HB_1936,FALSE,FALSE
HBCS_119,LOCATED_IN,,F_57,F_57,,,,-,RECORDED AS: Foochow,HB_1936,FALSE,FALSE
HBCS_128,LOCATED_IN,,F_57,F_57,,,,-,RECORDED AS: Foochow,HB_1936,FALSE,FALSE
HBCS_159,LOCATED_IN,,F_57,F_57,,,,-,RECORDED AS: Foochow,HB_1936,FALSE,FALSE
HBCS_259,LOCATED_IN,,F_57,F_57,,,,-,RECORDED AS: Foochow,HB_1936,FALSE,FALSE
HBCS_276,LOCATED_IN,,F_57,F_57,,,,-,RECORDED AS: Foochow,HB_1936,FALSE,FALSE
HBCS_291,LOCATED_IN,,F_57,F_57,,,,-,RECORDED AS: Foochow,HB_1936,FALSE,FALSE
HBCS_302,LOCATED_IN,,F_57,F_57,,,,-,RECORDED AS: Foochow,HB_1936,FALSE,FALSE
HBCS_327,LOCATED_IN,,F_57,F_57,,,,-,RECORDED AS: Foochow,HB_1936,FALSE,FALSE
HBCS_367,LOCATED_IN,,F_57,F_57,,,,-,RECORDED AS: Foochow,HB_1936,FALSE,FALSE
HBCS_368,LOCATED_IN,,F_57,F_57,,,,-,RECORDED AS: Foochow,HB_1936,FALSE,FALSE
HBCS_005,LOCATED_IN,,F_62,F_62,,,,-,RECORDED AS: Canton,HB_1936,FALSE,FALSE
HBCS_016,LOCATED_IN,,F_62,F_62,,,,-,RECORDED AS: Canton,HB_1936,FALSE,FALSE
HBCS_022,LOCATED_IN,,F_62,F_62,,,,-,RECORDED AS: Canton,HB_1936,FALSE,FALSE
HBCS_048,LOCATED_IN,,F_62,F_62,,,,-,RECORDED AS: Canton,HB_1936,FALSE,FALSE
HBCS_050,LOCATED_IN,,F_62,F_62,,,,-,RECORDED AS: Canton,HB_1936,FALSE,FALSE
HBCS_061,LOCATED_IN,,F_62,F_62,,,,-,RECORDED AS: Canton,HB_1936,FALSE,FALSE
HBCS_111,LOCATED_IN,,F_62,F_62,,,,-,RECORDED AS: Canton,HB_1936,FALSE,FALSE
HBCS_145,LOCATED_IN,,F_62,F_62,,,,-,RECORDED AS: Canton,HB_1936,FALSE,FALSE
HBCS_147,LOCATED_IN,,F_62,F_62,,,,-,RECORDED AS: Canton,HB_1936,FALSE,FALSE
HBCS_189,LOCATED_IN,,F_62,F_62,,,,-,RECORDED AS: Canton,HB_1936,FALSE,FALSE
HBCS_227,LOCATED_IN,,F_62,F_62,,,,-,RECORDED AS: Canton,HB_1936,FALSE,FALSE
HBCS_229,LOCATED_IN,,F_62,F_62,,,,-,RECORDED AS: Canton,HB_1936,FALSE,FALSE
HBCS_234,LOCATED_IN,,F_62,F_62,,,,-,RECORDED AS: Canton,HB_1936,FALSE,FALSE
HBCS_293,LOCATED_IN,,F_62,F_62,,,,-,RECORDED AS: Canton,HB_1936,FALSE,FALSE
HBCS_318,LOCATED_IN,,F_62,F_62,,,,-,RECORDED AS: Canton,HB_1936,FALSE,FALSE
HBCS_319,LOCATED_IN,,F_62,F_62,,,,-,RECORDED AS: Canton,HB_1936,FALSE,FALSE
HBCS_382,LOCATED_IN,,F_62,F_62,,,,-,RECORDED AS: Canton,HB_1936,FALSE,FALSE
HBCS_418,LOCATED_IN,,F_62,F_62,,,,-,RECORDED AS: Canton,HB_1936,FALSE,FALSE
HBCS_426,LOCATED_IN,,F_73,F_73,,,,-,RECORDED AS: Hangchow,HB_1936,FALSE,FALSE
HBCS_118,LOCATED_IN,,F_77,F_77,,,,-,RECORDED AS: Luchow,HB_1936,FALSE,FALSE
HBCS_182,LOCATED_IN,,F_80,F_80,,,,-,RECORDED AS: Hengchow,HB_1936,FALSE,FALSE
HBCS_343,LOCATED_IN,,F_90,F_90,,,,-,RECORDED AS: Kwei-hua Ch'eng,HB_1936,FALSE,FALSE
HBCS_362,LOCATED_IN,,F_90,F_90,,,,-,RECORDED AS: Kweihwating,HB_1936,FALSE,FALSE
HBCS_216,LOCATED_IN,,F_94,F_94,,,,-,RECORDED AS: Huchow,HB_1936,FALSE,FALSE
HBCS_262,LOCATED_IN,,F_94,F_94,,,,-,RECORDED AS: Huchow,HB_1936,FALSE,FALSE
HBCS_297,LOCATED_IN,,F_94,F_94,,,,-,RECORDED AS: Huchow,HB_1936,FALSE,FALSE
HBCS_177,LOCATED_IN,,F_95,F_95,,,,-,RECORDED AS: Kashing,HB_1936,FALSE,FALSE
HBCS_090,LOCATED_IN,,O_13,O_13,,,,-,RECORDED AS: Hongkong,HB_1936,FALSE,FALSE
HBCS_125,LOCATED_IN,,O_13,O_13,,,,-,"RECORDED AS: Victoria, Hongkong",HB_1936,FALSE,FALSE
HBCS_245,LOCATED_IN,,O_13,O_13,,,,-,"RECORDED AS: Victoria, Hongkong",HB_1936,FALSE,FALSE
HBCS_254,LOCATED_IN,,O_13,O_13,,,,-,"RECORDED AS: Victoria, Hongkong",HB_1936,FALSE,FALSE
HBCS_255,LOCATED_IN,,O_13,O_13,,,,-,"RECORDED AS: Victoria, Hongkong",HB_1936,FALSE,FALSE
HBCS_256,LOCATED_IN,,O_13,O_13,,,,-,RECORDED AS: Hongkong,HB_1936,FALSE,FALSE
HBCS_401,LOCATED_IN,,O_13,O_13,,,,-,RECORDED AS: Hongkong,HB_1936,FALSE,FALSE
HBCS_428,LOCATED_IN,,O_13,O_13,,,,-,RECORDED AS: Hongkong,HB_1936,FALSE,FALSE
HBCS_395,LOCATED_IN,,O_15,O_15,,,,-,RECORDED AS: Ku She,HB_1936,FALSE,FALSE
HBCS_432,LOCATED_IN,,O_17,O_17,,,,-,RECORDED AS: Jiangsu,HB_1936,FALSE,FALSE
HBCS_433,LOCATED_IN,,O_17,O_17,,,,-,RECORDED AS: Jiangsu,HB_1936,FALSE,FALSE
HBCS_002,LOCATED_IN,,O_2,O_2,,,,-,RECORDED AS: Peiping,HB_1936,FALSE,FALSE
HBCS_023,LOCATED_IN,,O_2,O_2,,,,-,RECORDED AS: Peiping,HB_1936,FALSE,FALSE
HBCS_027,LOCATED_IN,,O_2,O_2,,,,-,RECORDED AS: Peking,HB_1936,FALSE,FALSE
HBCS_028,LOCATED_IN,,O_2,O_2,,,,-,RECORDED AS: Peiping,HB_1936,FALSE,FALSE
HBCS_054,LOCATED_IN,,O_2,O_2,,,,-,RECORDED AS: Peiping,HB_1936,FALSE,FALSE
HBCS_096,LOCATED_IN,,O_2,O_2,,,,-,RECORDED AS: Peiping,HB_1936,FALSE,FALSE
HBCS_113,LOCATED_IN,,O_2,O_2,,,,-,RECORDED AS: Peiping,HB_1936,FALSE,FALSE
HBCS_114,LOCATED_IN,,O_2,O_2,,,,-,RECORDED AS: Peiping,HB_1936,FALSE,FALSE
HBCS_130,LOCATED_IN,,O_2,O_2,,,,-,RECORDED AS: Peiping,HB_1936,FALSE,FALSE
HBCS_233,LOCATED_IN,,O_2,O_2,,,,-,RECORDED AS: Peiping,HB_1936,FALSE,FALSE
HBCS_238,LOCATED_IN,,O_2,O_2,,,,-,RECORDED AS: Peking,HB_1936,FALSE,FALSE
HBCS_247,LOCATED_IN,,O_2,O_2,,,,-,RECORDED AS: Peiping,HB_1936,FALSE,FALSE
HBCS_282,LOCATED_IN,,O_2,O_2,,,,-,RECORDED AS: Peiping,HB_1936,FALSE,FALSE
HBCS_323,LOCATED_IN,,O_2,O_2,,,,-,RECORDED AS: Peiping,HB_1936,FALSE,FALSE
HBCS_324,LOCATED_IN,,O_2,O_2,,,,-,RECORDED AS: Peiping,HB_1936,FALSE,FALSE
HBCS_325,LOCATED_IN,,O_2,O_2,,,,-,RECORDED AS: Peiping,HB_1936,FALSE,FALSE
HBCS_330,LOCATED_IN,,O_2,O_2,,,,-,RECORDED AS: Peiping,HB_1936,FALSE,FALSE
HBCS_411,LOCATED_IN,,O_2,O_2,,,,-,RECORDED AS: Peiping,HB_1936,FALSE,FALSE
HBCS_430,LOCATED_IN,,O_25,O_25,,,,-,RECORDED AS: Shandong,HB_1936,FALSE,FALSE
HBCS_007,LOCATED_IN,,O_26,O_26,,,,-,RECORDED AS: Shanghai,HB_1936,FALSE,FALSE
HBCS_008,LOCATED_IN,,O_26,O_26,,,,-,RECORDED AS: Shanghai,HB_1936,FALSE,FALSE
HBCS_009,LOCATED_IN,,O_26,O_26,,,,-,RECORDED AS: Shanghai,HB_1936,FALSE,FALSE
HBCS_017,LOCATED_IN,,O_26,O_26,,,,-,RECORDED AS: Shanghai,HB_1936,FALSE,FALSE
HBCS_021,LOCATED_IN,,O_26,O_26,,,,-,RECORDED AS: Shanghai,HB_1936,FALSE,FALSE
HBCS_030,LOCATED_IN,,O_26,O_26,,,,-,RECORDED AS: Shanghai,HB_1936,FALSE,FALSE
HBCS_076,LOCATED_IN,,O_26,O_26,,,,-,RECORDED AS: Shanghai,HB_1936,FALSE,FALSE
HBCS_087,LOCATED_IN,,O_26,O_26,,,,-,RECORDED AS: Shanghai,HB_1936,FALSE,FALSE
HBCS_097,LOCATED_IN,,O_26,O_26,,,,-,RECORDED AS: Shanghai,HB_1936,FALSE,FALSE
HBCS_126,LOCATED_IN,,O_26,O_26,,,,-,RECORDED AS: Shanghai,HB_1936,FALSE,FALSE
HBCS_136,LOCATED_IN,,O_26,O_26,,,,-,RECORDED AS: Shanghai,HB_1936,FALSE,FALSE
HBCS_137,LOCATED_IN,,O_26,O_26,,,,-,RECORDED AS: Shanghai,HB_1936,FALSE,FALSE
HBCS_200,LOCATED_IN,,O_26,O_26,,,,-,RECORDED AS: Shanghai,HB_1936,FALSE,FALSE
HBCS_201,LOCATED_IN,,O_26,O_26,,,,-,RECORDED AS: Shanghai,HB_1936,FALSE,FALSE
HBCS_250,LOCATED_IN,,O_26,O_26,,,,-,RECORDED AS: Shanghai,HB_1936,FALSE,FALSE
HBCS_258,LOCATED_IN,,O_26,O_26,,,,-,RECORDED AS: Shanghai,HB_1936,FALSE,FALSE
HBCS_271,LOCATED_IN,,O_26,O_26,,,,-,RECORDED AS: Shanghai,HB_1936,FALSE,FALSE
HBCS_284,LOCATED_IN,,O_26,O_26,,,,-,RECORDED AS: Shanghai,HB_1936,FALSE,FALSE
HBCS_311,LOCATED_IN,,O_26,O_26,,,,-,RECORDED AS: Shanghai,HB_1936,FALSE,FALSE
HBCS_326,LOCATED_IN,,O_26,O_26,,,,-,RECORDED AS: Shanghai,HB_1936,FALSE,FALSE
HBCS_363,LOCATED_IN,,O_26,O_26,,,,-,RECORDED AS: Shanghai,HB_1936,FALSE,FALSE
HBCS_366,LOCATED_IN,,O_26,O_26,,,,-,RECORDED AS: Peiping,HB_1936,FALSE,FALSE
HBCS_381,LOCATED_IN,,O_26,O_26,,,,-,RECORDED AS: Shanghai,HB_1936,FALSE,FALSE
HBCS_397,LOCATED_IN,,O_26,O_26,,,,-,RECORDED AS: Shanghai,HB_1936,FALSE,FALSE
HBCS_398,LOCATED_IN,,O_26,O_26,,,,-,RECORDED AS: Shanghai,HB_1936,FALSE,FALSE
HBCS_405,LOCATED_IN,,O_26,O_26,,,,-,RECORDED AS: Shanghai,HB_1936,FALSE,FALSE
HBCS_406,LOCATED_IN,,O_26,O_26,,,,-,RECORDED AS: Shanghai,HB_1936,FALSE,FALSE
HBCS_408,LOCATED_IN,,O_26,O_26,,,,-,RECORDED AS: Shanghai,HB_1936,FALSE,FALSE
HBCS_420,LOCATED_IN,,O_26,O_26,,,,-,RECORDED AS: Shanghai,HB_1936,FALSE,FALSE
HBCS_425,LOCATED_IN,,O_29,O_29,,,,-,RECORDED AS: Shanghai,HB_1936,FALSE,FALSE
HBCS_108,LOCATED_IN,,O_3,O_3,,,,-,RECORDED AS: Chungking,HB_1936,FALSE,FALSE
HBCS_181,LOCATED_IN,,O_3,O_3,,,,-,RECORDED AS: Chungking,HB_1936,FALSE,FALSE
HBCS_270,LOCATED_IN,,O_3,O_3,,,,-,RECORDED AS: Chungking,HB_1936,FALSE,FALSE
HBCS_283,LOCATED_IN,,O_3,O_3,,,,-,RECORDED AS: Chungking,HB_1936,FALSE,FALSE
HBCS_304,LOCATED_IN,,O_3,O_3,,,,-,RECORDED AS: Chungking,HB_1936,FALSE,FALSE
HBCS_088,LOCATED_IN,,O_30,O_30,,,,-,RECORDED AS: Tientsin,HB_1936,FALSE,FALSE
HBCS_167,LOCATED_IN,,O_30,O_30,,,,-,RECORDED AS: Tientsin,HB_1936,FALSE,FALSE
HBCS_178,LOCATED_IN,,O_30,O_30,,,,-,RECORDED AS: Tientsin,HB_1936,FALSE,FALSE
HBCS_266,LOCATED_IN,,O_30,O_30,,,,-,RECORDED AS: Tientsin,HB_1936,FALSE,FALSE
HBCS_345,LOCATED_IN,,O_30,O_30,,,,-,RECORDED AS: Tientsin,HB_1936,FALSE,FALSE
HBCS_412,LOCATED_IN,,O_30,O_30,,,,-,RECORDED AS: Tientsin,HB_1936,FALSE,FALSE
HBCS_393,LOCATED_IN,,O_32,O_32,,,,-,RECORDED AS: Siao Chi Po,HB_1936,FALSE,FALSE
HBCS_384,LOCATED_IN,,O_5,O_5,,,,-,RECORDED AS: Chou Ching,HB_1936,FALSE,FALSE
HBCS_249,LOCATED_IN,,Y_73,Y_73,,,,-,RECORDED AS: Wuhu,HB_1936,FALSE,FALSE
HBLT_110,LOCATED_IN,,Y_135,Y_135,,,,-,RECORDED AS: Shekow,HB_1936,FALSE,FALSE
HBLT_003,LOCATED_IN,,Y_141,Y_141,,,,-,"RECORDED AS: Tan Hua Lin, Wuchang",HB_1936,FALSE,FALSE
HBLT_111,LOCATED_IN,,Y_141,Y_141,,,,-,RECORDED AS: Wuchang,HB_1936,FALSE,FALSE
HBLT_069,LOCATED_IN,,Y_141,Y_141,,,,-,RECORDED AS: Wuchang,HB_1936,FALSE,FALSE
HBLT_030,LOCATED_IN,,Y_1430,Y_1430,,,,-,RECORDED AS: Tsimo,HB_1936,FALSE,FALSE
HBLT_114,LOCATED_IN,,Y_1469,Y_1469,,,,-,RECORDED AS: Yihsien,HB_1936,FALSE,FALSE
HBLT_010,LOCATED_IN,,Y_1499,Y_1499,,,,-,"RECORDED AS: Jessfield, Shanghai",HB_1936,FALSE,FALSE
HBLT_043,LOCATED_IN,,Y_1502,Y_1502,,,,-,"RECORDED AS: Quinsan Rd., Shanghai",HB_1936,FALSE,FALSE
HBLT_103,LOCATED_IN,,Y_1503,Y_1503,,,,-,RECORDED AS: 169 Yuen Ming Yuen Road,HB_1936,FALSE,FALSE
HBLT_032,LOCATED_IN,,Y_1503,Y_1503,,,,-,"RECORDED AS: 128 Museum Road, Shanghai",HB_1936,FALSE,FALSE
HBLT_006,LOCATED_IN,,Y_1503,Y_1503,,,,-,"RECORDED AS: Great East Gate, Shanghai",HB_1936,FALSE,FALSE
HBLT_102,LOCATED_IN,,Y_1503,Y_1503,,,,-,"RECORDED AS: 131 Museum Road, Shanghai",HB_1936,FALSE,FALSE
HBLT_033,LOCATED_IN,,Y_1503,Y_1503,,,,-,"RECORDED AS: 133 Yuen Ming Yuen Road, Shanghai",HB_1936,FALSE,FALSE
HBLT_002,LOCATED_IN,,Y_1503,Y_1503,,,,-,"RECORDED AS: Blud. de Montigny, Shanghai",HB_1936,FALSE,FALSE
HBLT_045,LOCATED_IN,,Y_1503,Y_1503,,,,-,"RECORDED AS: 209 Yuen Ming Yuen Rd., Shanghai",HB_1936,FALSE,FALSE
HBLT_012,LOCATED_IN,,Y_1503,Y_1503,,,,-,"RECORDED AS: West Gate, Shanghai",HB_1936,FALSE,FALSE
HBLT_028,LOCATED_IN,,Y_1679,Y_1679,,,,-,RECORDED AS: Fenchow,HB_1936,FALSE,FALSE
HBLT_036,LOCATED_IN,,Y_1955,Y_1955,,,,-,"RECORDED AS: Tsang Tsien Shan, Foochow",HB_1936,FALSE,FALSE
HBLT_031,LOCATED_IN,,Y_1957,Y_1957,,,,-,RECORDED AS: Futsing,HB_1936,FALSE,FALSE
HBLT_053,LOCATED_IN,,Y_1957,Y_1957,,,,-,RECORDED AS: Futsing,HB_1936,FALSE,FALSE
HBLT_054,LOCATED_IN,,Y_1964,Y_1964,,,,-,RECORDED AS: Mintsing,HB_1936,FALSE,FALSE
HBLT_016,LOCATED_IN,,Y_1967,Y_1967,,,,-,RECORDED AS: Yungtai,HB_1936,FALSE,FALSE
HBLT_015,LOCATED_IN,,Y_1983,Y_1983,,,,-,RECORDED AS: Yenping,HB_1936,FALSE,FALSE
HBLT_046,LOCATED_IN,,Y_2041,Y_2041,,,,-,"RECORDED AS: Honam, Canton",HB_1936,FALSE,FALSE
HBLT_091,LOCATED_IN,,Y_2085,Y_2085,,,,-,RECORDED AS: Wu Hwa,HB_1936,FALSE,FALSE
HBLT_104,LOCATED_IN,,Y_2090,Y_2090,,,,-,RECORDED AS: Linchow,HB_1936,FALSE,FALSE
HBLT_039,LOCATED_IN,,Y_2502,Y_2502,,,,-,"RECORDED AS: Tung Cheng, Peiping",HB_1936,FALSE,FALSE
HBLT_001,LOCATED_IN,,Y_2505,Y_2505,,,,-,"RECORDED AS: Haitien, Peiping",HB_1936,FALSE,FALSE
HBLT_019,LOCATED_IN,,Y_2512,Y_2512,,,,-,RECORDED AS: Tungchow,HB_1936,FALSE,FALSE
HBLT_017,LOCATED_IN,,Y_294,Y_294,,,,-,RECORDED AS: Changli,HB_1936,FALSE,FALSE
HBLT_065,LOCATED_IN,,Y_639,Y_639,,,,-,RECORDED AS: Liling,HB_1936,FALSE,FALSE
HBLT_042,LOCATED_IN,,Y_747,Y_747,,,,-,"RECORDED AS: Ku Lou, Nanking",HB_1936,FALSE,FALSE
HBLT_011,LOCATED_IN,,Y_771,Y_771,,,,-,"RECORDED AS: Tien Tzu Chuang, Soochow",HB_1936,FALSE,FALSE
HBLT_041,LOCATED_IN,,Y_820,Y_820,,,,-,RECORDED AS: Chiaotoutseng,HB_1936,FALSE,FALSE
HBLT_004,LOCATED_IN,,F_102,F_102,,,,-,"RECORDED AS: Nan Kuan, Tsinan",HB_1936,FALSE,FALSE
HBLT_093,LOCATED_IN,,F_118,F_118,,,,-,RECORDED AS: Taian,HB_1936,FALSE,FALSE
HBLT_090,LOCATED_IN,,F_134,F_134,,,,-,RECORDED AS: Meihsien,HB_1936,FALSE,FALSE
HBLT_100,LOCATED_IN,,F_137,F_137,,,,-,RECORDED AS: Nanchang,HB_1936,FALSE,FALSE
HBLT_021,LOCATED_IN,,F_139,F_139,,,,-,RECORDED AS: Nanking,HB_1936,FALSE,FALSE
HBLT_008,LOCATED_IN,,F_139,F_139,,,,-,"RECORDED AS: Tao Ku, Nanking",HB_1936,FALSE,FALSE
HBLT_073,LOCATED_IN,,F_139,F_139,,,,-,RECORDED AS: Nanking,HB_1936,FALSE,FALSE
HBLT_112,LOCATED_IN,,F_139,F_139,,,,-,RECORDED AS: Nanking,HB_1936,FALSE,FALSE
HBLT_020,LOCATED_IN,,F_14,F_14,,,,-,RECORDED AS: Paotingfu,HB_1936,FALSE,FALSE
HBLT_101,LOCATED_IN,,F_142,F_142,,,,-,RECORDED AS: Nantungchow,HB_1936,FALSE,FALSE
HBLT_049,LOCATED_IN,,F_145,F_145,,,,-,RECORDED AS: Ningpo,HB_1936,FALSE,FALSE
HBLT_050,LOCATED_IN,,F_145,F_145,,,,-,RECORDED AS: Ningpo,HB_1936,FALSE,FALSE
HBLT_055,LOCATED_IN,,F_153,F_153,,,,-,RECORDED AS: Pu Tien,HB_1936,FALSE,FALSE
HBLT_113,LOCATED_IN,,F_158,F_158,,,,-,RECORDED AS: Tsingtao,HB_1936,FALSE,FALSE
HBLT_095,LOCATED_IN,,F_158,F_158,,,,-,RECORDED AS: Tsingtao,HB_1936,FALSE,FALSE
HBLT_035,LOCATED_IN,,F_185,F_185,,,,-,RECORDED AS: Sutsien,HB_1936,FALSE,FALSE
HBLT_080,LOCATED_IN,,F_186,F_186,,,,-,RECORDED AS: Soochow,HB_1936,FALSE,FALSE
HBLT_081,LOCATED_IN,,F_186,F_186,,,,-,RECORDED AS: Soochow,HB_1936,FALSE,FALSE
HBLT_009,LOCATED_IN,,F_186,F_186,,,,-,RECORDED AS: Soochow,HB_1936,FALSE,FALSE
HBLT_026,LOCATED_IN,,F_186,F_186,,,,-,RECORDED AS: Soochow,HB_1936,FALSE,FALSE
HBLT_082,LOCATED_IN,,F_186,F_186,,,,-,RECORDED AS: Soochow,HB_1936,FALSE,FALSE
HBLT_083,LOCATED_IN,,F_186,F_186,,,,-,RECORDED AS: Soochow,HB_1936,FALSE,FALSE
HBLT_105,LOCATED_IN,,F_189,F_189,,,,-,RECORDED AS: Taiyuan,HB_1936,FALSE,FALSE
HBLT_029,LOCATED_IN,,F_189,F_189,,,,-,RECORDED AS: Taiyuan,HB_1936,FALSE,FALSE
HBLT_096,LOCATED_IN,,F_200,F_200,,,,-,RECORDED AS: Weihsien,HB_1936,FALSE,FALSE
HBLT_067,LOCATED_IN,,F_207,F_207,,,,-,RECORDED AS: Hankow,HB_1936,FALSE,FALSE
HBLT_068,LOCATED_IN,,F_207,F_207,,,,-,RECORDED AS: Hankow,HB_1936,FALSE,FALSE
HBLT_098,LOCATED_IN,,F_208,F_208,,,,-,RECORDED AS: Wuhu,HB_1936,FALSE,FALSE
HBLT_072,LOCATED_IN,,F_230,F_230,,,,-,RECORDED AS: Hsuchow,HB_1936,FALSE,FALSE
HBLT_099,LOCATED_IN,,F_259,F_259,,,,-,RECORDED AS: Changsha,HB_1936,FALSE,FALSE
HBLT_040,LOCATED_IN,,F_259,F_259,,,,-,"RECORDED AS: Ma Yuan Lin, Changsha",HB_1936,FALSE,FALSE
HBLT_109,LOCATED_IN,,F_259,F_259,,,,-,RECORDED AS: Changsha,HB_1936,FALSE,FALSE
HBLT_064,LOCATED_IN,,F_259,F_259,,,,-,RECORDED AS: Changsha,HB_1936,FALSE,FALSE
HBLT_013,LOCATED_IN,,F_261,F_261,,,,-,RECORDED AS: Hangchow,HB_1936,FALSE,FALSE
HBLT_014,LOCATED_IN,,F_261,F_261,,,,-,RECORDED AS: Hangchow,HB_1936,FALSE,FALSE
HBLT_047,LOCATED_IN,,F_261,F_261,,,,-,RECORDED AS: Hangchow,HB_1936,FALSE,FALSE
HBLT_051,LOCATED_IN,,F_281,F_281,,,,-,RECORDED AS: Chuanchow,HB_1936,FALSE,FALSE
HBLT_092,LOCATED_IN,,F_287,F_287,,,,-,RECORDED AS: Fatshan,HB_1936,FALSE,FALSE
HBLT_106,LOCATED_IN,,F_30,F_30,,,,-,RECORDED AS: Chengtu,HB_1936,FALSE,FALSE
HBLT_038,LOCATED_IN,,F_30,F_30,,,,-,"RECORDED AS: Nan Tai Szu, Chengtu",HB_1936,FALSE,FALSE
HBLT_066,LOCATED_IN,,F_307,F_307,,,,-,RECORDED AS: Yochow,HB_1936,FALSE,FALSE
HBLT_070,LOCATED_IN,,F_308,F_308,,,,-,RECORDED AS: Kiukiang,HB_1936,FALSE,FALSE
HBLT_071,LOCATED_IN,,F_308,F_308,,,,-,RECORDED AS: Kiukiang,HB_1936,FALSE,FALSE
HBLT_094,LOCATED_IN,,F_45,F_45,,,,-,RECORDED AS: Techow,HB_1936,FALSE,FALSE
HBLT_052,LOCATED_IN,,F_57,F_57,,,,-,RECORDED AS: Foochow,HB_1936,FALSE,FALSE
HBLT_005,LOCATED_IN,,F_57,F_57,,,,-,"RECORDED AS: Ku Lu, Foochow",HB_1936,FALSE,FALSE
HBLT_084,LOCATED_IN,,F_62,F_62,,,,-,RECORDED AS: Canton,HB_1936,FALSE,FALSE
HBLT_085,LOCATED_IN,,F_62,F_62,,,,-,RECORDED AS: Canton,HB_1936,FALSE,FALSE
HBLT_086,LOCATED_IN,,F_62,F_62,,,,-,RECORDED AS: Canton,HB_1936,FALSE,FALSE
HBLT_087,LOCATED_IN,,F_62,F_62,,,,-,RECORDED AS: Canton,HB_1936,FALSE,FALSE
HBLT_088,LOCATED_IN,,F_62,F_62,,,,-,RECORDED AS: Canton,HB_1936,FALSE,FALSE
HBLT_027,LOCATED_IN,,F_62,F_62,,,,-,RECORDED AS: Canton,HB_1936,FALSE,FALSE
HBLT_089,LOCATED_IN,,F_62,F_62,,,,-,RECORDED AS: Canton,HB_1936,FALSE,FALSE
HBLT_007,LOCATED_IN,,F_73,F_73,,,,-,"RECORDED AS: Erh Lung Tou, Hangchow",HB_1936,FALSE,FALSE
HBLT_034,LOCATED_IN,,F_94,F_94,,,,-,RECORDED AS: Huchow,HB_1936,FALSE,FALSE
HBLT_048,LOCATED_IN,,F_94,F_94,,,,-,RECORDED AS: Huchow,HB_1936,FALSE,FALSE
HBLT_056,LOCATED_IN,,O_2,O_2,,,,-,RECORDED AS: Peiping,HB_1936,FALSE,FALSE
HBLT_057,LOCATED_IN,,O_2,O_2,,,,-,RECORDED AS: Peiping,HB_1936,FALSE,FALSE
HBLT_108,LOCATED_IN,,O_2,O_2,,,,-,RECORDED AS: Peking,HB_1936,FALSE,FALSE
HBLT_018,LOCATED_IN,,O_2,O_2,,,,-,RECORDED AS: Peiping,HB_1936,FALSE,FALSE
HBLT_058,LOCATED_IN,,O_2,O_2,,,,-,RECORDED AS: Peiping,HB_1936,FALSE,FALSE
HBLT_059,LOCATED_IN,,O_2,O_2,,,,-,RECORDED AS: Peiping,HB_1936,FALSE,FALSE
HBLT_060,LOCATED_IN,,O_2,O_2,,,,-,RECORDED AS: Peiping,HB_1936,FALSE,FALSE
HBLT_022,LOCATED_IN,,O_26,O_26,,,,-,RECORDED AS: Shanghai,HB_1936,FALSE,FALSE
HBLT_074,LOCATED_IN,,O_26,O_26,,,,-,RECORDED AS: Shanghai,HB_1936,FALSE,FALSE
HBLT_075,LOCATED_IN,,O_26,O_26,,,,-,RECORDED AS: Shanghai,HB_1936,FALSE,FALSE
HBLT_076,LOCATED_IN,,O_26,O_26,,,,-,RECORDED AS: Shanghai,HB_1936,FALSE,FALSE
HBLT_078,LOCATED_IN,,O_26,O_26,,,,-,RECORDED AS: Shanghai,HB_1936,FALSE,FALSE
HBLT_077,LOCATED_IN,,O_26,O_26,,,,-,RECORDED AS: Shanghai,HB_1936,FALSE,FALSE
HBLT_023,LOCATED_IN,,O_26,O_26,,,,-,RECORDED AS: Shanghai,HB_1936,FALSE,FALSE
HBLT_025,LOCATED_IN,,O_26,O_26,,,,-,RECORDED AS: Shanghai,HB_1936,FALSE,FALSE
HBLT_079,LOCATED_IN,,O_26,O_26,,,,-,RECORDED AS: Shanghai,HB_1936,FALSE,FALSE
HBLT_044,LOCATED_IN,,O_26,O_26,,,,-,"RECORDED AS: Chungkung Rd., Shanghai",HB_1936,FALSE,FALSE
HBLT_024,LOCATED_IN,,O_26,O_26,,,,-,RECORDED AS: Shanghai,HB_1936,FALSE,FALSE
HBLT_037,LOCATED_IN,,O_26,O_26,,,,-,"RECORDED AS: Yangtzepoo Road, Shanghai",HB_1936,FALSE,FALSE
HBLT_097,LOCATED_IN,,O_3,O_3,,,,-,RECORDED AS: Chungking,HB_1936,FALSE,FALSE
HBLT_107,LOCATED_IN,,O_3,O_3,,,,-,RECORDED AS: Chungking,HB_1936,FALSE,FALSE
HBLT_061,LOCATED_IN,,O_30,O_30,,,,-,RECORDED AS: Tientsin,HB_1936,FALSE,FALSE
HBLT_062,LOCATED_IN,,O_30,O_30,,,,-,RECORDED AS: Tientsin,HB_1936,FALSE,FALSE
HBLT_063,LOCATED_IN,,O_30,O_30,,,,-,RECORDED AS: Tientsin,HB_1936,FALSE,FALSE
CRT_157,LOCATED_IN,,Y_1032,Y_1032,1933,1949,,1949-,RECORDED PLACE NAME: Sanshengkung,AMCC_1933_56;AMCC_1934_64;AMCC_1935_64;AMCC_1936_64;AMCC_1937_64;AMCC_1938_60;AMCC_1939_60;AMCC_1942_60;AMCC_1949_58,FALSE,FALSE
CRT_027,LOCATED_IN,,Y_1106,Y_1106,1933,1949,,1949-,RECORDED PLACE NAME: Meikweiyingtze,AMCC_1933_56;AMCC_1934_64;AMCC_1935_64;AMCC_1936_64;AMCC_1937_64;AMCC_1938_60;AMCC_1939_60;AMCC_1942_60;AMCC_1947_60;AMCC_1949_58,FALSE,FALSE
CRT_284,LOCATED_IN,,Y_1106,Y_1106,1936,1949,,1949-,RECORDED PLACE NAME: Pingtchuan,AMCC_1936_64;AMCC_1938_60;AMCC_1939_60;AMCC_1942_60;AMCC_1947_60;AMCC_1949_58,FALSE,FALSE
CRT_373,LOCATED_IN,,Y_1106,Y_1106,1934,1935,,1935-,,AMCC_1934_64;AMCC_1935_64,FALSE,FALSE
CRT_197,LOCATED_IN,,Y_1204,Y_1204,1933,1935,,1935-,RECORDED PLACE NAME: Penghsien,AMCC_1933_62;AMCC_1934_70;AMCC_1935_70,FALSE,FALSE
CRT_317,LOCATED_IN,,Y_1209,Y_1209,1933,1949,,1949-,RECORDED PLACE NAME: Kiungchow,AMCC_1933_62;AMCC_1934_70;AMCC_1935_70;AMCC_1936_70;AMCC_1937_70;AMCC_1938_66;AMCC_1939_66;AMCC_1942_66;AMCC_1947_66;AMCC_1949_65,FALSE,FALSE
CRT_206,LOCATED_IN,,Y_1230,Y_1230,1933,1947,,1947-,RECORDED PLACE NAME: Chan-si-kai,AMCC_1933_63;AMCC_1934_71;AMCC_1935_71;AMCC_1936_71;AMCC_1937_71;AMCC_1938_67;AMCC_1939_67;AMCC_1942_67;AMCC_1947_67,FALSE,FALSE
CRT_354,LOCATED_IN,,Y_1230,Y_1230,1942,1947,,1947-,RECORDED PLACE NAME: K'ang-tin,AMCC_1942_67;AMCC_1947_67,FALSE,FALSE
CRT_352,LOCATED_IN,,Y_1230,Y_1230,1938,1947,,1947-,,AMCC_1938_67;AMCC_1939_67;AMCC_1942_67;AMCC_1947_67,FALSE,FALSE
CRT_202,LOCATED_IN,,Y_1345,Y_1345,1933,1934,,1934-,,AMCC_1933_63;AMCC_1934_70,FALSE,FALSE
CRT_142,LOCATED_IN,,Y_1382,Y_1382,1947,1949,,1949-,RECORDED PLACE NAME: Tsaochow,AMCC_1947_63;AMCC_1949_61,FALSE,FALSE
CRT_233,LOCATED_IN,,Y_141,Y_141,1933,1949,,1949-,,AMCC_1933_64;AMCC_1934_71;AMCC_1935_71;AMCC_1936_71;AMCC_1937_71;AMCC_1938_68;AMCC_1939_68;AMCC_1942_68;AMCC_1947_68;AMCC_1949_66,FALSE,FALSE
CRT_055,LOCATED_IN,,Y_141,Y_141,1933,1949,,1949-,,AMCC_1933_64;AMCC_1934_71;AMCC_1935_71;AMCC_1936_71;AMCC_1937_71;AMCC_1938_68;AMCC_1939_68;AMCC_1942_68;AMCC_1947_68;AMCC_1949_66,FALSE,FALSE
CRT_056,LOCATED_IN,,Y_141,Y_141,1933,1949,,1949-,,AMCC_1933_64;AMCC_1934_71;AMCC_1935_71;AMCC_1936_71;AMCC_1937_71;AMCC_1938_68;AMCC_1939_68;AMCC_1942_68;AMCC_1947_68;AMCC_1949_66,FALSE,FALSE
CRT_058,LOCATED_IN,,Y_141,Y_141,1933,1935,,1935-,,AMCC_1933_64;AMCC_1934_71;AMCC_1935_71,FALSE,FALSE
CRT_063,LOCATED_IN,,Y_141,Y_141,1939,1947,,1947-,,AMCC_1939_68;AMCC_1942_68;AMCC_1947_68,FALSE,FALSE
CRT_143,LOCATED_IN,,Y_1412,Y_1412,1933,1947,,1947-,RECORDED PLACE NAME: Taikiachwang,AMCC_1933_60;AMCC_1934_67;AMCC_1935_67;AMCC_1936_67;AMCC_1937_67;AMCC_1938_63;AMCC_1939_63;AMCC_1942_63;AMCC_1947_63,FALSE,FALSE
CRT_128,LOCATED_IN,,Y_1412,Y_1412,1933,1949,,1949-,RECORDED PLACE NAME: Tsining,AMCC_1933_60;AMCC_1934_67;AMCC_1935_67;AMCC_1936_67;AMCC_1937_67;AMCC_1938_63;AMCC_1939_63;AMCC_1942_63;AMCC_1947_63;AMCC_1949_61,FALSE,FALSE
CRT_141,LOCATED_IN,,Y_1412,Y_1412,1933,1949,,1949-,RECORDED PLACE NAME: Tsining,AMCC_1933_60;AMCC_1934_67;AMCC_1935_67;AMCC_1936_67;AMCC_1937_67;AMCC_1938_63;AMCC_1939_63;AMCC_1942_63;AMCC_1947_63;AMCC_1949_61,FALSE,FALSE
CRT_039,LOCATED_IN,,Y_1429,Y_1429,1933,1949,,1949-,RECORDED PLACE NAME: Kiaochow,AMCC_1933_59;AMCC_1934_67;AMCC_1935_67;AMCC_1936_67;AMCC_1937_67;AMCC_1938_63;AMCC_1939_63;AMCC_1942_63;AMCC_1947_63;AMCC_1949_61,FALSE,FALSE
CRT_037,LOCATED_IN,,Y_1436,Y_1436,1933,1949,,1949-,RECORDED PLACE NAME: Tsingtao,AMCC_1933_59;AMCC_1934_67;AMCC_1935_67;AMCC_1936_67;AMCC_1937_67;AMCC_1938_63;AMCC_1939_63;AMCC_1942_63;AMCC_1947_63;AMCC_1949_61,FALSE,FALSE
CRT_049,LOCATED_IN,,Y_1456,Y_1456,1934,1947,,1947-,RECORDED PLACE NAME: Tsingchowfu,AMCC_1934_67;AMCC_1935_67;AMCC_1936_67;AMCC_1937_67;AMCC_1938_63;AMCC_1939_63;AMCC_1942_63;AMCC_1947_63,FALSE,FALSE
CRT_324,LOCATED_IN,,Y_147,Y_147,1942,1949,,1949-,,AMCC_1942_68;AMCC_1947_68;AMCC_1949_66,FALSE,FALSE
CRT_325,LOCATED_IN,,Y_147,Y_147,1942,1949,,1949-,,AMCC_1942_68;AMCC_1947_68;AMCC_1949_66,FALSE,FALSE
CRT_279,LOCATED_IN,,Y_1483,Y_1483,1933,1947,,1947-,RECORDED PLACE NAME: Lintsing,AMCC_1933_59;AMCC_1934_67;AMCC_1935_67;AMCC_1936_67;AMCC_1938_63;AMCC_1939_63;AMCC_1942_63;AMCC_1947_63,FALSE,FALSE
CRT_334,LOCATED_IN,,Y_1483,Y_1483,1933,1947,,1947-,RECORDED PLACE NAME: Lintsing,AMCC_1933_59;AMCC_1934_67;AMCC_1935_67;AMCC_1936_67;AMCC_1938_63;AMCC_1939_63;AMCC_1942_63;AMCC_1947_63,FALSE,FALSE
CRT_114,LOCATED_IN,,Y_1502,Y_1502,1935,1949,,1949-,RECORDED PLACE NAME: Hungkew,AMCC_1935_69;AMCC_1936_69;AMCC_1937_69;AMCC_1938_65;AMCC_1939_65;AMCC_1942_65;AMCC_1947_65;AMCC_1949_63,FALSE,FALSE
CRT_119,LOCATED_IN,,Y_1502,Y_1502,1933,1934,,1934-,RECORDED PLACE NAME: Hungkew,AMCC_1933_61;AMCC_1934_69,FALSE,FALSE
CRT_120,LOCATED_IN,,Y_1502,Y_1502,1933,1934,,1934-,RECORDED PLACE NAME: Hungkew,AMCC_1933_61;AMCC_1934_69,FALSE,FALSE
CRT_221,LOCATED_IN,,Y_1503,Y_1503,1933,1949,,1949-,RECORDED PLACE NAME: Tungkadoo,AMCC_1933_61;AMCC_1934_69;AMCC_1935_69;AMCC_1936_69;AMCC_1937_69;AMCC_1938_65;AMCC_1939_65;AMCC_1942_65;AMCC_1947_65;AMCC_1949_63,FALSE,FALSE
CRT_250,LOCATED_IN,,Y_1505,Y_1505,1933,1949,,1949-,RECORDED PLACE NAME: Sinza,AMCC_1933_61;AMCC_1934_69;AMCC_1935_69;AMCC_1936_69;AMCC_1937_69;AMCC_1938_65;AMCC_1939_65;AMCC_1942_65;AMCC_1947_65;AMCC_1949_63,FALSE,FALSE
CRT_075,LOCATED_IN,,Y_1511,Y_1511,1936,1947,,1947-,RECORDED PLACE NAME: Sungkiang,AMCC_1936_69;AMCC_1937_69;AMCC_1938_65;AMCC_1939_65;AMCC_1942_65;AMCC_1947_65,FALSE,FALSE
CRT_068,LOCATED_IN,,Y_1512,Y_1512,1933,1949,,1949-,RECORDED PLACE NAME: Zikawei,AMCC_1933_61;AMCC_1934_69;AMCC_1935_69;AMCC_1936_69;AMCC_1937_69;AMCC_1938_65;AMCC_1939_65;AMCC_1942_65;AMCC_1947_65;AMCC_1949_63,FALSE,FALSE
CRT_073,LOCATED_IN,,Y_1512,Y_1512,1933,1947,,1947-,RECORDED PLACE NAME: Zikawei,AMCC_1933_61;AMCC_1934_69;AMCC_1935_69;AMCC_1936_69;AMCC_1937_69;AMCC_1938_65;AMCC_1939_65;AMCC_1942_65;AMCC_1947_65,FALSE,FALSE
CRT_254,LOCATED_IN,,Y_1512,Y_1512,1933,1949,,1949-,RECORDED PLACE NAME: Zikawei,AMCC_1933_61;AMCC_1934_69;AMCC_1935_69;AMCC_1936_69;AMCC_1937_69;AMCC_1938_645;AMCC_1939_65;AMCC_1942_65;AMCC_1947_65;AMCC_1949_63,FALSE,FALSE
CRT_255,LOCATED_IN,,Y_1512,Y_1512,1933,1949,,1949-,RECORDED PLACE NAME: Zikawei,AMCC_1933_61; http://news.08nm.com/archives/36743;AMCC_1934_69;AMCC_1935_69;AMCC_1936_69;AMCC_1937_69;AMCC_1938_65;AMCC_1939_65;AMCC_1942_65;AMCC_1947_65;AMCC_1949_63,FALSE,FALSE
CRT_256,LOCATED_IN,,Y_1512,Y_1512,1933,1949,,1949-,RECORDED PLACE NAME: Zikawei,AMCC_1933_61; http://news.08nm.com/archives/36743;AMCC_1934_69;AMCC_1935_69;AMCC_1936_69;AMCC_1937_69;AMCC_1938_65;AMCC_1939_65;AMCC_1942_65;AMCC_1947_65;AMCC_1949_63,FALSE,FALSE
CRT_340,LOCATED_IN,,Y_1512,Y_1512,1939,1947,,1947-,RECORDED PLACE NAME: Zikawei,AMCC_1939_65;AMCC_1942_65;AMCC_1947_65,FALSE,FALSE
CRT_315,LOCATED_IN,,Y_1635,Y_1635,1942,1949,,1949-,RECORDED PLACE NAME: Hunyuan,AMCC_1942_64;AMCC_1947_64;AMCC_1949_62,FALSE,FALSE
CRT_337,LOCATED_IN,,Y_1635,Y_1635,1942,1947,,1947-,RECORDED PLACE NAME: Hunyuan,AMCC_1942_64;AMCC_1947_64,FALSE,FALSE
CRT_050,LOCATED_IN,,Y_1666,Y_1666,1933,1947,,1947-,RECORDED PLACE NAME: Hungtung,AMCC_1933_60;AMCC_1934_68;AMCC_1935_68;AMCC_1936_68;AMCC_1937_68;AMCC_1938_64;AMCC_1939_64;AMCC_1942_64;AMCC_1947_64,FALSE,FALSE
CRT_335,LOCATED_IN,,Y_1667,Y_1667,1933,1947,,1947-,RECORDED PLACE NAME: Hungtung,AMCC_1933_60;AMCC_1935_68;AMCC_1936_68;AMCC_1937_68;AMCC_1938_64;AMCC_1939_64;AMCC_1942_64;AMCC_1947_64,FALSE,FALSE
CRT_351,LOCATED_IN,,Y_173,Y_173,1934,1947,,1947-,RECORDED PLACE NAME: Kichow,AMCC_1934_71;AMCC_1935_71;AMCC_1936_71;AMCC_1937_71;AMCC_1938_67;AMCC_1939_67;AMCC_1942_67;AMCC_1947_67,FALSE,FALSE
CRT_243,LOCATED_IN,,Y_1979,Y_1979,1933,1947,,1947-,,AMCC_1933_65;AMCC_1936_72;AMCC_1938_69;AMCC_1939_69;AMCC_1942_69;AMCC_1947_69,FALSE,FALSE
CRT_366,LOCATED_IN,,Y_1979,Y_1979,1942,1947,,1947-,,AMCC_1942_69;AMCC_1947_69,FALSE,FALSE
CRT_172,LOCATED_IN,,Y_211,Y_211,1933,1949,,1949-,RECORDED PLACE NAME: Ankwo,AMCC_1933_57;AMCC_1934_65;AMCC_1935_65;AMCC_1936_65;AMCC_1937_65;AMCC_1938_61;AMCC_1939_60;AMCC_1942_60;AMCC_1947_61;AMCC_1949_58,FALSE,FALSE
CRT_144,LOCATED_IN,,Y_2223,Y_2223,1933,1947,,1947-,RECORDED PLACE NAME: Liangchow,AMCC_1933_60;AMCC_1934_68;AMCC_1935_68;AMCC_1936_68;AMCC_1937_68;AMCC_1938_64;AMCC_1939_64;AMCC_1942_64;AMCC_1947_64,FALSE,FALSE
CRT_130,LOCATED_IN,,Y_2223,Y_2223,1933,1935,,1935-,,AMCC_1933_60;AMCC_1934_68;AMCC_1935_68,FALSE,FALSE
CRT_054,LOCATED_IN,,Y_2246,Y_2246,1933,1949,,1949-,RECORDED PLACE NAME: Kingchow,AMCC_1933_63;AMCC_1934_71;AMCC_1935_71;AMCC_1936_71;AMCC_1937_71;AMCC_1938_68;AMCC_1939_67;AMCC_1942_67;AMCC_1947_67;AMCC_1949_65,FALSE,FALSE
CRT_147,LOCATED_IN,,Y_229,Y_229,1937,1949,,1949-,RECORDED PLACE NAME: Tangshan,AMCC_1937_66;AMCC_1939_62;AMCC_1942_62;AMCC_1947_62;AMCC_1949_60,FALSE,FALSE
CRT_310,LOCATED_IN,,Y_229,Y_229,1942,1949,,1949-,RECORDED PLACE NAME: Tangshan,AMCC_1942_62;AMCC_1947_62;AMCC_1949_60,FALSE,FALSE
CRT_064,LOCATED_IN,,Y_246,Y_246,1933,1949,,1949-,RECORDED PLACE NAME: Sienhsien,AMCC_1933_58;AMCC_1934_66;AMCC_1935_66;AMCC_1936_66;AMCC_1937_66;AMCC_1939_62;AMCC_1942_62;AMCC_1947_62;AMCC_1949_60,FALSE,FALSE
CRT_245,LOCATED_IN,,Y_246,Y_246,1935,1949,,1949-,RECORDED PLACE NAME: Sienhsien,AMCC_1935_65;AMCC_1936_66;AMCC_1937_66;AMCC_1938_62;AMCC_1939_62;AMCC_1942_62;AMCC_1947_62;AMCC_1949_60,FALSE,FALSE
CRT_246,LOCATED_IN,,Y_246,Y_246,1933,1949,,1949-,RECORDED PLACE NAME: Sienhsien,AMCC_1933_58;AMCC_1934_66;AMCC_1935_65;AMCC_1942_62;AMCC_1947_62;AMCC_1949_60,FALSE,FALSE
CRT_306,LOCATED_IN,,Y_246,Y_246,1933,1949,,1949-,RECORDED PLACE NAME: Sienhsien,AMCC_1933_58;AMCC_1934_66;AMCC_1935_66;AMCC_1936_66;AMCC_1939_62;AMCC_1942_62;AMCC_1947_62;AMCC_1949_60,FALSE,FALSE
CRT_293,LOCATED_IN,,Y_2502,Y_2502,1936,1949,,1949-,RECORDED PLACE NAME: Tungtang,AMCC_1936_65;AMCC_1937_65;AMCC_1938_61;AMCC_1939_61;AMCC_1942_61;AMCC_1947_61;AMCC_1949_59,FALSE,FALSE
CRT_102,LOCATED_IN,,Y_2513,Y_2513,1933,1949,,1949-,RECORDED PLACE NAME: Nantang,AMCC_1933_58;AMCC_1934_65;AMCC_1935_65;AMCC_1936_65;AMCC_1937_65;AMCC_1938_61;AMCC_1939_61;AMCC_1942_61;AMCC_1947_61;AMCC_1949_59,FALSE,FALSE
CRT_175,LOCATED_IN,,Y_2513,Y_2513,1933,1949,,1949-,RECORDED PLACE NAME: Pekin,AMCC_1933_58;AMCC_1934_65;AMCC_1936_65;AMCC_1937_65;AMCC_1938_61;AMCC_1939_61;AMCC_1942_61;AMCC_1947_61;AMCC_1949_59,FALSE,FALSE
CRT_145,LOCATED_IN,,Y_2513,Y_2513,1933,1949,,1949-,RECORDED PLACE NAME: Petang,AMCC_1933_58;AMCC_1934_66;AMCC_1935_66;AMCC_1936_65;AMCC_1937_65;AMCC_1938_61;AMCC_1939_61;AMCC_1942_61;AMCC_1947_61;AMCC_1949_59,FALSE,FALSE
CRT_294,LOCATED_IN,,Y_2513,Y_2513,1936,1949,,1949-,RECORDED PLACE NAME: Tungtang,AMCC_1936_65;AMCC_1937_65;AMCC_1938_61;AMCC_1939_61;AMCC_1942_61;AMCC_1947_61;AMCC_1949_59,FALSE,FALSE
CRT_265,LOCATED_IN,,Y_2521,Y_2521,1933,1947,,1947-,RECORDED PLACE NAME: Tatsu,AMCC_1933_63;AMCC_1934_70;AMCC_1935_70;AMCC_1936_70;AMCC_1938_67;AMCC_1939_67;AMCC_1942_67;AMCC_1947_67,FALSE,FALSE
CRT_195,LOCATED_IN,,Y_2521,Y_2521,1933,1947,,1947-,RECORDED PLACE NAME: Tatsu,AMCC_1933_63;AMCC_1934_70;AMCC_1935_70;AMCC_1936_70;AMCC_1938_67;AMCC_1939_67;AMCC_1942_67;AMCC_1947_67,FALSE,FALSE
CRT_263,LOCATED_IN,,Y_2542,Y_2542,1933,1949,,1949-,RECORDED PLACE NAME: Litupa,AMCC_1933_63;AMCC_1934_71;AMCC_1935_71;AMCC_1936_71;AMCC_1937_71;AMCC_1938_67;AMCC_1939_67;AMCC_1942_67;AMCC_1947_67;AMCC_1949_65,FALSE,FALSE
CRT_274,LOCATED_IN,,Y_2542,Y_2542,1933,1947,,1947-,RECORDED PLACE NAME: Chungchow,AMCC_1933_63;AMCC_1934_71;AMCC_1935_71;AMCC_1936_71;AMCC_1937_71;AMCC_1938_67;AMCC_1939_67;AMCC_1942_67;AMCC_1947_67,FALSE,FALSE
CRT_275,LOCATED_IN,,Y_2542,Y_2542,1933,1947,,1947-,RECORDED PLACE NAME: Litupa,AMCC_1933_63;AMCC_1934_71;AMCC_1935_71;AMCC_1936_71;AMCC_1937_71;AMCC_1938_67;AMCC_1939_67;AMCC_1942_67;AMCC_1947_67,FALSE,FALSE
CRT_318,LOCATED_IN,,Y_2542,Y_2542,1933,1949,,1949-,RECORDED PLACE NAME: Suiting,AMCC_1933_63;AMCC_1934_71;AMCC_1935_71;AMCC_1936_71;AMCC_1937_71;AMCC_1938_67;AMCC_1939_67;AMCC_1942_67;AMCC_1947_67;AMCC_1949_65,FALSE,FALSE
CRT_355,LOCATED_IN,,Y_2542,Y_2542,1942,1947,,1947-,,AMCC_1942_67;AMCC_1947_67,FALSE,FALSE
CRT_204,LOCATED_IN,,Y_2645,Y_2645,1933,1935,,1935-,,AMCC_1933_67;AMCC_1934_74;AMCC_1935_74,FALSE,FALSE
CRT_205,LOCATED_IN,,Y_2645,Y_2645,1933,1934,,1934-,,AMCC_1933_57;AMCC_1934_65,FALSE,FALSE
CRT_302,LOCATED_IN,,Y_265,Y_265,1937,1949,,1949-,RECORDED PLACE NAME: Pouyang,AMCC_1937_66;AMCC_1938_62;AMCC_1939_62;AMCC_1942_62;AMCC_1947_62;AMCC_1949_60,FALSE,FALSE
CRT_085,LOCATED_IN,,Y_265,Y_265,1933,1949,,1949-,RECORDED PLACE NAME: Taming,AMCC_1933_58;AMCC_1934_66;AMCC_1937_66;AMCC_1938_62;AMCC_1939_62;AMCC_1942_62;AMCC_1947_62;AMCC_1949_60,FALSE,FALSE
CRT_301,LOCATED_IN,,Y_265,Y_265,1933,1949,,1949-,RECORDED PLACE NAME: Taming,AMCC_1933_58;AMCC_1934_66;AMCC_1937_66;AMCC_1938_62;AMCC_1939_62;AMCC_1942_62;AMCC_1947_62;AMCC_1949_60,FALSE,FALSE
CRT_304,LOCATED_IN,,Y_265,Y_265,1938,1949,,1949-,RECORDED PLACE NAME: Taming,AMCC_1938_62;AMCC_1939_62;AMCC_1942_62;AMCC_1947_62;AMCC_1949_60,FALSE,FALSE
CRT_308,LOCATED_IN,,Y_265,Y_265,1942,1949,,1949-,RECORDED PLACE NAME: Taming,AMCC_1942_62;AMCC_1947_62;AMCC_1949_60,FALSE,FALSE
CRT_309,LOCATED_IN,,Y_265,Y_265,1942,1949,,1949-,RECORDED PLACE NAME: Taming,AMCC_1942_62;AMCC_1947_62;AMCC_1949_60,FALSE,FALSE
CRT_286,LOCATED_IN,,Y_285,Y_285,1942,1949,,1949-,RECORDED PLACE NAME: Kinghsien,AMCC_1942_61;AMCC_1947_61;AMCC_1949_58,FALSE,FALSE
CRT_376,LOCATED_IN,,Y_288,Y_288,1933,1935,,1935-,,AMCC_1933_64;AMCC_1934_72;AMCC_1935_72,FALSE,FALSE
CRT_377,LOCATED_IN,,Y_288,Y_288,1933,1935,,1935-,,AMCC_1933_64;AMCC_1934_72;AMCC_1935_72,FALSE,FALSE
CRT_311,LOCATED_IN,,Y_297,Y_297,1942,1949,,1949-,RECORDED PLACE NAME: Lulung,AMCC_1942_62;AMCC_1947_62;AMCC_1949_60,FALSE,FALSE
CRT_174,LOCATED_IN,,Y_321,Y_321,1936,1949,,1949-,RECORDED PLACE NAME: Chengting,AMCC_1936_65;AMCC_1937_65;AMCC_1938_61;AMCC_1939_60;AMCC_1942_60;AMCC_1947_61;AMCC_1949_58,FALSE,FALSE
CRT_177,LOCATED_IN,,Y_321,Y_321,1933,1935,,1935-,,AMCC_1933_57;AMCC_1934_65;AMCC_1935_65,FALSE,FALSE
CRT_109,LOCATED_IN,,Y_325,Y_325,1933,1949,,1949-,RECORDED PLACE NAME: Suanhwa,AMCC_1933_58;AMCC_1934_66;AMCC_1935_66;AMCC_1936_66;AMCC_1937_66;AMCC_1938_62;AMCC_1939_62;AMCC_1942_62;AMCC_1947_62;AMCC_1949_60,FALSE,FALSE
CRT_299,LOCATED_IN,,Y_325,Y_325,1933,1949,,1949-,RECORDED PLACE NAME: Suanhwa,AMCC_1933_58;AMCC_1934_66;AMCC_1935_66;AMCC_1936_66;AMCC_1937_66;AMCC_1938_62;AMCC_1939_62;AMCC_1942_62;AMCC_1947_62;AMCC_1949_60,FALSE,FALSE
CRT_300,LOCATED_IN,,Y_325,Y_325,1936,1949,,1949-,RECORDED PLACE NAME: Suanhwa,AMCC_1936_66;AMCC_1937_66;AMCC_1938_62;AMCC_1939_62;AMCC_1942_62;AMCC_1947_62;AMCC_1949_60,FALSE,FALSE
CRT_278,LOCATED_IN,,Y_352,Y_352,1933,1949,,1949-,RECORDED PLACE NAME: Suanhwa,AMCC_1933_58;AMCC_1934_66;AMCC_1935_66;AMCC_1936_66;AMCC_1937_66;AMCC_1938_62;AMCC_1939_62;AMCC_1942_62;AMCC_1947_62;AMCC_1949_60,FALSE,FALSE
CRT_112,LOCATED_IN,,Y_352,Y_352,1942,1949,,1949-,RECORDED PLACE NAME: Yangkiaping,AMCC_1942_62;AMCC_1947_62;AMCC_1949_60,FALSE,FALSE
CRT_348,LOCATED_IN,,Y_49,Y_49,1947,,,-,,AMCC_1947_66,FALSE,FALSE
CRT_201,LOCATED_IN,,Y_620,Y_620,1935,,,-,,AMCC_1935_70,FALSE,FALSE
CRT_057,LOCATED_IN,,Y_628,Y_628,1933,1949,,1949-,RECORDED PLACE NAME: Changsha,AMCC_1933_64;AMCC_1934_72;AMCC_1935_71;AMCC_1936_72;AMCC_1937_72;AMCC_1938_68;AMCC_1939_68;AMCC_1942_68;AMCC_1947_68;AMCC_1949_66,FALSE,FALSE
CRT_061,LOCATED_IN,,Y_628,Y_628,1933,1934,,1934-,,AMCC_1933_64;AMCC_1934_72,FALSE,FALSE
CRT_321,LOCATED_IN,,Y_655,Y_655,1936,1949,,1949-,,AMCC_1936_72;AMCC_1937_72;AMCC_1938_68;AMCC_1939_68;AMCC_1942_68;AMCC_1947_68;AMCC_1949_66,FALSE,FALSE
CRT_356,LOCATED_IN,,Y_655,Y_655,1936,1947,,1947-,,AMCC_1936_72;AMCC_1937_72;AMCC_1938_68;AMCC_1939_68;AMCC_1942_68;AMCC_1947_68,FALSE,FALSE
CRT_072,LOCATED_IN,,Y_760,Y_760,1933,1947,,1947-,RECORDED PLACE NAME: Haimen,AMCC_1933_61;AMCC_1934_68;AMCC_1935_68;AMCC_1936_69;AMCC_1937_69;AMCC_1938_65;AMCC_1939_65;AMCC_1942_64;AMCC_1947_65,FALSE,FALSE
CRT_338,LOCATED_IN,,Y_760,Y_760,1933,1947,,1947-,RECORDED PLACE NAME: Haimen,AMCC_1933_61;AMCC_1934_68;AMCC_1935_68;AMCC_1936_69;AMCC_1937_69;AMCC_1938_65;AMCC_1939_65;AMCC_1942_65;AMCC_1947_65,FALSE,FALSE
CRT_272,LOCATED_IN,,Y_760,Y_760,1933,1949,,1949-,RECORDED PLACE NAME: Maokatsen,AMCC_1933_61;AMCC_1934_68;AMCC_1935_68;AMCC_1936_69;AMCC_1937_69;AMCC_1938_65;AMCC_1939_65;AMCC_1942_65;AMCC_1947_65;AMCC_1949_62,FALSE,FALSE
CRT_361,LOCATED_IN,,Y_853,Y_853,1939,1947,,1947-,RECORDED PLACE NAME: Kian,AMCC_1939_68;AMCC_1942_68;AMCC_1947_68,FALSE,FALSE
CRT_360,LOCATED_IN,,Y_859,Y_859,1939,1947,,1947-,,AMCC_1939_68;AMCC_1942_68;AMCC_1947_68,FALSE,FALSE
CRT_357,LOCATED_IN,,Y_860,Y_860,1936,1947,,1947-,RECORDED PLACE NAME: Wanan,AMCC_1936_72;AMCC_1937_72;AMCC_1938_68;AMCC_1939_68;AMCC_1942_68;AMCC_1947_68,FALSE,FALSE
CRT_322,LOCATED_IN,,Y_897,Y_897,1937,1949,,1949-,,AMCC_1937_72;AMCC_1939_68;AMCC_1942_68;AMCC_1947_68;AMCC_1949_66,FALSE,FALSE
CRT_359,LOCATED_IN,,Y_897,Y_897,1937,1947,,1947-,,AMCC_1937_72;AMCC_1939_68;AMCC_1942_68;AMCC_1947_68,FALSE,FALSE
CRT_362,LOCATED_IN,,Y_897,Y_897,1942,1947,,1947-,,AMCC_1942_68;AMCC_1947_68,FALSE,FALSE
CRT_096,LOCATED_IN,,F_102,F_102,1942,1949,,1949-,RECORDED PLACE NAME: Tsinan,AMCC_1942_63;AMCC_1947_63;AMCC_1949_61,FALSE,FALSE
CRT_097,LOCATED_IN,,F_102,F_102,1936,1947,,1947-,RECORDED PLACE NAME: Tsinan,AMCC_1936_67;AMCC_1938_36;AMCC_1939_63;AMCC_1942_63;AMCC_1947_63,FALSE,FALSE
CRT_062,LOCATED_IN,,F_103,F_103,1942,1949,,1949-,RECORDED PLACE NAME: Tsinan,AMCC_1942_63;AMCC_1947_63;AMCC_1949_61,FALSE,FALSE
CRT_323,LOCATED_IN,,F_105,F_105,1939,1949,,1949-,RECORDED PLACE NAME: Kichow,AMCC_1939_68;AMCC_1942_68;AMCC_1947_68;AMCC_1949_66,FALSE,FALSE
CRT_236,LOCATED_IN,,F_109,F_109,1933,,,-,,AMCC_1933_62,FALSE,FALSE
CRT_316,LOCATED_IN,,F_109,F_109,1937,1949,,1949-,,AMCC_1937_70;AMCC_1938_66;AMCC_1939_66;AMCC_1942_66;AMCC_1947_66;AMCC_1949_64,FALSE,FALSE
CRT_343,LOCATED_IN,,F_109,F_109,1937,1947,,1947-,,AMCC_1937_70;AMCC_1938_66;AMCC_1939_66;AMCC_1942_66;AMCC_1947_66,FALSE,FALSE
CRT_380,LOCATED_IN,,F_109,F_109,1933,,,-,,AMCC_1933_62,FALSE,FALSE
CRT_191,LOCATED_IN,,F_111,F_111,1935,1949,,1949-,,AMCC_1935_74;AMCC_1936_74;AMCC_1937_74;AMCC_1938_70;AMCC_1939_70;AMCC_1947_69;AMCC_1949_68,FALSE,FALSE
CRT_207,LOCATED_IN,,F_111,F_111,1936,1947,,1947-,,AMCC_1936_74;AMCC_1938_70;AMCC_1939_70;AMCC_1947_69,FALSE,FALSE
CRT_208,LOCATED_IN,,F_111,F_111,1933,1935,,1935-,,AMCC_1933_67;AMCC_1934_74;AMCC_1935_74,FALSE,FALSE
CRT_209,LOCATED_IN,,F_111,F_111,1933,1935,,1935-,,AMCC_1933_67;AMCC_1934_74;AMCC_1935_74,FALSE,FALSE
CRT_210,LOCATED_IN,,F_111,F_111,1935,,,-,,AMCC_1935_74,FALSE,FALSE
CRT_228,LOCATED_IN,,F_111,F_111,1936,1949,,1949-,,AMCC_1936_74;AMCC_1937_74;AMCC_1938_70;AMCC_1939_70;AMCC_1947_69;AMCC_1949_68,FALSE,FALSE
CRT_229,LOCATED_IN,,F_111,F_111,1936,1947,,1947-,,AMCC_1936_74;AMCC_1938_70;AMCC_1939_70;AMCC_1947_69,FALSE,FALSE
CRT_240,LOCATED_IN,,F_111,F_111,1939,1947,,1947-,,AMCC_1939_70;AMCC_1947_69,FALSE,FALSE
CRT_007,LOCATED_IN,,F_129,F_129,1933,1947,,1947-,RECORDED PLACE NAME: Tsinchow,AMCC_1933_60;AMCC_1934_68;AMCC_1935_68;AMCC_1936_68;AMCC_1938_64;AMCC_1939_64;AMCC_1942_64;AMCC_1947_65,FALSE,FALSE
CRT_220,LOCATED_IN,,F_13,F_13,1933,1949,,1949-,,AMCC_1933_61;AMCC_1934_69;AMCC_1935_69;AMCC_1936_70;AMCC_1937_70;AMCC_1938_66;AMCC_1939_66;AMCC_1942_66;AMCC_1947_66;AMCC_1949_64,FALSE,FALSE
CRT_070,LOCATED_IN,,F_13,F_13,1933,1949,,1949-,,AMCC_1933_61;AMCC_1934_69;AMCC_1935_69;AMCC_1936_70;AMCC_1937_70;AMCC_1938_66;AMCC_1939_66;AMCC_1942_66;AMCC_1947_66;AMCC_1949_64,FALSE,FALSE
CRT_071,LOCATED_IN,,F_13,F_13,1933,1949,,1949-,,AMCC_1933_61;AMCC_1934_69;AMCC_1935_69;AMCC_1936_70;AMCC_1937_70;AMCC_1938_66;AMCC_1939_66;AMCC_1942_66;AMCC_1947_66;AMCC_1949_64,FALSE,FALSE
CRT_083,LOCATED_IN,,F_13,F_13,1933,,,-,,AMCC_1933_61,FALSE,FALSE
CRT_122,LOCATED_IN,,F_134,F_134,1933,1934,,1934-,,AMCC_1933_66;AMCC_1934_73,FALSE,FALSE
CRT_319,LOCATED_IN,,F_138,F_138,1942,1949,,1949-,,AMCC_1942_67;AMCC_1947_67;AMCC_1949_65,FALSE,FALSE
CRT_065,LOCATED_IN,,F_139,F_139,1933,1949,,1949-,RECORDED PLACE NAME: Nanking,AMCC_1933_61;AMCC_1934_69;AMCC_1935_68;AMCC_1936_69;AMCC_1937_69;AMCC_1938_65;AMCC_1939_65;AMCC_1942_65;AMCC_1947_65;AMCC_1949_62,FALSE,FALSE
CRT_339,LOCATED_IN,,F_139,F_139,1935,1947,,1947-,RECORDED PLACE NAME: Nanking,AMCC_1935_68;AMCC_1936_69;AMCC_1937_69;AMCC_1938_65;AMCC_1939_65;AMCC_1942_65;AMCC_1947_65,FALSE,FALSE
CRT_173,LOCATED_IN,,F_14,F_14,1933,1949,,1949-,RECORDED PLACE NAME: Paoting,AMCC_1933_57;AMCC_1934_65;AMCC_1935_65;AMCC_1936_65;AMCC_1937_65;AMCC_1938_61;AMCC_1939_60;AMCC_1942_60;AMCC_1947_61;AMCC_1949_58,FALSE,FALSE
CRT_239,LOCATED_IN,,F_14,F_14,1933,1949,,1949-,RECORDED PLACE NAME: Paoting,AMCC_1933_57;AMCC_1934_65;AMCC_1936_65;AMCC_1937_65;AMCC_1938_61;AMCC_1939_60;AMCC_1942_61;AMCC_1947_61;AMCC_1949_58,FALSE,FALSE
CRT_029,LOCATED_IN,,F_14,F_14,1933,1949,,1949-,RECORDED PLACE NAME: Paoting,AMCC_1933_57;AMCC_1935_65;AMCC_1936_65;AMCC_1938_61;AMCC_1939_60;AMCC_1942_60;AMCC_1947_61;AMCC_1949_59,FALSE,FALSE
CRT_032,LOCATED_IN,,F_14,F_14,1934,1949,,1949-,RECORDED PLACE NAME: Paoting,AMCC_1934_65;AMCC_1937_65;AMCC_1949_59,FALSE,FALSE
CRT_285,LOCATED_IN,,F_14,F_14,1933,1949,,1949-,RECORDED PLACE NAME: Paoting,AMCC_1933_57;AMCC_1934_65;AMCC_1935_65;AMCC_1936_65;AMCC_1937_65;AMCC_1938_61;AMCC_1939_60;AMCC_1942_60;AMCC_1947_61;AMCC_1949_58,FALSE,FALSE
CRT_182,LOCATED_IN,,F_145,F_145,1935,1947,,1947-,RECORDED PLACE NAME: Ningpo,AMCC_1935_72;AMCC_1936_72;AMCC_1937_72;AMCC_1938_68;AMCC_1939_68;AMCC_1942_68;AMCC_1947_68,FALSE,FALSE
CRT_181,LOCATED_IN,,F_145,F_145,1933,1947,,1947-,,AMCC_1933_64;AMCC_1934_72;AMCC_1935_72;AMCC_1936_72;AMCC_1937_72;AMCC_1938_68;AMCC_1939_68;AMCC_1942_68;AMCC_1947_68,FALSE,FALSE
CRT_129,LOCATED_IN,,F_158,F_158,1933,1947,,1947-,RECORDED PLACE NAME: Ichow,AMCC_1933_59;AMCC_1934_67;AMCC_1935_67;AMCC_1936_67;AMCC_1938_63;AMCC_1939_63;AMCC_1942_63;AMCC_1947_63,FALSE,FALSE
CRT_038,LOCATED_IN,,F_158,F_158,1933,1949,,1949-,RECORDED PLACE NAME: Tsingtao,AMCC_1933_59;AMCC_1934_67;AMCC_1935_67;AMCC_1936_67;AMCC_1937_67;AMCC_1938_63;AMCC_1939_63;AMCC_1942_63;AMCC_1947_63;AMCC_1949_61,FALSE,FALSE
CRT_333,LOCATED_IN,,F_158,F_158,1933,1947,,1947-,RECORDED PLACE NAME: Tsingtao,AMCC_1933_59;AMCC_1934_67;AMCC_1935_67;AMCC_1936_67;AMCC_1937_67;AMCC_1938_63;AMCC_1939_63;AMCC_1942_63;AMCC_1947_63,FALSE,FALSE
CRT_326,LOCATED_IN,,F_173,F_173,1939,1949,,1949-,RECORDED PLACE NAME: Shaohing,AMCC_1939_68;AMCC_1942_68;AMCC_1947_68;AMCC_1949_67,FALSE,FALSE
CRT_327,LOCATED_IN,,F_173,F_173,1939,1949,,1949-,RECORDED PLACE NAME: Shaohing,AMCC_1939_68;AMCC_1942_68;AMCC_1947_68;AMCC_1949_67,FALSE,FALSE
CRT_290,LOCATED_IN,,F_175,F_175,1949,,,-,RECORDED PLACE NAME: Moukden,AMCC_1949_58,FALSE,FALSE
CRT_291,LOCATED_IN,,F_175,F_175,1949,,,-,RECORDED PLACE NAME: Moukden,AMCC_1949_58,FALSE,FALSE
CRT_192,LOCATED_IN,,F_175,F_175,1933,1935,,1935-,,AMCC_1933_57;AMCC_1934_65;AMCC_1935_65,FALSE,FALSE
CRT_374,LOCATED_IN,,F_180,F_180,1934,1935,,1935-,,AMCC_1934_65;AMCC_1935_65,FALSE,FALSE
CRT_074,LOCATED_IN,,F_186,F_186,1933,1947,,1947-,RECORDED PLACE NAME: Suchow,AMCC_1933_61;AMCC_1934_69;AMCC_1935_69;AMCC_1936_69;AMCC_1937_69;AMCC_1938_65;AMCC_1939_65;AMCC_1942_65;AMCC_1947_65,FALSE,FALSE
CRT_235,LOCATED_IN,,F_186,F_186,1933,1949,,1949-,RECORDED PLACE NAME: Suchow,AMCC_1933_63;AMCC_1934_71;AMCC_1935_71;AMCC_1936_71;AMCC_1937_71;AMCC_1938_67;AMCC_1939_67;AMCC_1942_67;AMCC_1947_67;AMCC_1949_65,FALSE,FALSE
CRT_040,LOCATED_IN,,F_189,F_189,1933,1949,,1949-,RECORDED PLACE NAME: Taiyuan,AMCC_1933_60;AMCC_1934_68;AMCC_1935_68;AMCC_1936_68;AMCC_1937_68;AMCC_1938_64;AMCC_1939_64;AMCC_1942_64;AMCC_1947_64;AMCC_1949_62,FALSE,FALSE
CRT_048,LOCATED_IN,,F_189,F_189,1933,1949,,1949-,RECORDED PLACE NAME: Taiyuan,AMCC_1933_60;AMCC_1934_68;AMCC_1935_68;AMCC_1936_68;AMCC_1937_68;AMCC_1938_64;AMCC_1939_64;AMCC_1942_64;AMCC_1947_64;AMCC_1949_62,FALSE,FALSE
CRT_170,LOCATED_IN,,F_190,F_190,1934,1949,,1949-,RECORDED PLACE NAME: Taiyuan,AMCC_1934_68;AMCC_1935_68;AMCC_1936_68;AMCC_1937_68;AMCC_1938_64;AMCC_1939_64;AMCC_1942_64;AMCC_1947_64;AMCC_1949_62,FALSE,FALSE
CRT_314,LOCATED_IN,,F_190,F_190,1942,1949,,1949-,RECORDED PLACE NAME: Tatung,AMCC_1942_64;AMCC_1947_64;AMCC_1949_62,FALSE,FALSE
CRT_381,LOCATED_IN,,F_190,F_190,1933,,,-,,AMCC_1933_64,FALSE,FALSE
CRT_344,LOCATED_IN,,F_201,F_201,1937,1947,,1947-,RECORDED PLACE NAME: An Yang,AMCC_1937_70;AMCC_1939_66;AMCC_1942_66;AMCC_1947_66,FALSE,FALSE
CRT_023,LOCATED_IN,,F_201,F_201,1939,1949,,1949-,RECORDED PLACE NAME: Weihaiwei,AMCC_1939_63;AMCC_1942_63;AMCC_1947_63;AMCC_1949_61,FALSE,FALSE
CRT_042,LOCATED_IN,,F_201,F_201,1933,1947,,1947-,RECORDED PLACE NAME: Weihaiwei,AMCC_1933_59;AMCC_1934_67;AMCC_1935_67;AMCC_1936_67;AMCC_1937_67;AMCC_1938_63;AMCC_1939_63;AMCC_1942_63;AMCC_1947_63,FALSE,FALSE
CRT_117,LOCATED_IN,,F_201,F_201,1933,1947,,1947-,RECORDED PLACE NAME: Weihaiwei,AMCC_1933_59;AMCC_1934_67;AMCC_1935_67;AMCC_1936_67;AMCC_1937_67;AMCC_1938_63;AMCC_1939_63;AMCC_1942_63;AMCC_1947_63,FALSE,FALSE
CRT_100,LOCATED_IN,,F_201,F_201,1933,1947,,1947-,,AMCC_1933_62;AMCC_1934_70;AMCC_1935_70;AMCC_1936_70;AMCC_1938_66;AMCC_1939_66;AMCC_1942_66;AMCC_1947_66,FALSE,FALSE
CRT_216,LOCATED_IN,,F_201,F_201,1933,1935,,1935-,,AMCC_1933_62;AMCC_1934_70;AMCC_1935_70,FALSE,FALSE
CRT_218,LOCATED_IN,,F_201,F_201,1933,1947,,1947-,,AMCC_1933_62;AMCC_1934_70;AMCC_1935_70;AMCC_1936_70;AMCC_1937_70;AMCC_1938_66;AMCC_1939_66;AMCC_1942_66;AMCC_1947_66,FALSE,FALSE
CRT_183,LOCATED_IN,,F_204,F_204,1935,1947,,1947-,RECORDED PLACE NAME: Wenchow,AMCC_1935_72;AMCC_1936_72;AMCC_1937_72;AMCC_1938_68;AMCC_1939_68;AMCC_1942_68;AMCC_1947_68,FALSE,FALSE
CRT_025,LOCATED_IN,,F_207,F_207,1933,1947,,1947-,,AMCC_1933_63;AMCC_1934_71;AMCC_1935_71;AMCC_1936_71;AMCC_1937_71;AMCC_1938_67;AMCC_1939_67;AMCC_1942_67;AMCC_1947_67,FALSE,FALSE
CRT_099,LOCATED_IN,,F_207,F_207,1933,1949,,1949-,,AMCC_1933_63;AMCC_1934_71;AMCC_1935_71;AMCC_1936_71;AMCC_1937_71;AMCC_1938_67;AMCC_1939_67;AMCC_1942_67;AMCC_1947_67;AMCC_1949_65,FALSE,FALSE
CRT_095,LOCATED_IN,,F_207,F_207,1939,1949,,1949-,,AMCC_1939_67;AMCC_1942_67;AMCC_1947_67;AMCC_1949_65,FALSE,FALSE
CRT_015,LOCATED_IN,,F_207,F_207,1933,1949,,1949-,,AMCC_1933_63;AMCC_1934_71;AMCC_1935_71;AMCC_1936_71;AMCC_1937_71;AMCC_1938_67;AMCC_1939_67;AMCC_1942_67;AMCC_1947_67;AMCC_1949_65,FALSE,FALSE
CRT_016,LOCATED_IN,,F_207,F_207,1933,1949,,1949-,,AMCC_1933_63;AMCC_1934_71;AMCC_1935_71;AMCC_1936_71;AMCC_1937_71;AMCC_1938_67;AMCC_1939_67;AMCC_1942_67;AMCC_1947_67;AMCC_1949_65,FALSE,FALSE
CRT_017,LOCATED_IN,,F_207,F_207,1933,1949,,1949-,,AMCC_1933_63;AMCC_1936_71;AMCC_1937_71;AMCC_1938_67;AMCC_1939_67;AMCC_1942_67;AMCC_1947_67;AMCC_1949_65,FALSE,FALSE
CRT_018,LOCATED_IN,,F_207,F_207,1933,1947,,1947-,,AMCC_1933_63;AMCC_1934_71;AMCC_1935_71;AMCC_1936_71;AMCC_1937_71;AMCC_1938_67;AMCC_1939_67;AMCC_1942_67;AMCC_1947_67,FALSE,FALSE
CRT_060,LOCATED_IN,,F_207,F_207,1933,1934,,1934-,,AMCC_1933_63;AMCC_1934_71,FALSE,FALSE
CRT_350,LOCATED_IN,,F_207,F_207,1933,1947,,1947-,,AMCC_1933_63;AMCC_1934_71;AMCC_1935_71;AMCC_1936_71;AMCC_1937_71;AMCC_1938_67;AMCC_1939_67;AMCC_1942_67;AMCC_1947_67,FALSE,FALSE
CRT_078,LOCATED_IN,,F_208,F_208,1934,1947,,1947-,RECORDED PLACE NAME: Ningkwo,AMCC_1934_69;AMCC_1935_69;AMCC_1936_70;AMCC_1937_70;AMCC_1938_66;AMCC_1939_76;AMCC_1942_66;AMCC_1947_66,FALSE,FALSE
CRT_342,LOCATED_IN,,F_208,F_208,1936,1947,,1947-,RECORDED PLACE NAME: Suitung,AMCC_1936_70;AMCC_1937_70;AMCC_1938_66;AMCC_1939_66;AMCC_1942_66;AMCC_1947_66,FALSE,FALSE
CRT_077,LOCATED_IN,,F_208,F_208,1935,1947,,1947-,RECORDED PLACE NAME: Tsingyang,AMCC_1935_69;AMCC_1936_70;AMCC_1937_70;AMCC_1938_66;AMCC_1939_66;AMCC_1942_66;AMCC_1947_66,FALSE,FALSE
CRT_237,LOCATED_IN,,F_208,F_208,1935,1949,,1949-,,AMCC_1935_69;AMCC_1936_70;AMCC_1937_70;AMCC_1938_66;AMCC_1939_66;AMCC_1942_66;AMCC_1947_66;AMCC_1949_64,FALSE,FALSE
CRT_347,LOCATED_IN,,F_208,F_208,1942,1947,,1947-,,AMCC_1942_66;AMCC_1947_66,FALSE,FALSE
CRT_009,LOCATED_IN,,F_214,F_214,1934,1949,,1949-,RECORDED PLACE NAME: Changchow,AMCC_1934_72;AMCC_1936_72;AMCC_1937_72;AMCC_1938_69;AMCC_1939_69;AMCC_1942_69;AMCC_1947_69;AMCC_1949_67,FALSE,FALSE
CRT_011,LOCATED_IN,,F_214,F_214,1933,1935,,1935-,RECORDED PLACE NAME: Changchow,AMCC_1933_65;AMCC_1935_72,FALSE,FALSE
CRT_014,LOCATED_IN,,F_214,F_214,1933,1935,,1935-,RECORDED PLACE NAME: Changchow,AMCC_1933_65;AMCC_1934_72;AMCC_1935_72,FALSE,FALSE
CRT_010,LOCATED_IN,,F_214,F_214,1933,1935,,1935-,,AMCC_1933_65;AMCC_1934_72;AMCC_1935_72,FALSE,FALSE
CRT_024,LOCATED_IN,,F_215,F_215,1934,1949,,1949-,RECORDED PLACE NAME: Sian,AMCC_1934_68;AMCC_1935_68;AMCC_1936_68;AMCC_1937_68;AMCC_1938_64;AMCC_1939_64;AMCC_1942_64;AMCC_1947_64;AMCC_1949_62,FALSE,FALSE
CRT_052,LOCATED_IN,,F_215,F_215,1934,1947,,1947-,RECORDED PLACE NAME: Sian,AMCC_1934_68;AMCC_1935_68;AMCC_1936_68;AMCC_1937_68;AMCC_1938_64;AMCC_1939_64;AMCC_1942_64;AMCC_1947_64,FALSE,FALSE
CRT_131,LOCATED_IN,,F_225,F_225,1935,1947,,1947-,,AMCC_1935_70;AMCC_1936_70;AMCC_1937_70;AMCC_1938_66;AMCC_1939_66;AMCC_1942_66;AMCC_1947_66,FALSE,FALSE
CRT_132,LOCATED_IN,,F_225,F_225,1933,1934,,1934-,,AMCC_1933_62;AMCC_1934_70,FALSE,FALSE
CRT_139,LOCATED_IN,,F_225,F_225,1933,1949,,1949-,,AMCC_1933_62;AMCC_1934_70;AMCC_1935_70;AMCC_1936_70;AMCC_1937_70;AMCC_1938_66;AMCC_1939_66;AMCC_1942_66;AMCC_1947_66;AMCC_1949_64,FALSE,FALSE
CRT_140,LOCATED_IN,,F_225,F_225,1933,1934,,1934-,,AMCC_1933_62;AMCC_1934_70,FALSE,FALSE
CRT_069,LOCATED_IN,,F_237,F_237,1933,1949,,1949-,RECORDED PLACE NAME: Yangchow,AMCC_1933_61;AMCC_1934_69;AMCC_1935_69;AMCC_1936_69;AMCC_1937_69;AMCC_1938_65;AMCC_1939_65;AMCC_1942_65;AMCC_1947_65;AMCC_1949_63,FALSE,FALSE
CRT_257,LOCATED_IN,,F_237,F_237,1938,1949,,1949-,RECORDED PLACE NAME: Yangtcheow,AMCC_1938_65;AMCC_1939_65;AMCC_1942_65;AMCC_1947_65;AMCC_1949_63,FALSE,FALSE
CRT_194,LOCATED_IN,,F_240,F_240,1933,1947,,1947-,,AMCC_1933_63;AMCC_1934_71;AMCC_1935_71;AMCC_1936_71;AMCC_1937_71;AMCC_1938_67;AMCC_1939_67;AMCC_1942_67;AMCC_1947_67,FALSE,FALSE
CRT_020,LOCATED_IN,,F_240,F_240,1933,1947,,1947-,,AMCC_1933_63;AMCC_1934_71;AMCC_1935_71;AMCC_1936_71;AMCC_1937_71;AMCC_1938_67;AMCC_1939_67;AMCC_1942_67;AMCC_1947_67,FALSE,FALSE
CRT_022,LOCATED_IN,,F_241,F_241,1933,1949,,1949-,RECORDED PLACE NAME: Ichang,AMCC_1933_63;AMCC_1934_71;AMCC_1935_71;AMCC_1936_71;AMCC_1937_71;AMCC_1938_68;AMCC_1939_67;AMCC_1942_67;AMCC_1947_67;AMCC_1949_65,FALSE,FALSE
CRT_375,LOCATED_IN,,F_248,F_248,1933,1935,,1935-,,AMCC_1933_64;AMCC_1934_72;AMCC_1935_72,FALSE,FALSE
CRT_043,LOCATED_IN,,F_25,F_25,1933,1947,,1947-,RECORDED PLACE NAME: Kangcheng,AMCC_1933_60;AMCC_1934_68;AMCC_1935_68;AMCC_1936_68;AMCC_1937_68;AMCC_1938_64;AMCC_1939_64;AMCC_1942_64;AMCC_1947_64,FALSE,FALSE
CRT_047,LOCATED_IN,,F_25,F_25,1933,1949,,1949-,RECORDED PLACE NAME: Luan,AMCC_1933_60;AMCC_1934_68;AMCC_1935_68;AMCC_1936_68;AMCC_1937_68;AMCC_1938_64;AMCC_1939_64;AMCC_1942_64;AMCC_1947_64;AMCC_1949_62,FALSE,FALSE
CRT_051,LOCATED_IN,,F_25,F_25,1933,1947,,1947-,RECORDED PLACE NAME: Luan,AMCC_1933_60;AMCC_1934_68;AMCC_1935_68;AMCC_1936_68;AMCC_1937_68;AMCC_1938_64;AMCC_1939_64;AMCC_1942_64;AMCC_1947_64,FALSE,FALSE
CRT_059,LOCATED_IN,,F_259,F_259,1934,1935,,1935-,,AMCC_1934_71;AMCC_1935_72,FALSE,FALSE
CRT_002,LOCATED_IN,,F_266,F_266,1933,,,-,,AMCC_1933_62,FALSE,FALSE
CRT_149,LOCATED_IN,,F_266,F_266,1933,,,-,,AMCC_1933_62,FALSE,FALSE
CRT_150,LOCATED_IN,,F_266,F_266,1933,,,-,,AMCC_1933_62,FALSE,FALSE
CRT_151,LOCATED_IN,,F_266,F_266,1933,,,-,,AMCC_1933_62,FALSE,FALSE
CRT_076,LOCATED_IN,,F_277,F_277,1933,1947,,1947-,,AMCC_1933_60;AMCC_1934_69;AMCC_1935_69;AMCC_1936_70;AMCC_1937_70;AMCC_1938_66;AMCC_1939_66;AMCC_1942_66;AMCC_1947_66,FALSE,FALSE
CRT_341,LOCATED_IN,,F_277,F_277,1935,1947,,1947-,,AMCC_1935_69;AMCC_1936_70;AMCC_1937_70;AMCC_1938_66;AMCC_1939_66;AMCC_1942_66;AMCC_1947_66,FALSE,FALSE
CRT_345,LOCATED_IN,,F_277,F_277,1942,1947,,1947-,,AMCC_1942_66;AMCC_1947_66,FALSE,FALSE
CRT_346,LOCATED_IN,,F_277,F_277,1942,1947,,1947-,,AMCC_1942_66;AMCC_1947_66,FALSE,FALSE
CRT_006,LOCATED_IN,,F_285,F_285,1937,1947,,1947-,RECORDED PLACE NAME: Pingliang,AMCC_1937_68;AMCC_1938_64;AMCC_1939_64;AMCC_1942_64;AMCC_1947_64,FALSE,FALSE
CRT_336,LOCATED_IN,,F_285,F_285,1937,1947,,1947-,RECORDED PLACE NAME: Pingliang,AMCC_1937_68;AMCC_1939_64;AMCC_1942_64;AMCC_1947_64,FALSE,FALSE
CRT_225,LOCATED_IN,,F_286,F_286,1933,1949,,1949-,,AMCC_1933_66;AMCC_1934_73;AMCC_1935_73;AMCC_1936_73;AMCC_1937_73;AMCC_1938_70;AMCC_1939_70;AMCC_1947_69;AMCC_1949_68,FALSE,FALSE
CRT_227,LOCATED_IN,,F_286,F_286,1933,1935,,1935-,,AMCC_1933_66;AMCC_1934_73;AMCC_1935_74,FALSE,FALSE
CRT_331,LOCATED_IN,,F_286,F_286,1933,1949,,1949-,,AMCC_1933_66;AMCC_1934_73;AMCC_1935_73;AMCC_1936_73;AMCC_1937_73;AMCC_1938_70;AMCC_1939_70;AMCC_1947_69;AMCC_1949_68,FALSE,FALSE
CRT_367,LOCATED_IN,,F_286,F_286,1933,1947,,1947-,,AMCC_1933_66;AMCC_1934_73;AMCC_1935_73;AMCC_1936_73;AMCC_1937_73;AMCC_1938_70;AMCC_1939_70;AMCC_1947_69,FALSE,FALSE
CRT_214,LOCATED_IN,,F_299,F_299,1936,1949,,1949-,,AMCC_1936_70;AMCC_1937_70;AMCC_1938_66;AMCC_1939_66;AMCC_1942_66;AMCC_1947_66;AMCC_1949_64,FALSE,FALSE
CRT_196,LOCATED_IN,,F_30,F_30,1933,1935,,1935-,,AMCC_1933_62;AMCC_1934_70;AMCC_1935_70,FALSE,FALSE
CRT_021,LOCATED_IN,,F_30,F_30,1933,1935,,1935-,,AMCC_1933_62;AMCC_1934_70;AMCC_1935_70,FALSE,FALSE
CRT_041,LOCATED_IN,,F_30,F_30,1933,1949,,1949-,,AMCC_1933_62;AMCC_1934_70;AMCC_1935_70;AMCC_1936_70;AMCC_1937_70;AMCC_1938_66;AMCC_1939_66;AMCC_1942_66;AMCC_1947_66;AMCC_1949_65,FALSE,FALSE
CRT_358,LOCATED_IN,,F_307,F_307,1936,1947,,1947-,,AMCC_1936_72;AMCC_1938_68;AMCC_1939_68;AMCC_1942_68;AMCC_1947_68,FALSE,FALSE
CRT_213,LOCATED_IN,,F_313,F_313,1934,1947,,1947-,RECORDED PLACE NAME: Hanchung,AMCC_1934_68;AMCC_1935_68;AMCC_1936_68;AMCC_1937_68;AMCC_1938_64;AMCC_1939_64;AMCC_1942_64;AMCC_1947_64,FALSE,FALSE
CRT_313,LOCATED_IN,,F_314,F_314,1933,1949,,1949-,RECORDED PLACE NAME: Hanchung,AMCC_1933_60;AMCC_1934_68;AMCC_1935_68;AMCC_1936_68;AMCC_1937_68;AMCC_1938_64;AMCC_1939_64;AMCC_1942_64;AMCC_1947_64;AMCC_1949_62,FALSE,FALSE
CRT_035,LOCATED_IN,,F_317,F_317,1933,1949,,1949-,RECORDED PLACE NAME: Chefoo,AMCC_1933_59;AMCC_1934_67;AMCC_1935_67;AMCC_1936_67;AMCC_1937_67;AMCC_1938_63;AMCC_1939_63;AMCC_1942_63;AMCC_1947_63;AMCC_1949_61,FALSE,FALSE
CRT_036,LOCATED_IN,,F_317,F_317,1933,1949,,1949-,RECORDED PLACE NAME: Chefoo,AMCC_1933_59;AMCC_1934_67;AMCC_1935_67;AMCC_1936_67;AMCC_1937_67;AMCC_1938_63;AMCC_1939_63;AMCC_1942_63;AMCC_1947_63;AMCC_1949_61,FALSE,FALSE
CRT_116,LOCATED_IN,,F_317,F_317,1933,1947,,1947-,RECORDED PLACE NAME: Chefoo,AMCC_1933_59;AMCC_1934_67;AMCC_1935_67;AMCC_1936_67;AMCC_1937_67;AMCC_1938_63;AMCC_1939_63;AMCC_1942_63;AMCC_1947_63,FALSE,FALSE
CRT_053,LOCATED_IN,,F_317,F_317,1933,1947,,1947-,RECORDED PLACE NAME: Hwangshien,AMCC_1933_59;AMCC_1934_67;AMCC_1935_67;AMCC_1936_66;AMCC_1937_67;AMCC_1938_63;AMCC_1939_63;AMCC_1942_63;AMCC_1947_63,FALSE,FALSE
CRT_262,LOCATED_IN,,F_32,F_32,1933,1935,,1935-,,AMCC_1933_56;AMCC_1934_64;AMCC_1935_64,FALSE,FALSE
CRT_155,LOCATED_IN,,F_36,F_36,1933,1947,,1947-,,AMCC_1933_67;AMCC_1934_74;AMCC_1935_74;AMCC_1936_74;AMCC_1937_74;AMCC_1938_70;AMCC_1939_70;AMCC_1947_69,FALSE,FALSE
CRT_378,LOCATED_IN,,F_36,F_36,1933,1935,,1935-,,AMCC_1933_67;AMCC_1934_74;AMCC_1935_74,FALSE,FALSE
CRT_161,LOCATED_IN,,F_57,F_57,1933,1949,,1949-,RECORDED PLACE NAME: Fowchow,AMCC_1933_63;AMCC_1934_70;AMCC_1935_70;AMCC_1936_70;AMCC_1937_70;AMCC_1938_67;AMCC_1939_67;AMCC_1942_67;AMCC_1947_67;AMCC_1949_65,FALSE,FALSE
CRT_008,LOCATED_IN,,F_57,F_57,1933,1949,,1949-,,AMCC_1933_65;AMCC_1934_72;AMCC_1935_72;AMCC_1936_72;AMCC_1937_72;AMCC_1938_69;AMCC_1939_69;AMCC_1942_69;AMCC_1947_69;AMCC_1949_67,FALSE,FALSE
CRT_013,LOCATED_IN,,F_57,F_57,1933,,,-,,AMCC_1933_65,FALSE,FALSE
CRT_019,LOCATED_IN,,F_57,F_57,1933,1949,,1949-,,AMCC_1933_65;AMCC_1934_72;AMCC_1935_72;AMCC_1937_72;AMCC_1938_69;AMCC_1939_69;AMCC_1942_69;AMCC_1947_69;AMCC_1949_67,FALSE,FALSE
CRT_185,LOCATED_IN,,F_60,F_60,1933,1935,,1935-,,AMCC_1933_64;AMCC_1934_72;AMCC_1935_72,FALSE,FALSE
CRT_186,LOCATED_IN,,F_60,F_60,1933,1935,,1935-,,AMCC_1933_64;AMCC_1934_72;AMCC_1935_72,FALSE,FALSE
CRT_211,LOCATED_IN,,F_62,F_62,1933,1947,,1947-,,AMCC_1933_65;AMCC_1934_73;AMCC_1935_73;AMCC_1936_73;AMCC_1937_73;AMCC_1938_69;AMCC_1939_69;AMCC_1942_69;AMCC_1947_69,FALSE,FALSE
CRT_273,LOCATED_IN,,F_62,F_62,1933,1949,,1949-,,AMCC_1933_65;AMCC_1934_73;AMCC_1935_73;AMCC_1936_73;AMCC_1937_73;AMCC_1938_69;AMCC_1939_69;AMCC_1942_69;AMCC_1947_69;AMCC_1949_67,FALSE,FALSE
CRT_276,LOCATED_IN,,F_62,F_62,1933,1934,,1934-,,AMCC_1933_56;AMCC_1934_64,FALSE,FALSE
CRT_277,LOCATED_IN,,F_62,F_62,1933,,,-,,AMCC_1933_56,FALSE,FALSE
CRT_280,LOCATED_IN,,F_62,F_62,1933,1935,,1935-,,AMCC_1933_65;AMCC_1934_73;AMCC_1935_73,FALSE,FALSE
CRT_329,LOCATED_IN,,F_62,F_62,1933,1949,,1949-,,AMCC_1933_65;AMCC_1934_73;AMCC_1935_73;AMCC_1936_73;AMCC_1938_69;AMCC_1939_69;AMCC_1942_69;AMCC_1947_69;AMCC_1949_67,FALSE,FALSE
CRT_203,LOCATED_IN,,F_65,F_65,1933,,,-,,AMCC_1933_67,FALSE,FALSE
CRT_231,LOCATED_IN,,F_65,F_65,1933,1949,,1949-,,AMCC_1933_67;AMCC_1934_74;AMCC_1935_74;AMCC_1936_74;AMCC_1937_74;AMCC_1938_70;AMCC_1939_70;AMCC_1947_69;AMCC_1949_68,FALSE,FALSE
CRT_332,LOCATED_IN,,F_65,F_65,1933,1949,,1949-,,AMCC_1933_67;AMCC_1934_74;AMCC_1935_74;AMCC_1936_74;AMCC_1937_74;AMCC_1938_70;AMCC_1939_70;AMCC_1947_69;AMCC_1949_68,FALSE,FALSE
CRT_369,LOCATED_IN,,F_65,F_65,1933,1947,,1947-,,AMCC_1933_67;AMCC_1934_74;AMCC_1935_74;AMCC_1936_74;AMCC_1937_74;AMCC_1938_70;AMCC_1939_70;AMCC_1947_69,FALSE,FALSE
CRT_370,LOCATED_IN,,F_65,F_65,1933,1947,,1947-,,AMCC_1933_67;AMCC_1934_74;AMCC_1935_74;AMCC_1936_74;AMCC_1937_74;AMCC_1938_70;AMCC_1939_70;AMCC_1947_69,FALSE,FALSE
CRT_363,LOCATED_IN,,F_70,F_70,1939,1947,,1947-,RECORDED PLACE NAME: Hoikow,AMCC_1939_69;AMCC_1942_69;AMCC_1947_69,FALSE,FALSE
CRT_180,LOCATED_IN,,F_73,F_73,1933,1947,,1947-,,AMCC_1933_64;AMCC_1934_72;AMCC_1935_72;AMCC_1936_72;AMCC_1937_72;AMCC_1938_68;AMCC_1939_68;AMCC_1942_68;AMCC_1947_68,FALSE,FALSE
CRT_148,LOCATED_IN,,F_73,F_73,1942,1949,,1949-,,AMCC_1942_68;AMCC_1947_68;AMCC_1949_67,FALSE,FALSE
CRT_328,LOCATED_IN,,F_73,F_73,1942,1949,,1949-,,AMCC_1942_68;AMCC_1947_68;AMCC_1949_67,FALSE,FALSE
CRT_287,LOCATED_IN,,F_79,F_79,1942,1949,,1949-,RECORDED PLACE NAME: Teingtsaoho,AMCC_1942_61;AMCC_1947_61;AMCC_1949_58,FALSE,FALSE
CRT_320,LOCATED_IN,,F_80,F_80,1933,1949,,1949-,,AMCC_1933_64;AMCC_1934_72;AMCC_1935_71;AMCC_1936_72;AMCC_1937_72;AMCC_1938_68;AMCC_1939_68;AMCC_1942_68;AMCC_1947_68;AMCC_1949_66,FALSE,FALSE
CRT_163,LOCATED_IN,,F_90,F_90,1949,,,-,RECORDED PLACE NAME: Chempa,AMCC_1949_58,FALSE,FALSE
CRT_165,LOCATED_IN,,F_90,F_90,1933,1949,,1949-,RECORDED PLACE NAME: Erhshiszekingti,AMCC_1933_56;AMCC_1934_64;AMCC_1935_64;AMCC_1936_64;AMCC_1937_64;AMCC_1938_60;AMCC_1939_60;AMCC_1942_60;AMCC_1947_60;AMCC_1949_58,FALSE,FALSE
CRT_156,LOCATED_IN,,F_90,F_90,1942,1949,,1949-,RECORDED PLACE NAME: Howho,AMCC_1942_60;AMCC_1947_60;AMCC_1949_58,FALSE,FALSE
CRT_164,LOCATED_IN,,F_90,F_90,1933,1949,,1949-,RECORDED PLACE NAME: Nanhaochan,AMCC_1933_56;AMCC_1934_64;AMCC_1935_64;AMCC_1936_64;AMCC_1937_64;AMCC_1938_60;AMCC_1939_60;AMCC_1942_60;AMCC_1947_60;AMCC_1949_58,FALSE,FALSE
CRT_026,LOCATED_IN,,F_90,F_90,1933,1949,,1949-,RECORDED PLACE NAME: Nanhaochan,AMCC_1933_56;AMCC_1934_64;AMCC_1935_64;AMCC_1936_64;AMCC_1937_64;AMCC_1938_60;AMCC_1939_60;AMCC_1942_60;AMCC_1947_60;AMCC_1949_58,FALSE,FALSE
CRT_159,LOCATED_IN,,F_90,F_90,1949,,,-,RECORDED PLACE NAME: Ningsia,AMCC_1949_58,FALSE,FALSE
CRT_168,LOCATED_IN,,F_90,F_90,1933,1949,,1949-,RECORDED PLACE NAME: Siwantze,AMCC_1933_56;AMCC_1934_64;AMCC_1935_64;AMCC_1936_64;AMCC_1937_64;AMCC_1938_60;AMCC_1939_60;AMCC_1942_60;AMCC_1949_58,FALSE,FALSE
CRT_028,LOCATED_IN,,F_90,F_90,1933,1949,,1949-,RECORDED PLACE NAME: Siwantze,AMCC_1933_56;AMCC_1934_64;AMCC_1936_64;AMCC_1937_64;AMCC_1938_60;AMCC_1939_60;AMCC_1942_60;AMCC_1947_60;AMCC_1949_58,FALSE,FALSE
CRT_045,LOCATED_IN,,F_90,F_90,1935,,,-,RECORDED PLACE NAME: Siwantze,AMCC_1935_64,FALSE,FALSE
CRT_283,LOCATED_IN,,F_90,F_90,1933,1949,,1949-,RECORDED PLACE NAME: Siwantze,AMCC_1933_56;AMCC_1934_64;AMCC_1936_64;AMCC_1937_64;AMCC_1938_60;AMCC_1939_60;AMCC_1942_60;AMCC_1947_60;AMCC_1949_58,FALSE,FALSE
CRT_282,LOCATED_IN,,F_90,F_90,1934,1949,,1949-,RECORDED PLACE NAME: Suiyuan,AMCC_1934_64;AMCC_1935_64;AMCC_1936_64;AMCC_1937_64;AMCC_1938_60;AMCC_1939_60;AMCC_1942_60;AMCC_1947_60;AMCC_1949_58,FALSE,FALSE
CRT_167,LOCATED_IN,,F_90,F_90,1933,1949,,1949-,,AMCC_1933_56;AMCC_1934_64;AMCC_1935_64;AMCC_1936_64;AMCC_1937_64;AMCC_1938_60;AMCC_1939_60;AMCC_1942_60;AMCC_1949_58,FALSE,FALSE
CRT_169,LOCATED_IN,,F_90,F_90,1934,1949,,1949-,,AMCC_1934_64;AMCC_1935_64;AMCC_1936_64;AMCC_1937_64;AMCC_1938_60;AMCC_1939_60;AMCC_1942_60;AMCC_1949_58,FALSE,FALSE
CRT_171,LOCATED_IN,,F_90,F_90,1933,1949,,1949-,,AMCC_1933_56;AMCC_1934_64;AMCC_1936_64;AMCC_1937_64;AMCC_1938_60;AMCC_1939_60;AMCC_1942_60;AMCC_1949_58,FALSE,FALSE
CRT_281,LOCATED_IN,,F_90,F_90,1934,1949,,1949-,,AMCC_1934_64;AMCC_1935_64;AMCC_1936_64;AMCC_1937_64;AMCC_1938_60;AMCC_1939_60;AMCC_1942_60;AMCC_1947_60;AMCC_1949_58,FALSE,FALSE
CRT_261,LOCATED_IN,,F_95,F_95,1933,1947,,1947-,RECORDED PLACE NAME: Kashing,AMCC_1933_64;AMCC_1934_72;AMCC_1935_72;AMCC_1936_72;AMCC_1937_72;AMCC_1938_68;AMCC_1939_68;AMCC_1942_68;AMCC_1947_68,FALSE,FALSE
CRT_330,LOCATED_IN,,F_97,F_97,1936,1949,,1949-,RECORDED PLACE NAME: Kochow,AMCC_1936_73;AMCC_1937_73;AMCC_1938_70;AMCC_1939_70;AMCC_1942_70;AMCC_1947_69;AMCC_1949_68,FALSE,FALSE
CRT_368,LOCATED_IN,,F_97,F_97,1936,1947,,1947-,RECORDED PLACE NAME: Yeungkong,AMCC_1936_73;AMCC_1937_73;AMCC_1938_70;AMCC_1939_70;AMCC_1947_69,FALSE,FALSE
CRT_123,LOCATED_IN,,F_97,F_97,1933,,,-,,AMCC_1933_66,FALSE,FALSE
CRT_162,LOCATED_IN,,O_12,O_12,1934,1947,,1947-,,AMCC_1934_73;AMCC_1935_73;AMCC_1936_73;AMCC_1937_73;AMCC_1938_69;AMCC_1939_69;AMCC_1942_69;AMCC_1947_69,FALSE,FALSE
CRT_187,LOCATED_IN,,O_12,O_12,1939,1947,,1947-,,AMCC_1939_69;AMCC_1942_69;AMCC_1947_69,FALSE,FALSE
CRT_267,LOCATED_IN,,O_13,O_13,1933,1935,,1935-,,AMCC_1933_65;AMCC_1934_73;AMCC_1935_73,FALSE,FALSE
CRT_268,LOCATED_IN,,O_13,O_13,1933,1935,,1935-,,AMCC_1933_65;AMCC_1934_73;AMCC_1935_73,FALSE,FALSE
CRT_001,LOCATED_IN,,O_13,O_13,1934,1949,,1949-,,AMCC_1934_73;AMCC_1935_73;AMCC_1936_73;AMCC_1937_73;AMCC_1938_69;AMCC_1939_69;AMCC_1942_69;AMCC_1947_69;AMCC_1949_68,FALSE,FALSE
CRT_003,LOCATED_IN,,O_13,O_13,1933,,,-,,AMCC_1933_66,FALSE,FALSE
CRT_004,LOCATED_IN,,O_13,O_13,1933,,,-,,AMCC_1933_66,FALSE,FALSE
CRT_160,LOCATED_IN,,O_13,O_13,1933,1947,,1947-,,AMCC_1933_66;AMCC_1934_73;AMCC_1935_73;AMCC_1936_73;AMCC_1937_73;AMCC_1938_69;AMCC_1939_69;AMCC_1942_69;AMCC_1947_69,FALSE,FALSE
CRT_188,LOCATED_IN,,O_13,O_13,1934,1949,,1949-,,AMCC_1934_73;AMCC_1935_73;AMCC_1936_73;AMCC_1937_73;AMCC_1938_69;AMCC_1939_69;AMCC_1942_69;AMCC_1947_69;AMCC_1949_68,FALSE,FALSE
CRT_189,LOCATED_IN,,O_13,O_13,1933,,,-,,AMCC_1933_66,FALSE,FALSE
CRT_190,LOCATED_IN,,O_13,O_13,1933,,,-,,AMCC_1933_66,FALSE,FALSE
CRT_093,LOCATED_IN,,O_13,O_13,1933,1949,,1949-,,AMCC_1933_65;AMCC_1934_73;AMCC_1935_73;AMCC_1936_73;AMCC_1937_73;AMCC_1938_69;AMCC_1939_69;AMCC_1942_69;AMCC_1947_69;AMCC_1949_67,FALSE,FALSE
CRT_094,LOCATED_IN,,O_13,O_13,1933,1949,,1949-,,AMCC_1933_66;AMCC_1934_73;AMCC_1935_73;AMCC_1936_73;AMCC_1937_73;AMCC_1938_69;AMCC_1939_69;AMCC_1942_69;AMCC_1947_69;AMCC_1949_67,FALSE,FALSE
CRT_124,LOCATED_IN,,O_13,O_13,1942,1949,,1949-,,AMCC_1942_69;AMCC_1947_69;AMCC_1949_68,FALSE,FALSE
CRT_125,LOCATED_IN,,O_13,O_13,1934,1949,,1949-,,AMCC_1934_73;AMCC_1935_73;AMCC_1936_73;AMCC_1937_73;AMCC_1938_69;AMCC_1939_69;AMCC_1942_69;AMCC_1947_69;AMCC_1949_68,FALSE,FALSE
CRT_126,LOCATED_IN,,O_13,O_13,1933,,,-,,AMCC_1933_66,FALSE,FALSE
CRT_127,LOCATED_IN,,O_13,O_13,1933,,,-,,AMCC_1933_66,FALSE,FALSE
CRT_215,LOCATED_IN,,O_13,O_13,1933,1947,,1947-,,AMCC_1933_65;AMCC_1934_73;AMCC_1935_73;AMCC_1936_73;AMCC_1937_73;AMCC_1938_69;AMCC_1939_69;AMCC_1942_69;AMCC_1947_69,FALSE,FALSE
CRT_217,LOCATED_IN,,O_13,O_13,1933,1949,,1949-,,AMCC_1933_66;AMCC_1934_73;AMCC_1936_73;AMCC_1937_73;AMCC_1938_69;AMCC_1939_69;AMCC_1942_69;AMCC_1947_69;AMCC_1949_68,FALSE,FALSE
CRT_219,LOCATED_IN,,O_13,O_13,1936,1949,,1949-,,AMCC_1936_73;AMCC_1937_73;AMCC_1938_69;AMCC_1939_69;AMCC_1942_69;AMCC_1947_69;AMCC_1949_68,FALSE,FALSE
CRT_223,LOCATED_IN,,O_13,O_13,1933,1949,,1949-,,AMCC_1933_65;AMCC_1934_73;AMCC_1935_73;AMCC_1936_73;AMCC_1937_73;AMCC_1938_69;AMCC_1939_69;AMCC_1942_69;AMCC_1947_69;AMCC_1949_67,FALSE,FALSE
CRT_234,LOCATED_IN,,O_13,O_13,1933,1949,,1949-,,AMCC_1933_66;AMCC_1934_73;AMCC_1935_73;AMCC_1936_73;AMCC_1937_73;AMCC_1938_69;AMCC_1939_69;AMCC_1942_69;AMCC_1947_69;AMCC_1949_68,FALSE,FALSE
CRT_087,LOCATED_IN,,O_13,O_13,1934,1949,,1949-,,AMCC_1934_73;AMCC_1935_73;AMCC_1936_73;AMCC_1937_73;AMCC_1938_69;AMCC_1939_69;AMCC_1942_69;AMCC_1947_69;AMCC_1949_67,FALSE,FALSE
CRT_090,LOCATED_IN,,O_13,O_13,1933,,,-,,AMCC_1933_65,FALSE,FALSE
CRT_091,LOCATED_IN,,O_13,O_13,1933,,,-,,AMCC_1933_65,FALSE,FALSE
CRT_092,LOCATED_IN,,O_13,O_13,1933,1949,,1949-,,AMCC_1933_65;AMCC_1934_73;AMCC_1935_73;AMCC_1936_73;AMCC_1937_73;AMCC_1938_69;AMCC_1939_69;AMCC_1942_69;AMCC_1947_69;AMCC_1949_67,FALSE,FALSE
CRT_364,LOCATED_IN,,O_14,O_14,1937,1947,,1947-,,AMCC_1937_73;AMCC_1942_69;AMCC_1947_69,FALSE,FALSE
CRT_365,LOCATED_IN,,O_15,O_15,1937,1947,,1947-,,AMCC_1937_73;AMCC_1942_69;AMCC_1947_69,FALSE,FALSE
CRT_271,LOCATED_IN,,O_16,O_16,1933,1935,,1935-,RECORDED PLACE NAME: Heilungkiang,AMCC_1933_57;AMCC_1934_65;AMCC_1935_65,FALSE,FALSE
CRT_193,LOCATED_IN,,O_16,O_16,1935,,,-,RECORDED PLACE NAME: Kirin,AMCC_1935_65,FALSE,FALSE
CRT_224,LOCATED_IN,,O_16,O_16,1942,1949,,1949-,,AMCC_1942_69;AMCC_1947_69;AMCC_1949_67,FALSE,FALSE
CRT_046,LOCATED_IN,,O_16,O_16,1933,1935,,1935-,,AMCC_1933_57;AMCC_1934_65;AMCC_1935_65,FALSE,FALSE
CRT_295,LOCATED_IN,,O_2,O_2,1942,1949,,1949-,RECORDED PLACE NAME: Kingtsun,AMCC_1942_61;AMCC_1947_61;AMCC_1949_59,FALSE,FALSE
CRT_146,LOCATED_IN,,O_2,O_2,1933,1949,,1949-,RECORDED PLACE NAME: Pekin,AMCC_1933_58;AMCC_1934_66;AMCC_1935_66;AMCC_1936_65;AMCC_1937_65;AMCC_1938_61;AMCC_1939_61;AMCC_1942_61;AMCC_1947_61;AMCC_1949_59,FALSE,FALSE
CRT_238,LOCATED_IN,,O_2,O_2,1933,1949,,1949-,RECORDED PLACE NAME: Pekin,AMCC_1933_58;AMCC_1934_66;AMCC_1935_66;AMCC_1936_65;AMCC_1937_65;AMCC_1938_61;AMCC_1939_61;AMCC_1942_61;AMCC_1947_61;AMCC_1949_59,FALSE,FALSE
CRT_133,LOCATED_IN,,O_2,O_2,1936,1949,,1949-,RECORDED PLACE NAME: Pekin,AMCC_1936_65;AMCC_1938_61;AMCC_1939_61;AMCC_1942_61;AMCC_1947_61;AMCC_1949_59,FALSE,FALSE
CRT_134,LOCATED_IN,,O_2,O_2,1947,1949,,1949-,RECORDED PLACE NAME: Pekin,AMCC_1947_61;AMCC_1949_59,FALSE,FALSE
CRT_135,LOCATED_IN,,O_2,O_2,1933,1937,,1937-,RECORDED PLACE NAME: Pekin,AMCC_1933_58;AMCC_1934_65;AMCC_1937_65,FALSE,FALSE
CRT_136,LOCATED_IN,,O_2,O_2,1933,1937,,1937-,RECORDED PLACE NAME: Pekin,AMCC_1933_58;AMCC_1934_65;AMCC_1937_65,FALSE,FALSE
CRT_137,LOCATED_IN,,O_2,O_2,1933,1934,,1934-,RECORDED PLACE NAME: Pekin,AMCC_1933_58;AMCC_1934_65,FALSE,FALSE
CRT_030,LOCATED_IN,,O_2,O_2,1933,1949,,1949-,RECORDED PLACE NAME: Pekin,AMCC_1933_58;AMCC_1934_66;AMCC_1935_66;AMCC_1936_65;AMCC_1937_65;AMCC_1938_61;AMCC_1939_61;AMCC_1942_61;AMCC_1947_61;AMCC_1949_59,FALSE,FALSE
CRT_031,LOCATED_IN,,O_2,O_2,1933,1949,,1949-,RECORDED PLACE NAME: Pekin,AMCC_1933_58;AMCC_1934_66;AMCC_1935_66;AMCC_1937_65;AMCC_1947_61;AMCC_1949_59,FALSE,FALSE
CRT_103,LOCATED_IN,,O_2,O_2,1933,1949,,1949-,RECORDED PLACE NAME: Pekin,AMCC_1933_58;AMCC_1934_66;AMCC_1935_66;AMCC_1936_65;AMCC_1937_65;AMCC_1938_61;AMCC_1939_61;AMCC_1942_61;AMCC_1947_61;AMCC_1949_59,FALSE,FALSE
CRT_104,LOCATED_IN,,O_2,O_2,1933,1949,,1949-,RECORDED PLACE NAME: Pekin,AMCC_1933_58;AMCC_1934_66;AMCC_1935_66;AMCC_1936_65;AMCC_1937_65;AMCC_1938_61;AMCC_1939_61;AMCC_1942_61;AMCC_1947_61;AMCC_1949_59,FALSE,FALSE
CRT_105,LOCATED_IN,,O_2,O_2,1933,1949,,1949-,RECORDED PLACE NAME: Pekin,AMCC_1933_58;AMCC_1934_66;AMCC_1935_66;AMCC_1936_65;AMCC_1937_65;AMCC_1938_61;AMCC_1939_61;AMCC_1942_61;AMCC_1947_61;AMCC_1949_59,FALSE,FALSE
CRT_106,LOCATED_IN,,O_2,O_2,1933,1949,,1949-,RECORDED PLACE NAME: Pekin,AMCC_1933_58;AMCC_1934_66;AMCC_1935_66;AMCC_1936_65;AMCC_1937_65;AMCC_1938_61;AMCC_1939_61;AMCC_1942_61;AMCC_1947_61;AMCC_1949_59,FALSE,FALSE
CRT_107,LOCATED_IN,,O_2,O_2,1933,1949,,1949-,RECORDED PLACE NAME: Pekin,AMCC_1933_58;AMCC_1934_65;AMCC_1936_65;AMCC_1937_65;AMCC_1938_61;AMCC_1939_61;AMCC_1942_61;AMCC_1947_61;AMCC_1949_59,FALSE,FALSE
CRT_108,LOCATED_IN,,O_2,O_2,1936,1949,,1949-,RECORDED PLACE NAME: Pekin,AMCC_1936_65;AMCC_1938_61;AMCC_1939_61;AMCC_1942_61;AMCC_1947_61;AMCC_1949_59,FALSE,FALSE
CRT_292,LOCATED_IN,,O_2,O_2,1949,,,-,RECORDED PLACE NAME: Pekin,AMCC_1949_58,FALSE,FALSE
CRT_296,LOCATED_IN,,O_2,O_2,1942,1949,,1949-,RECORDED PLACE NAME: Pekin,AMCC_1942_61;AMCC_1947_61;AMCC_1949_59,FALSE,FALSE
CRT_178,LOCATED_IN,,O_2,O_2,1933,1935,,1935-,,AMCC_1933_58;AMCC_1934_65;AMCC_1935_65,FALSE,FALSE
CRT_179,LOCATED_IN,,O_2,O_2,1933,1934,,1934-,,AMCC_1933_58;AMCC_1934_65,FALSE,FALSE
CRT_118,LOCATED_IN,,O_2,O_2,1933,1935,,1935-,,AMCC_1933_58;AMCC_1934_65;AMCC_1935_65,FALSE,FALSE
CRT_089,LOCATED_IN,,O_20,O_20,1933,1949,,1949-,RECORDED PLACE NAME: Shiuhing,AMCC_1933_66;AMCC_1934_74;AMCC_1935_74;AMCC_1936_74;AMCC_1937_74;AMCC_1938_70;AMCC_1939_70;AMCC_1947_69;AMCC_1949_68,FALSE,FALSE
CRT_044,LOCATED_IN,,O_20,O_20,1933,1947,,1947-,RECORDED PLACE NAME: Shiuhing,AMCC_1933_66;AMCC_1934_74;AMCC_1935_74;AMCC_1936_74;AMCC_1937_74;AMCC_1938_70;AMCC_1939_70;AMCC_1947_69,FALSE,FALSE
CRT_222,LOCATED_IN,,O_20,O_20,1933,1949,,1949-,,AMCC_1933_66;AMCC_1934_74;AMCC_1935_74;AMCC_1936_74;AMCC_1937_74;AMCC_1938_70;AMCC_1939_70;AMCC_1947_69;AMCC_1949_68,FALSE,FALSE
CRT_232,LOCATED_IN,,O_20,O_20,1933,1949,,1949-,,AMCC_1933_66;AMCC_1934_74;AMCC_1935_74;AMCC_1936_74;AMCC_1937_74;AMCC_1938_70;AMCC_1939_70;AMCC_1947_69;AMCC_1949_68,FALSE,FALSE
CRT_088,LOCATED_IN,,O_20,O_20,1933,1949,,1949-,,AMCC_1933_66;AMCC_1934_74;AMCC_1935_74;AMCC_1936_74;AMCC_1937_74;AMCC_1938_70;AMCC_1939_70;AMCC_1947_69;AMCC_1949_68,FALSE,FALSE
CRT_005,LOCATED_IN,,O_20,O_20,1947,1949,,1949-,,AMCC_1947_69;AMCC_1949_68,FALSE,FALSE
CRT_270,LOCATED_IN,,O_26,O_26,1947,1949,,1949-,RECORDED PLACE NAME: Shanghai,AMCC_1947_65;AMCC_1949_62,FALSE,FALSE
CRT_212,LOCATED_IN,,O_26,O_26,1935,1949,,1949-,RECORDED PLACE NAME: Shanghai,AMCC_1935_69;AMCC_1936_69;AMCC_1937_69;AMCC_1938_65;AMCC_1939_65;AMCC_1942_65;AMCC_1947_65;AMCC_1949_63,FALSE,FALSE
CRT_230,LOCATED_IN,,O_26,O_26,1935,1947,,1947-,RECORDED PLACE NAME: Shanghai,AMCC_1935_69;AMCC_1936_69;AMCC_1938_65;AMCC_1939_65;AMCC_1942_65;AMCC_1947_65,FALSE,FALSE
CRT_066,LOCATED_IN,,O_26,O_26,1934,1949,,1949-,RECORDED PLACE NAME: Shanghai,AMCC_1934_69;AMCC_1935_69;AMCC_1936_69;AMCC_1937_69;AMCC_1938_65;AMCC_1939_65;AMCC_1942_65;AMCC_1947_65;AMCC_1949_62,FALSE,FALSE
CRT_067,LOCATED_IN,,O_26,O_26,1935,1949,,1949-,RECORDED PLACE NAME: Shanghai,AMCC_1935_69;AMCC_1936_69;AMCC_1938_65;AMCC_1939_65;AMCC_1942_65;AMCC_1947_65;AMCC_1949_62,FALSE,FALSE
CRT_079,LOCATED_IN,,O_26,O_26,1933,1937,,1937-,RECORDED PLACE NAME: Shanghai,AMCC_1933_61;AMCC_1934_69;AMCC_1937_69,FALSE,FALSE
CRT_080,LOCATED_IN,,O_26,O_26,1933,1937,,1937-,RECORDED PLACE NAME: Shanghai,AMCC_1933_61;AMCC_1934_69;AMCC_1937_69,FALSE,FALSE
CRT_081,LOCATED_IN,,O_26,O_26,1933,,,-,RECORDED PLACE NAME: Shanghai,AMCC_1933_61,FALSE,FALSE
CRT_082,LOCATED_IN,,O_26,O_26,1933,,,-,RECORDED PLACE NAME: Shanghai,AMCC_1933_61,FALSE,FALSE
CRT_247,LOCATED_IN,,O_26,O_26,1933,1949,,1949-,RECORDED PLACE NAME: Shanghai,AMCC_1933_61;AMCC_1934_69;AMCC_1935_69;AMCC_1936_69;AMCC_1937_69;AMCC_1938_65;AMCC_1939_65;AMCC_1942_65;AMCC_1947_65;AMCC_1949_63,FALSE,FALSE
CRT_249,LOCATED_IN,,O_26,O_26,1933,1949,,1949-,RECORDED PLACE NAME: Shanghai,AMCC_1933_61;AMCC_1934_69;AMCC_1935_69;AMCC_1936_69;AMCC_1937_69;AMCC_1938_65;AMCC_1939_65;AMCC_1942_65;AMCC_1947_65;AMCC_1949_63,FALSE,FALSE
CRT_251,LOCATED_IN,,O_26,O_26,1935,1947,,1947-,RECORDED PLACE NAME: Shanghai,AMCC_1935_69;AMCC_1936_69;AMCC_1938_65;AMCC_1939_65;AMCC_1942_65;AMCC_1947_65,FALSE,FALSE
CRT_252,LOCATED_IN,,O_26,O_26,1933,1937,,1937-,RECORDED PLACE NAME: Shanghai,AMCC_1933_61;AMCC_1934_69;AMCC_1937_69,FALSE,FALSE
CRT_253,LOCATED_IN,,O_26,O_26,1933,1934,,1934-,RECORDED PLACE NAME: Shanghai,AMCC_1933_61;AMCC_1934_69,FALSE,FALSE
CRT_258,LOCATED_IN,,O_26,O_26,1933,1949,,1949-,RECORDED PLACE NAME: Shanghai,AMCC_1933_61;AMCC_1934_69;AMCC_1935_69;AMCC_1936_69;AMCC_1937_69;AMCC_1938_65;AMCC_1939_65;AMCC_1942_65;AMCC_1947_65;AMCC_1949_63,FALSE,FALSE
CRT_259,LOCATED_IN,,O_26,O_26,1942,1949,,1949-,RECORDED PLACE NAME: Shanghai,AMCC_1942_65;AMCC_1947_65;AMCC_1949_63,FALSE,FALSE
CRT_260,LOCATED_IN,,O_26,O_26,1934,1937,,1937-,RECORDED PLACE NAME: Shanghai,AMCC_1934_69;AMCC_1937_69,FALSE,FALSE
CRT_113,LOCATED_IN,,O_26,O_26,1933,1949,,1949-,RECORDED PLACE NAME: Shanghai,AMCC_1933_61;AMCC_1934_69;AMCC_1935_69;AMCC_1936_69;AMCC_1937_69;AMCC_1938_65;AMCC_1939_65;AMCC_1942_65;AMCC_1947_65;AMCC_1949_63,FALSE,FALSE
CRT_115,LOCATED_IN,,O_26,O_26,1933,1949,,1949-,RECORDED PLACE NAME: Shanghai,AMCC_1933_61;AMCC_1934_69;AMCC_1936_69;AMCC_1937_69;AMCC_1938_65;AMCC_1939_65;AMCC_1942_65;AMCC_1947_65;AMCC_1949_63,FALSE,FALSE
CRT_248,LOCATED_IN,,O_26,O_26,1933,1949,,1949-,RECORDED PLACE NAME: Yangkingpang,AMCC_1933_61;AMCC_1934_69;AMCC_1935_69;AMCC_1936_69;AMCC_1937_69;AMCC_1938_65;AMCC_1939_65;AMCC_1942_65;AMCC_1947_65;AMCC_1949_63,FALSE,FALSE
CRT_226,LOCATED_IN,,O_26,O_26,1937,,,-,,AMCC_1937_69,FALSE,FALSE
CRT_264,LOCATED_IN,,O_3,O_3,1933,1947,,1947-,,AMCC_1933_63;AMCC_1934_70;AMCC_1935_70;AMCC_1936_70;AMCC_1937_70;AMCC_1938_67;AMCC_1939_67;AMCC_1942_67;AMCC_1947_67,FALSE,FALSE
CRT_266,LOCATED_IN,,O_3,O_3,1933,1935,,1935-,,AMCC_1933_63;AMCC_1934_70;AMCC_1935_70,FALSE,FALSE
CRT_349,LOCATED_IN,,O_3,O_3,1937,1947,,1947-,RECORDED PLACE NAME: Chungking,AMCC_1937_70;AMCC_1938_67;AMCC_1939_67;AMCC_1942_67;AMCC_1947_67,FALSE,FALSE
CRT_198,LOCATED_IN,,O_3,O_3,1933,1935,,1935-,,AMCC_1933_62;AMCC_1934_70;AMCC_1935_70,FALSE,FALSE
CRT_199,LOCATED_IN,,O_3,O_3,1933,1935,,1935-,,AMCC_1933_62;AMCC_1934_70;AMCC_1935_70,FALSE,FALSE
CRT_200,LOCATED_IN,,O_3,O_3,1933,1935,,1935-,,AMCC_1933_62;AMCC_1934_70;AMCC_1935_70,FALSE,FALSE
CRT_098,LOCATED_IN,,O_3,O_3,1933,1949,,1949-,,AMCC_1933_62;AMCC_1934_70;AMCC_1935_70;AMCC_1936_70;AMCC_1937_70;AMCC_1938_67;AMCC_1939_67;AMCC_1942_67;AMCC_1947_67;AMCC_1949_65,FALSE,FALSE
CRT_353,LOCATED_IN,,O_3,O_3,1939,1947,,1947-,,AMCC_1939_67;AMCC_1942_67;AMCC_1947_67,FALSE,FALSE
CRT_084,LOCATED_IN,,O_30,O_30,1933,1949,,1949-,RECORDED PLACE NAME: Tientsin,AMCC_1933_59;AMCC_1934_66;AMCC_1935_66;AMCC_1936_66;AMCC_1937_66;AMCC_1938_62;AMCC_1939_62;AMCC_1942_62;AMCC_1947_62;AMCC_1949_60,FALSE,FALSE
CRT_086,LOCATED_IN,,O_30,O_30,1933,1949,,1949-,RECORDED PLACE NAME: Tientsin,AMCC_1933_59;AMCC_1934_66;AMCC_1935_66;AMCC_1937_66;AMCC_1947_62;AMCC_1949_60,FALSE,FALSE
CRT_033,LOCATED_IN,,O_30,O_30,1934,1949,,1949-,RECORDED PLACE NAME: Tientsin,AMCC_1934_66;AMCC_1935_65;AMCC_1936_66;AMCC_1938_62;AMCC_1939_62;AMCC_1942_62;AMCC_1947_62;AMCC_1949_60,FALSE,FALSE
CRT_034,LOCATED_IN,,O_30,O_30,1933,1949,,1949-,RECORDED PLACE NAME: Tientsin,AMCC_1933_59;AMCC_1935_66;AMCC_1937_66;AMCC_1939_62;AMCC_1942_62;AMCC_1947_62;AMCC_1949_60,FALSE,FALSE
CRT_110,LOCATED_IN,,O_30,O_30,1933,1949,,1949-,RECORDED PLACE NAME: Tientsin,AMCC_1933_59;AMCC_1934_66;AMCC_1935_66;AMCC_1936_66;AMCC_1937_66;AMCC_1938_62;AMCC_1939_62;AMCC_1942_62;AMCC_1947_62;AMCC_1949_60,FALSE,FALSE
CRT_111,LOCATED_IN,,O_30,O_30,1933,1949,,1949-,RECORDED PLACE NAME: Tientsin,AMCC_1933_59;AMCC_1934_66;AMCC_1935_66;AMCC_1936_66;AMCC_1937_66;AMCC_1938_62;AMCC_1939_77;AMCC_1942_62;AMCC_1947_62;AMCC_1949_60,FALSE,FALSE
CRT_303,LOCATED_IN,,O_30,O_30,1934,1949,,1949-,RECORDED PLACE NAME: Tientsin,AMCC_1934_66;AMCC_1935_66;AMCC_1936_66;AMCC_1938_62;AMCC_1939_62;AMCC_1942_62;AMCC_1947_62;AMCC_1949_60,FALSE,FALSE
CRT_307,LOCATED_IN,,O_30,O_30,1937,1949,,1949-,RECORDED PLACE NAME: Tientsin,AMCC_1937_66;AMCC_1942_62;AMCC_1947_62;AMCC_1949_60,FALSE,FALSE
CRT_371,LOCATED_IN,,O_30,O_30,1937,,,-,RECORDED PLACE NAME: Tientsin,AMCC_1937_66,FALSE,FALSE
CRT_372,LOCATED_IN,,O_30,O_30,1937,,,-,RECORDED PLACE NAME: Tientsin,AMCC_1937_66,FALSE,FALSE
CRT_305,LOCATED_IN,,O_31,O_31,1937,1949,,1949-,RECORDED PLACE NAME: Tientsin,AMCC_1937_66;AMCC_1939_62;AMCC_1942_62;AMCC_1947_62;AMCC_1949_60,FALSE,FALSE
CRT_269,LOCATED_IN,,F_161,F_161,1934,1935,,1935-,,AMCC_1934_65;AMCC_1935_65,FALSE,FALSE
CRT_288,LOCATED_IN,,O_21,O_21,1936,1949,,1949-,RECORDED PLACE NAME: Balgason,AMCC_1936_64;AMCC_1937_64;AMCC_1938_60;AMCC_1939_60;AMCC_1942_60;AMCC_1949_58,FALSE,FALSE
CRT_012,LOCATED_IN,,Y_1985,Y_1985,1933,1935,,1935-,RECORDED PLACE NAME: Fuan,AMCC_1933_65;AMCC_1934_72;AMCC_1935_73,FALSE,FALSE
CRT_297,LOCATED_IN,,F_223,F_223,1942,1949,,1949-,RECORDED PLACE NAME: Shunteh,AMCC_1942_61;AMCC_1947_61;AMCC_1949_59,FALSE,FALSE
CRT_298,LOCATED_IN,,F_223,F_223,1942,1949,,1949-,RECORDED PLACE NAME: Shunteh,AMCC_1942_61;AMCC_1947_61;AMCC_1949_59,FALSE,FALSE
CRT_241,LOCATED_IN,,F_29,F_29,1933,1935,,1935-,RECORDED PLACE NAME: Sungshutsuitze,AMCC_1933_56;AMCC_1934_64;AMCC_1935_64,FALSE,FALSE
CRT_289,LOCATED_IN,,F_107,F_107,1949,,,-,RECORDED PLACE NAME: Tsining,AMCC_1949_58,FALSE,FALSE
CRT_176,LOCATED_IN,,Y_2689,Y_2689,1933,1949,,1949-,RECORDED PLACE NAME: Yungping,AMCC_1933_59;AMCC_1934_66;AMCC_1935_66;AMCC_1936_66;AMCC_1937_66;AMCC_1938_62;AMCC_1939_62;AMCC_1942_62;AMCC_1947_62;AMCC_1949_60,FALSE,FALSE
CRT_312,LOCATED_IN,,Y_2689,Y_2689,1933,1949,,1949-,RECORDED PLACE NAME: Yungping,AMCC_1933_59;AMCC_1934_66;AMCC_1935_66;AMCC_1936_66;AMCC_1937_66;AMCC_1938_62;AMCC_1939_62;AMCC_1942_63;AMCC_1947_63;AMCC_1949_61,FALSE,FALSE
CRT_152,LOCATED_IN,,F_161,F_161,1933,,,-,,AMCC_1933_57,FALSE,FALSE
CRT_153,LOCATED_IN,,F_161,F_161,1933,,,-,,AMCC_1933_57,FALSE,FALSE
CRT_154,LOCATED_IN,,F_161,F_161,1933,,,-,,AMCC_1933_57,FALSE,FALSE
CRT_158,LOCATED_IN,,Y_1029,Y_1029,1934,1949,,1949-,,AMCC_1934_64;AMCC_1936_64;AMCC_1937_64;AMCC_1938_60;AMCC_1939_60;AMCC_1942_60;AMCC_1949_58,FALSE,FALSE
CRT_166,LOCATED_IN,,Y_1076,Y_1076,1933,1949,,1949-,,AMCC_1933_56;AMCC_1934_64;AMCC_1935_64;AMCC_1936_64;AMCC_1937_64;AMCC_1938_60;AMCC_1939_60;AMCC_1942_60;AMCC_1947_60;AMCC_1949_58,FALSE,FALSE
CRT_184,LOCATED_IN,,Y_321,Y_321,1933,,,-,,AMCC_1933_57,FALSE,FALSE
CRT_101,LOCATED_IN,,O2,O2,1933,1934,,1934-,,AMCC_1933_58;AMCC_1934_66,FALSE,FALSE
CRT_242,LOCATED_IN,,F_29,F_29,1933,1935,,1935-,,AMCC_1933_56;AMCC_1934_64;AMCC_1935_64,FALSE,FALSE
CRT_244,LOCATED_IN,,Y_1979,Y_1979,1935,1937,,1937-,,AMCC_1935_73;AMCC_1937_72,FALSE,FALSE
CRT_138,LOCATED_IN,,Y_1412,Y_1412,1933,,,-,,AMCC_1933_60,FALSE,FALSE
CRT_121,LOCATED_IN,,O26,O26,1933,1934,,1934-,,AMCC_1933_61;AMCC_1934_69,FALSE,FALSE
CRT_379,LOCATED_IN,,Y_1412,Y_1412,1933,,,-,,AMCC_1933_60,FALSE,FALSE