TEMP_ID,:LABEL,NAME_WESTERN,FAMILY_NAME_WESTERN,GIVEN_NAME_WESTERN,ALT_NAME_WESTERN,CHINESE_NAME_HANZI,CHINESE_ALT_NAME_HANZI,FAMILY_NAME_HANZI,GIVEN_NAME_HANZI,ALT_NAME_HANZI,CATEGORY,SUBCATEGORY,CHRISTIAN_TRADITION,GENDER,GENDER_SERVED,NATIONALITY,BIRTH_DATE,BIRTH_PLACE,DEATH_DATE,DEATH_PLACE,DEGREES,TITLES,OCCUPATION,NOTES,SOURCE
EDCPT_7000,Person,,Abbey,K.J. {Miss},,,,,,,,,,F,,,,,,,B.A.,,,,EDC_1916_01
EDCPT_7001,Person,,Abbey,Katherine J. {Miss},,,,,,,,,,F,,U.S.A.,,,,,B.A.,,,"Teacher of History, Cottey College, Neveda, Missouri, U.S.A.",EDC_1918_1; EDC_1917_1
EDCPT_7002,Person,,Abel,Edith F. {Miss},,,,,,,,,,F,,,,,,,,,,,EDC_1920_1; EDC_1918_1
EDCPT_7003,Person,,Abel,F.,,,,,,,,,,M,,,,,,,B.S.,,,,EDC_1920_1
EDCPT_7004,Person,,Abel,M.,,,,,,,,,,U,,,,,,,,,,,EDC_1918_1; EDC_1917_1
EDCPT_7005,Person,,Achilles,Paul,,,,,,,,,,U,,,,,,,B. A,,,,EDC_1914_1
EDCPT_7006,Person,,Adams,E.L. {Miss},,,,,,,,,,F,,,,,,,,,,,EDC_1916_01
EDCPT_7007,Person,,Adams,Evelyn L. {Miss},,,,,,,,,,F,,,,,,,B.Pd.,,,,EDC_1920_1: EDC_1917_1
EDCPT_7008,Person,,Adams,Frances W. {Miss},,,,,,,,,,F,,,,,,,,,,,EDC_1920_1; EDC_1918_1; EDC_1917_1
EDCPT_7009,Person,,Adams,George,,,,,,,,,,M,,,,,,,D.Sc.,,,,EDC_1918_1; EDC_1917_1
EDCPT_7010,Person,,Adams,George Irving,,,,,,,,,,U,,,,,,,B. A.;M. Sc.,,,,EDC_1914_1
EDCPT_7011,Person,,Adams,George J.,,,,,,,,,,M,,,,,,,,,,,EDC_1920_1
EDCPT_7012,Person,,Adams,Jean {Miss},,,,,,,,,,F,,,,,,,,,,,EDC_1918_1; EDC_1917_1
EDCPT_7013,Person,,Adams,Jean {Miss},,,,,,,,,,F,,,,,,,,,,,EDC_1916_01
EDCPT_7014,Person,,Adams,Walter A,,,,,,,,,,,,,,,,,LL. B.,,,,EDC_1916_01
EDCPT_7015,Person,,Adelina,Outeiro da Silva {Miss},,,,,,,,,,F,,,,,,,,,,,EDC_1920_1
EDCPT_7016,Person,,Adlam,Edith Mary {Miss},,,,,,,,,,F,,,,,,,British Board of Education Certificate,,,,EDC_1920_1
EDCPT_7017,Person,,Adolph,W.H.,,,,,,,,,,U,,,,,,,Ph.D.,,,,EDC_1918_1
EDCPT_7018,Person,,Adolph,William H,,,,,,,,,,,,,,,,,Ph. D.,,,,EDC_1916_01
EDCPT_7019,Person,,Adolph,William Henry,,,,,,,,,,M,,,,,,,Ph.D.,,,,EDC_1920_1; EDC_1917_1
EDCPT_7020,Person,,Adon,,,,,,,,,,,M,,,,,,,,,,,EDC_1920_1
EDCPT_7021,Person,,Ai,Joseph,,,,,,,,,,M,,,,,,,B.A.,,,,EDC_1920_1
EDCPT_7022,Person,,Ai,Tseng-choh,,,,,,,,,,,,,,,,,,,,,EDC_1920_1
EDCPT_7023,Person,,Aiken,E.A. {Mrs.},,,,,,,,,,F,,,,,,,,,,,EDC_1918_1
EDCPT_7024,Person,,Aiken,Edwin E.,,,,,,,,,,M,,,,,,,"B.A., B.D.",Rev.,,,EDC_1918_1;EDC_1920_1
EDCPT_7025,Person,,,Aimar {Brother},,,,,,,,,,M,,,,,,,,,,,EDC_1920_1; EDC_1917_1
EDCPT_7026,Person,,Aitchison,G.L.,,,,,,,,,,M,,,,,,,,,,,EDC_1918_1;EDC_1920_1
EDCPT_7027,Person,,Albertson,W.B.,,,,,,,,,,M,,U.S.A,,,,,B.A.; B.D.,Rev.,,,EDC_1918_1; EDC_1917_1
EDCPT_7028,Person,,Alboin,{Rev. Brother},,,,,,,,,,M,,,,,,,,,,,EDC_1920_1
EDCPT_7029,Person,,Aldag,,,,,,,,,,,M,,,,,,,,,,,EDC_1920_1
EDCPT_7030,Person,,Alexander,G. Small,,,,,,,,,,,,,,,,,M.E.,,,,EDC_1916_01
EDCPT_7031,Person,,Alexis,{Brother},,,,,,,,,,M,,,,,,,,Rev.,,,EDC_1920_1
EDCPT_7032,Person,,Alexis,L. {Brother},,,,,,,,,,M,,,,,,,,Rev.,,,EDC_1920_1
EDCPT_7033,Person,,Alexius,{Brother},,,,,,,,,,M,,,,,,,,Rev.,,,EDC_1920_2
EDCPT_7034,Person,,Alfred,{Brother},,,,,,,,,,M,,,,,,,,Rev.,,,EDC_1920_2
EDCPT_7035,Person,,Alix,{Sister},,,,,,,,,,F,,,,,,,,Rev.,,,EDC_1920_2
EDCPT_7036,Person,,Allan,C. W.,,,,,,,,,,M,,,,,,,,Rev.,,,EDC_1917_1
EDCPT_7037,Person,,Allan,A.S.,,,,,,,,,,M,,,,,,,,,,,EDC_1918_1
EDCPT_7038,Person,,Allan,Chn,,,,,,,,,,,,,,,,,B.A.,,,,EDC_1916_01
EDCPT_7039,Person,,Allan,H. {Mrs.},,,,,,,,,,F,,,,,,,,,Librarian,,EDC_1920_2
EDCPT_7040,Person,,Allan,James Cyril D,,,,,,,,,,U,,,,,,,Ch.B.; M.D.,,,,EDC_1914_1
EDCPT_7041,Person,,Allemande,A.,,,,,,,,,,F,,,,,,,,,,,EDC_1917_1
EDCPT_7042,Person,,Allen,{Miss.},,,,,,,,,,,,,,,,,,,,,EDC_1917_1
EDCPT_7043,Person,,Allen,{Miss},,,,,,,,,,F,,,,,,,,,,,EDC_1920_2
EDCPT_7044,Person,,Allen,E. {Miss},,,,,,,,,,F,,,,,,,,,,,EDC_1920_2
EDCPT_7045,Person,,Allen;,M. {Miss},,,,,,,,,,F,,,,,,,,,,,EDC_1920_2
EDCPT_7046,Person,,Allgood,Roy,,,,,,,,,,M,,,,,,,B.S.,,,,EDC_1920_2
EDCPT_7047,Person,,Allison,Andrew,,,,,,,,,,M,,,,,,,B.Sc.; M.A.,,,,EDC_1918_1
EDCPT_7048,Person,,Allison,Andrew,,,,,,,,,,,,,,,,,B.Sc M.A.,,,,EDC_1916_01
EDCPT_7049,Person,,Allison,J.,,,,,,,,,,M,,,,,,,"B.Sc., M.A.",,,,EDC_1920_2; EDC_1917_1
EDCPT_7050,Person,,Alliston,F.M. {Miss},,,,,,,,,,F,,,,,,,,,,,EDC_1920_2; EDC_1917_1
EDCPT_7051,Person,,Allyn,Harriet {Miss},,,,,,,,,,F,,USA,1883,,1957,,M.Sc. Ph. D.,,,"Instructor in Biology, Lake Erie College",EDC_1916_02
EDCPT_7052,Person,,Allyn,Harriet M. {Miss},,,,,,,,,,F,,,,,,,"B.A., M.Sc., Ph.D",,,,EDC_1918_2;EDC_1920_2; EDC_1917_1
EDCPT_7053,Person,,Alonso,Severiano,,,,,,,,,,M,,,,,,,,Rev. Fr.,,,EDC_1917_1
EDCPT_7054,Person,,Alphonse,L. {Brother},,,,,,,,,,M,,,,,,,,Rev.,,,EDC_1920_2
EDCPT_7055,Person,,Alphonse-Louis,{Rev. Brother},,,,,,,,,,M,,,,,,,,,,,EDC_1920_2
EDCPT_7056,Person,,Alsop,G.F.,,,,,,,,,,,,,,,,,M.D.,,,,EDC_1916_02
EDCPT_7057,Person,,Alsup,Alice {Miss},,,,,,,,,,F,,,,,,,,,,,EDC_1920_2
EDCPT_7058,Person,,Althaus,{Miss},,,,,,,,,,F,,U.S.A,,,,,B.A.,,,,EDC_1918_2
EDCPT_7059,Person,,Althaus,C. P.,,,,,,,,,,U,,,,,,,B. A.,Rev,,,EDC_1914_1
EDCPT_7060,Person,,Althaus,C.P.,,,,,,,,,,M,,U.S.A,,,,,B.A.,,,,EDC_1918_2; EDC_1917_2
EDCPT_7061,Person,,Althaus,C.P.,,,,,,,,,,,,,,,,,B.A.,,,,EDC_1916_02
EDCPT_7062,Person,,Althaus,C.P. {Mrs.},,,,,,,,,,F,,,,,,,B.A.,,,,EDC_1917_2
EDCPT_7063,Person,,Alty,H.J.,,,,,,,,,,M,,,,,,,,,,,EDC_1920_2; EDC_1917_2
EDCPT_7064,Person,,Alty,H.J.,,,,,,,,,,,,,,,,,,,,,EDC_1916_02
EDCPT_7065,Person,,Alty,H.J. {Mrs.},,,,,,,,,,F,,,,,,,,,"""Visiting teacher""",,EDC_1918_2;EDC_1920_2
EDCPT_7066,Person,,Alty,Herbert J.,,,,,,,,,,U,,,,,,,,,,,EDC_1914_1
EDCPT_7067,Person,,Alvarez,H.J.,,,,,,,,,,M,,,,,,,,Br.,,,EDC_1918_3; EDC_1917_2
EDCPT_7068,Person,,Amateur,{Brother},,,,,,,,,,M,,,,,,,,Br.,,,EDC_1918_2;EDC_1920_2; EDC_1917_2
EDCPT_7069,Person,,Amour,Mary D. {Sister},,,,,,,,,,F,,,,,,,,,,,EDC_1918_2;EDC_1920_2; EDC_1917_2
EDCPT_7070,Person,,Amour,Mary D. {SIster},,,,,,,,,,F,,,,,,,,,,,EDC_1916_02
EDCPT_7071,Person,,An,Pun-bang,,,,,,,,,,,,,,,,,,,,,EDC_1920_2
EDCPT_7072,Person,,Ancell,{Rev.},,,,,,,,,,M,,,,,,,"B.D., M.A., D.D.",Rev.,,,EDC_1918_2;EDC_1920_3; EDC_1917_2
EDCPT_7073,Person,,Ancell,B. L.,,,,,,,,,,U,,,,,,,M.A.,Rev,,,EDC_1914_1
EDCPT_7074,Person,,Ancell,B.L.,,,,,,,,,,,,,,,,,M.A.,Rev.,,16 YEARS,EDC_1916_02
EDCPT_7075,Person,,Anderson,,,,,,,,,,,,,,,,,,P.H.,Rev.,,,EDC_1917_2
EDCPT_7076,Person,,Anderson,A. Ross {Mrs.},,,,,,,,,,F,,,,,,,M.D.,,,,EDC_1918_2;EDC_1920_3
EDCPT_7077,Person,,Anderson,A.S.M.,,,,,,,,,,M,,,,,,,M.A.,Rev.,,,EDC_1918_2;EDC_1920_3; EDC_1917_2
EDCPT_7078,Person,,Anderson,A.S.M.,,,,,,,,,,,,,,,,,M.A.,Rev.,,,EDC_1916_02
EDCPT_7079,Person,,Anderson,Elam J.,,,,,,,,,,M,,,,,,,"B.A., M.A.",,"Director of Schools, East China Mission of the ABFMS",,EDC_1918_2;EDC_1920_3
EDCPT_7080,Person,,Anderson,Florence {Miss},,,,,,,,,,F,,,,,,,,,,,EDC_1918_2;EDC_1920_3
EDCPT_7081,Person,,Anderson,Henry J.P.,,,,,,,,,,M,,,,,,,M.A.,,,,EDC_1918_2;EDC_1920_3; EDC_1917_2
EDCPT_7082,Person,,Anderson,Henry J.P.,,,,,,,,,,,,,,,,,M.A.,,,"31.5 years in Scotland, 11 years in above college",EDC_1916_02
EDCPT_7083,Person,,Anderson,J.A.,,,,,,,,,,M,,,,,,,M.D.,,,,EDC_1918_2;EDC_1920_3; EDC_1917_2
EDCPT_7084,Person,,Anderson,M. R. {Miss.},,,,,,,,,,,,,,,,,,,,,EDC_1917_2
EDCPT_7085,Person,,Anderson,Marie {Miss.},,,,,,,,,,F,,,,,,,,Rev.,,,EDC_1917_2
EDCPT_7086,Person,,Anderson,Mary Raleigh {Miss},,,,,,,,,,F,,,,,,,,,,,EDC_1918_2;EDC_1920_3
EDCPT_7087,Person,,Anderson,Minnie M. {Mrs.},,,,,,,,,,F,,,,,,,,,,,EDC_1918_2;EDC_1920_3
EDCPT_7088,Person,,Anderson,P.B.,,,,,,,,,,,,,,,,,,,,,EDC_1916_02
EDCPT_7089,Person,,Anderson,R.,,,,,,,,,,M,,,,,,,,,,,EDC_1918_2;EDC_1920_3
EDCPT_7090,Person,,Anderson,W.J.W.,,,,,,,,,,,,,,,,,M.D. Ch.B.,,,,EDC_1917_2
EDCPT_7091,Person,,Anderson,William Dunbar,,,,,,,,,,M,,,,,,,,,,,EDC_1918_2;EDC_1920_3; EDC_1917_2
EDCPT_7092,Person,,Anderson,William Dunbar,,,,,,,,,,,,,,,,,,,,4 years under Durham,EDC_1916_02
EDCPT_7093,Person,,Andre,F.,,,,,,,,,,,,,,,,,S.J.,Rev.,,,EDC_1917_2
EDCPT_7094,Person,,André,F.,,,,,,,,,,M,,,,,,,,Rev.,,,EDC_1918_2;EDC_1920_3
EDCPT_7095,Person,,Andre,J.,,,,,,,,,,M,,,,,,,,Fr.,,,EDC_1917_2
EDCPT_7096,Person,,André-Gabriel,{Brother},,,,,,,,,,M,,France,,,,,,,,,EDC_1918_2;EDC_1920_3
EDCPT_7097,Person,,Andrew,Geirge Findlay,,,,,,,,,,M,,,1887,,1971,,,,,,EDC_1916_02
EDCPT_7098,Person,,Andrew,George Findlay,,,,,,,,,,M,,,,,,,O.R.E.,F.R.G.S,,,EDC_1918_2;EDC_1917_2;EDC_1920_3
EDCPT_7099,Person,,Andrew,Mary {Miss},,,,,,,,,,F,,,,,,,,,,,EDC_1916_02
EDCPT_7100,Person,,Andrews,Mary E. {Miss},,,,,,,,,,F,,,,,,,,,,,EDC_1918_2;EDC_1920_3; EDC_1917_2
EDCPT_7101,Person,,Ange,Tsung,,,,,,,,,,,,,,,,,,,,,EDC_1916_03
EDCPT_7102,Person,,Angelé,{Mlle.},,,,,,,,,,F,,,,,,,,,,,EDC_1920_4
EDCPT_7103,Person,,Angelin,M.,,,,,,,,,,M,,,,,,,,Rev.,,,EDC_1918_3; EDC_1917_2
EDCPT_7104,Person,,Anges,,,,,,,,,,,F,,,,,,,,,,,EDC_1918_3
EDCPT_7105,Person,,Angus,William R.,,,,,,,,,,,,,,,,,B.A.,,,,EDC_1916_03
EDCPT_7106,Person,,Angwin,{Miss},,,,,,,,,,F,,,,,,,,,,,EDC_1916_03
EDCPT_7107,Person,,Angwin,R. {Miss},,,,,,,,,,F,,,,,,,,,,,EDC_1918_3; EDC_1917_2
EDCPT_7108,Person,,Anneberg,Anna Marie {Miss},,,,,,,,,,F,,,,,,,B. A.,,,,EDC_1914_1
EDCPT_7109,Person,,Annis,{Rev.},,,,,,,,,,M,,,,,,,"S.E., M.A., B.D.",,,,EDC_1920_4
EDCPT_7110,Person,,Anthelme,{Brother},,,,,,,,,,M,,,,,,,,,,,EDC_1918_3;EDC_1920_4; EDC_1917_3
EDCPT_7111,Person,,Anthony,{Brother},,,,,,,,,,M,,,,,,,,Rev.,,,EDC_1920_4
EDCPT_7112,Person,,Anthony,"Janet, M. {Miss}",,,,,,,,,,F,,,,,,,,,,,EDC_1918_3
EDCPT_7113,Person,,Antoine,,,,,,,,,,,F,,,,,,,,,,,EDC_1918_3
EDCPT_7114,Person,,Antoine,King,King; Antoine,,,,,,,,,M,,,,,,,,,,,EDC_1920_4; EDC_1916_56
EDCPT_7115,Person,,Anton,C.E.,,,,,,,,,,M,,,,,,,,,,,EDC_1918_3
EDCPT_7116,Person,,Antonin,{Brother},,,,,,,,,,M,,,,,,,,Rev.,,,EDC_1920_4
EDCPT_7117,Person,,Aoki,T.,,,,,,,,,,M,,,,,,,,,,,EDC_1917_3
EDCPT_7118,Person,,Aplin,H. G.{Miss},,,,,,,,,,F,,,,,,,,,,,EDC_1914_1
EDCPT_7119,Person,,Aplin,H.G. {Miss},,,,,,,,,,F,,,,,,,,,,,EDC_1916_03
EDCPT_7120,Person,,Archangelus,{Frére},,,,,,,,,,M,,France,,,,,,,,,EDC_1920_4
EDCPT_7121,Person,,Archangelus,{Brother},,,,,,,,,,M,,,,,,,,Rev.,,,EDC_1920_4
EDCPT_7122,Person,,Argelander,Frank,,,,,,,,,,M,,,,,,,B.A.,,,,EDC_1920_4
EDCPT_7123,Person,,Aristonique,{Brother},,,,,,,,,,M,,,,,,,,Rev.,,,EDC_1920_4
EDCPT_7124,Person,,Aristonique,M.,,,,,,,,,,,,,,,,,,,,,EDC_1917_3
EDCPT_7125,Person,,Arlt,,,,,,,,,,,,,,,,,,,,,,EDC_1916_03
EDCPT_7126,Person,,Arnaiz,Gregorio {Brother},,,,,,,,,,M,,,,,,,,O.P.,,,EDC_1920_4; EDC_1917_3
EDCPT_7127,Person,,Arnold,{Mrs.},,,,,,,,,,F,,,,,,,,,,,EDC_1916_03
EDCPT_7128,Person,,Arnold,Annie M. {Mrs.},,,,,,,,,,F,,,,,,,,,,,EDC_1920_4; EDC_1917_3
EDCPT_7129,Person,,Arnold,L.,,,,,,,,,,,,,,,,,Ph.B.,,,,EDC_1917_3
EDCPT_7130,Person,,Arps,{Mrs.},,,,,,,,,,F,,,,,,,,,,,EDC_1916_03
EDCPT_7131,Person,,Arps,W.,,,,,,,,,,,,,,,,,,,,,EDC_1916_03
EDCPT_7132,Person,,Arthurs,Ann Catherine {Miss},,,,,,,,,,F,,,,,,,B.A.,,,,EDC_1920_4
EDCPT_7133,Person,,Artindale,K. {Mrs.},,,,,,,,,,F,,,,,,,,,,,EDC_1917_3
EDCPT_7134,Person,,Ashby,Carrie M {Miss},,,,,,,,,,F,,,,,,,,,,,EDC_1916_03
EDCPT_7135,Person,,Ashby,Carrie M. {Miss.},,,,,,,,,,F,,,,,,,,,,,EDC_1917_3
EDCPT_7136,Person,,Atkins,E. {Miss},,,,,,,,,,F,,,,,,,,,,,EDC_1920_4
EDCPT_7137,Person,,Atkinson,Virginia M. {Miss},,,,,,,,,,F,,,,,,,,,,,EDC_1920_4; EDC_1917_3
EDCPT_7138,Person,,Attaway,B. {Miss.},,,,,,,,,,,,,,,,,B.A.,,,,EDC_1917_3
EDCPT_7139,Person,,Aubrey,G.E.,,,,,,,,,,M,,,,,,,M.D.,,,,EDC_1920_4; EDC_1917_3
EDCPT_7140,Person,,Audigier,{Madam},,,,,,,,,,F,,,,,,,,,,,EDC_1914_1
EDCPT_7141,Person,,Audigier,S. {Mme.},,,,,,,,,,F,,France,,,,,,,,,EDC_1920_4; EDC_1917_3
EDCPT_7142,Person,,Augur,William Russell,,,,,,,,,,M,,,,,,,B.A.,,,,EDC_1920_4; EDC_1917_3
EDCPT_7143,Person,,Augustin,F.,,,,,,,,,,M,,,,,,,C.T.,,,,EDC_1920_4
EDCPT_7144,Person,,Augustin,Leon,,,,,,,,,,M,,,,,,,,Fr.,,,EDC_1917_3
EDCPT_7145,Person,,Augustine,{F.},,,,,,,,,,,,,,,,,,,,,EDC_1916_03
EDCPT_7146,Person,,Ausone,{Father},,,,,,,,,,M,,,,,,,,,,,EDC_1920_5
EDCPT_7147,Person,,Ausone,F.M.,,,,,,,,,,M,,,,,,,,,,,EDC_1917_3
EDCPT_7148,Person,,Aust,Frank,,,,,,,,,,M,,,,,,,B. Sc.,,,,EDC_1920_5
EDCPT_7149,Person,,Aust,Frank B,,,,,,,,,,U,,,,,,,B. Sc.,,,,EDC_1914_1
EDCPT_7150,Person,,Avit,{Brother},,,,,,,,,,M,,,,,,,,,,,EDC_1920_5;EDC_1917_3
EDCPT_7151,Person,,Avit,{Fre.},,,,,,,,,,,,,,,,,,,,,EDC_1916_04
EDCPT_7152,Person,,Avit,Joseph,,,,,,,,,,U,,,,,,,,,,,EDC_1914_1
EDCPT_7153,Person,,Baber,R.E.,,,,,,,,,,M,,England,,,,,B.A.,,,,EDC_1918_4; EDC_1917_3
EDCPT_7154,Person,,Bader,Edith M. {Miss},,,,,,,,,,F,,,,,,,B.A.,,,,EDC_1920_5
EDCPT_7155,Person,,Bader,Harriet A. {Miss},,,,,,,,,,F,,,,,,,M.A.,,,,EDC_1920_5
EDCPT_7156,Person,,Badgely,D.C. {Miss},,,,,,,,,,F,,,,,,,,,,,EDC_1920_5
EDCPT_7157,Person,,Bagby,Olive E. {Miss.},,,,,,,,,,F,,England,,,,,B.A.,,,,
EDCPT_7158,Person,,Bahrenburg,Lyra H. {Miss},,,,,,,,,,F,,,,,,,,,,,EDC_1920_5
EDCPT_7159,Person,,Bailey,Genevieve {Miss},,,,,,,,,,F,,,,,,,Pd.B.,,,,EDC_1920_5; EDC_1918_4
EDCPT_7160,Person,,Bailey,Margaret Hart {Miss},,,,,,,,,,F,,,,,,,B.A.,,,,EDC_1920_5; EDC_1918_4; EDC_1917_3
EDCPT_7161,Person,,Bailie,Joseph,,,,,,,,,,M,,,,,,,B.A.,,,,EDC_1920_5; EDC_1918_4; EDC_1917_4
EDCPT_7162,Person,,Bailie,Joseph,,,,,,,,,,U,,,,,,,B.A.,,,,EDC_1914_1
EDCPT_7163,Person,,Baird,George Burleigh {Rev.},,,,,,,,,,M,,,,,,,M.A.,,,,EDC_1920_5; EDC_1917_4
EDCPT_7164,Person,,Bakeman,P. R.,,,,,,,,,,M,,,,,,,M.A.,Rev.,,,EDC_1920_5
EDCPT_7165,Person,,Baker,Catherine {Miss.},,,,,,,,,,F,,,,,,,,,,,EDC_1917_4
EDCPT_7166,Person,,Baker,Dwight C.,,,,,,,,,,M,,,,,,,M.A.,,,,EDC_1917_4
EDCPT_7167,Person,,Balean,{Miss},,,,,,,,,,F,,,,,,,Art Teachers' Certificate,,,,EDC_1920_6
EDCPT_7168,Person,,Balme,Harold,,,,,,,,,,M,,U.K.,,,,,D.P.H.,,F.R.C.S.,,EDC_1920_6; EDC_1918_5; EDC_1917_4
EDCPT_7169,Person,,Bankes,{Miss},,,,,,,,,,F,,,,,,,"M.T., M.D.",,,,EDC_1920_6; EDC_1918_5
EDCPT_7170,Person,,Bankes,May T. {Miss},,,,,,,,,,F,,,,,,,,,,,EDC_1916_04
EDCPT_7171,Person,,Banks,Mary T. {Miss.},,,,,,,,,,F,,,,,,,,,,,EDC_1917_4
EDCPT_7172,Person,,Bao,Chih-ching,,,,,,,,,,U,,,,,,,,,,,EDC_1920_6
EDCPT_7173,Person,,Bao,Yuen-beh,,,,,,,,,,U,,,,,,,,,,,EDC_1914_1
EDCPT_7174,Person,,Barba,A,,,,,,,,,,M,,Spain,,,,,O.P.,Rev.,,,EDC_1918_5
EDCPT_7175,Person,,Barchet,Bessie {Miss},,,,,,,,,,F,,,,,,,,,,,EDC_1914_1
EDCPT_7176,Person,,Barker,Thomas M.,,,,,,,,,,M,,,,,,,B.A. (T.C.D.),Rev.,,,EDC_1920_6; EDC_1918_5; EDC_1917_4
EDCPT_7177,Person,,Barlow,R.C.,,,,,,,,,,U,,,,,,,,,,,EDC_1914_2
EDCPT_7178,Person,,Barnett,E.E.,,,,,,,,,,M,,,,,,,B.A.,,,,EDC_1920_6; EDC_1918_5; EDC_1917_4
EDCPT_7179,Person,,Barney,R.W.,,,,,,,,,,,,,,,,,B.A.,,,,EDC_1916_05
EDCPT_7180,Person,,Barney,R. W.,,,,,,,,,,U,,,,,,,B. A.,,,,EDC_1914_2
EDCPT_7181,Person,,Barrand,Julien,,,,,,,,,,M,,U.S.A.,,,,,LL.B.,,,,EDC_1918_5; EDC_1917_4
EDCPT_7182,Person,,Barrand,J.,,,,,,,,,,M,,,,,,,LL.D.,,,,EDC_1920_6; EDC_1918_5
EDCPT_7183,Person,,Barretto,Mercedes {Miss.},,,,,,,,,,F,,,,,,,,,,,EDC_1918_5
EDCPT_7184,Person,,Barrow,E. P. G.,,,,,,,,,,U,,,,,,,,,,,EDC_1914_2
EDCPT_7185,Person,,Barrow,E.P. Graham,,,,,,,,,,M,,,,,,,,,,,EDC_1920_6; EDC_1918_5; EDC_1917_4
EDCPT_7186,Person,,Barrow,J.N.,,,,,,,,,,,,,,,,,B.A.,,,,EDC_1917_4
EDCPT_7187,Person,,Barrow,John V.,,,,,,,,,,M,,,,,,,B.A.,,,,EDC_1920_6; EDC_1918_5
EDCPT_7188,Person,,Bartelt,K.,,,,,,,,,,U,,,,,,,,,,,EDC_1918_5; EDC_1917_4
EDCPT_7189,Person,,Bartlett,Carrie M {Miss},,,,,,,,,,f,,,,,,,Ph. B.,,,,EDC_1916_05
EDCPT_7190,Person,,Bartley,H.S.,,,,,,,,,,M,,,,,,,B.A.,,,,EDC_1920_6
EDCPT_7191,Person,,Barton,Harold Bullard,,,,,,,,,,U,,,,,,,"B. A.,",,,,EDC_1914_2
EDCPT_7192,Person,,Bascom,M.,,,,,,,,,,U,,,,,,,,,,,EDC_1914_2
EDCPT_7193,Person,,Bascombe,N. W. {Miss.},,,,,,,,,,F,,,,,,,B.A.,,,,EDC_1918_5; EDC_1917_5
EDCPT_7194,Person,,Bash,C. {Miss.},,,,,,,,,,F,,U.S.A.,,,,,B.A.; M.D.,,,,EDC_1918_5; EDC_1917_5
EDCPT_7195,Person,,Bash,C. Clementine {Miss},,,,,,,,,,F,,,,,,,M.D.,,,,EDC_1920_6
EDCPT_7196,Person,,Basilee,F.,,,,,,,,,,M,,,,,,,B.S.,,,,EDC_1920_6; EDC_1918_5
EDCPT_7197,Person,,Bassett,A.,,,,,,,,,,,,,,,,,"B.A., LL.B",,,,EDC_1916_05
EDCPT_7198,Person,,Bassity,{Mrs.},,,,,,,,,,F,,,,,,,,,,,EDC_1918_6
EDCPT_7199,Person,,Basto,A.J.,,,,,,,,,,U,,Mexico,,,,,,,,,EDC_1918_6; EDC_1917_5
EDCPT_7200,Person,,Basto,A.S.,,,,,,,,,,M,,,,,,,,,,,EDC_1920_6; EDC_1918_6
EDCPT_7201,Person,,Bate,E.B. {Miss},,,,,,,,,,F,,,,,,,,,,,EDC_1920_6
EDCPT_7202,Person,,Bateman,{Miss},,,,,,,,,,M,,,,,,,,,,,EDC_1920_6
EDCPT_7203,Person,,Bates,Margaret Handy {Miss.},,,,,,,,,,F,,,,,,,B.A.,,,,EDC_1918_6; EDC_1917_5
EDCPT_7204,Person,,Bau,T.,,,,,,,,,,U,,,,,,,,,,,EDC_1914_2
EDCPT_7205,Person,,Bau,Y.Y.,,,,,,,,,,,,,,,,,,,,,EDC_1920_6
EDCPT_7206,Person,,Baugh,V. E.R. {Miss},,,,,,,,,,F,,,,,,,,,,,EDC_1920_6; EDC_1918_6; EDC_1917_5
EDCPT_7207,Person,,Baxter,A.,,,,,,,,,,,,,,,,,,Rev.,,,EDC_1916_05
EDCPT_7208,Person,,Baxter,Alex,,,,,,,,,,M,,,,,,,B.A.,Rev.,,,EDC_1920_7; EDC_1918_6; EDC_1917_5
EDCPT_7209,Person,,Baxter,D.E.,,,,,,,,,,M,,,,,,,M.D.,,,,EDC_1920_7
EDCPT_7210,Person,,Bayne,Parker McEwan,,,,,,,,,,M,,,,,,,M.A.,,,,EDC_1920_7; EDC_1918_6; EDC_1917_5
EDCPT_7211,Person,,Be,Tuh-we,,,,,,,,,,U,,China,,,,,,,,,EDC_1918_6; EDC_1917_5
EDCPT_7212,Person,,Beach,C. {Mrs.},,,,,,,,,,F,,,,,,,,,,,EDC_1917_5
EDCPT_7213,Person,,Beach,F.P. {Mrs.},,,,,,,,,,F,,,,,,,B.A.,,,,EDC_1917_5
EDCPT_7214,Person,,Beach,Frederick P.,,,,,,,,,,M,,,,,,,M.A.,Rev.,,A.B.C.F.M. {American Board of Commissioners for Foreign Missions},EDC_1917_5
EDCPT_7215,Person,,Beach,Frederick P. {Rev.},,,,,,,,,,M,,,,,,,M.A.,,"Secretary, ""Fukien Christian Educational Association""",,EDC_1920_7; EDC_1918_6
EDCPT_7216,Person,,Beale,P.E.,,,,,,,,,,M,,,,,,,,Rev.,,,EDC_1918_6
EDCPT_7217,Person,,Beaman,W.F. {Mrs.},,,,,,,,,,F,,,,,,,,,,,EDC_1920_7
EDCPT_7218,Person,,Beard,Flora {Miss},,,,,,,,,,F,,,,,,,,,,,EDC_1920_7; EDC_1918_6; EDC_1917_5
EDCPT_7219,Person,,Beard,Mary Louise {Miss},,,,,,,,,,F,,,,,,,B.A.,,,,EDC_1920_7; EDC_1918_6; EDC_1917_5
EDCPT_7220,Person,,Beard,W.L. {Mrs.},,,,,,,,,,F,,,,,,,,,,,EDC_1920_7; EDC_1918_6
EDCPT_7221,Person,,Beard,Willard L.,,,,,,,,,,M,,,,,,,"B.A., D.D.",Rev.,,,EDC_1920_7; EDC_1918_6; EDC_1917_5
EDCPT_7222,Person,,Beath,Sterling S.,,,,,,,,,,M,,,,,,,,,,,EDC_1920_7
EDCPT_7223,Person,,Beaton,K.J.,,,,,,,,,,M,,U.S.A.,,,,,B.A.,Rev.,,,EDC_1918_6; EDC_1917_5
EDCPT_7224,Person,,Beatrice,{Sister},,,,,,,,,,F,,,,,,,,Rev.,,,EDC_1920_7; EDC_1918_6; EDC_1917_5
EDCPT_7225,Person,,Beaty,M.L. {Miss},,,,,,,,,,F,,,,,,,,,,,EDC_1920_7
EDCPT_7226,Person,,Beaucé,E.,,,,,,,,,,M,,,,,,,S.J.,Rev.,,,EDC_1920_7
EDCPT_7227,Person,,Beaucé,Eugene,,,,,,,,,,U,,,,,,,,Rev,,,EDC_1914_2
EDCPT_7228,Person,,Beaumont,Archibald George,,,,,,,,,,U,,,,,,,,,,,EDC_1914_2
EDCPT_7229,Person,,Beaver,Elizabeth {Miss},,,,,,,,,,F,,,,,,,,,,,EDC_1920_7
EDCPT_7230,Person,,Beca,Esther {Mrs.},,,,,,,,,,F,,,,,,,,,,,EDC_1920_7; EDC_1918_6
EDCPT_7231,Person,,Beck,A.,,,,,,,,,,,,,,,,,B.A.,,,,EDC_1916_06
EDCPT_7232,Person,,Beck,Carl A. {Mrs.},,,,,,,,,,F,,England,,,,,Ph.B,,,,EDC_1918_7; EDC_1917_6
EDCPT_7233,Person,,Beck,E. A.,,,,,,,,,,U,,,,,,,B. A.; B. D.,Rev,,,EDC_1914_2
EDCPT_7234,Person,,Beck,E.A. {Mrs.},,,,,,,,,,F,,,,,,,,,,,EDC_1916_06
EDCPT_7235,Person,,Beck,F.M.,,,,,,,,,,M,,England,,,,,,,,,EDC_1918_7; EDC_1917_5
EDCPT_7236,Person,,Beck,Karl H.,,,,,,,,,,M,,,,,,,Ph.B.,,,,EDC_1920_7; EDC_1918_7; EDC_1917_6
EDCPT_7237,Person,,Beckingsal,{Miss},,,,,,,,,,F,,,,,,,,,,,EDC_1914_2
EDCPT_7238,Person,,Beckingsale,{Miss},,,,,,,,,,F,,,,,,,B.A.,,,,EDC_1916_06
EDCPT_7239,Person,,Beckingsale,I.W. {Miss},,,,,,,,,,F,,,,,,,B.A.,,,,EDC_1920_7; EDC_1918_7; EDC_1917_6
EDCPT_7240,Person,,Beebe,R.C.,,,,,,,,,,,,,,,,,M.D.,,,,EDC_1916_06
EDCPT_7241,Person,,Beech,J.,,,,,,,,,,,,,,,,,"B.A., D.D.",,,,EDC_1916_06
EDCPT_7242,Person,,Beech,Joseph,,,,,,,,,,M,,,,,,,"B.A., D.D.",Rev.,,,EDC_1920_8; EDC_1918_7; EDC_1917_6
EDCPT_7243,Person,,Beeman,Norvil,,,,,,,,,,M,,,,,,,M.A.,,,,EDC_1920_8
EDCPT_7244,Person,,Beer,A.A. {Miss.},,,,,,,,,,,,,,,,,,,,,EDC_1917_6
EDCPT_7245,Person,,Beer,Esther {Mrs.},,,,,,,,,,,,,,,,,,,,,EDC_1916_06
EDCPT_7246,Person,,Beers,Douglas M.,,,,,,,,,,,,,,,,,B.A.,,,,EDC_1916_06
EDCPT_7247,Person,,Beggs,N. {Miss.},,,,,,,,,,F,,,,,,,B.A.,,,,EDC_1918_7; EDC_1917_6
EDCPT_7248,Person,,Belcher,Harold Blanchard,,,,,,,,,,M,,,,,,,M.A.,Rev.,,,EDC_1918_7; EDC_1917_6
EDCPT_7249,Person,,Belcher,N.B.,,,,,,,,,,,,,,,,,B.A.,,,,EDC_1916_06
EDCPT_7250,Person,,Belcher,W. Malprus,,,,,,,,,,M,,,,,,,,Rev.,,,EDC_1920_8; EDC_1918_7; EDC_1917_6
EDCPT_7251,Person,,Belilios,,,,,,,,,,,,,,,,,,B.A. M.D.,,,,EDC_1916_06
EDCPT_7252,Person,,Belilios,R.A.,,,,,,,,,,M,,,,,,,M.D.,F.R.C.S.,,,EDC_1920_8
EDCPT_7253,Person,,Bellocchio,(Mother) Vincenzina,,,,,,,,,,F,,Italy,,,,,,,,,EDC_1918_7
EDCPT_7254,Person,,Bemdt,{Miss},,,,,,,,,,F,,,,,,,,,,,EDC_1914_2
EDCPT_7255,Person,,Ben,Y-lee,,,,,,,,,,U,,,,,,,,,,,EDC_1920_8; EDC_1918_7
EDCPT_7256,Person,,Bendelack,G.L. {Miss.},,,,,,,,,,F,,,,,,,M.A.,,,,EDC_1920_8; EDC_1918_8; EDC_1917_6
EDCPT_7257,Person,,Bennett,A.A.G. {Mrs.},,,,,,,,,,F,,,,,,,L.L.A.,,,,EDC_1920_8; EDC_1918_8; EDC_1917_6
EDCPT_7258,Person,,Bennett,Howard,,,,,,,,,,M,,,,,,,Ph.B.,Rev.,,,EDC_1920_8
EDCPT_7259,Person,,Bennett,Howard {Mrs.},,,,,,,,,,F,,,,,,,,,,,EDC_1920_8
EDCPT_7260,Person,,Bennett,P.W.,,,,,,,,,,M.,,,,,,,B.A.,,,,EDC_1920_8
EDCPT_7261,Person,,Benort,{Brother},,,,,,,,,,M,,,,,,,,,,,EDC_1920_8
EDCPT_7262,Person,,Benschoten,Fredrika van {Miss},,,,,,,,,,F,,,,,,,B.A.,,,Absent during all or part of 1920,EDC_1920_8; EDC_1918_7
EDCPT_7263,Person,,Berchmans,{Brother},,,,,,,,,,M,,,,,,,,Rev.,,,EDC_1920_8
EDCPT_7264,Person,,Bergen,Van {Mrs.},,,,,,,,,,F,,Germany,,,,,,,,,EDC_1918_8; EDC_1917_6; EDC_1918_128;EDC_1917_99
EDCPT_7265,Person,,Besange,R. Jacquinot de,,,,,,,,,,M,,,,,,,S.J.,Rev.,,,EDC_1920_9
EDCPT_7266,Person,,Best-Dunkley,B.,,,,,,,,,,U,,,,,,,,,,,EDC_1914_2
EDCPT_7267,Person,,Bethell,S.H.H.,,,,,,,,,,M,,,,,,,,,,,EDC_1920_9
EDCPT_7268,Person,,Biancolini,F.,,,,,,,,,,U,,,,,,,,Rev,,,EDC_1914_2
EDCPT_7269,Person,,Bible,F.C.,,,,,,,,,,,,,,,,,,,,,EDC_1917_6
EDCPT_7270,Person,,Bible,F.E.,,,,,,,,,,M,,,,,,,,,,,EDC_1920_9; EDC_1918_8
EDCPT_7271,Person,,Bichard,W.E. {Mrs.},,,,,,,,,,F,,France,,,,,,,,,EDC_1918_8
EDCPT_7272,Person,,Biggin,T. {Mrs.},,,,,,,,,,F,,,,,,,,,,,EDC_1920_9
EDCPT_7273,Person,,Biggin,Thomas,,,,,,,,,,M,,,,,,,"M.A. (Oxford; ""Honours in Maths"")",Rev.,,,EDC_1917_7
EDCPT_7274,Person,,Bigler,Regina {Miss},,,,,,,,,,F,,,,,,,"M.D., University of Iowa",,,,EDC_1920_9; EDC_1918_8; EDC_1917_7
EDCPT_7275,Person,,Bigler,Regina {Miss},,,,,,,,,,,,,,,,,M.D.,,,,EDC_1916_07
EDCPT_7276,Person,,Billing,A.W.,,,,,,,,,,M,,,,,,,"B.A., M.A.",,,,EDC_1920_9; EDC_1918_8; EDC_1917_7
EDCPT_7277,Person,,Billing,M.E. {Miss},,,,,,,,,,,,,,,,,B.A.,,,,EDC_1916_07
EDCPT_7278,Person,,Billing,Mary Ellen,,,,,,,,,,U,,,,,,,B. A.,,,,EDC_1914_2
EDCPT_7279,Person,,Billings,George Michael,,,,,,,,,,U,,,,,,,M. A.,,,,EDC_1914_2
EDCPT_7280,Person,,Birbeck,R.J.,,,,,,,,,,U,,,,,,,B.A.,,,,EDC_1914_2
EDCPT_7281,Person,,Bird,R. E. O.,,,,,,,,,,U,,,,,,,M.A.,,,,EDC_1914_2
EDCPT_7282,Person,,Bishop,A. L.,,,,,,,,,,U,,,,,,,,,,,EDC_1914_2
EDCPT_7283,Person,,Bissonnette,W.S.,,,,,,,,,,,,,,,,,,Rev.,,,EDC_1916_07
EDCPT_7284,Person,,Black,{Mrs.},,,,,,,,,,F,,,,,,,,,,,EDC_1917_7
EDCPT_7285,Person,,Black,D.,,,,,,,,,,M,,,,,,,"B.A., M.B.",,,,EDC_1920_9
EDCPT_7286,Person,,Black,D. {Mrs.},,,,,,,,,,F,,,,,,,,,,,EDC_1920_9
EDCPT_7287,Person,,Black,E.F. {Mrs.},,,,,,,,,,F,,Scotland,,,,,,,,,EDC_1918_8
EDCPT_7288,Person,,Blackford,Mary {Miss},,,,,,,,,,F,,,,,,,B. A.,,,,EDC_1920_10; EDC_1918_8; EDC_1917_7
EDCPT_7289,Person,,Blackmore,L. {Miss},,,,,,,,,,F,,,,,,,,,,,EDC_1920_10; EDC_1918_9; EDC_1917_7
EDCPT_7290,Person,,Blaeis,E.,,,,,,,,,,M,,,,,,,,,,,EDC_1920_10
EDCPT_7291,Person,,Blaikie,Garden {Mrs.},,,,,,,,,,F,,,,,,,"M.B., Ch.B.",,,,EDC_1917_7
EDCPT_7292,Person,,Blaikie,T. M. M. B. Ch.B. Edin.,,,,,,,,,,U,,,,,,,,,,,EDC_1914_2
EDCPT_7293,Person,,Blain,Daniel,,,,,,,,,,M,,,,,,,,,,,EDC_1920_10
EDCPT_7294,Person,,Blain,J. Mercer {Mrs.},,,,,,,,,,F,,,,,,,,,,,EDC_1920_10; EDC_1918_9
EDCPT_7295,Person,,Blanchet,G. {Mme.},,,,,,,,,,F,,France,,,,,,,,,EDC_1918_9
EDCPT_7296,Person,,Blanco,E.,,,,,,,,,,M.,,,,,,,,,,,EDC_1920_10
EDCPT_7297,Person,,Blandine,{Sister},,,,,,,,,,F,,,,,,,,,,,EDC_1920_10; EDC_1918_9; EDC_1917_7
EDCPT_7298,Person,,Blaum,Anton Francis,,,,,,,,,,,,,,,,,M.A.,,,,EDC_1917_7
EDCPT_7299,Person,,Bleakley,M. {Miss},,,,,,,,,,F,,,,,,,M.A.,,,,EDC_1920_10; EDC_1918_9; EDC_1917_7
EDCPT_7300,Person,,Bliss,E.L. {Mrs.},,,,,,,,,,F,,,,,,,B.A.,,,,EDC_1920_10
EDCPT_7301,Person,,Bliss,M.S. {Miss.},,,,,,,,,,F,,England,,,,,,,,,EDC_1918_9; EDC_1917_7
EDCPT_7302,Person,,Bliss,Margaret S. {Miss},,,,,,,,,,,,,,,,,,,,,EDC_1916_07
EDCPT_7303,Person,,Bliss,Theodore,,,,,,,,,,M,,England,,,,,M.D.,,,,EDC_1918_9
EDCPT_7304,Person,,Blom,C.F.,,,,,,,,,,M,,,,,,,,Rev.,,,EDC_1920_10; EDC_1918_9; EDC_1917_7
EDCPT_7305,Person,,Bly,John M.,,,,,,,,,,M,,,,,,,B.A.,Rev.,"Educational secretary, Lutheran United Mission",,EDC_1920_10; EDC_1918_9; EDC_1917_8
EDCPT_7306,Person,,Bly,John M. {Mrs.},,,,,,,,,,F,,,,,,,,,,,EDC_1920_10
EDCPT_7307,Person,,Bochovsky,L. {Miss},,,,,,,,,,F,,,,,,,,,,,EDC_1920_10
EDCPT_7308,Person,,Bolt,Richard Arthuir,,,,,,,,,,U,,,,,,,B. A.,,,,EDC_1914_3
EDCPT_7309,Person,,Bolton,E.M. {Miss},,,,,,,,,,F,,,,,,,B.A.,,,,EDC_1920_10
EDCPT_7310,Person,,Bolwig,C.,,,,,,,,,,M,,,,,,,"B.A., B.D.",Rev.,,,EDC_1917_8
EDCPT_7311,Person,,Bompas,J.G.G.,,,,,,,,,,M,,,,,,,"B.A., B.D.",Rev.,,,EDC_1920_11; EDC_1918_9
EDCPT_7312,Person,,Bonaventure,F.,,,,,,,,,,M,,France,,,,,,,,,EDC_1918_9; EDC_1917_8
EDCPT_7313,Person,,Bond,Hilda M. {Miss},,,,,,,,,,F,,,,,,,,,,,EDC_1920_11
EDCPT_7314,Person,,Bondfield,D. M. {Miss},,,,,,,,,,F,,,,,,,B. A.,,,,EDC_1914_3
EDCPT_7315,Person,,Bonsall,B.S.,,,,,,,,,,M,,,,,,,B.D.,Rev.,,,EDC_1918_9; EDC_1917_8
EDCPT_7316,Person,,Bonsey,Arthur,,,,,,,,,,M,,,,,,,,Rev.,,,EDC_1920_11; EDC_1918_9; EDC_1917_8
EDCPT_7317,Person,,Boon,C. L. B. Sc. Edin.,,,,,,,,,,U,,,,,,,,,,,EDC_1914_3
EDCPT_7318,Person,,Boone,H.W.,,,,,,,,,,M,,,,,,,M.D.,,,Absent for some/all of 1920,EDC_1920_11
EDCPT_7319,Person,,Boone,Wilmot D. Soussure,,,,,,,,,,M,,,,,,,,,"Student secretary (As well as teacher), Tsinan YMCA",,EDC_1920_11; EDC_1918_9
EDCPT_7320,Person,,Boot,H. P.,,,,,,,,,,U,,,,,,,M. A.,Rev,,,EDC_1914_3
EDCPT_7321,Person,,Boot,H.P.,,,,,,,,,,M,,England,,,,,M.A.,Rev.,,,EDC_1918_9; EDC_1917_8
EDCPT_7322,Person,,Booth,W.C. {Mrs.},,,,,,,,,,F,,,,,,,,,,"""Elsie Harrod"" given in parentheses. Maiden name? First and middle name?",EDC_1920_11
EDCPT_7323,Person,,Booth,William Cland,,,,,,,,,,U,,,,,,,B. A.,,,,EDC_1914_3
EDCPT_7324,Person,,Booth,William Claud,,,,,,,,,,M,,,,,,,B.A.,,,,EDC_1920_11; EDC_1918_9; EDC_1917_8
EDCPT_7325,Person,,Boring,Alice M. {Miss},,,,,,,,,,F,,,,,,,D. Ph.,,,,EDC_1920_11
EDCPT_7326,Person,,Börjeson,Hilma {Miss},,,,,,,,,,F,,,,,,,,,,,EDC_1920_11
EDCPT_7327,Person,,Bornand,H.P.,,,,,,,,,,M,,,,,,,,Rev.,,S.J. {Society of Jesus},EDC_1917_8
EDCPT_7328,Person,,Borrman,William Frank M.,,,,,,,,,,M,,,,,,,B.Sc. ,,,,EDC_1918_9; EDC_1917_8
EDCPT_7329,Person,,Borst-Smith,E.F.,,,,,,,,,,M,,,,,,,F.R.G.S.,Rev.,,,EDC_1920_11
EDCPT_7330,Person,,Bostwick,Emily F. {Miss},,,,,,,,,,F,,,,,,,,,,,EDC_1920_11; EDC_1918_9
EDCPT_7331,Person,,Botham,M.,,,,,,,,,,M,,,,,,,,Rev.,,,EDC_1920_11
EDCPT_7332,Person,,Bourdin,A. {Mlle.},,,,,,,,,,F,,,,,,,,,,,EDC_1920_11
EDCPT_7333,Person,,Bouvet,L.,,,,,,,,,,U,,,,,,,,Rev,,,EDC_1914_3
EDCPT_7334,Person,,Bowden-Smith,A.G. {Miss.},,,,,,,,,,F,,U.S.A.,,,,,M.A.,,,,EDC_1918_10; EDC_1917_8
EDCPT_7335,Person,,Bowden-Smith,A.G. {Miss},,,,,,,,,,F,,,,,,,M.A.,,,,EDC_1920_11; EDC_1918_10
EDCPT_7336,Person,,Bowditch,P.R. {Miss},,,,,,,,,,F,,,,,,,,,,,EDC_1920_11; EDC_1918_9
EDCPT_7337,Person,,Bowen,A.J.,,,,,,,,,,M,,,,,,,"B.A., LL.D.",Rev.,,Absent for some/all of 1920,EDC_1920_12; EDC_1918_10; EDC_1917_8
EDCPT_7338,Person,,Bowman,A.R.,,,,,,,,,,M,,,,,,,,Rev.,,,EDC_1917_8
EDCPT_7339,Person,,Box,{Mrs.},,,,,,,,,,F,,,,,,,,,,,EDC_1914_3
EDCPT_7340,Person,,Box,Ernest {Mrs.},,,,,,,,,,F,,U.S.A.,,,,,,,,,EDC_1918_10
EDCPT_7341,Person,,Boxer,Stanley V.,,,,,,,,,,M,,,,,,,B. Sc.,,,"His bachelor's is in Engineering from ""Edinburgh"". Besides school work, he is the ""Scoutmaster of the 1st Hankow Troop of Boy Scouts""",EDC_1920_12; EDC_1918_10; EDC_1917_8
EDCPT_7342,Person,,Boyce,F.M. {Miss},,,,,,,,,,F,,,,,,,F.M.,,,,EDC_1916_08
EDCPT_7343,Person,,Boyd,Harry W.,,,,,,,,,,M,,,,,,,"M.D., B.A.",,,,EDC_1920_12; EDC_1918_10; EDC_1917_8
EDCPT_7344,Person,,Boynton,Charles L.,,,,,,,,,,M,,,,,,,B.A.,Rev.,,Editor of the DPMCJ alongside his school work.,EDC_1920_12
EDCPT_7345,Person,,Braafladt,Louis Henry,,,,,,,,,,M,,,,,,,"M. Sc., M.D.",Rev.,,,EDC_1920_12
EDCPT_7346,Person,,Bradley,R.M.,,,,,,,,,,,,,,,,,B.A.,,,,EDC_1917_8
EDCPT_7347,Person,,Branch,J.R.B.,,,,,,,,,,M,,,,,,,"M.D., F.A.C.S.",,,,EDC_1920_12; EDC_1918_10; EDC_1917_8
EDCPT_7348,Person,,Brand,{Mrs.},,,,,,,,,,F,,England,,,,,,,,,EDC_1918_10
EDCPT_7349,Person,,Branscomb,J. Forrest {Miss},,,,,,,,,,F,,,,,,,B.A.,,,,EDC_1916_08
EDCPT_7350,Person,,Bray,A.H.,,,,,,,,,,M,,,,,,,"M.A., B.D.",Rev.,,,EDC_1920_12; EDC_1918_10; EDC_1917_10
EDCPT_7351,Person,,Brayshay,Kingsley,,,,,,,,,,M,,,,,,,B.A.,,,,EDC_1920_12; EDC_1918_10; EDC_1917_9
EDCPT_7352,Person,,Breck,Grace M. {Miss},,,,,,,,,,F,,,,,,,,,,,EDC_1920_12; EDC_1918_10
EDCPT_7353,Person,,Brecken,Egerton R.M.,,,,,,,,,,M,,,,,,,"B.A., M.A., B.D.",Rev.,,,EDC_1920_12; EDC_1918_10; EDC_1917_9
EDCPT_7354,Person,,Breece,Thomas Elza,,,,,,,,,,M,,,,,,,M.A.,,,,EDC_1920_12
EDCPT_7355,Person,,Bremer,{Miss},,,,,,,,,,F,,,,,,,M. A.,,,,EDC_1914_3
EDCPT_7356,Person,,Bremer,M. Althea {Miss},,,,,,,,,,F,,,,,,,B.A.,,,,EDC_1920_13; EDC_1918_10; EDC_1917_9
EDCPT_7357,Person,,Bremer,M. Althea {Miss},,,,,,,,,,F,,,,,,,B.A.,,,,EDC_1916_08
EDCPT_7358,Person,,Bridgewater,Gertrude {Miss},,,,,,,,,,F,,,,,,,B.A.,,,,EDC_1917_9
EDCPT_7359,Person,,Bridgman,C.A.,,,,,,,,,,M,,,,,,,B.A.,Rev.,,,EDC_1917_9
EDCPT_7360,Person,,Brines,R.J.,,,,,,,,,,M,,,,,,,B.A.,,,,EDC_1920_13; EDC_1918_10
EDCPT_7361,Person,,Brines,R.J. {Mrs.},,,,,,,,,,F,,,,,,,,,,,EDC_1920_13; EDC_1918_11
EDCPT_7362,Person,,Brinkley,Sterling G.,,,,,,,,,,M,,,,,,,"B.A., B.D.",Rev.,,,EDC_1920_13; EDC_1918_11; EDC_1917_9
EDCPT_7363,Person,,Briscoe,W.F.H.,,,,,,,,,,M,,,,,,,,Rev.,,,EDC_1920_13
EDCPT_7364,Person,,Bristol,Roland G.,,,,,,,,,,M,,U.S.A.,,,,,B.A.,,,,EDC_1917_9
EDCPT_7365,Person,,Britland,A.J.D.,,,,,,,,,,M,,,,,,,"M.P.S., P.C.",,,,EDC_1920_13; EDC_1918_11; EDC_1917_9
EDCPT_7366,Person,,Britton,F.A.,,,,,,,,,,M,,,,,,,M.A.,,,,EDC_1920_13; EDC_1918_11
EDCPT_7367,Person,,Britton,F.A. {Miss},,,,,,,,,,F,,,,,,,,,,,EDC_1920_13; EDC_1918_11; EDC_1917_9
EDCPT_7368,Person,,Britton,F.B.,,,,,,,,,,,,,,,,,B.A.,,,,EDC_1916_09; EDC_1917_9
EDCPT_7369,Person,,Brockmnn,W.N.,,,,,,,,,,,,,,,,,B.A.,,,,EDC_1916_09
EDCPT_7370,Person,,Brocvielle,A.,,,,,,,,,,,,,,,,,,,,,EDC_1916_09
EDCPT_7371,Person,,Bromley,Chas. Lucas,,,,,,,,,,M,,,,,,,M.A.,Rev.,,,EDC_1920_13; EDC_1918_11; EDC_1917_9
EDCPT_7372,Person,,Broomhall,M. {Miss},,,,,,,,,,F,,,,,,,,,,,EDC_1920_13
EDCPT_7373,Person,,Browa,Cocker,,,,,,,,,,,,,,,,,B.A. B.D.,,,,EDC_1916_09
EDCPT_7374,Person,,Brown,F. R.,,,,,,,,,,U,,,,,,,B. A.,,,,EDC_1914_3
EDCPT_7375,Person,,Brown,F.R.,,,,,,,,,,M,,U.S.A.,,,,,B.S.,,,,EDC_1918_11
EDCPT_7376,Person,,Brown,F.R. {Mrs.},,,,,,,,,,F,,,,,,,,,,,EDC_1920_13
EDCPT_7377,Person,,Brown,Florence {Miss},,,,,,,,,,F,,,,,,,,,,,EDC_1920_13
EDCPT_7378,Person,,Brown,Fred R. {Rev.},,,,,,,,,,M,,,,,,,B.A.,,"""Supervisor of Day Schools, Methodist Episcopal Church, Kiangsi Conference, Kan
River and Kienchang Districts.""","He has no other job at a specific school; he is simply the Supervisor. ""Kienchang"" refers to Nancheng County apparently; no clue what the Kan River (Gan River) District is.",EDC_1920_13; EDC_1918_11
EDCPT_7379,Person,,Brown,H.A. {Miss},,,,,,,,,,F,,,,,,,,,,,EDC_1920_13; EDC_1918_11
EDCPT_7380,Person,,Brown,Lydia B. {Miss},,,,,,,,,,F,,,,,,,"B.M., T.",,,,EDC_1920_13; EDC_1918_11
EDCPT_7381,Person,,Brown,Nancy Janes {Miss},,,,,,,,,,F,,,,,,,,,,,EDC_1920_13
EDCPT_7382,Person,,Brown,Nathan Worth,,,,,,,,,,,,,,,,,B.Sc,,,,EDC_1916_09
EDCPT_7383,Person,,Brown,T. C.,,,,,,,,,,U,,,,,,,B. A.,Rev,,,EDC_1914_3
EDCPT_7384,Person,,Brown,T.C.,,,,,,,,,,,,,,,,,B.A. B.D.,,,,EDC_1916_09
EDCPT_7385,Person,,Brown,T.C. {Mrs.},,,,,,,,,,F,,,,,,,,,,,EDC_1916_09
EDCPT_7386,Person,,Brown,W. Russell,,,,,,,,,,M,,,,,,,,,,"Member of ""Committee of Management"" for the British School in Hankow, but his location is given as the British consulate in Hankow.",EDC_1920_14
EDCPT_7387,Person,,Brown,Walter,,,,,,,,,,M,,,,,,,"M.A., B. Sc.",,,A.I.E.E. {American Institute of Electrical Engineers},EDC_1920_14; EDC_1918_11; EDC_1917_9
EDCPT_7388,Person,,Brown,Z. Frances {Miss},,,,,,,,,,F,,,,,,,B.A.,,,,EDC_1920_14; EDC_1918_11; EDC_1917_9
EDCPT_7389,Person,,Browne,G.F.,,,,,,,,,,M,,,,,,,B.A.,,,,EDC_1917_9
EDCPT_7390,Person,,Browne,W.,,,,,,,,,,M,,,,,,,B.A.,Rev.,,,EDC_1917_9
EDCPT_7391,Person,,Brownell,Henry C.,,,,,,,,,,U,,,,,,,B. A.,,,,EDC_1914_3
EDCPT_7392,Person,,Brownell,Henry Chase,,,,,,,,,,M,,,,,,,"M.A., B.A.",,,,EDC_1920_14; EDC_1918_11; EDC_1917_9
EDCPT_7393,Person,,Bruce,J. P.,,,,,,,,,,U,,,,,,,M. A.,Rev,,,EDC_1914_3
EDCPT_7394,Person,,Bruce,J. Percy,,,,,,,,,,M,,,,,,,M.A.,Rev.,,Absent for some/all of 1920,EDC_1920_14; EDC_1918_11; EDC_1917_9
EDCPT_7395,Person,,Bruce,Pat. A,,,,,,,,,,M,,,,,,,B.A.,,,,EDC_1920_14; EDC_1918_11; EDC_1917_9
EDCPT_7396,Person,,Bryan,David,,,,,,,,,,M,,,,,,,B.A.; Th.D,Rev.,,,EDC_1918_12
EDCPT_7397,Person,,Bryan,{Miss},,,,,,,,,,F,,,,,,,B. A.,,,,EDC_1914_3
EDCPT_7398,Person,,Bryan,D.D.,,,,,,,,,,M,,,,,,,,Rev.,,,EDC_1917_10
EDCPT_7399,Person,,Bryan,F. Catharine {Miss},,,,,,,,,,F,,,,,,,B.A.,,,,EDC_1920_14; EDC_1918_12; EDC_1917_10
EDCPT_7400,Person,,Bryan,H.,,,,,,,,,,M,,,,,,,M.D.,,,,EDC_1920_14; EDC_1918_12; EDC_1917_10
EDCPT_7401,Person,,Bryant,E.E.,,,,,,,,,,U,,U.S.A.,,,,,,Rev.,,,EDC_1918_12
EDCPT_7402,Person,,Bryson,{Miss},,,,,,,,,,F,,,,,,,,,,,EDC_1914_3
EDCPT_7403,Person,,Buchanan,E.M. {Miss},,,,,,,,,,F,,,,,,,,,,,EDC_1920_14; EDC_1917_10
EDCPT_7404,Person,,Buchanan,E.W.,,,,,,,,,,F,,U.S.A.,,,,,,,,,EDC_1918_12
EDCPT_7405,Person,,Buchanan,R.E.,,,,,,,,,,U,,U.S.A.,,,,,B.A.,,,,EDC_1918_12
EDCPT_7406,Person,,Bucher,J. Frank,,,,,,,,,,M,,,,,,,"B.A., M.A.",Rev.,,,EDC_1920_14; EDC_1918_12; EDC_1917_10
EDCPT_7407,Person,,Buck,F. C.,,,,,,,,,,U,,,,,,,B. Sc.;B. D.,Rev,,,EDC_1914_3
EDCPT_7408,Person,,Buck,J.L.,,,,,,,,,,M,,,,,,,,,,"John Lossing Buck, who--as I learned last summer--was still prominent in the foreigner community in Nanjing during its occupation (his house was used as a base of operations, for example)",EDC_1920_14
EDCPT_7409,Person,,Bugge,Steen,,,,,,,,,,,,,,,,,M.A. M.D.,,,,EDC_1916_10
EDCPT_7410,Person,,Bugge,Sten,,,,,,,,,,M,,,,,,,"B.A., B.D.",,,,EDC_1920_14; EDC_1918_12; EDC_1917_10
EDCPT_7411,Person,,Bullock,A. Archibald,,,,,,,,,,M,,,,,,,"M.S., M.Sc.",,,,EDC_1920_14; EDC_1918_12; EDC_1917_10
EDCPT_7412,Person,,Bullock,A.A. {Mrs.},,,,,,,,,,F,,,,,,,,,,,EDC_1920_14
EDCPT_7413,Person,,Burch,Clarence A.,,,,,,,,,,M,,,,,,,B.A.,Rev.,,,EDC_1920_15; EDC_1918_12; EDC_1917_10
EDCPT_7414,Person,,Burchell,N. {Miss},,,,,,,,,,,,,,,,,,,,,EDC_1917_10
EDCPT_7415,Person,,Burgess,John Stewart,,,,,,,,,,M,,,,,,,M.A.,,,,EDC_1920_15
EDCPT_7416,Person,,Burke,W.B.,,,,,,,,,,M,,,,,,,B.A.,,,,EDC_1920_15; EDC_1918_12
EDCPT_7417,Person,,Burke-Scott,A.M. {Mrs.},,,,,,,,,,F,,,,,,,,,,,EDC_1920_15; EDC_1918_12
EDCPT_7418,Person,,Burlingame,E.M. {Miss},,,,,,,,,,F,,,,,,,,,,,EDC_1920_15
EDCPT_7419,Person,,Burlingame,Evelyn {Miss.},,,,,,,,,,F,,U.S.A.,,,,,,,,,EDC_1918_12
EDCPT_7420,Person,,Burne,A. E.,,,,,,,,,,U,,,,,,,,Rev,,,EDC_1914_4
EDCPT_7421,Person,,Burne,A.E.,,,,,,,,,,M,,,,,,,,Rev.,,,EDC_1918_13; EDC_1917_10
EDCPT_7422,Person,,Burnett,C.R.,,,,,,,,,,M,,,,,,,"B.A., M.A.",Rev.,,,EDC_1920_15; EDC_1918_13; EDC_1917_10
EDCPT_7423,Person,,Burnett,C.R. {Mrs.},,,,,,,,,,F,,,,,,,,,,,EDC_1920_15
EDCPT_7424,Person,,Burnip,C.,,,,,,,,,,M,,,,,,,,Rev.,,,EDC_1917_10
EDCPT_7425,Person,,Burnip,M.L. {Mrs.},,,,,,,,,,F,,,,,,,,,,,EDC_1920_15
EDCPT_7426,Person,,Burnit,T.,,,,,,,,,,,,,,,,,,Rev.,,,EDC_1916_10
EDCPT_7427,Person,,Burns,B. W. H.,,,,,,,,,,U,,,,,,,,,,,EDC_1914_4
EDCPT_7428,Person,,Burt,E. W.,,,,,,,,,,U,,,,,,,B. A.,,,,EDC_1914_4
EDCPT_7429,Person,,Burt,Ernest Whitby,,,,,,,,,,M,,,,,,,"M.A., B.A.",Rev.,,,EDC_1920_15; EDC_1918_13; EDC_1917_10
EDCPT_7430,Person,,Burton,M.E. {Miss.},,,,,,,,,,F,,,,,,,,,,,EDC_1918_13
EDCPT_7431,Person,,Burtwell,J.W.,,,,,,,,,,M,,,,,,,,,,,EDC_1920_15
EDCPT_7432,Person,,Bush,J.D.,,,,,,,,,,U,,U.S.A.,,,,,B.A.,,,,EDC_1918_13
EDCPT_7433,Person,,Bussiere,J. A.,,,,,,,,,,U,,,,,,,M. D.,,,,EDC_1914_4
EDCPT_7434,Person,,Butchart,James. {Mrs.},,,,,,,,,,F,,,,,,,,,,,EDC_1916_10
EDCPT_7435,Person,,Butchart,Jas.,,,,,,,,,,M,,,,,,,M.D.,,,,EDC_1916_10
EDCPT_7436,Person,,Butchart,N.B. {Mrs.},,,,,,,,,,F,,,,,,,,,,,EDC_1920_15; EDC_1918_13
EDCPT_7437,Person,,Cable,A.M. {Miss},,,,,,,,,,F,,,,,,,,,,,EDC_1920_15; EDC_1918_13; EDC_1917_10
EDCPT_7438,Person,,Cabral,{Mrs.},,,,,,,,,,F,,,,,,,,,,,EDC_1917_10
EDCPT_7439,Person,,Cadbury,William W. {Dr.},,,,,,,,,,M,,,,,,,"M.A., M.D.",,,,EDC_1920_15; EDC_1918_13; EDC_1917_11
EDCPT_7440,Person,,Cady,L.V.,,,,,,,,,,M,,,,,,,"B.A., B.D.",Rev.,,,EDC_1920_15
EDCPT_7441,Person,,Caldwell,H.L.,,,,,,,,,,M,,,,,,,,,,,EDC_1920_15
EDCPT_7442,Person,,Caliposle,{Brother},,,,,,,,,,M,,France,,,,,,,,,EDC_1920_15
EDCPT_7443,Person,,Camille,M. {Frere},,,,,,,,,,,,,,,,,,,,,EDC_1916_10
EDCPT_7444,Person,,Campbell,D.,,,,,,,,,,M,,,,,,,"""Certificated Teacher (Scottish Education Department)""",,,,EDC_1920_16; EDC_1918_13; EDC_1917_11
EDCPT_7445,Person,,Campbell,Muriel {Miss},,,,,,,,,,F,,,,,,,M. Sc.,,,,EDC_1920_16; EDC_1918_13; EDC_1917_11
EDCPT_7446,Person,,Campbell,Wilbur M.,,,,,,,,,,M,,U.S.A.,,,,,B.A.,Rev.,,,EDC_1918_13; EDC_1917_11
EDCPT_7447,Person,,Canfield,F.L.,,,,,,,,,,M,,,,,,,,Rev.,,,EDC_1920_16
EDCPT_7448,Person,,Canright,H.L.,,,,,,,,,,M,,,,,,,M.D.,Rev.,,,EDC_1920_16; EDC_1918_13; EDC_1917_11
EDCPT_7449,Person,,Canright,H.L. {Mrs.},,,,,,,,,,F,,,,,,,,,,,EDC_1920_16; EDC_1918_13; EDC_1917_11
EDCPT_7450,Person,,Cao,Yung-ho {Miss},,,,,,,,,,F,,China,,,,,,,,,EDC_1920_16
EDCPT_7451,Person,,Capen,Randall T.,,,,,,,,,,M,,,,,,,B.A.,Rev.,,,EDC_1920_16; EDC_1918_14; EDC_1917_11
EDCPT_7452,Person,,Capp,Lily {Miss},,,,,,,,,,F,,,,,,,,,,,EDC_1914_4
EDCPT_7453,Person,,Carabelli,J.,,,,,,,,,,M,,,,,,,,Rev.,,,EDC_1920_16; EDC_1918_14
EDCPT_7454,Person,,Carden,{Miss},,,,,,,,,,F,,,,,,,,,,,EDC_1914_4
EDCPT_7455,Person,,Cardwell,{Miss},,,,,,,,,,F,,,,,,,,,,,EDC_1914_4
EDCPT_7456,Person,,Cargin,William Moore,,,,,,,,,,M,,,,,,,B.A.,Rev.,,,EDC_1917_11
EDCPT_7457,Person,,Carleton,M. {Miss},,,,,,,,,,,,,,,,,B.A.,,,,EDC_1917_11
EDCPT_7458,Person,,Carling,{Miss},,,,,,,,,,F,,,,,,,,,,,EDC_1914_4
EDCPT_7459,Person,,Carling,{Miss},,,,,,,,,,F,,,,,,,,,,,EDC_1914_4
EDCPT_7460,Person,,Carling,Gertrude Mary {Miss},,,,,,,,,,F,,,,,,,A.R.C.M,,,,EDC_1916_11
EDCPT_7461,Person,,Carman,Newton H.,,,,,,,,,,M,,,,,,,M.A.,Rev.,,,EDC_1920_16; EDC_1918_14; EDC_1917_11
EDCPT_7462,Person,,Carmen,N.H.,,,,,,,,,,,,,,,,,,,,,EDC_1916_11
EDCPT_7463,Person,,Carncross,Flora M. {Miss},,,,,,,,,,F,,,,,,,B.A.,,,,EDC_1920_16; EDC_1918_14; EDC_1917_11
EDCPT_7464,Person,,Carnie,{Miss},,,,,,,,,,,,,,,,,,,,,EDC_1916_11
EDCPT_7465,Person,,Carnie,Norah {Miss},,,,,,,,,,F,,,,,,,,,,,EDC_1920_16;
EDCPT_7466,Person,,Carnson,R.M.,,,,,,,,,,M,,,,,,,,Rev.,,,EDC_1917_11
EDCPT_7467,Person,,Carruthers,Donald Wallace,,,,,,,,,,M,,U.S.A.,,,,,B.A.,,,,EDC_1918_14; EDC_1917_11
EDCPT_7468,Person,,Carscallen,Charles Rupert,,,,,,,,,,M,,,,,,,"B.A., B.D.",Rev.,,Absent for some/all of 1920,EDC_1920_16; EDC_1918_14; EDC_1917_11
EDCPT_7469,Person,,Carscallen,Charles Rupert {Mrs.},,,,,,,,,,F,,,,,,,,,,Absent for some/all of 1920,EDC_1920_16; EDC_1918_14; EDC_1917_12
EDCPT_7470,Person,,Carson,F. Stanley,,,,,,,,,,M,,,,,,,B.A.,Rev.,,,EDC_1920_17; EDC_1918_14; EDC_1917_12
EDCPT_7471,Person,,Carson,F. Stanley {Mrs.},,,,,,,,,,F,,,,,,,B.A.,,,,EDC_1920_17; EDC_1918_14; EDC_1917_12
EDCPT_7472,Person,,Carson,James,,,,,,,,,,M,,,,,,,B.A.,Rev.,,,EDC_1917_12
EDCPT_7473,Person,,Carter,Anita E. {Miss},,,,,,,,,,F,,,,,,,,,,,EDC_1920_17; EDC_1918_14; EDC_1917_12
EDCPT_7474,Person,,Cartlidge,{Mrs.},,,,,,,,,,F,,,,,,,,,,,EDC_1920_17
EDCPT_7475,Person,,Cartwright,{Miss},,,,,,,,,,F,,,,,,,,,,,EDC_1914_4
EDCPT_7476,Person,,Cartwright,Edwin H,,,,,,,,,,U,,,,,,,,,,,EDC_1914_4
EDCPT_7477,Person,,Carver,J. {Mrs.},,,,,,,,,,F,,,,,,,,,,,EDC_1916_12
EDCPT_7478,Person,,Carver,John,,,,,,,,,,M,,,,,,,B.A.,,,,EDC_1920_17
EDCPT_7479,Person,,Carver,Josephine {Miss},,,,,,,,,,F,,,,,,,,,,,EDC_1920_17
EDCPT_7480,Person,,Cassat,Paul Clifford,,,,,,,,,,M,,,,,,,B.A.,Rev.,,,EDC_1920_17; EDC_1918_15; EDC_1917_12
EDCPT_7481,Person,,Cassels,W.W.,,,,,,,,,,M,,,,,,,D.D.,Rt. Rev.,,"""Bishop in West China"" is listed separate from his educational job.",EDC_1920_17; EDC_1918_15; EDC_1917_12
EDCPT_7482,Person,,Cassidy,Bertha E. {Miss},,,,,,,,,,F,,,,,,,,,,,EDC_1920_17; EDC_1918_15; EDC_1917_12
EDCPT_7483,Person,,Castleton,A.G.A.B.,,,,,,,,,,M,,,,,,,,Rev.,,,EDC_1920_17; EDC_1917_12
EDCPT_7484,Person,,Caulfield,K. {Miss},,,,,,,,,,F,,,,,,,R.N.,,,,EDC_1920_17
EDCPT_7485,Person,,Cavalier,A.R.,,,,,,,,,,M,,,,,,,,,,"Educated, St. Paul's School (London) and Trinity College (Melbourne)",EDC_1920_17
EDCPT_7486,Person,,Cecil-Smith,G.,,,,,,,,,,M,,,,,,,,,,,EDC_1920_17; EDC_1918_15
EDCPT_7487,Person,,Ceng,Meng-tek,,,,,,,,,,U,,China,,,,,,,,,EDC_1920_17
EDCPT_7488,Person,,Ceng,Teh-it,,,,,,,,,,U,,China,,,,,,,,,EDC_1920_18
EDCPT_7489,Person,,Chace,Cora {Miss},,,,,,,,,,F,,,,,,,,,,,EDC_1920_18
EDCPT_7490,Person,,Chae,Bing Wen,,,,,,,,,,M,,China,,,,,,,,,EDC_1918_14
EDCPT_7491,Person,,Chai,Joy {Miss.},,,,,,,,,,F,,China,,,,,B.A.,,,,EDC_1918_15
EDCPT_7492,Person,,Chak,Lai-yu,,,,,,,,,,U,,China,,,,,,,,First/last names reversed on 1916 editiion,EDC_1920_18; EDC_1916_58
EDCPT_7493,Person,,Chalfant,William P.,,,,,,,,,,M,,,,,,,"M.A., D.D.",Rev.,,,EDC_1917_12
EDCPT_7494,Person,,Chalfont,William P,,,,,,,,,,U,,,,,,,M. A.,Rev,,,EDC_1914_4
EDCPT_7495,Person,,Champness,C. Seymour,,,,,,,,,,M,,,,,,,,Rev.,,,EDC_1920_18; EDC_1918_15
EDCPT_7496,Person,,Chan,A.S,,,,,,,,,,U,,,,,,,,,,,EDC_1914_4
EDCPT_7497,Person,,Chan,Andrew,,,,,,,,,,M,,,,,,,,,,"Graduate, St. Paul's College (Hongkong)",EDC_1920_18
EDCPT_7498,Person,,Chan,C.M.,,,,,,,,,,U,,China,,,,,,,,Graduate of Queen's College (Hongkong),EDC_1920_18
EDCPT_7499,Person,,Chan,Chiu-kiong,,,,,,,,,,U,,China,,,,,,,,,EDC_1920_18
EDCPT_7500,Person,,Chan,Huang,,,,,,,,,,U,,China,,,,,,,,,EDC_1920_18
EDCPT_7501,Person,,Chan,Kwan-kan,,,,,,,,,,,,,,,,,,,,,EDC_1917_12
EDCPT_7502,Person,,Chan,Li-sun,,,,,,,,,,U,,China,,,,,,,,,EDC_1920_18
EDCPT_7503,Person,,Chan,P.H.,,,,,,,,,,,,,,,,,M.A.,,,,EDC_1917_12
EDCPT_7504,Person,,Chan,R.F.,,,,,,,,,,,,,,,,,,,,,EDC_1917_12
EDCPT_7505,Person,,Chan,Shun-nan,,,,,,,,,,M,,China,,,,,,,,,EDC_1918_15; EDC_1917_12
EDCPT_7506,Person,,Ch'an,T.N.,,,,,,,,,,U,,China,,,,,,,,,EDC_1918_15; EDC_1917_12
EDCPT_7507,Person,,Chan,Tai-shang,,,,,,,,,,U,,China,,,,,,,,,EDC_1920_18
EDCPT_7508,Person,,Chan,Wang-to,,,,,,,,,,U,,China,,,,,,,,,EDC_1920_18
EDCPT_7509,Person,,Chan,Wing-to,,,,,,,,,,M,,China,,,,,,,,,EDC_1918_15
EDCPT_7510,Person,,Chan,Yuk-lin,,,,,,,,,,U,,China,,,,,M.D.,,,,EDC_1920_18
EDCPT_7511,Person,,Chandler,Horace. E.,,,,,,,,,,U,,,,,,,B.Sc.,,,,EDC_1914_4
EDCPT_7512,Person,,Chanel,F. Paul,,,,,,,,,,M,,France,,,,,,,,,EDC_1918_15; EDC_1917_12
EDCPT_7513,Person,,Chaney,Florence J. {Miss},,,,,,,,,,,,,,,,,"Ph.B., M.A.",,,,EDC_1917_12
EDCPT_7514,Person,,Chang Chin,,,,,,,,,,,,,,,,,,,,,,EDC_1917_13
EDCPT_7515,Person,,Chang Hung,,,,,,,,,,,,,,,,,,B.A.,,,,EDC_1917_13
EDCPT_7516,Person,,Chang,Bao-heng,,,,,,,,,,U,,China,,,,,B.A.,,,,EDC_1920_18
EDCPT_7517,Person,,Chang,C.C.,,,,,,,,,,U,,China,,,,,,,,,EDC_1920_18; EDC_1918_15
EDCPT_7518,Person,,Chang,C.C. (Anqing),,,,,,,,,,U,,China,,,,,M.D.,,,,EDC_1920_18
EDCPT_7519,Person,,Chang,C.K.,,,,,,,,,,U,,China,,,,,A.R.C.S.,,,"Listed as ""C.R. Chang"" on page 19 with the same title and job, but this is a repeat/error because there is no C.R. Chang on the Shansi Government University roster elsewhere in the EDC.",EDC_1920_18
EDCPT_7520,Person,,Chang,C.S.,,,,,,,,,,U,,China,,,,,,,,,EDC_1920_19
EDCPT_7521,Person,,Chang,C.Y.,,,,,,,,,,U,,China,,,,,B.A.,,,,EDC_1920_19; EDC_1918_15
EDCPT_7522,Person,,Chang,Chi-ch'en,,,,,,,,,,U,,China,,,,,,,,,EDC_1920_18; EDC_1918_15
EDCPT_7523,Person,,Chang,Chien,,,,,,,,,,U,,China,,,,,,,,,EDC_1920_18; EDC_1918_16
EDCPT_7524,Person,,Chang,Chin,,,,,,,,,,M,,China,,,,,,,,,EDC_1918_16
EDCPT_7525,Person,,Chang,Chung-yuan,,,,,,,,,,U,,China,,,,,,,,,EDC_1920_19
EDCPT_7526,Person,,Chang,D.D,,,,,,,,,,U,,,,,,,,,,,EDC_1914_4
EDCPT_7527,Person,,Chang,Da-ung,,,,,,,,,,U,,China,,,,,,,,,EDC_1920_19; EDC_1918_16
EDCPT_7528,Person,,Chang,En-yung,,,,,,,,,,U,,China,,,,,B.S.,,,,EDC_1920_19
EDCPT_7529,Person,,Chang,Eugene,,,,,,,,,,U,,China,,,,,,,,"""Undergraduate of Government Institute of Technology (Shanghai)""",EDC_1920_19
EDCPT_7530,Person,,Chang,F.,,,,,,,,,,U,,China,,,,,,,,,EDC_1920_19
EDCPT_7531,Person,,Chang,F.L.,,,,,,,,,,U,,China,,,,,"Ph.B., M.F.",,,,EDC_1920_19; EDC_1918_15; EDC_1917_13
EDCPT_7532,Person,,Chang,F.T.,,,,,,,,,,U,,China,,,,,M.D.,,,,EDC_1920_19
EDCPT_7533,Person,,Chang,Fung-tsao {Dr.},,,,,,,,,,U,,China,,,,,,,,Another F.T. Chang with a doctorate in Tianjin--same person with two jobs?,EDC_1920_19
EDCPT_7534,Person,,Chang,Grace {Miss},,,,,,,,,,,,China,,,,,,,,,EDC_1920_19
EDCPT_7535,Person,,Chang,H.Y.,,,,,,,,,,,,,,,,,A.B.,,,,EDC_1916_13
EDCPT_7536,Person,,Chang,Hsiang-shu,,,,,,,,,,M,,China,,,,,,,,,EDC_1918_16; EDC_1917_13
EDCPT_7537,Person,,Chang,Hsien-shu,,,,,,,,,,,,,,,,,B.A.,,,,EDC_1917_13
EDCPT_7538,Person,,Chang,Hung,,,,,,,,,,M,,China,,,,,B.A.,,,,EDC_1918_16
EDCPT_7539,Person,,Chang,Hung Hsing,,,,,,,,,,,,,,,,,,,,,EDC_1916_15
EDCPT_7540,Person,,Chang,Hung Lieh,,,,,,,,,,U,,China,,,,,"B.A., M.A.",,,,EDC_1920_19
EDCPT_7541,Person,,Chang,J.W.,,,,,,,,,,U,,China,,,,,B.A.,,,,EDC_1918_16; EDC_1917_13
EDCPT_7542,Person,,Chang,K.C.,,,,,,,,,,U,,China,,,,,,,,,EDC_1920_19
EDCPT_7543,Person,,Chang,K.F.,,,,,,,,,,,,,,,,,B.A.,,,,EDC_1917_13
EDCPT_7544,Person,,Ch'ang,K.H.,,,,,,,,,,U,,China,,,,,M.E.,,,,EDC_1918_16
EDCPT_7545,Person,,Chang,K.W.,,,,,,,,,,,,,,,,,,,,,EDC_1917_13
EDCPT_7546,Person,,Chang,K.Z,,,,,,,,,,U,,,,,,,"B.A.,",,,,EDC_1914_4
EDCPT_7547,Person,,Chang,Ka-kiang,,,,,,,,,,,,,,,,,,,,,EDC_1916_14
EDCPT_7548,Person,,Chang,Kee-liang,,,,,,,,,,U,,China,,,,,,,,,EDC_1920_19
EDCPT_7549,Person,,Chang,L.K.,,,,,,,,,,U,,China,,,,,,,,,EDC_1920_19
EDCPT_7550,Person,,Chang,Loy,,,,,,,,,,M,,China,,,,,B.A.; M.B.A.,,,,EDC_1918_17
EDCPT_7551,Person,,Chang,M.S.,,,,,,,,,,U,,China,,,,,B.A.,,,,EDC_1920_19; EDC_1918_16; EDC_1917_13
EDCPT_7552,Person,,Chang,Mao Liu,,,,,,,,,,U,,,,,,,"B.A.,",,,,EDC_1914_4
EDCPT_7553,Person,,Chang,Mary T.,,,,,,,,,,U,,China,,,,,B.A.,,,,EDC_1920_19; EDC_1918_16; EDC_1917_13
EDCPT_7554,Person,,Chang,Mo Liang,,,,,,,,,,,,,,,,,,,,,EDC_1916_13
EDCPT_7555,Person,,Chang,Mong-ke,,,,,,,,,,,,,,,,,,,,,EDC_1916_14
EDCPT_7556,Person,,Chang,Mu-te,,,,,,,,,,M,,,,,,,B.A.,Rev.,,,EDC_1917_13
EDCPT_7557,Person,,Chang,N.Y.,,,,,,,,,,U,,China,,,,,B.S.,,,,EDC_1918_17
EDCPT_7558,Person,,Chang,Nau Pu,,,,,,,,,,U,,China,,,,,,,,,EDC_1920_20
EDCPT_7559,Person,,Chang,P.H.,,,,,,,,,,,,,,,,,b.sc.,,,,EDC_1916_14
EDCPT_7560,Person,,Chang,P.S.,,,,,,,,,,U,,China,,,,,,,,,EDC_1920_20
EDCPT_7561,Person,,Chang,P.Y.,,,,,,,,,,U,,China,,,,,,,,,EDC_1918_16
EDCPT_7562,Person,,Chang,Po,,,,,,,,,,U,,China,,,,,B.A.,,,,EDC_1920_20
EDCPT_7563,Person,,Chang,Po-ling,,,,,,,,,,U,,China,,,,,Litt. D.,,,,EDC_1920_20; EDC_1918_16
EDCPT_7564,Person,,Chang,S.,,,,,,,,,,U,,China,,,,,,,,,EDC_1920_20
EDCPT_7565,Person,,Chang,S. Y.,,,,,,,,,,U,,,,,,,,,,,EDC_1914_5
EDCPT_7566,Person,,Chang,S.F.,,,,,,,,,,U,,China,,,,,,,,,EDC_1920_20
EDCPT_7567,Person,,Chang,S.Y.,,,,,,,,,,U,,China,,,,,M.A.,,,,EDC_1920_20
EDCPT_7568,Person,,Chang,Shao-ling,,,,,,,,,,U,,China,,,,,,,,,EDC_1920_20
EDCPT_7569,Person,,Chang,Shen-li,,,,,,,,,,U,,China,,,,,,,,,EDC_1920_20
EDCPT_7570,Person,,Chang,Sheo-ren,,,,,,,,,,,,,,,,,B.A.,,,,EDC_1917_14
EDCPT_7571,Person,,Chang,T.,,,,,,,,,,U,,China,,,,,B. Sc.,,,,EDC_1920_20
EDCPT_7572,Person,,Chang,T. (Taiyuan),,,,,,,,,,U,,China,,,,,M.E.,,,,EDC_1920_20
EDCPT_7573,Person,,Chang,T. P.,,,,,,,,,,U,,,,,,,,,,,EDC_1914_5
EDCPT_7574,Person,,Chang,T. T.,,,,,,,,,,U,,,,,,,,,,,EDC_1914_5
EDCPT_7575,Person,,Chang,T.C.,,,,,,,,,,U,,China,,,,,"M.E. in E.E., M.E.E.",,,,EDC_1920_20; EDC_1918_17
EDCPT_7576,Person,,Chang,T.H.,,,,,,,,,,U,,China,,,,,M.D.,,,,EDC_1920_20
EDCPT_7577,Person,,Chang,T.H. (Nanjing),,,,,,,,,,U,,China,,,,,M.A.,,,,EDC_1920_20
EDCPT_7578,Person,,Chang,T.P.,,,,,,,,,,U,,China,,,,,,,,,EDC_1920_20; EDC_1918_1; EDC_1917_14
EDCPT_7579,Person,,Chang,T.S.,,,,,,,,,,U,,China,,,,,"B.A., M.A., Ph.D.",,,,EDC_1920_20
EDCPT_7580,Person,,Chang,T.T.,,,,,,,,,,,,,,,,,B.A.,,,,EDC_1917_14
EDCPT_7581,Person,,Chang,T.T. (Hangzhou),,,,,,,,,,U,,China,,,,,,,,,EDC_1920_21
EDCPT_7582,Person,,Chang,Ting Han,,,,,,,,,,U,,,,,,,,,,,EDC_1914_5
EDCPT_7583,Person,,Chang,Tsan Mu,,,,,,,,,,,,,,,,,,,,,EDC_1916_13
EDCPT_7584,Person,,Chang,Tse-tseng,,,,,,,,,,U,,China,,,,,,,,,EDC_1920_21
EDCPT_7585,Person,,Chang,Tuh-pau,,,,,,,,,,U,,China,,,,,,,,,EDC_1920_20
EDCPT_7586,Person,,Chang,Tzu-chen,,,,,,,,,,U,,China,,,,,B.A.,,,,EDC_1920_21
EDCPT_7587,Person,,Chang,U.,,,,,,,,,,U,,China,,,,,,,,,EDC_1920_21
EDCPT_7588,Person,,Chang,U.Y.,,,,,,,,,,U,,China,,,,,B. Sc.,,,,EDC_1920_21
EDCPT_7589,Person,,Chang,W.C.,,,,,,,,,,U,,China,,,,,M.D.,,,,EDC_1918_17; EDC_1917_14
EDCPT_7590,Person,,Chang,Wei-hsin,,,,,,,,,,U,,China,,,,,B.S.,,,,EDC_1920_21
EDCPT_7591,Person,,Chang,Wen-min,,,,,,,,,,U,,China,,,,,,,,,EDC_1920_21; EDC_1918_17; EDC_1917_14
EDCPT_7592,Person,,Chang,Wen-min {Miss.},,,,,,,,,,F,,China,,,,,,,,,EDC_1918_16
EDCPT_7593,Person,,Chang,Y.C.,,,,,,,,,,U,,,,,,,M.D.,,,,EDC_1914_5
EDCPT_7594,Person,,Chang,Y.K,,,,,,,,,,U,,,,,,,,,,,EDC_1914_5
EDCPT_7595,Person,,Chang,Y.L.,,,,,,,,,,U,,China,,,,,,,,,EDC_1920_21; EDC_1917_14
EDCPT_7596,Person,,Chang,Y.S.,,,,,,,,,,U,,China,,,,,,,,,EDC_1920_21
EDCPT_7597,Person,,Chang,Yen-yun,,,,,,,,,,U,,China,,,,,,,,,EDC_1920_21
EDCPT_7598,Person,,Chang,Yin Hou,,,,,,,,,,,,,,,,,,,,,EDC_1916_14
EDCPT_7599,Person,,Chang,Young,,,,,,,,,,,,,,,,,,,,,EDC_1916_14
EDCPT_7600,Person,,Chang,Yu-chuan,,,,,,,,,,U,,China,,,,,"LL.B., M.L.",,,Former president of Tsinghua U.,EDC_1920_21
EDCPT_7601,Person,,Chang,Yuh-shang,,,,,,,,,,U,,China,,,,,,,,,EDC_1920_21
EDCPT_7602,Person,,Chang,Yune-tsung {Miss},,,,,,,,,,F,,China,,,,,M.A.,,,,EDC_1920_21
EDCPT_7603,Person,,Chang,Yung-hsun,,,,,,,,,,M,,China,,,,,,Rev.,,,EDC_1918_17; EDC_1917_14
EDCPT_7604,Person,,Chao,Y.Y.,,,,,,,,,,U,,China,,,,,B.A.,,,,EDC_1918_18
EDCPT_7605,Person,,Chao,Chen-bing,,,,,,,,,,U,,China,,,,,,,,,EDC_1920_21
EDCPT_7606,Person,,Chao,Chi Kao,,,,,,,,,,,,,,,,,,,,,EDC_1916_15
EDCPT_7607,Person,,Chao,G. T.,,,,,,,,,,U,,,,,,,,,,,EDC_1914_5
EDCPT_7608,Person,,Chao,Guo-tsai,,,,,,,,,,U,,China,,,,,M.A.,,,,EDC_1920_22; EDC_1918_18
EDCPT_7609,Person,,Chao,Hsin Liang,,,,,,,,,,U,,,,,,,,,,,EDC_1914_5
EDCPT_7610,Person,,Chao,Hsin-liang,,,,,,,,,,M,,China,,,,,,,,,EDC_1918_18; EDC_1917_14
EDCPT_7611,Person,,Chao,Hsueh Kuan,,,,,,,,,,U,,,,,,,B. A.,,,,EDC_1914_5
EDCPT_7612,Person,,Chao,K.S.,,,,,,,,,,U,,China,,,,,,,,,EDC_1920_22; EDC_1918_18; EDC_1917_14
EDCPT_7613,Person,,Chao,S.F.,,,,,,,,,,U,,China,,,,,M.D.,,,,EDC_1920_22
EDCPT_7614,Person,,Chao,S.H.,,,,,,,,,,U,,China,,,,,B.S.,,,,EDC_1920_22
EDCPT_7615,Person,,Chao,S.L.,,,,,,,,,,U,,China,,,,,,,,,EDC_1918_18
EDCPT_7616,Person,,Chao,T. L.,,,,,,,,,,U,,,,,,,B. A.,,,,EDC_1914_5
EDCPT_7617,Person,,Chao,T.Y.,,,,,,,,,,U,,China,,,,,"B.A., LL.B.",,,,EDC_1920_22
EDCPT_7618,Person,,Chao,Te-jung,,,,,,,,,,M,,China,,,,,,,,,EDC_1918_18; EDC_1917_14
EDCPT_7619,Person,,Chao,Y.H.,,,,,,,,,,U,,China,,,,,,Rev.,,,EDC_1920_22
EDCPT_7620,Person,,Chapin,E.D.,,,,,,,,,,M,,,,,,,B.A.,Rev.,,,EDC_1917_14
EDCPT_7621,Person,,Chapin,May {Miss},,,,,,,,,,F,,,,,,,B.A.,,,,EDC_1920_22
EDCPT_7622,Person,,Chapman,B. Burgoyne,,,,,,,,,,M,,,,,,,"M.A., Diploma in Education",,,,EDC_1920_22; EDC_1918_18; EDC_1917_14
EDCPT_7623,Person,,Chapman,T.W. {Mrs.},,,,,,,,,,F,,,,,,,,,,,EDC_1920_22
EDCPT_7624,Person,,Chapman,Thomas W.,,,,,,,,,,M,,,,,,,"M. Sc., Diploma in Education",,,,EDC_1920_22; EDC_1918_18; EDC_1917_14
EDCPT_7625,Person,,Charles,{Rev. Brother},,,,,,,,,,M,,,,,,,,,,,EDC_1920_22
EDCPT_7626,Person,,Chater,C.P. {Hon. Sir},,,,,,,,,,M,,,,,,,C.M.G.,,,,EDC_1920_22; EDC_1918_18; EDC_1917_14
EDCPT_7627,Person,,Chatham,W.,,,,,,,,,,,,,,,,,C.M.G.,Hon.,,,EDC_1916_16
EDCPT_7628,Person,,Chatman,W. {Hon.},,,,,,,,,,M,,,,,,,C.M.G.,,,,EDC_1918_18
EDCPT_7629,Person,,Chau,Ming-tsai,,,,,,,,,,U,,,,,,,,,,,EDC_1920_22
EDCPT_7630,Person,,Chen,A.H.,,,,,,,,,,U,,,,,,,M.A.,,,,EDC_1920_22
EDCPT_7631,Person,,Chen,C. I.,,,,,,,,,,U,,,,,,,,,,,EDC_1914_5
EDCPT_7632,Person,,Chen,C.C.,,,,,,,,,,U,,,,,,,"M.A., Ph.D.",,,,EDC_1920_22
EDCPT_7633,Person,,Chen,C.T.,,,,,,,,,,U,,,,,,,B.A.,,,,EDC_1920_22; EDC_1918_19
EDCPT_7634,Person,,Chen,C.T. (Fuzhou),,,,,,,,,,U,,,,,,,B.A.,,,,EDC_1920_22
EDCPT_7635,Person,,Chen,Chin-ping,,,,,,,,,,U,,,,,,,,,,,EDC_1914_5
EDCPT_7636,Person,,Chen,Chin-yung,,,,,,,,,,M,,,,,,,,Rev.,,,EDC_1917_15
EDCPT_7637,Person,,Chen,D.K.,,,,,,,,,,U,,,,,,,,,,,EDC_1920_22
EDCPT_7638,Person,,Chen,David K.,,,,,,,,,,M,,,,,,,,,,,EDC_1920_23
EDCPT_7639,Person,,Chen,Dz-wen,,,,,,,,,,M,,China,,,,,B.A.,,,,EDC_1918_19
EDCPT_7640,Person,,Chen,G.C.,,,,,,,,,,U,,,,,,,,,,,EDC_1920_23
EDCPT_7641,Person,,Chen,Gin Yong,,,,,,,,,,,,,,,,,,,,,EDC_1916_16
EDCPT_7642,Person,,Chen,H. C.,,,,,,,,,,U,,,,,,,M. D.,,,,EDC_1914_5
EDCPT_7643,Person,,Chen,H.C.,,,,,,,,,,U,,,,,,,"B.A., M.A.",,,,EDC_1920_23
EDCPT_7644,Person,,Chen,H.K.,,,,,,,,,,,,,,,,,,,,,EDC_1916_16
EDCPT_7645,Person,,Chen,Hai-cheng,,,,,,,,,,,,,,,,,B.A.,,,,EDC_1917_15
EDCPT_7646,Person,,Ch'en,Hsi-hua,,,,,,,,,,U,,,,,,,B.A.,,,,EDC_1920_23
EDCPT_7647,Person,,Chen,Hsin-lien,,,,,,,,,,U,,,,,,,,,,,EDC_1914_5
EDCPT_7648,Person,,Chen,Hu-chen,,,,,,,,,,,,,,,,,,,,,EDC_1917_15
EDCPT_7649,Person,,Chen,Hwa-lu,,,,,,,,,,U,,,,,,,B.A.,,,,EDC_1920_23
EDCPT_7650,Person,,Chen,J.C.,,,,,,,,,,,,,,,,,B.A.,,,,EDC_1916_16
EDCPT_7651,Person,,Chen,K. S.,,,,,,,,,,U,,,,,,,,,,,EDC_1914_5
EDCPT_7652,Person,,Chen,K.T.,,,,,,,,,,U,,,,,,,,,,,EDC_1920_23
EDCPT_7653,Person,,Chen,Keh-rang,,,,,,,,,,M,,China,,,,,,,,,EDC_1918_19; EDC_1917_15
EDCPT_7654,Person,,Chen,Kuei-ying {Miss.},,,,,,,,,,F,,China,,,,,,,,,EDC_1918_19; EDC_1917_15
EDCPT_7655,Person,,Chen,L.S.,,,,,,,,,,U,,,,,,,,,,,EDC_1920_23
EDCPT_7656,Person,,Chen,Lai-woo,,,,,,,,,,U,,,,,,,B.S.,,,,EDC_1920_23
EDCPT_7657,Person,,Ch'en,Lan Tang,,,,,,,,,,,,,,,,,,,,,EDC_1916_16
EDCPT_7658,Person,,Chen,M.S.,,,,,,,,,,,,,,,,,,,,,EDC_1916_16
EDCPT_7659,Person,,Chen,N. V.,,,,,,,,,,U,,,,,,,B. A.,,,,EDC_1914_5
EDCPT_7660,Person,,Chen,P.,,,,,,,,,,U,,,,,,,,,,,EDC_1920_23; EDC_1918_20
EDCPT_7661,Person,,Chen,P. M.,,,,,,,,,,U,,,,,,,,,,,EDC_1914_5
EDCPT_7662,Person,,Chen,P.H.,,,,,,,,,,,,,,,,,,,,,EDC_1917_15
EDCPT_7663,Person,,Chen,P.H.,,,,,,,,,,,,,,,,,M.A.,,,,EDC_1916_16
EDCPT_7664,Person,,Chen,Pao-ch'i,,,,,,,,,,U,,,,,,,"B.A., M.A.",,,,EDC_1920_23
EDCPT_7665,Person,,Chen,Pao-chuan,,,,,,,,,,U,,,,,,,,,,"Graduate, Tokyo Normal School",EDC_1920_23; EDC_1918_19
EDCPT_7666,Person,,Chen,Pin,,,,,,,,,,U,,,,,,,S.S.,,,,EDC_1920_23
EDCPT_7667,Person,,Chen,Reh-ching,,,,,,,,,,U,,,,,,,,,,,EDC_1920_23
EDCPT_7668,Person,,Chen,Robin,,,,,,,,,,U,,,,,,,B.A.,Rev.,,,EDC_1920_23
EDCPT_7669,Person,,Chen,S.S.,,,,,,,,,,U,,,,,,,,,,,EDC_1920_23
EDCPT_7670,Person,,Chen,S.W.,,,,,,,,,,U,,,,,,,M.A.,,,,EDC_1920_23; EDC_1918_19; EDC_1917_15
EDCPT_7671,Person,,Chen,S.Y.,,,,,,,,,,U,,,,,,,B.S.,,,,EDC_1920_23; EDC_1918_19; EDC_1917_15
EDCPT_7672,Person,,Chen,Sheo-peh,,,,,,,,,,U,,,,,,,R.N.,,,,EDC_1920_23; EDC_1918_19; EDC_1917_15
EDCPT_7673,Person,,Chen,Shou,,,,,,,,,,U,,,,,,,M.A.,,,,EDC_1920_24
EDCPT_7674,Person,,Chen,Shou,,,,,,,,,,,,,,,,,M.A.,,,,EDC_1916_16
EDCPT_7675,Person,,Chen,Shui-i,,,,,,,,,,,,,,,,,B.A.,,,,EDC_1917_15
EDCPT_7676,Person,,Chen,Sung-wen,,,,,,,,,,M,,China,,,,,,,,,EDC_1918_19; EDC_1917_15
EDCPT_7677,Person,,Chen,T. H.,,,,,,,,,,U,,,,,,,M. A.,,,,EDC_1914_5
EDCPT_7678,Person,,Chen,T. S.,,,,,,,,,,U,,,,,,,B. A.,,,,EDC_1914_5
EDCPT_7679,Person,,Chen,T.H.,,,,,,,,,,U,,,,,,,B.A.,,,,EDC_1920_24; EDC_1918_19; EDC_1917_15
EDCPT_7680,Person,,Chen,T.L.,,,,,,,,,,,,,,,,,,,,,EDC_1916_17
EDCPT_7681,Person,,Chen,Tang Yi,,,,,,,,,,,,,,,,,,,,,EDC_1916_16
EDCPT_7682,Person,,Ch'en,Tsai-hsin,,,,,,,,,,U,,,,,,,Ph.D.,,,,EDC_1920_24; EDC_1918_20
EDCPT_7683,Person,,Chen,Tse-fan,,,,,,,,,,U,,,,,,,,,,,EDC_1914_5
EDCPT_7684,Person,,Chen,Ts-tsu,,,,,,,,,,M,,China,,,,,B.A.,,,,EDC_1918_19
EDCPT_7685,Person,,Chen,Tsung Vong {Miss},,,,,,,,,,U,,,,,,,,,,Graduate of Laura Haygood Normal School,EDC_1920_24
EDCPT_7686,Person,,Ch'en,Tsu-tzu,,,,,,,,,,U,,,,,,,B.A.,,,,EDC_1920_24
EDCPT_7687,Person,,Chen,Tsz-wen,,,,,,,,,,U,,,,,,,B.A.,,,,EDC_1920_24
EDCPT_7688,Person,,Chen,W.H.,,,,,,,,,,,,,,,,,LL.B.,,,,EDC_1917_15
EDCPT_7689,Person,,Chen,W.H.M.,,,,,,,,,,,,,,,,,,,,,EDC_1916_16
EDCPT_7690,Person,,Chen,Walter H.,,,,,,,,,,M,,China,,,,,LL.M.; A.A.LL.,,,,EDC_1918_19
EDCPT_7691,Person,,Chen,Wang Pao,,,,,,,,,,,,,,,,,M.D.,,,,EDC_1916_17
EDCPT_7692,Person,,Chen,Weichen C.C.,,,,,,,,,,U,,,,,,,Ph.D.,,,Mandarin teacher at the School of Oriental Studies in London. Why is he on this document?,EDC_1920_24
EDCPT_7693,Person,,Chen,Y. C.,,,,,,,,,,U,,,,,,,,,,,EDC_1914_5
EDCPT_7694,Person,,Chen,Y.K.,,,,,,,,,,U,,,,,,,,,,,EDC_1920_24; EDC_1918_20
EDCPT_7695,Person,,Chen,Y.P.,,,,,,,,,,U,,,,,,,B.A.,,,,EDC_1920_24
EDCPT_7696,Person,,Chen,Y.S.,,,,,,,,,,U,,,,,,,,,,,EDC_1920_24
EDCPT_7697,Person,,Chen,Y.T.,,,,,,,,,,U,,,,,,,,,,,EDC_1920_24
EDCPT_7698,Person,,Ch'en,Yaochu,,,,,,,,,,U,,,,,,,B.A.,,,,EDC_1920_24
EDCPT_7699,Person,,Chen,"Yuan-chang,",,,,,,,,,,U,,,,,,,,,,,EDC_1914_5
EDCPT_7700,Person,,Chen,Yuen-fee,,,,,,,,,,U,,,,,,,,,,,EDC_1920_24
EDCPT_7701,Person,,Cheney,Monona {Miss},,,,,,,,,,F,,,,,,,B.A.,,,,EDC_1920_24
EDCPT_7702,Person,,Cheng,Charles T.Y.,,,,,,,,,,U,,,,,,,,,,,EDC_1920_24
EDCPT_7703,Person,,Cheng,Chen-sien,,,,,,,,,,U,,,,,,,,,,,EDC_1920_24
EDCPT_7704,Person,,Cheng,Ching,,,,,,,,,,U,,,,,,,,,,,EDC_1920_24
EDCPT_7705,Person,,Cheng,Hok-ling,,,,,,,,,,U,,,,,,,,,,,EDC_1920_24
EDCPT_7706,Person,,Cheng,J.C.,,,,,,,,,,M,,China,,,,,,,,,EDC_1918_20
EDCPT_7707,Person,,Cheng,L.C.,,,,,,,,,,U,,,,,,,C.E.,,,,EDC_1920_24
EDCPT_7708,Person,,Cheng,L.K.,,,,,,,,,,U,,,,,,,,,,,EDC_1920_25
EDCPT_7709,Person,,Cheng,Luan,,,,,,,,,,U,,,,,,,,,,,EDC_1920_25
EDCPT_7710,Person,,Cheng,M.K.,,,,,,,,,,M,,China,,,,,,,,,EDC_1918_20; EDC_1917_16
EDCPT_7711,Person,,Cheng,Ruth {Miss},,,,,,,,,,F,,,,,,,,,,,EDC_1920_25
EDCPT_7712,Person,,Cheng,S.J.,,,,,,,,,,,,,,,,,,,,,EDC_1917_16
EDCPT_7713,Person,,Cheng,Ssu-tsung Ta-yu,,,,,,,,,,U,,,,,,,,,,,EDC_1920_25
EDCPT_7714,Person,,Cheng,T.H.,,,,,,,,,,U,,,,,,,"B.A., M.A.",,,,EDC_1920_25
EDCPT_7715,Person,,Cheng,W. T.,,,,,,,,,,U,,,,,,,,,,,EDC_1914_5
EDCPT_7716,Person,,Cheng,Wang Pai,,,,,,,,,,,,,,,,,B.A.,,,,EDC_1916_17
EDCPT_7717,Person,,Cheng,Y.,,,,,,,,,,U,,,,,,,B.S.,,,,EDC_1920_25
EDCPT_7718,Person,,Cheng,Y.H.,,,,,,,,,,U,,,,,,,M.E.,,,,EDC_1920_25; EDC_1918_20
EDCPT_7719,Person,,Ch'eng,Yu-tzu,,,,,,,,,,U,,,,,,,,,,,EDC_1920_25
EDCPT_7720,Person,,Cheo,Ping-an,,,,,,,,,,U,,,,,,,,,,,EDC_1920_25
EDCPT_7721,Person,,Cheo,T.T.,,,,,,,,,,U,,,,,,,,,,,EDC_1920_25
EDCPT_7722,Person,,Cheoeg,Fa-min,,,,,,,,,,U,,,,,,,,,,,EDC_1920_25
EDCPT_7723,Person,,Chester,Ruth M.,,,,,,,,,,F,,,,,,,M.A.,,,,EDC_1920_25; EDC_1918_20
EDCPT_7724,Person,,Cheung,Hok Chan,,,,,,,,,,U,,,,,,,,,,,EDC_1914_6
EDCPT_7725,Person,,Cheung,S.W.,,,,,,,,,,U,,,,,,,R.A.,,,,EDC_1920_25
EDCPT_7726,Person,,Cheung,Shin-kam,,,,,,,,,,M,,,,,,,,,,,EDC_1920_25
EDCPT_7727,Person,,Cheung,So-wah,,,,,,,,,,U,,,,,,,,,,"Educated, Normal Class, Queen's College (Hong Kong)",EDC_1920_25
EDCPT_7728,Person,,Chi,C.Y.,,,,,,,,,,U,,,,,,,,,,,EDC_1920_25
EDCPT_7729,Person,,Chi,F. C.,,,,,,,,,,U,,,,,,,,,,,EDC_1914_6
EDCPT_7730,Person,,Chi,J.T.,,,,,,,,,,U,,,,,,,B.A.,,,,EDC_1920_25
EDCPT_7731,Person,,Chi,K.C.,,,,,,,,,,U,,,,,,,"B.A., LL.B.",,,,EDC_1920_25; EDC_1918_20
EDCPT_7732,Person,,Chi,Lai-hsing,,,,,,,,,,U,,,,,,,B.A.,,,,EDC_1920_25; EDC_1918_20; EDC_1917_16
EDCPT_7733,Person,,Chi,Li,,,,,,,,,,U,,,,,,,B.A.,,,,EDC_1920_25
EDCPT_7734,Person,,Chi,Ling Feng,,,,,,,,,,,,,,,,,B.A.,,,,EDC_1916_18
EDCPT_7735,Person,,Chi,Ne Win,,,,,,,,,,,,,,,,,M.D.,,,,EDC_1916_18
EDCPT_7736,Person,,Ch'i,Te-ming,,,,,,,,,,U,,,,,,,,,,,EDC_1920_25
EDCPT_7737,Person,,Chi,Tsai-fung,,,,,,,,,,M,,China,,,,,B.A.,,,,EDC_1918_20; EDC_1917_16
EDCPT_7738,Person,,Chi,Wei-hsin,,,,,,,,,,U,,,,,,,B.A.,,,,EDC_1920_25
EDCPT_7739,Person,,Chi,Y.H.,,,,,,,,,,U,,,,,,,B.A.,,,,EDC_1920_26
EDCPT_7740,Person,,Chi,Yueh-t'ang,,,,,,,,,,U,,,,,,,,,,,EDC_1920_26
EDCPT_7741,Person,,Chia,Kuo-hsiang,,,,,,,,,,M,,China,,,,,,,,,EDC_1918_20; EDC_1917_16
EDCPT_7742,Person,,Chia,L. S.,,,,,,,,,,U,,,,,,,,,,,EDC_1914_6
EDCPT_7743,Person,,Chia,Yu-ming,,,,,,,,,,,,,,,,,,Rev.,,,EDC_1917_16
EDCPT_7744,Person,,Chiang,Hsin-feng,,,,,,,,,,M,,,,,,,B.A.,,,,EDC_1920_26; EDC_1918_20; EDC_1917_16
EDCPT_7745,Person,,Chieh,Shou-kang,,,,,,,,,,,,,,,,,,,,,EDC_1917_16
EDCPT_7746,Person,,Chien,John,,,,,,,,,,M,,,,,,,B.A.,,,,EDC_1920_26
EDCPT_7747,Person,,Chien,Mei-jung {Miss},,,,,,,,,,F,,,,,,,,,,,EDC_1920_26
EDCPT_7748,Person,,Chien,S.S.,,,,,,,,,,U,,,,,,,B.A.,,,,EDC_1920_26; EDC_1918_20
EDCPT_7749,Person,,Chien,Tsung Yuan,,,,,,,,,,,,,,,,,B.SC,,,,EDC_1916_18
EDCPT_7750,Person,,Chien,W. W.,,,,,,,,,,U,,,,,,,,,,,EDC_1914_6
EDCPT_7751,Person,,Chih,C.,,,,,,,,,,U,,,,,,,M.E.,,,,EDC_1920_26; EDC_1918_20
EDCPT_7752,Person,,Chih,C.C.,,,,,,,,,,U,,China,,,,,B.A.,,,,EDC_1918_20
EDCPT_7753,Person,,Chih,Ching Cheng,,,,,,,,,,U,,,,,,,B.A.,,,,EDC_1920_26; EDC_1918_20
EDCPT_7754,Person,,Chih,Hwa Chang,,,,,,,,,,U,,,,,,,B.A.,,,,EDC_1920_26; EDC_1918_20
EDCPT_7755,Person,,Chih,Hwa-chang,,,,,,,,,,,,,,,,,B.A.,,,,EDC_1917_16
EDCPT_7756,Person,,Chih,King-chang,,,,,,,,,,M,,China,,,,,,,,,EDC_1918_21; EDC_1917_16
EDCPT_7757,Person,,Chih-po,,,,,,,,,,,U,,,,,,,M.D.,,,,EDC_1920_26
EDCPT_7758,Person,,Chin,H.C.,,,,,,,,,,U,,China,,,,,B.A.,,,,EDC_1918_20; EDC_1917_16
EDCPT_7759,Person,,Chin,H.W.,,,,,,,,,,,,,,,,,,,,,EDC_1916_19
EDCPT_7760,Person,,Chin,Hsing-wu,,,,,,,,,,U,,,,,,,,,,,EDC_1920_26; EDC_1918_21; EDC_1917_16
EDCPT_7761,Person,,Chin,Hwa-tang,,,,,,,,,,M,,China,,,,,,,,,EDC_1918_21; EDC_1917_16
EDCPT_7762,Person,,Chin,Philip C.T,,,,,,,,,,M,,China,,,,,B.A.,,,,EDC_1918_21
EDCPT_7763,Person,,Chin,"S. E., B. A.",,,,,,,,,,U,,,,,,,B. A.,,,,EDC_1914_6
EDCPT_7764,Person,,Chin,Wong San,,,,,,,,,,,,,,,,,,,,,EDC_1916_19
EDCPT_7765,Person,,Chin,Y.C.,,,,,,,,,,U,,,,,,,B.A.,,,,EDC_1920_26; EDC_1918_21; EDC_1917_16
EDCPT_7766,Person,,Chin,Y.T.,,,,,,,,,,,,,,,,,M.A.,,,,EDC_1917_16
EDCPT_7767,Person,,Ching,J.S.,,,,,,,,,,U,,,,,,,,,,,EDC_1920_26
EDCPT_7768,Person,,Ching,Lan-sin,,,,,,,,,,U,,,,,,,,,,,EDC_1920_26
EDCPT_7769,Person,,Ch'ing,Lin-feng {Mrs.},,,,,,,,,,F,,,,,,,M.D.,,,,EDC_1920_26
EDCPT_7770,Person,,Ching,Nei Eng,,,,,,,,,,,,,,,,,,,,,EDC_1916_19
EDCPT_7771,Person,,Ching,Sze-sien,,,,,,,,,,M,,China,,,,,B.A.,,,,EDC_1918_21; EDC_1917_16
EDCPT_7772,Person,,Ching,Wong Suet,,,,,,,,,,,,,,,,,W.D.,,,,EDC_1916_19
EDCPT_7773,Person,,Ching,Y.F.,,,,,,,,,,,,,,,,,,,,,EDC_1916_19
EDCPT_7774,Person,,Ching,Z. C.,,,,,,,,,,U,,,,,,,,,,,EDC_1914_6
EDCPT_7775,Person,,Chio,"Lincoln,",,,,,,,,,,U,,,,,,,B. A.,,,,EDC_1914_6
EDCPT_7776,Person,,Chio,Yung-shing,,,,,,,,,,,,,,,,,B.A.,,,,EDC_1916_19
EDCPT_7777,Person,,Chiu,L.Y.,,,,,,,,,,U,,,,,,,B.A.,,,,EDC_1920_26; EDC_1918_21
EDCPT_7778,Person,,Chiu,S.K.,,,,,,,,,,M,,China,,,,,,Rev.,,,EDC_1918_21
EDCPT_7779,Person,,Chiu,Y.T.,,,,,,,,,,U,,China,,,,,M.A.,,,,EDC_1918_21
EDCPT_7780,Person,,Cho,"Yu-cheong,",,,,,,,,,,U,,,,,,,,,,,EDC_1914_6
EDCPT_7781,Person,,Choh,"King Chang,",,,,,,,,,,U,,,,,,,,,,,EDC_1914_6
EDCPT_7782,Person,,Chou,"C. Y. Bursar,",,,,,,,,,,U,,,,,,,,,,,EDC_1914_6
EDCPT_7783,Person,,Chou,C.Y.,,,,,,,,,,U,,China,,,,,,,,,EDC_1918_21; EDC_1917_16
EDCPT_7784,Person,,Chou,"Ching,",,,,,,,,,,U,,,,,,,,,,,EDC_1914_6
EDCPT_7785,Person,,Chou,H.C.,,,,,,,,,,U,,,,,,,,,,,EDC_1920_26
EDCPT_7786,Person,,Chou,Ken-yuen,,,,,,,,,,,,,,,,,,,,,EDC_1916_19
EDCPT_7787,Person,,Chou,"Ken-Yuen,",,,,,,,,,,U,,,,,,,,,,,EDC_1914_6
EDCPT_7788,Person,,Chou,Li-chien,,,,,,,,,,U,,,,,,,,,,,EDC_1920_26
EDCPT_7789,Person,,Chou,Pen-tsai,,,,,,,,,,M,,China,,,,,,,,,EDC_1918_21; EDC_1917_16
EDCPT_7790,Person,,Chou,T.L.,,,,,,,,,,,,,,,,,,,,,EDC_1916_19
EDCPT_7791,Person,,Chou,Thimothy,,,,,,,,,,M,,China,,,,,B.S.,,,,EDC_1918_21
EDCPT_7792,Person,,Chou,Y.C.,,,,,,,,,,U,,,,,,,B.A.,,,,EDC_1920_26
EDCPT_7793,Person,,Chou,Y.H.,,,,,,,,,,U,,China,,,,,B.S,,,,EDC_1918_21; EDC_1917_16
EDCPT_7794,Person,,Chou,Y.S.,,,,,,,,,,U,,China,,,,,B.A.; LL.B.,,,,EDC_1918_23
EDCPT_7795,Person,,Chou,Yen Lin,,,,,,,,,,U,,,,,,,B.A.,,,,EDC_1920_26
EDCPT_7796,Person,,Chou,Yen-Ching,,,,,,,,,,,,,,,,,,,,,EDC_1916_19
EDCPT_7797,Person,,Chou,Yu-wen,,,,,,,,,,U,,,,,,,B.A.,,,,EDC_1920_26
EDCPT_7798,Person,,Chow,King-tse,,,,,,,,,,,,,,,,,,,,,EDC_1916_19
EDCPT_7799,Person,,Chow,A. T. Y.,,,,,,,,,,U,,,,,,,,,,,EDC_1914_6
EDCPT_7800,Person,,Chow,A.T.Y.,,,,,,,,,,,,,,,,,,,,,EDC_1916_19
EDCPT_7801,Person,,Chow,Alfred T.Y.,,,,,,,,,,U,,,,,,,,,,,EDC_1920_27; EDC_1918_21; EDC_1917_17
EDCPT_7802,Person,,Chow,Ching,,,,,,,,,,,,,,,,,,,,,EDC_1916_19
EDCPT_7803,Person,,Chow,E.M.,,,,,,,,,,U,,,,,,,,,,,EDC_1920_27
EDCPT_7804,Person,,Chow,H.,,,,,,,,,,U,,,,,,,B. Sc.,,,,EDC_1920_27
EDCPT_7805,Person,,Chow,I.L.,,,,,,,,,,U,,,,,,,,,,,EDC_1920_27
EDCPT_7806,Person,,Chow,Iong-teh,,,,,,,,,,U,,,,,,,,,,,EDC_1920_27
EDCPT_7807,Person,,Chow,J.,,,,,,,,,,U,,,,,,,M.S.,,,,EDC_1920_27
EDCPT_7808,Person,,Chow,J.J.,,,,,,,,,,U,,,,,,,,,,,EDC_1920_27
EDCPT_7809,Person,,Chow,K. S.,,,,,,,,,,U,,,,,,,B. A.,Rev,,,EDC_1914_6
EDCPT_7810,Person,,Chow,K.Y.,,,,,,,,,,U,,,,,,,,,,,EDC_1920_27; EDC_1918_22; EDC_1917_17
EDCPT_7811,Person,,Chow,Kying-tsai,,,,,,,,,,U,,,,,,,,,,,EDC_1920_27
EDCPT_7812,Person,,Chow,M.L.,,,,,,,,,,U,,,,,,,B.A.,,,,EDC_1920_27
EDCPT_7813,Person,,Chow,P.C.,,,,,,,,,,U,,,,,,,,,,,EDC_1920_27
EDCPT_7814,Person,,Chow,P.Y.,,,,,,,,,,U,,,,,,,B.A.,,,,EDC_1920_27; EDC_1918_22
EDCPT_7815,Person,,Chow,S.F.,,,,,,,,,,U,,,,,,,M.D.,,,,EDC_1920_27
EDCPT_7816,Person,,Chow,T.,,,,,,,,,,,,,,,,,,,,,EDC_1917_17
EDCPT_7817,Person,,Chow,T.C.,,,,,,,,,,U,,,,,,,"B.A., B.Sc.",,,,EDC_1920_27; EDC_1918_22; EDC_1917_17
EDCPT_7818,Person,,Chow,Vincent E.,,,,,,,,,,M,,,,,,,,,,,EDC_1917_17
EDCPT_7819,Person,,Chow,Wang-cheng,,,,,,,,,,M,,China,,,,,,,,,EDC_1918_22; EDC_1917_17
EDCPT_7820,Person,,Chow,Yoh-yen,,,,,,,,,,U,,,,,,,,,,,EDC_1920_27
EDCPT_7821,Person,,Chow,Yu Sann,,,,,,,,,,U,,,,,,,,,,,EDC_1920_27
EDCPT_7822,Person,,Chow,Yung-zah,,,,,,,,,,U,,,,,,,,,,,EDC_1920_27
EDCPT_7823,Person,,Christian,L.J. {Mrs.},,,,,,,,,,F,,,,,,,B.A.,,,,EDC_1920_27; EDC_1918_22
EDCPT_7824,Person,,Christian,Leonard J.,,,,,,,,,,M,,,,,,,B.A.,,,,EDC_1920_27; EDC_1918_22
EDCPT_7825,Person,,Christian,"Leonard L.,",,,,,,,,,,U,,,,,,,B. A.,,,,EDC_1914_6
EDCPT_7826,Person,,Christie,Dugald,,,,,,,,,,M,,,,,,,,"C.M.G., F.R.C.S., F.R.C.P.",,,EDC_1920_27; EDC_1918_22
EDCPT_7827,Person,,Christie,Dugald {Mrs.},,,,,,,,,,F,,,,,,,,,,,EDC_1920_28; EDC_1918_22
EDCPT_7828,Person,,Christie,"Dugald, C.M.G.,",,,,,,,,,,U,,,,,,,,,,,EDC_1914_6
EDCPT_7829,Person,,Christle,Dugald,,,,,,,,,,,,,,,,,,,,"C.M.G., F.R.C.S., F.R.C.P",EDC_1917_17
EDCPT_7830,Person,,Christman,Helen {Miss.},,,,,,,,,,F,,,,,,,,,,,EDC_1918_22; EDC_1917_17
EDCPT_7831,Person,,Chu,A.W.,,,,,,,,,,,,,,,,,,,,,EDC_1916_20
EDCPT_7832,Person,,Chu,C.H.,,,,,,,,,,,,,,,,,,,,,EDC_1916_20
EDCPT_7833,Person,,Chu,Chang-tao,Chang Pao,,,,,,,,,U,,,,,,,,B.A.,,"Chang-tao Chu and Chang Pao Chu are both listed once on the teachers page but in the roster for the Yu Ying School only Chang-tao Chu is there. These are the same person, either with different romanizations of their name or just a typo/clerical error.",EDC_1920_28
EDCPT_7834,Person,,Chu,Chien Cheng,,,,,,,,,,,,,,,,,,,,,EDC_1916_20
EDCPT_7835,Person,,Chu,Chin,,,,,,,,,,U,,,,,,,Ph.D.,"B.A., M.A.","""Editor-in-charge,"" Educational Weekly, the Eastern Times, Shanghai","Listed twice as C. Chu and once as Chin Chu on the teachers' page; two listings had a PhD from Columbia in 1916 two worked at the Government Teachers' College, and one worked at the Chinan Institute, 3 Nanking schools. The roster for the Government Teachers' College only had one C. Chu with a Ph.D. (only the Chinan institute listing had a Ph.D. on the teachers page), confirming that the listings were in fact the same person.",EDC_1920_28
EDCPT_7836,Person,,Chu,D.C.,,,,,,,,,,U,,,,,,,,,,,EDC_1920_28
EDCPT_7837,Person,,Chu,F.M.,,,,,,,,,,U,,,,,,,B.P.E.,,,,EDC_1920_28
EDCPT_7838,Person,,Chu,G. {Dr.},,,,,,,,,,U,,,,,,,,,,,EDC_1920_28
EDCPT_7839,Person,,Chu,G.Y.,,,,,,,,,,U,,,,,,,,,,,EDC_1920_28; EDC_1918_22; EDC_1917_17
EDCPT_7840,Person,,Chu,Gi Tsin,,,,,,,,,,,,,,,,,,,,,EDC_1916_20
EDCPT_7841,Person,,Chu,H.P.,,,,,,,,,,U,,,,,,,M.D.,,,,EDC_1920_28
EDCPT_7842,Person,,Chu,Hsien-an,,,,,,,,,,U,,,,,,,,,,,EDC_1920_28
EDCPT_7843,Person,,Chu,James,,,,,,,,,,M,,China,,,,,,,,,EDC_1918_22
EDCPT_7844,Person,,Chu,Je-ming,,,,,,,,,,,,,,,,,,,,,EDC_1917_17
EDCPT_7845,Person,,Chu,Job,,,,,,,,,,U,,,,,,,,,,,EDC_1920_28
EDCPT_7846,Person,,Chu,K.C.,,,,,,,,,,U,,China,,,,,B.A.,,,,EDC_1918_23
EDCPT_7847,Person,,Chu,K.T.,,,,,,,,,,U,,,,,,,M.A.,,,,EDC_1920_28
EDCPT_7848,Person,,Chu,Kitchen,,,,,,,,,,U,,,,,,,,,,,EDC_1920_28
EDCPT_7849,Person,,Chu,Min-chang,,,,,,,,,,U,,,,,,,B.A.,,,,EDC_1920_28
EDCPT_7850,Person,,Chu,P.F.,,,,,,,,,,U,,,,,,,M.E.,,,,EDC_1920_28; eDC_1918_22
EDCPT_7851,Person,,Chu,P.K.,,,,,,,,,,U,,,,,,,,,,"Alongside his job as principal of the Federation schools, he is the General Secretary of the World's Chinese Students Federation and the Shanghai branch of the Boy Scouts' Association of China",EDC_1920_28; EDC_1918_22
EDCPT_7852,Person,,Chu,Philip S.Y.,,,,,,,,,,M,,,,,,,B.A.,Rev.,,,EDC_1920_28
EDCPT_7853,Person,,Chu,R.F.,,,,,,,,,,U,,,,,,,,,,,EDC_1920_29
EDCPT_7854,Person,,Chu,Salome {Miss},,,,,,,,,,F,,,,,,,,,,,EDC_1920_29; EDC_1918_23; EDC_1917_17
EDCPT_7855,Person,,Chu,Shang-yuen,,,,,,,,,,U,,,,,,,B.A.,,,,EDC_1920_29; EDC_1918_23
EDCPT_7856,Person,,Chu,Shunsan C.,,,,,,,,,,M,,China,,,,,LL.B,,,,EDC_1918_23; EDC_1917_17
EDCPT_7857,Person,,Chu,T.C.,,,,,,,,,,U,,China,,,,,B.A.,,,,EDC_1918_23; EDC_1917_17
EDCPT_7858,Person,,Chu,T.S.,,,,,,,,,,U,,,,,,,B.A.,,,,EDC_1920_29
EDCPT_7859,Person,,Chu,Te-ming,,,,,,,,,,M,,China,,,,,,,,,EDC_1918_22
EDCPT_7860,Person,,Chu,Teng-ying,,,,,,,,,,M,,,,,,,,,,,EDC_1918_23; EDC_1917_17
EDCPT_7861,Person,,Chu,Ting-yuen,,,,,,,,,,U,,,,,,,B.S. in C.E.,,,,EDC_1920_29
EDCPT_7862,Person,,Chu,V.G.,,,,,,,,,,U,,,,,,,"C.E., M.A.",,,,EDC_1920_29; EDC_1918_23
EDCPT_7863,Person,,Chu,Wen-jwei,,,,,,,,,,U,,,,,,,B.S.,,,,EDC_1920_29
EDCPT_7864,Person,,Chu,Y.T.,,,,,,,,,,,,,,,,,,,,,EDC_1916_20
EDCPT_7865,Person,,Chu,Yao-hua,,,,,,,,,,U,,,,,,,B.A.,,,,EDC_1920_29
EDCPT_7866,Person,,Chu,Yuin-tai,,,,,,,,,,U,,,,,,,,,,,EDC_1920_29
EDCPT_7867,Person,,Chu,Yu-mu,,,,,,,,,,U,,,,,,,,,,,EDC_1920_29
EDCPT_7868,Person,,Ch'uan,Hsi-hsien,,,,,,,,,,U,,,,,,,,,,,EDC_1920_29
EDCPT_7869,Person,,Chuan,S.H.,,,,,,,,,,U,,,,,,,,,,,EDC_1920_29; EDC_1918_23
EDCPT_7870,Person,,Ch'uan,Shao-ching Hsio.,,,,,,,,,,U,,,,,,,,,,,EDC_1914_6
EDCPT_7871,Person,,Chuang,C.H.,,,,,,,,,,U,,China,,,,,B.A.,,,,EDC_1918_23
EDCPT_7872,Person,,Chuck,Y.S.,,,,,,,,,,,,,,,,,B.A.,,,,EDC_1917_18
EDCPT_7873,Person,,Chuin,"Yung-Leo,",,,,,,,,,,U,,,,,,,B.A,,,,EDC_1914_6
EDCPT_7874,Person,,Chun,Ying-mei {Miss},,,,,,,,,,,,,,,,,B.A.,,,,EDC_1917_18
EDCPT_7875,Person,,Chung,"Chi-hsin,",,,,,,,,,,U,,,,,,,,,,,EDC_1914_6
EDCPT_7876,Person,,Chung,H.H.,,,,,,,,,,U,,,,,,,M.A.,,,,EDC_1920_29
EDCPT_7877,Person,,Chung,Laai Kuen,,,,,,,,,,,,,,,,,M.D.,,,,EDC_1916_21
EDCPT_7878,Person,,Chung,Mei-lieu {Miss},,,,,,,,,,U,,,,,,,B.A.,,,"Says her given name is ""Mei-lieu"" in the teachers section and ""Mei-lien"" in the schools section. Taking ""Mei-lien"" as the correct one because ""lieu"" would be an unnecessarily complicated romanization and is likely a typo.",EDC_1920_29;EDC_1918_23; EDC_1917_18
EDCPT_7879,Person,,Chung,P.N.,,,,,,,,,,U,,,,,,,E.E.,,,,EDC_1920_29
EDCPT_7880,Person,,Chung,"W. K.,",,,,,,,,,,U,,,,,,,M. A.,,,,EDC_1914_6
EDCPT_7881,Person,,Chung,W.E.,,,,,,,,,,,,,,,,,,,,,EDC_1916_20
EDCPT_7882,Person,,Chung,W.K.,,,,,,,,,,U,,China,,,,,,,,,EDC_1918_23; EDC_1917_18
EDCPT_7883,Person,,Chung,William W.,,,,,,,,,,M,,,,,,,,,,,EDC_1920_29
EDCPT_7884,Person,,Chung,Wing-kwong,,,,,,,,,,U,,,,,,,,,,Chu Jen (Vice President for Chinese Affairs),EDC_1920_29
EDCPT_7885,Person,,Chur,A.S.Frederick,,,,,,,,,,U,,,,,,,,,,,EDC_1914_6
EDCPT_7886,Person,,Churchill,H. Melville,,,,,,,,,,U,,,,,,,M.R.C.S.,,,,EDC_1916_21
EDCPT_7887,Person,,Cio,L.D.,,,,,,,,,,U,,,,,,,,,,"Member of the Council, Boy Scouts Association of China",EDC_1920_29; EDC_1918_23; EDC_1917_18
EDCPT_7888,Person,,Clack,Robert Wood,,,,,,,,,,M,,,,,,,"B.A., M.A.",,,,EDC_1920_30; EDC_1918_23
EDCPT_7889,Person,,Claiborne,.Mary Elizabeth {Miss},,,,,,,,,,F,,,,,,,,,,,EDC_1914_6
EDCPT_7890,Person,,Claiborne,Elizabeth {Miss.},,,,,,,,,,F,,,,,,,,,,,EDC_1918_24; EDC_1917_18
EDCPT_7891,Person,,Claiborne,Mary Elizabeth {Miss},,,,,,,,,,F,,,,,,,,,,,EDC_1920_30
EDCPT_7892,Person,,Claire,V.,,,,,,,,,,U,,,,,,,B.A.,,,,EDC_1918_24
EDCPT_7893,Person,,Clara,Sz-to {Miss.},,,,,,,,,,F,,,,,,,M.A.,,,,EDC_1918_24; EDC_1917_18
EDCPT_7894,Person,,Clare,M. C.,,,,,,,,,,U,,,,,,,M.A,,,,EDC_1914_6
EDCPT_7895,Person,,Clare,M.C.,,,,,,,,,,M,,,,,,,M.A.,,,,EDC_1920_30
EDCPT_7896,Person,,Clark,M.H. {Miss.},,,,,,,,,,F,,,,,,,,,,,EDC_1918_24
EDCPT_7897,Person,,Clark,{Mrs.},,,,,,,,,,F,,,,,,,,,,,EDC_1920_30
EDCPT_7898,Person,,Clark,E.J. {Miss},,,,,,,,,,F,,,,,,,,,,,EDC_1920_30; EDC_1918_24
EDCPT_7899,Person,,Clark,Elsie G. {Miss.},,,,,,,,,,F,,,,,,,B.A. M.A.,,,,EDC_1918_24
EDCPT_7900,Person,,Clark,Frances,,,,,,,,,,U,,,,,,,,,,,EDC_1914_6
EDCPT_7901,Person,,Clark,Francis,,,,,,,,,,,,,,,,,M.D.,,,,EDC_1916_21
EDCPT_7902,Person,,Clark,W.G. {Mrs.},,,,,,,,,,F,,,,,,,,,,,EDC_1918_24
EDCPT_7903,Person,,Clarke,C.E. {Miss},,,,,,,,,,F,,,,,,,,,,,EDC_1920_30
EDCPT_7904,Person,,Clarke,Marguerite {Miss},,,,,,,,,,F,,,,,,,B.A.,,,,EDC_1920_30
EDCPT_7905,Person,,Clarke,W.L.,,,,,,,,,,M,,,,,,,M.A.,Rev.,,,EDC_1920_30
EDCPT_7906,Person,,Claudius,{Brother},,,,,,,,,,M,,,,,,,,Rev.,,,EDC_1920_30
EDCPT_7907,Person,,Claudius,L. {Frère},,,,,,,,,,M,,,,,,,,,,,EDC_1920_30
EDCPT_7908,Person,,Clauzet,F.A.,,,,,,,,,,,,,,,,,,Rev.,,,EDC_1916_21
EDCPT_7909,Person,,Claxton,A.E.,,,,,,,,,,,,,,,,,,Rev.,,,EDC_1916_21
EDCPT_7910,Person,,Clayson,W.W.,,,,,,,,,,M,,,,,,,M.A.,Rev.,,,EDC_1920_30; EDC_1918_24; EDC_1917_18
EDCPT_7911,Person,,Clayton,E.H. {Mrs.},,,,,,,,,,F,,,,,,,,,,,EDC_1920_30
EDCPT_7912,Person,,Clayton,Edward H.,,,,,,,,,,M,,,,,,,"B.S., M.S.",,,,EDC_1920_30
EDCPT_7913,Person,,Clement,S.M.,,,,,,,,,,U,,,,,,,B.A.,,,,EDC_1918_24
EDCPT_7914,Person,,Clemons,Harry,,,,,,,,,,M,,,,,,,M.A. {one at Wesleyan and one at Princeton},,,Librarian as well as a teacher at U of Nanking.,EDC_1920_30; EDC_1918_24; EDC_1917_18
EDCPT_7915,Person,,Cline,John. W.,,,,,,,,,,M,,,,,,,"B.A., D.D.",Rev.,,,EDC_1920_31; EDC_1918_24; EDC_1917_18
EDCPT_7916,Person,,Cline,John. W. {Mrs.},,,,,,,,,,F,,,,,,,Litt.B.,,,,EDC_1920_31; EDC_1918_24; EDC_1917_18
EDCPT_7917,Person,,Cline,W.W.,,,,,,,,,,M,,,,,,,M.A.,,,,EDC_1920_31
EDCPT_7918,Person,,Cline,W.W. {Mrs.},,,,,,,,,,F,,,,,,,B. Ph.,,,,EDC_1920_31
EDCPT_7919,Person,,Clinton,J.P.A. {Mrs.},,,,,,,,,,F,,,,,,,,,,,EDC_1918_24; EDC_1917_18
EDCPT_7920,Person,,Clough,E.S. {Miss},,,,,,,,,,,,,,,,,,,,,EDC_1917_18
EDCPT_7921,Person,,Coales,O.R.,,,,,,,,,,M,,,,,,,,,,,EDC_1920_31
EDCPT_7922,Person,,Cochran,James Blair,,,,,,,,,,M,,,,,,,"B.A., B.D.",Rev.,,Absent for some/all of 1920,EDC_1920_31; EDC_1918_24; EDC_1917_18
EDCPT_7923,Person,,Cochran,Samuel,,,,,,,,,,M,,,,,,,"M.A., M.D.",,,,EDC_1920_31; EDC_1918_24
EDCPT_7924,Person,,Cochrane,A.M. {Miss},,,,,,,,,,F,,,,,,,,,,,EDC_1916_22
EDCPT_7925,Person,,Cody,L.V.,,,,,,,,,,M,,,,,,,"B.A., B.D.",Rev.,,,EDC_1920_31
EDCPT_7926,Person,,Coffee,C. {Miss.},,,,,,,,,,F,,U.S.A.,,,,,,,,,EDC_1918_25; EDC_1917_18
EDCPT_7927,Person,,Cogdal,M.E. {Miss},,,,,,,,,,F,,,,,,,,,,,EDC_1920_31; EDC_1918_25
EDCPT_7928,Person,,Cohen,S. {Miss},,,,,,,,,,F,,,,,,,,,,,EDC_1920_31; EDC_1918_25; EDC_1917_18
EDCPT_7929,Person,,Colbeck,J.,,,,,,,,,,M,,,,,,,L. Th.,Rev.,,,EDC_1920_31; EDC_1918_25
EDCPT_7930,Person,,Cole,D. F.{Miss},,,,,,,,,,F,,,,,,,,,,,EDC_1914_7
EDCPT_7931,Person,,Cole,F. {Miss},,,,,,,,,,F,,,,,,,,,,,EDC_1920_31; EDC_1918_25
EDCPT_7932,Person,,Cole,G.H.,,,,,,,,,,,,,,,,,M.Sc,,,,EDC_1916_22
EDCPT_7933,Person,,Cole,W.B.,,,,,,,,,,,,,,,,,B.A.,Rev.,,,EDC_1917_19
EDCPT_7934,Person,,Coles,A. G.{Miss},,,,,,,,,,F,,,,,,,,,,,EDC_1914_7
EDCPT_7935,Person,,Coles,A.C. {Miss},,,,,,,,,,F,,,,,,,,,,,EDC_1920_31; EDC_1918_25; EDC_1917_19
EDCPT_7936,Person,,Collier,C. {Miss},,,,,,,,,,F,,,,,,,,,,,EDC_1920_31
EDCPT_7937,Person,,Collins,Lillian B. {Miss},,,,,,,,,,F,,,,,,,B.A.,,,,EDC_1920_31; EDC_1918_25
EDCPT_7938,Person,,Collins,Stanley B.,,,,,,,,,,,,,,,,,M.A.,,,,EDC_1917_19
EDCPT_7939,Person,,Conger,M.G.,,,,,,,,,,M,,,,,,,B.A.,,,,EDC_1920_31; EDC_1918_25
EDCPT_7940,Person,,Conlin,William,,,,,,,,,,M,,,,,,,B.A.,Rev.,,,EDC_1920_32; EDC_1918_25; EDC_1917_19
EDCPT_7941,Person,,Connelly,S.H. {Miss},,,,,,,,,,F,,,,,,,R.N.,,,,EDC_1920_32
EDCPT_7942,Person,,Conway,H.S.,,,,,,,,,,,,,,,,,,,,member of C.I.M.,EDC_1917_19
EDCPT_7943,Person,,Cook,David Livingstone,,,,,,,,,,M,,,,,,,B.A.,,,,EDC_1920_32; EDC_1918_25
EDCPT_7944,Person,,Cook,L. Emery,,,,,,,,,,U,,,,,,,B.Sc.,,,,EDC_1914_7
EDCPT_7945,Person,,Coole,Cora L. {Mrs.},,,,,,,,,,F,,,,,,,Ph.B.,,,,EDC_1920_32; EDC_1918_25; EDC_1917_19
EDCPT_7946,Person,,Coole,T. H.{Mrs},,,,,,,,,,F,,,,,,,,,,,EDC_1914_7
EDCPT_7947,Person,,Cooper,A. S.,,,,,,,,,,U,,,,,,,B. A.,Rev,,,EDC_1914_7
EDCPT_7948,Person,,Cooper,Albert S.,,,,,,,,,,M,,,,,,,B.A.,Rev.,,,EDC_1920_32; EDC_1918_25; EDC_1917_19
EDCPT_7949,Person,,Cooper,F.C. {Mrs.},,,,,,,,,,F,,U.S.A.,,,,,,,,,EDC_1918_25; EDC_1917_19
EDCPT_7950,Person,,Cooper,Frederick Clement,,,,,,,,,,U,,,,,,,,,,,EDC_1914_7
EDCPT_7951,Person,,Cooper,Gwendolin L. {Miss},,,,,,,,,,F,,,,,,,,,,,EDC_1920_32; EDC_1918_25; EDC_1917_19
EDCPT_7952,Person,,Cooper,J.F.,,,,,,,,,,M,,,,,,,M.D.,,,,EDC_1920_32
EDCPT_7953,Person,,Cooper,K.J.,,,,,,,,,,,,,,,,,,,,,EDC_1917_19
EDCPT_7954,Person,,Corbato,H.,,,,,,,,,,M,,,,,,,,"Rev., O.P.",,"google says O.P. = ""Order of Preachers""",EDC_1920_32; EDC_1918_25; EDC_1917_19
EDCPT_7955,Person,,Corbett,Charles Hodge,,,,,,,,,,M,,,,,,,"B.A., B.D.",Rev.,,,EDC_1920_32; EDC_1918_26; EDC_1917_19
EDCPT_7956,Person,,Corbett,M. N. {Miss},,,,,,,,,,F,,,,,,,,,,,EDC_1914_7
EDCPT_7957,Person,,Cordier,,,,,,,,,,,,,,,,,,,Mons.,,,EDC_1917_19
EDCPT_7958,Person,,Cordier,Mons.,,,,,,,,,,U,,,,,,,,,,,EDC_1914_7
EDCPT_7959,Person,,Cormack,{Miss},,,,,,,,,,,,,,,,,,,,,EDC_1917_19
EDCPT_7960,Person,,Cormack,J. Grieve,,,,,,,,,,U,,,,,,,,,,,EDC_1914_7
EDCPT_7961,Person,,Cormack,J.G.,,,,,,,,,,U,,,,,,,F.R.C.S. (Edin.),,,,EDC_1918_26; EDC_1917_19
EDCPT_7962,Person,,Corneck,W.H. {Mrs.},,,,,,,,,,F,,,,,,,,,,,EDC_1920_32
EDCPT_7963,Person,,Cornelius,,,,,,,,,,,U,,,,,,,,,,,EDC_1914_7
EDCPT_7964,Person,,Cotter,F.C.M.,,,,,,,,,,M,,,,,,,,Rev.,,,EDC_1918_26
EDCPT_7965,Person,,Cotter,F.J.M.,,,,,,,,,,M,,,,,,,M.A.,Rev.,,,EDC_1920_32
EDCPT_7966,Person,,Cousens,H. S.,,,,,,,,,,U,,,,,,,B. A.,,,,EDC_1914_7
EDCPT_7967,Person,,Cousens,H.S.,,,,,,,,,,M,,,,,,,B.A.,,,Absent for some/all of 1920,EDC_1920_32; EDC_1918_26; EDC_1917_20
EDCPT_7968,Person,,Couturier,J.,,,,,,,,,,M,,,,,,,,Rev.,,,EDC_1920_33
EDCPT_7969,Person,,Cowdry,E.V.,,,,,,,,,,M,,,,,,,Ph.D.,,,,EDC_1920_33
EDCPT_7970,Person,,Cowdry,E.V. {Mrs.},,,,,,,,,,F,,,,,,,,,,,EDC_1920_33
EDCPT_7971,Person,,Cox,H. A.,,,,,,,,,,U,,,,,,,"B. A.,",,,,EDC_1914_7
EDCPT_7972,Person,,Cox,Stafford M.,,,,,,,,,,U,,,,,,,"B. A.,",,,,EDC_1914_7
EDCPT_7973,Person,,Cox,Venetia {Miss},,,,,,,,,,F,,,,,,,,,,,EDC_1920_33
EDCPT_7974,Person,,Crafts,John F.,,,,,,,,,,M,,,,,,,,,,,EDC_1917_20
EDCPT_7975,Person,,Craig,Clarence T.,,,,,,,,,,,,,,,,,B.A.,,,,EDC_1916_23
EDCPT_7976,Person,,Craig,Ida A. {Miss.},,,,,,,,,,F,,U.S.A.,,,,,,,,,EDC_1918_26; EDC_1917_20
EDCPT_7977,Person,,Craighill,Lloyd Rutherford,,,,,,,,,,M,,U.S.A.,,,,,B.A.,Rev.,,,EDC_1918_26; EDC_1917_20
EDCPT_7978,Person,,Crane,Charles E.,,,,,,,,,,M,,U.S.A.,,,,,B.S.,,,,EDC_1918_26; EDC_1917_20
EDCPT_7979,Person,,Crane,Edith M. {Miss},,,,,,,,,,F,,,,,,,B.A.,,,,EDC_1920_33; EDC_1918_26; EDC_1917_20
EDCPT_7980,Person,,Crane,Judson C.,,,,,,,,,,U,,,,,,,B.A,,,,EDC_1914_7
EDCPT_7981,Person,,Crane,Katharine P. {Miss},,,,,,,,,,F,,,,,,,M.A.,,,,EDC_1920_33; EDC_1918_26
EDCPT_7982,Person,,Crawford,A.S.,,,,,,,,,,M,,,,,,,M.D.,,,,EDC_1920_33; EDC_1918_26
EDCPT_7983,Person,,Crawford,B.B. {Miss},,,,,,,,,,F,,,,,,,B.A.,,,,EDC_1920_33; EDC_1918_26
EDCPT_7984,Person,,Cree,{Miss},,,,,,,,,,F,,,,,,,,,,,EDC_1914_7
EDCPT_7985,Person,,Cree,V. {Miss},,,,,,,,,,,,,,,,,,,,,EDC_1917_20
EDCPT_7986,Person,,Creighton,J.W. {Mrs.},,,,,,,,,,F,,,,,,,,,,,EDC_1916_23
EDCPT_7987,Person,,Creighton,John Wallis {Rev.},,,,,,,,,,M,,,,,,,"B.A., Ph.D.",Rev.,,,EDC_1920_33; EDC_1918_26; EDC_1917_20
EDCPT_7988,Person,,Creighton,R.L.,,,,,,,,,,M,,,,,,,,,,,EDC_1920_33
EDCPT_7989,Person,,Crescent,{Frère},,,,,,,,,,M,,,,,,,,,,,EDC_1920_33; EDC_1918_27; EDC_1917_20
EDCPT_7990,Person,,Cress,V. {Miss},,,,,,,,,,F,,,,,,,,,,,EDC_1920_33; EDC_1918_26
EDCPT_7991,Person,,Cressey,Mary {Miss},,,,,,,,,,F,,,,,,,"M.A., graduate of ""Baptist Missionary Training School""",,,,EDC_1920_33
EDCPT_7992,Person,,Cressy,E.H.,,,,,,,,,,M,,,,,,,"B.A., graduate of Rochester Theological Seminary.",Rev.,,,EDC_1920_34; EDC_1917_20
EDCPT_7993,Person,,Cressy,E.H. {Mrs.},,,,,,,,,,F,,,,,,,,,,,EDC_1920_34
EDCPT_7994,Person,,Crisler,C.C. {Mrs.},,,,,,,,,,F,,,,,,,,,,,EDC_1920_34
EDCPT_7995,Person,,Crockart,F.B.,,,,,,,,,,M,,,,,,,M.P.S.,,,,EDC_1920_34; EDC_1918_27; EDC_1917_20
EDCPT_7996,Person,,Crocker,W.E.,,,,,,,,,,M,,,,,,,,Rev.,,,EDC_1918_27
EDCPT_7997,Person,,Crocker,J. Howard,,,,,,,,,,,,,,,,,M.P.E. {Master of Physical Education},,,,EDC_1917_20
EDCPT_7998,Person,,Crofoot,J. W.,,,,,,,,,,U,,,,,,,M. A.,Rev,,,EDC_1914_8
EDCPT_7999,Person,,Crofoot,J.W.,,,,,,,,,,M,,,,,,,M.A.,Rev.,,,EDC_1917_20
EDCPT_8000,Person,,Crofoot,J.W. {Mrs.},,,,,,,,,,F,,,,,,,B.A.,,,,EDC_1917_20
EDCPT_8001,Person,,Crook,A. H.,,,,,,,,,,U,,,,,,,M. A.,,,,EDC_1914_8
EDCPT_8002,Person,,Crook,Winnie May,,,,,,,,,,F,,,,,,,"M.A., B.A.",,,,EDC_1920_34
EDCPT_8003,Person,,Crosly,G.A. {Miss.},,,,,,,,,,F,,,,,,,,,,,EDC_1918_27
EDCPT_8004,Person,,Cross,R.M. {Mrs.},,,,,,,,,,F,,,,,,,,,,,EDC_1920_34
EDCPT_8005,Person,,Crowle,{Miss},,,,,,,,,,F,,,,,,,,,,,EDC_1920_34
EDCPT_8006,Person,,Cullen,A.P.,,,,,,,,,,M,,,,,,,B.A.,,,,EDC_1920_34; EDC_1918_27
EDCPT_8007,Person,,Culter,Mabel {Miss},,,,,,,,,,F,,,,,,,,,,,EDC_1920_34
EDCPT_8008,Person,,Culver,Charles P.,,,,,,,,,,M,,,,,,,B.A.,,,,EDC_1920_34
EDCPT_8009,Person,,Currie,Mabel Claire {Miss},,,,,,,,,,F,,,,,,,,,,,EDC_1920_34
EDCPT_8010,Person,,Curtis,C.G. {Miss},,,,,,,,,,F,,,,,,,,,,,EDC_1920_34
EDCPT_8011,Person,,Curtis,Dorothy J. {Miss},,,,,,,,,,F,,,,,,,B.A.,,,,EDC_1920_34; EDC_1918_27
EDCPT_8012,Person,,Curwen,William,,,,,,,,,,U,,,,,,,,,,,EDC_1914_8
EDCPT_8013,Person,,Cy,Eng-su,,,,,,,,,,M,,,,,,,B.A.,,,,EDC_1920_34
EDCPT_8014,Person,,da Silva,Helena {Miss.},,,,,,,,,,F,,Mexico,,,,,,,,,EDC_1918_29; EDC_1917_22; EDC_1916_25
EDCPT_8015,Person,,Da,Dzong-chi,,,,,,,,,,U,,,,,,,,,,,EDC_1914_8
EDCPT_8016,Person,,Dadisman,Elizabeth {Mrs.},,,,,,,,,,F,,,,,,,M.A.,,,,EDC_1920_34
EDCPT_8017,Person,,Dahelin,I.,,,,,,,,,,M,,,,,,,,Rev.,,,EDC_1918_27
EDCPT_8018,Person,,Dahl,L.J.,,,,,,,,,,M,,,,,,,,,,,EDC_1920_34
EDCPT_8019,Person,,Dahl,Leontine Josephine {Miss},,,,,,,,,,F,,,,,,,,,,,EDC_1917_20; EDC_1916_24
EDCPT_8020,Person,,Dai,Y.T.,,,,,,,,,,M,,,,,,,B.A.,,,,EDC_1920_34; EDC_1918_27
EDCPT_8021,Person,,Dan,Emma Ivey,,,,,,,,,,F,,,,,,,M.D.,,,,EDC_1916_24
EDCPT_8022,Person,,Dang,Cung-hi,,,,,,,,,,U,,China,,,,,,,,,EDC_1918_27; EDC_1917_21
EDCPT_8023,Person,,Dang,Leng Saeng {Miss.],,,,,,,,,,F,,China,,,,,,,,,EDC_1918_27
EDCPT_8024,Person,,Dang,Tsiau-keng,,,,,,,,,,,,,,,,,,,,,EDC_1920_35
EDCPT_8025,Person,,Daniels,Mabel E. {Miss},,,,,,,,,,F,,,,,,,M.A.,,,,EDC_1920_35; EDC_1918_27
EDCPT_8026,Person,,Dannenberg,D.E.,,,,,,,,,,M,,Germany,,,,,,Rev.,,,EDC_1918_27; EDC_1917_21
EDCPT_8027,Person,,Dannenburg,D.E.,,,,,,,,,,,,,,,,,,Rev.,,,EDC_1916_24
EDCPT_8028,Person,,Danner,R.M. {Miss},,,,,,,,,,F,,,,,,,R.N.,,,,EDC_1920_35
EDCPT_8029,Person,,Dao,U.W.,,,,,,,,,,M,,,,,,,,,,,EDC_1916_24
EDCPT_8030,Person,,Darst,Margaret M. {Miss.],,,,,,,,,,F,,,,,,,B.A.,,,,EDC_1918_27; EDC_1917_21; EDC_1916_24
EDCPT_8031,Person,,Datin,A.,,,,,,,,,,M,,,,,,,S.J.,,,SJ = Society of Jesus,EDC_1920_35; EDC_1918_27; EDC_1917_21
EDCPT_8032,Person,,Dau,Emma Ivey,,,,,,,,,,F,,,,,,,M.D.,,,,EDC_1917_22
EDCPT_8033,Person,,Dau,Sa-zak,,,,,,,,,,,,,,,,,,Dr.,,,EDC_1917_22
EDCPT_8034,Person,,Daung,Zung-tuh,,,,,,,,,,,,,,,,,,,,,EDC_1917_22
EDCPT_8035,Person,,Davenport,{Miss},,,,,,,,,,F,,,,,,,,,,,EDC_1920_35
EDCPT_8036,Person,,Davenport,Frances Mary {Miss.},,,,,,,,,,F,,,,,,,,,,,EDC_1918_28; EDC_1917_21; EDC_1916_24
EDCPT_8037,Person,,Davenport,J.C. {Dr.},,,,,,,,,,M,,,,,,,,,,,EDC_1920_35
EDCPT_8038,Person,,Davenport,K. {Miss},,,,,,,,,,F,,,,,,,,,,,EDC_1920_35
EDCPT_8039,Person,,Davey,A. {Mrs.},,,,,,,,,,F,,,,,,,,,,,EDC_1920_35; EDC_1918_28
EDCPT_8040,Person,,Davidson,Alfred,,,,,,,,,,U,,,,,,,,,,,EDC_1914_8
EDCPT_8041,Person,,Davidson,D.T.,,,,,,,,,,U,,,,,,,M.D.,,,,EDC_1918_28; EDC_1917_21
EDCPT_8042,Person,,Davidson,David C.,,,,,,,,,,M,,,,,,,M.A.,Rev.,,,EDC_1920_35; EDC_1918_28; EDC_1917_21; EDC_1916_24
EDCPT_8043,Person,,Davidson,Laura {Mrs.},,,,,,,,,,F,,,,,,,,,,,EDC_1920_35
EDCPT_8044,Person,,Davidson,W. Henry,,,,,,,,,,M,,,,,,,,,,,EDC_1920_35
EDCPT_8045,Person,,Davies,Eugene,,,,,,,,,,M,,,,,,,B.A.,,,,EDC_1920_35
EDCPT_8046,Person,,Davies,James B.,,,,,,,,,,M,,,,,,,LL.B.,,,,EDC_1918_28; EDC_1917_21; EDC_1916_24
EDCPT_8047,Person,,Davies,John P.,,,,,,,,,,M,,,,,,,"B.A., B.D.",Rev.,,,EDC_1918_28; EDC_1917_21; EDC_1916_24
EDCPT_8048,Person,,Davies,Llewellyn J.,,,,,,,,,,M,,,,,,,B.A.,Rev.,,Absent for some/all of 1920,EDC_1920_35; EDC_1918_28; EDC_1917_21
EDCPT_8049,Person,,Davies,M.G.,,,,,,,,,,F,,,,,,,B.A.,,,,EDC_1918_28; EDC_1917_21
EDCPT_8050,Person,,Davies,M.G. {Miss},,,,,,,,,,,,,,,,,B.A.,,,,EDC_1916_24
EDCPT_8051,Person,,Davis,D.H. {Mrs.},,,,,,,,,,F,,,,,,,,,,,EDC_1917_21
EDCPT_8052,Person,,Davis,George L.,,,,,,,,,,M,,,,,,,M.A.,Rev.,,,EDC_1916_25
EDCPT_8053,Person,,Davis,H. Eugene,,,,,,,,,,M,,,,,,,B.A.,Rev.,,,EDC_1917_21
EDCPT_8054,Person,,Davis,H. Eugene {Mrs.},,,,,,,,,,F,,,,,,,Ph.B.,,,,EDC_1917_21
EDCPT_8055,Person,,Davis,J.,,,,,,,,,,M,,,,,,,R.A.,,,,EDC_1920_35
EDCPT_8056,Person,,Davis,John L.,,,,,,,,,,M,,,,,,,B.A.,,,,EDC_1920_35
EDCPT_8057,Person,,Davis,Llewelyn J.B.,,,,,,,,,,,,,,,,,,,,,EDC_1916_25
EDCPT_8058,Person,,Davis,Lowry,,,,,,,,,,M,,,,,,,"B.A, B.D.",Rev.,,,EDC_1920_36; EDC_1917_21; EDC_1916_25
EDCPT_8059,Person,,Davis,Lowry {Mrs.},,,,,,,,,,F,,,,,,,Ph.B.,,,,EDC_1920_35; EDC_1917_21; EDC_1916_25
EDCPT_8060,Person,,Davis,M. G.{Miss},,,,,,,,,,F,,,,,,,B. A.,,,,EDC_1914_8
EDCPT_8061,Person,,Davis,S. Josephine {Miss},,,,,,,,,,F,,,,,,,M.A.,,,,EDC_1920_36; EDC_1918_28; EDC_1917_21; EDC_1916_25
EDCPT_8062,Person,,Davis,Walter Wiley.,,,,,,,,,,U,,,,,,,B. A.,,,,EDC_1914_8
EDCPT_8063,Person,,Davitt,G.G.,,,,,,,,,,M,,,,,,,M.D.,,,,EDC_1920_36
EDCPT_8064,Person,,Dawson,William Francis.,,,,,,,,,,U,,,,,,,,Rev,,,EDC_1914_8
EDCPT_8065,Person,,Day,C.B. {Mrs.},,,,,,,,,,F,,,,,,,,,,,EDC_1920_36; EDC_1918_29
EDCPT_8066,Person,,Day,Clarence Burton,,,,,,,,,,M,,,,,,,"M.A., B.D.",Rev.,,,EDC_1920_36; EDC_1918_29
EDCPT_8067,Person,,Day,I.,,,,,,,,,,M,,,,,,,A.M.I.E.E.,,,AMIEE = Associate Member of Institution of Electricial Engineers,EDC_1920_36; EDC_1917_22; EDC_1916_25
EDCPT_8068,Person,,Day,M. {Miss.},,,,,,,,,,F,,,,,,,,,,,EDC_1918_29; EDC_1917_22; EDC_1916_25
EDCPT_8069,Person,,De Jong,Nettie R. {Miss},,,,,,,,,,F,,,,,,,B.A.,,,,EDC_1920_36; EDC_1918_29
EDCPT_8070,Person,,de Leina,M.,,,,,,,,,,M,,,,,,,,Rev.,,,EDC_1916_26
EDCPT_8071,Person,,de Parsay,H.,,,,,,,,,,M,,,,,,,,Rev.,,,EDC_1916_26
EDCPT_8072,Person,,De Pree,H.P.,,,,,,,,,,M,,,,,,,B.D.,Rev.,,,EDC_1918_29
EDCPT_8073,Person,,de Rosario,C.,,,,,,,,,,M,,,,,,,,Rev.,,,EDC_1916_26
EDCPT_8074,Person,,de Silva,A.S. {Miss},,,,,,,,,,,,,,,,,,,,,EDC_1916_26
EDCPT_8075,Person,,de Silva,B.J.,,,,,,,,,,M,,,,,,,,Rev.,,,EDC_1916_26
EDCPT_8076,Person,,de Silva,H. R.,,,,,,,,,,M,,,,,,,,Rev.,,,EDC_1916_26
EDCPT_8077,Person,,de Silva,M.M.A.,,,,,,,,,,M,,,,,,,,Rev.,,,EDC_1916_26
EDCPT_8078,Person,,de Sousa,Julio,,,,,,,,,,M,,,,,,,,,,,EDC_1916_28
EDCPT_8079,Person,,De,Hai-cheng,,,,,,,,,,U,,,,,,,,,,,EDC_1914_8
EDCPT_8080,Person,,Dealy,T. K.,,,,,,,,,,U,,,,,,,,,,,EDC_1914_8
EDCPT_8081,Person,,Dean,Samuel M.,,,,,,,,,,M,,,,,,,"B. Sc., M.E.",,,,EDC_1920_36; EDC_1918_29
EDCPT_8082,Person,,Dearborn,H.E. {Miss},,,,,,,,,,F,,,,,,,,,,,EDC_1917_22; EDC_1916_25
EDCPT_8083,Person,,Dearborn,H.F. {Miss},,,,,,,,,,F,,,,,,,,,,,EDC_1920_36; EDC_1918_29
EDCPT_8084,Person,,Delente,A.,,,,,,,,,,M,,Spain,,,,,,,,,EDC_1918_29; EDC_1917_22; EDC_1916_25
EDCPT_8085,Person,,Delente,M.,,,,,,,,,,U,,,,,,,,,,,EDC_1914_8
EDCPT_8086,Person,,d'Elia,S.J.,,,,,,,,,,M,,,,,,,,,,,EDC_1918_29; EDC_1917_22
EDCPT_8087,Person,,Démange,{Madame},,,,,,,,,,F,,France,,,,,,,,,EDC_1920_36
EDCPT_8088,Person,,Den,K. D.,,,,,,,,,,U,,,,,,,,,,,EDC_1914_8
EDCPT_8089,Person,,Deng,In-san,,,,,,,,,,U,,China,,,,,B.A.,,,,EDC_1918_29
EDCPT_8090,Person,,Deng,Yoh-shu,,,,,,,,,,U,,China,,,,,,,,,EDC_1920_36
EDCPT_8091,Person,,Dennis,H.E.,,,,,,,,,,U,,,,,,,B.A.,,,,EDC_1918_29; EDC_1917_22; EDC_1916_26
EDCPT_8092,Person,,Denton,{Miss},,,,,,,,,,F,,,,,,,,,,,EDC_1920_36
EDCPT_8093,Person,,Derr,Charles H.,,,,,,,,,,M,,,,,,,M.A.,Rev.,,,EDC_1917_22; EDC_1916_26
EDCPT_8094,Person,,Derr,Charles H. {Mrs.},,,,,,,,,,F,,,,,,,,,,,EDC_1917_22; EDC_1916_26
EDCPT_8095,Person,,Dewstoe,E.,,,,,,,,,,M,,,,,,,,Rev.,,,EDC_1916_26
EDCPT_8096,Person,,Dick,Florence E. {Miss.},,,,,,,,,,F,,,,,,,,,,,EDC_1918_29; EDC_1917_22; EDC_1916_26
EDCPT_8097,Person,,Dick,May {Miss},,,,,,,,,,,,,,,,,B.A.,,,,EDC_1916_26
EDCPT_8098,Person,,Dickenson,Frank,,,,,,,,,,M,,,,,,,B.A.,Rev.,,,EDC_1916_26
EDCPT_8099,Person,,Dickinson,Frank,,,,,,,,,,M,,,,,,,B.A.,Rev.,,,EDC_1920_36; EDC_1918_29; EDC_1917_22
EDCPT_8100,Person,,Dickinson,Frank {Mrs.},,,,,,,,,,F,,,,,,,B.A.,,,,EDC_1917_22
EDCPT_8101,Person,,Dickinson,Jean,,,,,,,,,,F,,,,,,,B.A.,,,,EDC_1920_36
EDCPT_8102,Person,,Dickson,H. Leavens,,,,,,,,,,,,,,,,,M.A.,,,,EDC_1917_22; EDC_1916_26
EDCPT_8103,Person,,Dien,Juong-Ding,,,,,,,,,,,,,,,,,,,,,EDC_1916_26
EDCPT_8104,Person,,Dien,K. T.,,,,,,,,,,U,,,,,,,,,,,EDC_1914_8
EDCPT_8105,Person,,Dieterich,F.W.,,,,,,,,,,M,,,,,,,B.A.,Rev.,,,EDC_1920_36; EDC_1918_30
EDCPT_8106,Person,,Dieterich,F.W. {Mrs.},,,,,,,,,,F,,,,,,,B.A.,,,,EDC_1920_37; EDC_1918_30
EDCPT_8107,Person,,Digby,Kenelm Hutchinson,,,,,,,,,,M,,,,,,,"M.B., B.S.; F.R.C.S.",,,,"EDC_1920_37; EDC_1918_30; EDC_1917_22;
EDC_1916_26"
EDCPT_8108,Person,,Dih,S. K.,,,,,,,,,,U,,,,,,,,,,,EDC_1914_8
EDCPT_8109,Person,,Dildine,Harry G. {Rev.},,,,,,,,,,M,,,,,,,"Ph.D., M.A.",,,,EDC_1920_37; EDC_1916_26
EDCPT_8110,Person,,Dildine,Harry. G.,,,,,,,,,,U,,,,,,,M. A.,,,,EDC_1914_8
EDCPT_8111,Person,,Dilley,F.E.,,,,,,,,,,M,,,,,,,M.D.,,,Absent for some/all of 1920,EDC_1920_37; EDC_1917_22; EDC_1916_26
EDCPT_8112,Person,,Dilley,F.E. {Mrs.},,,,,,,,,,F,,,,,,,,,,Absent for some/all of 1920,EDC_1920_37; EDC_1916_26
EDCPT_8113,Person,,Dilley,Frederick. E.,,,,,,,,,,U,,,,,,,M. D.,,,,EDC_1914_8
EDCPT_8114,Person,,Ding,Chao-ren,,,,,,,,,,,,,,,,,R.N.,,,,EDC_1920_37
EDCPT_8115,Person,,Ding,Chiong-hua,,,,,,,,,,,,,,,,,,,,,EDC_1920_37
EDCPT_8116,Person,,Ding,D. H.,,,,,,,,,,U,,,,,,,"B. A.,",,,,EDC_1914_8
EDCPT_8117,Person,,Ding,Daik-heu,,,,,,,,,,U,,China,,,,,B.A.,,,,EDC_1918_30; EDC_1917_23
EDCPT_8118,Person,,Ding,Dien-ming,,,,,,,,,,,,,,,,,,,,,EDC_1920_37; EDC_1918_30; EDC_1917_23; EDC_1916_27
EDCPT_8119,Person,,Ding,Doris {Miss},,,,,,,,,,F,,,,,,,"""Special training in home economics, Toronto University""",,,,EDC_1920_37
EDCPT_8120,Person,,Ding,Gi-duang,,,,,,,,,,,,,,,,,,,,,EDC_1920_37; EDC_1918_30
EDCPT_8121,Person,,Ding,Gladys,,,,,,,,,,F,,,,,,,B.A.,,,,EDC_1920_37
EDCPT_8122,Person,,Ding,Hai-ugo,,,,,,,,,,U,,China,,,,,,,,,EDC_1918_29; EDC_1917_23
EDCPT_8123,Person,,Ding,Hien-bik,,,,,,,,,,U,,China,,,,,,,,,EDC_1918_30
EDCPT_8124,Person,,Ding,Ing-ong,,,,,,,,,,U,,China,,,,,,Rev.,,,EDC_1918_30
EDCPT_8125,Person,,Ding,J. O.,,,,,,,,,,U,,,,,,,,Rev,,,EDC_1914_8
EDCPT_8126,Person,,Ding,J.O.,,,,,,,,,,M,,China,,,,,,Rev.,,,EDC_1918_30; EDC_1917_23; EDC_1916_27
EDCPT_8127,Person,,Ding,James,,,,,,,,,,M,,,,,,,B.A.,,,,EDC_1920_37
EDCPT_8128,Person,,Ding,Kai-cong,,,,,,,,,,U,,China,,,,,,,,,EDC_1918_30; EDC_1917_23; EDC_1916_27
EDCPT_8129,Person,,Ding,Kai-eng,,,,,,,,,,,,,,,,,,,,,EDC_1920_37
EDCPT_8130,Person,,Ding,Keng-chiu,,,,,,,,,,M,,China,,,,,,,,,EDC_1918_30
EDCPT_8131,Person,,Ding,M.U.,,,,,,,,,,U,,China,,,,,M.A.,,,,EDC_1918_30; EDC_1917_23
EDCPT_8132,Person,,Ding,Maing-ing,,,,,,,,,,U,,China,,,,,,,,,EDC_1918_30; EDC_1917_23; EDC_1916_27
EDCPT_8133,Person,,Ding,Meng-chiu,,,,,,,,,,,,,,,,,,,,,EDC_1920_37
EDCPT_8134,Person,,Ding,Ming Wong,,,,,,,,,,,,China,,,,,"B.A., M.A.",,,,EDC_1916_27
EDCPT_8135,Person,,Dinneen,Alice Maud Dalton,,,,,,,,,,F,,,,,,,B.A.,,,,EDC_1920_37; EDC_1918_30
EDCPT_8136,Person,,Diong,Li Hang,,,,,,,,,,,,China,,,,,,,,,EDC_1916_27
EDCPT_8137,Person,,Divers,William C.,,,,,,,,,,M,,,,,,,"Commercial Teachers' Diploma; A.C.I., M.I.P.S.",,,,EDC_1920_38; EDC_1918_30; EDC_1917_23; EDC_1916_27
EDCPT_8138,Person,,Dix,H.M. {Miss},,,,,,,,,,F,,,,,,,,,,,EDC_1920_38; EDC_1918_31; EDC_1917_23; EDC_1916_27
EDCPT_8139,Person,,Djang,Be Ching,,,,,,,,,,,,,,,,,,,,,EDC_1916_27
EDCPT_8140,Person,,Djang,Chwen-ching,,,,,,,,,,,,,,,,,,,,,EDC_1920_38
EDCPT_8141,Person,,Djang,Dsai Djou,,,,,,,,,,,,,,,,,,,,,EDC_1920_38
EDCPT_8142,Person,,Djang,Dzung-en,,,,,,,,,,M,,China,,,,,,,,,EDC_1918_31; EDC_1917_23; EDC_1916_27
EDCPT_8143,Person,,Djang,Dzung-sha,,,,,,,,,,,,,,,,,,,,,EDC_1916_27
EDCPT_8144,Person,,Djang,Dzung-shi,,,,,,,,,,,,,,,,,,,,,EDC_1917_23
EDCPT_8145,Person,,Djang,Feng-deh,,,,,,,,,,,,,,,,,B.A.,,,,EDC_1920_38; EDC_1916_27
EDCPT_8146,Person,,Djang,K'i,,,,,,,,,,,,,,,,,,,,,EDC_1920_38
EDCPT_8147,Person,,Djang,Shu-wen,,,,,,,,,,,,,,,,,,,,,EDC_1920_38
EDCPT_8148,Person,,Djang,Sing San,,,,,,,,,,M,,,,,,,,,,,EDC_1916_27
EDCPT_8149,Person,,Djang,Tswen-yao,,,,,,,,,,M,,China,,,,,,,,,EDC_1918_31; EDC_1917_23; EDC_1916_27
EDCPT_8150,Person,,Djao,H. K.,,,,,,,,,,U,,,,,,,,,,,EDC_1914_8
EDCPT_8151,Person,,Djao,Peng-ching,,,,,,,,,,,,,,,,,,,,,EDC_1916_27
EDCPT_8152,Person,,Djao,Shih En,,,,,,,,,,,,,,,,,,,,,EDC_1920_38
EDCPT_8153,Person,,Djeng,Li Dao.,,,,,,,,,,U,,,,,,,B. A.,,,,EDC_1914_8
EDCPT_8154,Person,,Djeo,P.,,,,,,,,,,,,,,,,,,,,,EDC_1920_38
EDCPT_8155,Person,,Djing,Shien Sen,,,,,,,,,,,,,,,,,,,,,EDC_1916_27
EDCPT_8156,Person,,Djing,Wen Ying,,,,,,,,,,,,,,,,,,,,,EDC_1916_27
EDCPT_8157,Person,,Djou,Ding Ming,,,,,,,,,,,,,,,,,,,,,EDC_1916_28
EDCPT_8158,Person,,Djou,Shao-dien,,,,,,,,,,M,,China,,,,,,,,,EDC_1918_31; EDC_1917_23
EDCPT_8159,Person,,Dju,B.D.,,,,,,,,,,,,,,,,,B.A.,,,,EDC_1920_38
EDCPT_8160,Person,,Dju,Ren-chin,,,,,,,,,,,,,,,,,,,,,EDC_1920_38
EDCPT_8161,Person,,Doble,{Miss.},,,,,,,,,,F,,,,,,,,,,,EDC_1918_31; EDC_1917_23; EDC_1916_28
EDCPT_8162,Person,,Dobson,R. E,,,,,,,,,,U,,,,,,,M. A.,,,,EDC_1914_9
EDCPT_8163,Person,,Dobson,W.H.,,,,,,,,,,M,,,,,,,M.D.,,,,EDC_1916_28
EDCPT_8164,Person,,Dodds,Marguerite {Miss.},,,,,,,,,,F,,,,,,,B.A.,,,,EDC_1918_31; EDC_1917_23; EDC_1916_28
EDCPT_8165,Person,,Dodson,Flora {Miss},,,,,,,,,,F,,,,,,,B.M.T.,,,,EDC_1920_38
EDCPT_8166,Person,,Dodson,S.L. {Miss.},,,,,,,,,,F,,,,,,,,,,,EDC_1918_31; EDC_1917_23
EDCPT_8167,Person,,Doenitz,,,,,,,,,,,U,,,,,,,,Dr.,,,EDC_1914_9
EDCPT_8168,Person,,Doherty,W. Vernon,,,,,,,,,,M,,,,,,,B.A.,,,,EDC_1920_38
EDCPT_8169,Person,,D'Olive,W.C.,,,,,,,,,,M,,,,,,,,Rev.,,,EDC_1920_38
EDCPT_8170,Person,,Dome,Earl,,,,,,,,,,,,,,,,,B.A.,,,,EDC_1917_23
EDCPT_8171,Person,,Donaldson,Ford F.G.,,,,,,,,,,M,,,,,,,B.A.,,,,EDC_1920_38
EDCPT_8172,Person,,Doolittle,Jesse W.,,,,,,,,,,M,,,,,,,"B.A., M. Sc.",,,,EDC_1920_38
EDCPT_8173,Person,,Doré,H.,,,,,,,,,,M,,,,,,,S.J.,Rev.,,,EDC_1920_39
EDCPT_8174,Person,,Dorow,{Miss},,,,,,,,,,F,,,,,,,,,,,EDC_1914_9
EDCPT_8175,Person,,Dorow,Meta {Miss},,,,,,,,,,F,,,,,,,,,,,EDC_1917_23
EDCPT_8176,Person,,Dorrow,Meta {Miss},,,,,,,,,,F,,,,,,,,,,,EDC_1916_28
EDCPT_8177,Person,,Dorward,John C.,,,,,,,,,,M,,,,,,,M.A.,,,,EDC_1920_39; EDC_1918_31; EDC_1917_24
EDCPT_8178,Person,,Douglas,George,,,,,,,,,,M,,,,,,,M.A.,Rev.,,,EDC_1920_39; EDC_1918_31; EDC_1917_24; EDC_1916_28
EDCPT_8179,Person,,Douglas,George {Mrs.},,,,,,,,,,F,,,,,,,,,,,EDC_1920_39; EDC_1918_31
EDCPT_8180,Person,,Douglas,Jessie {Miss},,,,,,,,,,F,,,,,,,B.A.,,,,EDC_1920_39; EDC_1918_32
EDCPT_8181,Person,,Dovey,E.R.,,,,,,,,,,,,,,,,,,,,"A.R.C.S. {Associate, Royal College of Science, London}",EDC_1916_28
EDCPT_8182,Person,,Dowie,Robert G.,,,,,,,,,,U,,,,,,,,,,,EDC_1914_9
EDCPT_8183,Person,,Dowling,P.H.,,,,,,,,,,M,,,,,,,"M.E., B.A.",,,,EDC_1920_39; EDC_1918_31; EDC_1917_24
EDCPT_8184,Person,,Dowling,P.H. {Mrs.},,,,,,,,,,F,,,,,,,,,,,EDC_1920_39
EDCPT_8185,Person,,Downey,John F.,,,,,,,,,,M,,,,,,,"M.A., Sc.D., C.E.",,,,EDC_1920_39; EDC_1918_32; EDC_1917_24
EDCPT_8186,Person,,Drake,A.B. {Miss},,,,,,,,,,F,,,,,,,,,,,EDC_1920_39; EDC_1918_32
EDCPT_8187,Person,,Drake,Nell Davis {Miss},,,,,,,,,,F,,,,,,,B.A.,,,,EDC_1920_39; EDC_1918_32; EDC_1917_24; EDC_1916_28
EDCPT_8188,Person,,Draper,M.N.,,,,,,,,,,M,,,,,,,,,,,EDC_1920_40
EDCPT_8189,Person,,Dreher,E.S. {Mrs.},,,,,,,,,,F,,,,,,,,,,,EDC_1920_40
EDCPT_8190,Person,,Dreher,Ernest S.,,,,,,,,,,M,,,,,,,"B.A., M.A.",,,,EDC_1920_40
EDCPT_8191,Person,,Dubber,Hilde,,,,,,,,,,F,,Germany,,,,,Frau,,,,EDC_1917_24; EDC_1916_28
EDCPT_8192,Person,,Dubber,Hilde {Frau},,,,,,,,,,U,,,,,,,,,,,EDC_1914_9
EDCPT_8193,Person,,Ducoux,Joseph,,,,,,,,,,U,,,,,,,,Rev,,,EDC_1914_9
EDCPT_8194,Person,,Ducoux,S. Joseph,,,,,,,,,,M,,France,,,,,,Rev.,,,EDC_1918_32; EDC_1917_24; EDC_1916_29
EDCPT_8195,Person,,Dudley,Jennie Marian {Miss.},,,,,,,,,,F,,America,,,,,B.A.,,,,EDC_1918_32
EDCPT_8196,Person,,Duff,Ellen E. {Miss},,,,,,,,,,F,,,,,,,,,,,EDC_1920_40; EDC_1918_32
EDCPT_8197,Person,,Dugout,Henry,,,,,,,,,,M,,France,,,,,,Rev.,,S.J. {Society of Jesus},EDC_1918_32; EDC_1917_24
EDCPT_8198,Person,,Duncan,{Miss},,,,,,,,,,F,,,,,,,M. B.,,,,EDC_1914_9
EDCPT_8199,Person,,Duncan,Chow,,,,,,,,,,U,,America,,,,,,,,,EDC_1918_32
EDCPT_8200,Person,,Duncan,K.,,,,,,,,,,M,,,,,,,"M.A., B.A.",F.R.E.S.,,Professor of economics and dean,EDC_1920_40; EDC_1918_32; EDC_1917_24; EDC_1916_29
EDCPT_8201,Person,,Duncan,Kenneth,,,,,,,,,,U,,,,,,,B. A.,,,,EDC_1914_9
EDCPT_8202,Person,,Duncan,Margaret B. {Miss},,,,,,,,,,F,,,,,,,,,,,EDC_1920_40; EDC_1918_32; EDC_1917_24; EDC_1916_29
EDCPT_8203,Person,,Dung,Hioa-ming,,,,,,,,,,,,,,,,,,,,,EDC_1917_24; EDC_1916_29
EDCPT_8204,Person,,Dung,Liu-pu,,,,,,,,,,,,,,,,,,,,,EDC_1920_40
EDCPT_8205,Person,,Dunkelberger,Sadie {Miss},,,,,,,,,,F,,,,,,,,,,,EDC_1917_25
EDCPT_8206,Person,,Dunlap,A.M.,,,,,,,,,,M,,,,,,,"B.A., M.D.",,,,EDC_1920_40; EDC_1916_29
EDCPT_8207,Person,,Dunlap,A.M. {Mrs.},,,,,,,,,,F,,,,,,,,,,,EDC_1920_40
EDCPT_8208,Person,,Dunlap,Albert Meuzo,,,,,,,,,,U,,,,,,,B. A.,,,,EDC_1914_9
EDCPT_8209,Person,,Dunlap,I.R.,,,,,,,,,,M,,,,,,,,,,,EDC_1917_25
EDCPT_8210,Person,,Dunsford,F. {Miss},,,,,,,,,,F,,,,,,,M.A.,,,,EDC_1920_40
EDCPT_8211,Person,,Durand,A.,,,,,,,,,,M,,,,,,,,Rev.,,,EDC_1920_40; EDC_1918_32; EDC_1917_24; EDC_1916_29
EDCPT_8212,Person,,Duval,A.J,,,,,,,,,,U,,,,,,,,,,,EDC_1914_9
EDCPT_8213,Person,,Dwan,Kwo,,,,,,,,,,,,,,,,,,,,,EDC_1920_40
EDCPT_8214,Person,,Dwight,Catherine {Miss.},,,,,,,,,,F,,England,,,,,,,,,EDC_1918_4;
EDCPT_8215,Person,,Dye,D.S.,,,,,,,,,,M,,,,,,,"B.Sc., M.A.",,,,EDC_1920_40; EDC_1918_33; EDC_1917_24; EDC_1916_29
EDCPT_8216,Person,,Dyer,E.R.,,,,,,,,,,U,,,,,,,B.A.,Rev,,,EDC_1914_9
EDCPT_8217,Person,,Dyer,Edward Bryant,,,,,,,,,,M,,,,,,,"B.A., M.A.",Rev.,,,EDC_1920_41; EDC_1918_33
EDCPT_8218,Person,,Dzao,Gwei-fang,,,,,,,,,,U,,China,,,,,B.A.; B.S.,,,,EDC_1918_33
EDCPT_8219,Person,,Dzau,W.Y.,,,,,,,,,,,,,,,,,,,,,EDC_1920_41
EDCPT_8220,Person,,Dzen,{Miss},,,,,,,,,,F,,,,,,,,,,,EDC_1920_41
EDCPT_8221,Person,,Dzeng,Sing-heh,,,,,,,,,,,,,,,,,,,,,EDC_1916_29
EDCPT_8222,Person,,Dzeng,Sing-koh,,,,,,,,,,U,,China,,,,,,,,,EDC_1918_33; EDC_1917_25
EDCPT_8223,Person,,Dzeng,Yoh-ling,,,,,,,,,,,,,,,,,,,,,EDC_1916_29
EDCPT_8224,Person,,Dziang,Ding-ban,,,,,,,,,,,,,,,,,B.A.,,,,EDC_1917_25; EDC_1916_29
EDCPT_8225,Person,,Dzien,Ing-fong,,,,,,,,,,M,,China,,,,,,,,,EDC_1918_33; EDC_1917_25
EDCPT_8226,Person,,Dzien,Yan-tsong,,,,,,,,,,,,,,,,,,,,,EDC_1920_41
EDCPT_8227,Person,,Dzien,Yong-tsang,,,,,,,,,,,,,,,,,,,,,EDC_1920_41
EDCPT_8228,Person,,Dzing,Kying-vong {Miss},,,,,,,,,,F,,,,,,,,,,,EDC_1920_41
EDCPT_8229,Person,,Dzu,B.Y.,,,,,,,,,,U,,China,,,,,,,,,EDC_1918_33; EDC_1917_25
EDCPT_8230,Person,,Dzu,D.L.,,,,,,,,,,,,,,,,,,,,,EDC_1920_41
EDCPT_8231,Person,,Dzu,K.Y.,,,,,,,,,,,,,,,,,,,,,EDC_1920_41
EDCPT_8232,Person,,Dzung,Djou-shan,,,,,,,,,,,,,,,,,,,,,EDC_1920_41
EDCPT_8233,Person,,Dzung,K.L.,,,,,,,,,,,,,,,,,,,,,EDC_1920_41
EDCPT_8234,Person,,Dzung,P.J.,,,,,,,,,,,,,,,,,M.A.,,,,EDC_1920_41
EDCPT_8235,Person,,Dzung,Zung-tsing,,,,,,,,,,,,,,,,,B.A.,,,,EDC_1920_41; EDC_1918_33; EDC_1917_25; EDC_1916_29
EDCPT_8236,Person,,Eadie,Gillies,,,,,,,,,,M,,,,,,,B.A.,Rev.,,,EDC_1918_33; EDC_1917_25; EDC_1916_29
EDCPT_8237,Person,,Eames,"Chas,M.{Mrs.}",,,,,,,,,,F,,America,,,,,Pd.B.,,,,EDC_1918_33
EDCPT_8238,Person,,Earle,H.G,,,,,,,,,,M,,,,,,,"M.A., M.B.",,Professor of Physiology and Dean,,EDC_1920_41; EDC_1916_29
EDCPT_8239,Person,,Earle,H.G.,,,,,,,,,,M,,U.K,,,,,"M.B., M.A.",,,,EDC_1918_33; EDC_1917_25; EDC_1916_29
EDCPT_8240,Person,,Eastham,Harry C.,,,,,,,,,,M,,,,,,,"B.S., LL.B.",,,,EDC_1920_41
EDCPT_8241,Person,,EDC_1920_113; eDC_1918_96; EDC_1916_81,Nette L. {Miss.},,,,,,,,,,F,,,,,,,B.A.,,,,EDC_1920_113; eDC_1918_96
EDCPT_8242,Person,,Ede,C. Montague,,,,,,,,,,M,,,,,,,,,,,EDC_1920_41
EDCPT_8243,Person,,Ede,C.Montague,,,,,,,,,,U,,,,,,,,,,,EDC_1914_9
EDCPT_8244,Person,,Edgar,T.L. {Miss},,,,,,,,,,F,,,,,,,,,,,EDC_1920_42
EDCPT_8245,Person,,Editbert,Mary {Sister},,,,,,,,,,F,,,,,,,,,,,EDC_1920_42; EDC_1918_34; EDC_1917_25
EDCPT_8246,Person,,Edkins,G.T.,,,,,,,,,,M,,,,,,,,,,,EDC_1920_42; EDC_1916_30
EDCPT_8247,Person,,Edmund,,,,,,,,,,,M,,,,,,,B.A.,,,,EDC_1918_34
EDCPT_8248,Person,,Edmund,{Brother},,,,,,,,,,M,,,,,,,,Rev.,,,EDC_1920_42; EDC_1917_25
EDCPT_8249,Person,,Edmunds,Alfred W.,,,,,,,,,,M,,,,,,,"B.A., B.A.I., T.C.D.",,,,EDC_1920_42; EDC_1917_25; EDC_1916_30
EDCPT_8250,Person,,Edmunds,Charles Keyser,,,,,,,,,,M,,,,,,,"B.A., Ph.D.",,,Absent for some/all of 1920,EDC_1920_42; EDC_1916_30
EDCPT_8251,Person,,Edmunds,Charles Keyser,,,,,,,,,,,,,,,,,"B.A., Ph.D.",,,,EDC_1918_34; EDC_1917_25
EDCPT_8252,Person,,Edmunds,Charles Keyser.,,,,,,,,,,U,,,,,,,"B.A., PhD",,,,EDC_1914_9
EDCPT_8253,Person,,Edmunds,J.R. {Jr.},,,,,,,,,,M,,,,,,,,,,,EDC_1920_42
EDCPT_8254,Person,,Edridge,A.E.{Miss},,,,,,,,,,F,,,,,,,,,,,EDC_1918_34
EDCPT_8255,Person,,Edward,E.D. {Miss},,,,,,,,,,F,,,,,,,,,,,EDC_1917_25
EDCPT_8256,Person,,Edwards,A.,,,,,,,,,,M,,,,,,,,,,,EDC_1916_30
EDCPT_8257,Person,,Edwards,D. W.,,,,,,,,,,U,,,,,,,M.A,,,,EDC_1914_9
EDCPT_8258,Person,,Edwards,D.W.,,,,,,,,,,M,,,,,,,M.A.,,,,EDC_1920_42
EDCPT_8259,Person,,Edwards,D.W. {Mrs.},,,,,,,,,,F,,,,,,,,,,,EDC_1920_42
EDCPT_8260,Person,,Edwards,D.W.{Mrs.},,,,,,,,,,F,,,,,,,B.A.,,,,EDC_1918_34
EDCPT_8261,Person,,Edwards,E.J,,,,,,,,,,U,,,,,,,,,,,EDC_1914_9
EDCPT_8262,Person,,Edwards,Martin R.,,,,,,,,,,U,,,,,,,,,,,EDC_1914_9
EDCPT_8263,Person,,Eggers,Harold Everett,,,,,,,,,,U,,,,,,,B.S.; M. A.; M. D.,,,,EDC_1914_9
EDCPT_8264,Person,,Ehly,Emma L.{Miss},,,,,,,,,,F,,,,,,,B.A.,,,,EDC_1918_34; EDC_1917_26
EDCPT_8265,Person,,Elderkin,Elizabeth J. {Miss},,,,,,,,,,F,,,,,,,B.A.,First Class Teacher's License,,,EDC_1920_42
EDCPT_8266,Person,,Elderkin,Elizabeth J.{Miss},,,,,,,,,,F,,,,,,,B.A.,,,,EDC_1918_34
EDCPT_8267,Person,,Eldridge,A.E. {Miss},,,,,,,,,,F,,,,,,,,,,,EDC_1920_42; EDC_1916_30
EDCPT_8268,Person,,Elia,,,,,,,,,,,U,,,,,,,,Rev,,,EDC_1914_9
EDCPT_8269,Person,,Elie,M.,,,,,,,,,,M,,,,,,,,Fr.,,,EDC_1918_34; EDC_1917_26
EDCPT_8270,Person,,Elie-Alexis,{Brother},,,,,,,,,,M,,,,,,,,Rev.,,,EDC_1920_42
EDCPT_8271,Person,,Eliot,Charles,,,,,,,,,,M,,,,,,,"K.C.M.G., D.C.L., C.B., M.A., LL.D.",Sir.,,,EDC_1918_34; EDC_1917_26; EDC_1916_30
EDCPT_8272,Person,,Eliot,Charles {Sir},,,,,,,,,,M,,,,,,,M.A,,,,EDC_1914_10
EDCPT_8273,Person,,Ellerbek,S.A.,,,,,,,,,,M,,,,,,,"M.B., Ch.B., C.M.",,Vice-president and dean,,EDC_1920_42; EDC_1916_30
EDCPT_8274,Person,,Ellerbek,S.A.,,,,,,,,,,U,,,,,,,"M.B., Ch.B., C.M.",,,,EDC_1918_34; EDC_1917_26; EDC_1916_30
EDCPT_8275,Person,,Ellis,J. Stanley,,,,,,,,,,M,,,,,,,M.D.,,,,EDC_1920_43
EDCPT_8276,Person,,Ellison,E.J.,,,,,,,,,,M,,,,,,,B.Sc.,Rev.,,,EDC_1920_43
EDCPT_8277,Person,,Ellison,Edward James,,,,,,,,,,M,,,,,,,B.Sc.,,,,EDC_1918_34; EDC_1917_26; EDC_1916_30
EDCPT_8278,Person,,Ellison,G. {Miss},,,,,,,,,,,,,,,,,,,,,EDC_1917_26
EDCPT_8279,Person,,Ellison,Grace F. {Miss},,,,,,,,,,F,,,,,,,B.A.,,,,EDC_1920_43
EDCPT_8280,Person,,Elterich,Harold N.,,,,,,,,,,U,,,,,,,,,,,EDC_1918_35; EDC_1917_26
EDCPT_8281,Person,,Elwin,Rosa Mary {Miss},,,,,,,,,,F,,,,,,,,,,,EDC_1916_30
EDCPT_8282,Person,,Elwin,Rosa Mary.{Miss},,,,,,,,,,F,,,,,,,,,,,EDC_1914_10
EDCPT_8283,Person,,Ely,J.A.,,,,,,,,,,U,,,,,,,,,,,EDC_1914_10
EDCPT_8284,Person,,Ely,John A.,,,,,,,,,,M,,,,,,,C.E.,,,,EDC_1920_43; EDC_1917_26; EDC_1916_30
EDCPT_8285,Person,,Ely,John A. {Mrs.},,,,,,,,,,F,,,,,,,,,,,EDC_1920_43
EDCPT_8286,Person,,Embrey,Hartley Clarke {Miss},,,,,,,,,,F,,,,,,,,,,,EDC_1920_43
EDCPT_8287,Person,,Emile-Etianne,F.,,,,,,,,,,U,,,,,,,B.S.,,,,EDC_1920_43
EDCPT_8288,Person,,Emile-Marie,F.,,,,,,,,,,U,,,,,,,B.S.,,,,EDC_1920_43
EDCPT_8289,Person,,Emilian,Louis,,,,,,,,,,M,,,,,,,,Bro.,,,EDC_1917_26
EDCPT_8290,Person,,Emilien,L.,,,,,,,,,,M,,,,,,,,Rev.,,,EDC_1917_26
EDCPT_8291,Person,,En,Tong Tsing,,,,,,,,,,,,China,,,,,,,,,EDC_1916_31
EDCPT_8292,Person,,Eng,K.Y.,,,,,,,,,,U,,,,,,,,,,,EDC_1918_35; EDC_1917_26
EDCPT_8293,Person,,Entwistle,Alex,,,,,,,,,,U,,,,,,,,,,,EDC_1918_35
EDCPT_8294,Person,,Eraste,{Bro.},,,,,,,,,,M,,,,,,,,,,,EDC_1918_35; EDC_1917_26
EDCPT_8295,Person,,Espey,J.M. {Mrs.},,,,,,,,,,F,,,,,,,,,,,EDC_1920_43
EDCPT_8296,Person,,Espey,John M.,,,,,,,,,,M,,,,,,,M.A.,Rev.,,,EDC_1920_43; EDC_1917_26
EDCPT_8297,Person,,Estabrook,Alice L. {Miss},,,,,,,,,,F,,,,,,,,,,,EDC_1916_31
EDCPT_8298,Person,,Estes,W.A. {Mrs.},,,,,,,,,,F,,,,,,,,,,,EDC_1920_43
EDCPT_8299,Person,,Estes,Wilbur A.,,,,,,,,,,M,,,,,,,B.A.,Rev.,,,EDC_1920_43; EDC_1917_26; EDC_1916_31
EDCPT_8300,Person,,Estes,Wilbur A.,,,,,,,,,,U,,,,,,,B.A.,Rev.,,,EDC_1918_35
EDCPT_8301,Person,,Etienne,F. Emile,,,,,,,,,,U,,,,,,,,,,,EDC_1918_35; EDC_1917_26
EDCPT_8302,Person,,Eubank,M.D. {Mrs.},,,,,,,,,,F,,,,,,,B.A.,,,,EDC_1916_31
EDCPT_8303,Person,,Eustate,{Brother},,,,,,,,,,M,,,,,,,,Rev.,,,EDC_1920_43
EDCPT_8304,Person,,Evans,A.,,,,,,,,,,M,,,,,,,,Rev.,,,EDC_1920_43
EDCPT_8305,Person,,Evans,Edward {Jr.},,,,,,,,,,M,,,,,,,B.A.,,,Absent for some/all of 1920,EDC_1920_43; EDC_1917_26; EDC_1916_31
EDCPT_8306,Person,,Evans,George W.,,,,,,,,,,M,,,,,,,A.B.,,,,EDC_1920_43
EDCPT_8307,Person,,Evans,Philip S.,,,,,,,,,,U,,,,,,,B. A.,,,,EDC_1914_10
EDCPT_8308,Person,,Evans,Philip Saffery Jr.,,,,,,,,,,M,,,,,,,"B.A., M.D.",,,,EDC_1920_44; EDC_1917_26; EDC_1916_31
EDCPT_8309,Person,,Evans,R. Kenneth,,,,,,,,,,M,,,,,,,M.A.,Rev.,,,EDC_1920_44; EDC_1918_35; EDC_1917_26; EDC_1916_31
EDCPT_8310,Person,,Evans,Richard T.,,,,,,,,,,U,,,,,,,B. A.,,,,EDC_1914_10
EDCPT_8311,Person,,Evera,Kepler Van{Mrs.},,,,,,,,,,F,,,,,,,B.S.,,,,EDC_1918_35
EDCPT_8312,Person,,Ewers,E.M.,,,,,,,,,,M,,,,,,,M.D.,,,,EDC_1920_44
EDCPT_8313,Person,,Ewing,J.{Miss},,,,,,,,,,F,,,,,,,,,,,EDC_1918_35
EDCPT_8314,Person,,Ewing,R.H.,,,,,,,,,,U,,,,,,,,,,,EDC_1918_35
EDCPT_8315,Person,,Eyestone,J.B.,,,,,,,,,,M,,,,,,,B.A.,Rev.,,S.T.B.,EDC_1917_27; EDC_1916_31
EDCPT_8316,Person,,Eyestone,J.B.{Mrs.},,,,,,,,,,F,,,,,,,J.B.,,,,EDC_1918_36
EDCPT_8317,Person,,Ezra,W.,,,,,,,,,,M,,,,,,,,,,,EDC_1920_44; EDC_1917_27; EDC_1916_31
EDCPT_8318,Person,,Fabien,L.,,,,,,,,,,M,,,,,,,,Fr.,,,EDC_1918_36; EDC_1917_27; EDC_1916_31
EDCPT_8319,Person,,Fabre,R.F.,,,,,,,,,,M,,,,,,,,Rev.,,,EDC_1920_44; EDC_1917_27
EDCPT_8320,Person,,Fairclough,C,,,,,,,,,,U,,,,,,,,,,,EDC_1914_10
EDCPT_8321,Person,,Fairfield,Wynn C.,,,,,,,,,,M,,,,,,,B.A.,Rev.,,,EDC_1920_44
EDCPT_8322,Person,,Fan,Chen,,,,,,,,,,,,,,,,,,,,,EDC_1917_27
EDCPT_8323,Person,,Fan,Ch'eng K'uan,,,,,,,,,,U,,,,,,,,,,,EDC_1920_44
EDCPT_8324,Person,,Fan,En-jung,,,,,,,,,,,,,,,,,,,,,EDC_1917_27
EDCPT_8325,Person,,Fan,Feng-hsiang,,,,,,,,,,U,,,,,,,,,,,EDC_1918_36; EDC_1917_27
EDCPT_8326,Person,,Fan,Liau-ching,,,,,,,,,,U,,,,,,,,,,,EDC_1920_44
EDCPT_8327,Person,,Fan,Pao-chi,,,,,,,,,,U,,,,,,,R.N.,,,,EDC_1918_36; EDC_1917_27
EDCPT_8328,Person,,Fan,Wen-huei,,,,,,,,,,U,,,,,,,B.A.,,,,EDC_1920_44
EDCPT_8329,Person,,Fan,Yuin-chin,,,,,,,,,,U,,,,,,,,,,,EDC_1920_44
EDCPT_8330,Person,,Fan,Yuin-ching,,,,,,,,,,U,,,,,,,,,,,EDC_1920_44
EDCPT_8331,Person,,Fandl,{Mrs.},,,,,,,,,,F,,,,,,,,,,,EDC_1917_27
EDCPT_8332,Person,,Fang,Joseph L.Y.,,,,,,,,,,M,,,,,,,,,,,EDC_1920_44
EDCPT_8333,Person,,Fang,L.C.,,,,,,,,,,U,,,,,,,,,,,EDC_1920_44
EDCPT_8334,Person,,Fang,Pun Ts,,,,,,,,,,,,,,,,,,,,,EDC_1916_31
EDCPT_8335,Person,,Fang,Robert W.C.,,,,,,,,,,U,,,,,,,B.S.,,,,EDC_1918_36
EDCPT_8336,Person,,Fang,Sing,,,,,,,,,,U,,China,,,,,B.A.,,,,EDC_1920_45
EDCPT_8337,Person,,Fang,Tsai Kin,,,,,,,,,,,,,,,,,B.A.,,,,EDC_1916_31
EDCPT_8338,Person,,Fardel,H.L.,,,,,,,,,,M,,,,,,,B. es L.,,,"Not 100% sure what ""B. es L."" is, but I'm guessing it's a bachelor in something from a french school",EDC_1920_45
EDCPT_8339,Person,,Faries,Elizabeth {Miss},,,,,,,,,,F,,,,,,,B.A.,,,,EDC_1920_45
EDCPT_8340,Person,,Farrior,S. C.,,,,,,,,,,M,,,,,,,B. A.,Brother,,,EDC_1914_10
EDCPT_8341,Person,,Farrior,S.C.,,,,,,,,,,U,,,,,,,B.A.,,,,EDC_1918_36
EDCPT_8342,Person,,Farrior,Stacy C.,,,,,,,,,,F,,,,,,,B.A.,,,,EDC_1917_27
EDCPT_8343,Person,,Fau,Lian-ching,,,,,,,,,,,,,,,,,,,,,EDC_1916_32
EDCPT_8344,Person,,Faulkner,J.W.,,,,,,,,,,M,,,,,,,,,,,EDC_1920_45
EDCPT_8345,Person,,Fauraz,H. {Madame},,,,,,,,,,F,,France,,,,,,,,,EDC_1920_45
EDCPT_8346,Person,,Faust,{Brother},,,,,,,,,,M,,,,,,,,Rev.,,,EDC_1920_45; EDC_1917_27
EDCPT_8347,Person,,Faust,Brother,,,,,,,,,,,,,,,,,,Rev.,,,EDC_1918_36
EDCPT_8348,Person,,Faust,E.C. {Mrs.},,,,,,,,,,F,,,,,,,,,,,EDC_1920_45
EDCPT_8349,Person,,Faust,Ernest C.,,,,,,,,,,M,,,,,,,,,,,EDC_1920_45
EDCPT_8350,Person,,Faustus,,,,,,,,,,,U,,,,,,,,,,,EDC_1914_10
EDCPT_8351,Person,,Faustus,{Frère},,,,,,,,,,M,,,,,,,,,,,EDC_1920_45
EDCPT_8352,Person,,Fearon,Dora C. {Miss},,,,,,,,,,F,,,,,,,,,,,EDC_1920_45
EDCPT_8353,Person,,Featherstone,W.F. {Rev.},,,,,,,,,,M,,,,,,,M.A.,,,Absent for some/all of 1920,EDC_1920_45
EDCPT_8354,Person,,Fei,Chia-Lu,,,,,,,,,,U,,,,,,,,,,,EDC_1918_36
EDCPT_8355,Person,,Fei,Chia-lu,,,,,,,,,,U,,,,,,,,,,,EDC_1914_10
EDCPT_8356,Person,,Fei,Chi-hao,,,,,,,,,,M,,,,,,,M.A.,,,"Fei Chi-hao was famously mere minutes away from being killed by Boxers in the Taiyuan Massacre and his escape allowed the fate of the Price family, ABCFM missionaries in Fenzhou, to be told.",EDC_1920_45; EDC_1917_27
EDCPT_8357,Person,,Fei,Hsing-chih,,,,,,,,,,U,,,,,,,,,,,EDC_1918_36; EDC_1917_27
EDCPT_8358,Person,,Felicie,,,,,,,,,,,,,,,,,,,"Rev., Mere",,,EDC_1917_27
EDCPT_8359,Person,,Felix,{Brother},,,,,,,,,,M,,,,,,,,,,,EDC_1920_45
EDCPT_8360,Person,,Fell,J. W.,,,,,,,,,,U,,,,,,,M. A.,,,,EDC_1914_10
EDCPT_8361,Person,,Fell,J.W.,,,,,,,,,,,,,,,,,M.A.,,,,EDC_1916_32
EDCPT_8362,Person,,Fellows,McC.,,,,,,,,,,U,,,,,,,"McC., D.D.S.",,,,EDC_1920_45
EDCPT_8363,Person,,Felt,Kathryn {Miss},,,,,,,,,,F,,,,,,,,,,,EDC_1920_45
EDCPT_8364,Person,,Fen,Chin,,,,,,,,,,U,,,,,,,M. A.,,,,EDC_1914_10
EDCPT_8365,Person,,Feng,L.C.,,,,,,,,,,U,,,,,,,,,,,EDC_1918_37
EDCPT_8366,Person,,Feng,Pang-yen,,,,,,,,,,,,,,,,,,,,,EDC_1918_37
EDCPT_8367,Person,,Feng,C.T.,,,,,,,,,,U,,,,,,,,,,,EDC_1920_45
EDCPT_8368,Person,,Feng,Chao Line,,,,,,,,,,,,,,,,,B.A. B.Sc.,,,,EDC_1916_32
EDCPT_8369,Person,,Feng,D.M.,,,,,,,,,,,,,,,,,,,,,EDC_1917_27
EDCPT_8370,Person,,Feng,Henry,,,,,,,,,,M,,,,,,,,,,,EDC_1917_28
EDCPT_8371,Person,,Feng,Hsi-min,,,,,,,,,,U,,,,,,,,,,,EDC_1920_45
EDCPT_8372,Person,,Feng,I-Hsuen,,,,,,,,,,U,,,,,,,,,,,EDC_1920_46
EDCPT_8373,Person,,Feng,L.C.,,,,,,,,,,,,,,,,,,,,,EDC_1917_28
EDCPT_8374,Person,,Feng,Li-chun,,,,,,,,,,,,,,,,,,,,,EDC_1916_32
EDCPT_8375,Person,,Feng,Pang-ten,,,,,,,,,,U,,,,,,,,,,,EDC_1920_46
EDCPT_8376,Person,,Feng,Yu Shu {Miss},,,,,,,,,,F,,,,,,,,,,,EDC_1920_46
EDCPT_8377,Person,,Fenn,B. {Mrs.},,,,,,,,,,,,,,,,,,,,,EDC_1916_32
EDCPT_8378,Person,,Fenn,Courtenay H.,,,,,,,,,,M,,,,,,,"M.A., D.D.",Rev.,,,EDC_1920_46; EDC_1917_28
EDCPT_8379,Person,,Ferguson,{Miss.},,,,,,,,,,F,,,,,,,,,,,EDC_1914_10
EDCPT_8380,Person,,Ferguson,{Miss},,,,,,,,,,F,,,,,,,LL.A.,,,,EDC_1920_46; EDC_1917_28
EDCPT_8381,Person,,Ferguson,C.A. {Miss},,,,,,,,,,F,,,,,,,LL.A.,,,,EDC_1918_37; EDC_1917_28
EDCPT_8382,Person,,Ferguson,J.C.,,,,,,,,,,M,,,,,,,Ph.D.,,,,EDC_1920_46
EDCPT_8383,Person,,Ferguson,M. R.{Miss.},,,,,,,,,,F,,,,,,,,,,,EDC_1914_10
EDCPT_8384,Person,,Ferguson,"M.,{Miss}",,,,,,,,,,F,,,,,,,,,,,EDC_1918_37
EDCPT_8385,Person,,Ferguson,W.,,,,,,,,,,,,,,,,,,,,,EDC_1916_32
EDCPT_8386,Person,,Fessenden,Stirling,,,,,,,,,,M,,America,29;09;1875,"Fort Fairfield, Maine, United States.",01;02;1944,,,,,,EDC_1918_37; EDC_1917_28
EDCPT_8387,Person,,Fiddes,{Miss},,,,,,,,,,F,,,,,,,,,,,EDC_1920_46
EDCPT_8388,Person,,Field,A.W.,,,,,,,,,,,,,,,,,,,,,EDC_1918_37
EDCPT_8389,Person,,Field,Frank Edison {Rev.},,,,,,,,,,M,,,,,,,"B.A., M.A., B.D.",Rev.,,,EDC_1920_46
EDCPT_8390,Person,,Field,Frank Edson,,,,,,,,,,,,,,,,,"B.A.,M.A.,B.D.",Rev.,,,
EDCPT_8391,Person,,Filman,"N.C.,{Mrs.}",,,,,,,,,,F,,,,,,,,,,,EDC_1918_37
EDCPT_8392,Person,,Findlay,J. E.,,,,,,,,,,U,,,,,,,,Rev,,,EDC_1914_10
EDCPT_8393,Person,,Findlay,J.W.,,,,,,,,,,M,,,,,,,M.A.,Rev.,,,EDC_1918_37; EDC_1917_28
EDCPT_8394,Person,,Fisk,George.W.,,,,,,,,,,M,,Britian,09;01;1882,"Liverpool, England",,,"B.A., B.D.",Rev.,,,EDC_1918_37; EDC_1917_28
EDCPT_8395,Person,,Fisken,A.D.,,,,,,,,,,,,,,,,,,,,,EDC_1917_28
EDCPT_8396,Person,,Fitch,George A.,,,,,,,,,,M,,,,,,,B.S.,,,,EDC_1920_46
EDCPT_8397,Person,,Fitch,Robert F.,,,,,,,,,,,,,12/20/1873,,,,M.A.,,,,EDC_1916_33
EDCPT_8398,Person,,Fitzwilliams,G. H. L. M. D.,,,,,,,,,,U,,,,,,,,,,,EDC_1914_11
EDCPT_8399,Person,,Fitzwilliams,G.H.L.,,,,,,,,,,,,,,,,,Ch.B. F.R.C.S.,,,,EDC_1916_33
EDCPT_8400,Person,,Flaniken,Sarah A. {Miss},,,,,,,,,,F,,,,,,,B.A.,,,,EDC_1920_46
EDCPT_8401,Person,,Fleming,M.C. {Miss},,,,,,,,,,,,,,,,,,,,,EDC_1917_28
EDCPT_8402,Person,,Fleming,William,,,,,,,,,,M,,,,,,,"M.B., Ch.B., D.T.M.",F.R.C.S.,,,EDC_1920_46; EDC_1917_28
EDCPT_8403,Person,,Fleming,William,,,,,,,,,,M,,,,,,,"M.D., Ch.b. F.R.C.S.",,,,EDC_1918_37
EDCPT_8404,Person,,Fleming,William S.,,,,,,,,,,M,,,,,,,,,,,EDC_1918_38
EDCPT_8405,Person,,Fleming,Wm. S.,,,,,,,,,,,,,,,,,,,,,EDC_1916_33
EDCPT_8406,Person,,Fletcher,G. E.,,,,,,,,,,U,,,,,,,,,,,EDC_1914_11
EDCPT_8407,Person,,Fletcher,J. C.,,,,,,,,,,U,,,,,,,,,,,EDC_1916_11
EDCPT_8408,Person,,Florence,J.,,,,,,,,,,M,,,,,,,M.D.,,,,EDC_1920_46
EDCPT_8409,Person,,Florent,{Fr.},,,,,,,,,,,,,,,,,,,,,EDC_1918_38; EDC_1917_29
EDCPT_8410,Person,,Floribert,{Fr.},,,,,,,,,,,,,,,,,,,,,EDC_1918_38; EDC_1917_29
EDCPT_8411,Person,,Foggitt,E. {Miss},,,,,,,,,,F,,,,,,,,,,,EDC_1916_11
EDCPT_8412,Person,,Fok,Kum Yung {Miss},,,,,,,,,,F,,,,,,,,,,,EDC_1920_46
EDCPT_8413,Person,,Fok,Nai Hang,,,,,,,,,,U,,,,,,,B. Sc.,,,,EDC_1920_46
EDCPT_8414,Person,,Folk,Fung-yan Liu,,,,,,,,,,U,,,,,,,M.A.,,,,EDC_1920_46
EDCPT_8415,Person,,Folk,J.C.,,,,,,,,,,M,,,,,,,M.S.,,,,EDC_1920_47
EDCPT_8416,Person,,Fondey,C.F.,,,,,,,,,,,,,,,,,,Dr.,,,EDC_1917_29
EDCPT_8417,Person,,Fong,Suh-kong,,,,,,,,,,U,,,,,,,,,,,EDC_1920_47
EDCPT_8418,Person,,Fong,Yeung,,,,,,,,,,U,,,,,,,"B.A., M.A.",,,,EDC_1920_47
EDCPT_8419,Person,,Fong,Yeung,,,,,,,,,,U,,,,,,,M.A.,,,,EDC_1918_38
EDCPT_8420,Person,,Foo,Ching-ho,,,,,,,,,,U,,,,,,,,,,,EDC_1918_38; EDC_1917_29
EDCPT_8421,Person,,Foo,Hsen-shuen,,,,,,,,,,U,,,,,,,LL.B.,,,,EDC_1920_47
EDCPT_8422,Person,,Forayth,Charles,,,,,,,,,,,,,,,,,M.D. F.R.C.S.,Edin.,,,EDC_1916_34
EDCPT_8423,Person,,Force,W.B. La {Mrs.},,,,,,,,,,F,,,,,,,M.A.,,,,EDC_1920_47
EDCPT_8424,Person,,Ford,E. I.,,,,,,,,,,U,,,,,,,,Rev,,,EDC_1916_11
EDCPT_8425,Person,,Ford,E.L.,,,,,,,,,,,,,,,,,M.A.,,,,EDC_1916_34
EDCPT_8426,Person,,Ford,Eddy L.,,,,,,,,,,U,,,,,,,M.A.,,,,EDC_1918_38; EDC_1917_29
EDCPT_8427,Person,,Ford,Eddy L. {Mrs.},,,,,,,,,,,,,,,,,B.Sc.,,,,EDC_1916_34
EDCPT_8428,Person,,Ford,T.F.,,,,,,,,,,,,,,,,,,,,,EDC_1918_38
EDCPT_8429,Person,,Foreman,Era {Miss},,,,,,,,,,,,,,,,,,,,R.N. {Registered Nurse},EDC_1917_29
EDCPT_8430,Person,,Forsyth,Charles,,,,,,,,,,M,,,,,,,M.D.,F.R.C.S.,,,EDC_1920_47; EDC_1917_29
EDCPT_8431,Person,,Forsyth,Charles,,,,,,,,,,M,,,1875,England,29;12;1955,,M.D.,Edin.,,,EDC_1918_38
EDCPT_8432,Person,,Forsyth,Charles M. D.,,,,,,,,,,U,,,,,,,,,,,EDC_1916_11
EDCPT_8433,Person,,Foster,Arnold {Mrs.},,,,,,,,,,,,,,,,,,,,,EDC_1918_38; EDC_1917_29
EDCPT_8434,Person,,Foster,C.L.,,,,,,,,,,M,,,,,,,M.A.,,,,EDC_1918_38; EDC_1917_29
EDCPT_8435,Person,,Foster,C.L.{Mrs.},,,,,,,,,,F,,,,,,,,,,,EDC_1918_38; EDC_1917_29
EDCPT_8436,Person,,Foster,Clarence L.,,,,,,,,,,M,,,,,,,A.B.,,,,EDC_1920_47
EDCPT_8437,Person,,Foster,Frank C.,,,,,,,,,,,,,,,,,B.S.,,,,EDC_1918_38; EDC_1917_29
EDCPT_8438,Person,,Foster,G.P.,,,,,,,,,,M,,,,,,,,,,,EDC_1920_47
EDCPT_8439,Person,,Foster,George Potter,,,,,,,,,,,,,,,,,B.A.,,,,EDC_1917_29
EDCPT_8440,Person,,Fox,E.E. {Miss},,,,,,,,,,F,,,,,,,,,,,EDC_1920_47; EDC_1917_29
EDCPT_8441,Person,,Fox,E.E. {Miss},,,,,,,,,,F,,,,,,,,,,,EDC_1918_38
EDCPT_8442,Person,,Frame,Murray S.,,,,,,,,,,,,,,,,,"M.A., B.D.",Rev.,,,EDC_1918_39; EDC_1917_29
EDCPT_8443,Person,,Frame,Murray Scott {Mrs.},,,,,,,,,,F,,,,,,,"B.A., B.D.",,,,EDC_1920_48
EDCPT_8444,Person,,Francis,{Brother},,,,,,,,,,M,,,,,,,,,,,EDC_1920_48
EDCPT_8445,Person,,Francois,{Frère},,,,,,,,,,M,,,,,,,,,,,EDC_1920_48
EDCPT_8446,Person,,Frank,Marian Field {Miss},,,,,,,,,,F,,,,,,,,,,,EDC_1914_11
EDCPT_8447,Person,,Franklin,A. C.,,,,,,,,,,U,,,,,,,,,,,EDC_1914_11
EDCPT_8448,Person,,Franklin,A.C.,,,,,,,,,,,,,,,,,F.I.C.,,,,EDC_1918_39; EDC_1917_30
EDCPT_8449,Person,,Fraser,F. Matron,,,,,,,,,,,,,,,,,,,,"15 Boone Road, Shanghai",EDC_1918_39
EDCPT_8450,Person,,Fraser,Jean Martin {Miss},,,,,,,,,,F,,,,,,,,,,,EDC_1914_11
EDCPT_8451,Person,,,Frere Pierre-Marcel,,,,,,,,,,M,,France,,,,,,,,,EDC_1918_98
EDCPT_8452,Person,,Froc,A.,,,,,,,,,,,,,,,,,,Rev.,,,EDC_1918_39
EDCPT_8453,Person,,Froc,L.,,,,,,,,,,,,,,,,,,Rev.,,,EDC_1918_39
EDCPT_8454,Person,,Frost,S.L.,,,,,,,,,,M,,,,,,,B.A.,,,,EDC_1920_48
EDCPT_8455,Person,,Fryer,George B.,,,,,,,,,,M,,,,,,,,,,,EDC_1920_48; EDC_1917_30
EDCPT_8456,Person,,Fryer,George B. {Mrs.},,,,,,,,,,F,,,,,,,,,,,EDC_1920_48; EDC_1917_30
EDCPT_8457,Person,,Fu,I.P.,,,,,,,,,,U,,,,,,,,,,,EDC_1920_48
EDCPT_8458,Person,,Fu,T.J. Bennett,,,,,,,,,,M,,,,,,,B.A.,,,,EDC_1920_48
EDCPT_8459,Person,,Fu,T.J. Bennett,,,,,,,,,,,,,,,,,,,,,EDC_1918_40
EDCPT_8460,Person,,Fu,T.M.,,,,,,,,,,,,,,,,,,,,,EDC_1918_39; EDC_1920_48; EDC_1917_30
EDCPT_8461,Person,,Fu,T.S.,,,,,,,,,,U,,,,,,,B.A.,,,,EDC_1920_48
EDCPT_8462,Person,,Fu,Wi Chi,,,,,,,,,,,,,,,,,,,,,EDC_1916_35
EDCPT_8463,Person,,Fuller,A.{Miss},,,,,,,,,,F,,,,,,,,,,,EDC_1918_40; EDC_1917_30
EDCPT_8464,Person,,Fuller,Harry V.,,,,,,,,,,U,,,,,,,,,,,EDC_1914_11
EDCPT_8465,Person,,Fullerton,Caroline {Miss},,,,,,,,,,F,,,,,,,B.L.,,,,EDC_1920_48; EDC_1917_30
EDCPT_8466,Person,,Fullerton,Caroline {Miss},,,,,,,,,,F,,,,,,,B.A.,,,,EDC_1918_40
EDCPT_8467,Person,,Fullerton,Caroline {Miss},,,,,,,,,,F,,,,,,,,,,,EDC_1914_11
EDCPT_8468,Person,,Fullerton,E. C. {Miss},,,,,,,,,,F,,,,,,,B.S. M.D.,,,,EDC_1918_40
EDCPT_8469,Person,,Fullerton,E. C. {Miss},,,,,,,,,,F,,,,,,,,,,,EDC_1914_11
EDCPT_8470,Person,,Fullerton,E.C. {Miss},,,,,,,,,,F,,,,,,,"B.S., M.D.",,,,EDC_1920_48; EDC_1917_30
EDCPT_8471,Person,,Fulton,M.H. {Miss},,,,,,,,,,,,,,,,,"M.D., D.Sc.",,,,EDC_1917_31
EDCPT_8472,Person,,Fulton,T. C.,,,,,,,,,,U,,,,,,,,Rev,,,EDC_1914_11
EDCPT_8473,Person,,Fulton,T.C.,,,,,,,,,,U,,,,,,,M.A. D.D,Rev.,,,EDC_1918_40; EDC_1917_31
EDCPT_8474,Person,,Fung,H.K.,,,,,,,,,,U,,,,,,,"M.A., M.B.",,,,EDC_1920_48
EDCPT_8475,Person,,Fung,Hin-liu,,,,,,,,,,U,,,,,,,M.A,,,,EDC_1918_40
EDCPT_8476,Person,,Fung,Lin-yuen,,,,,,,,,,U,,,,,,,,Rev,,,EDC_1914_11
EDCPT_8477,Person,,Fung,M.S.,,,,,,,,,,U,,,,,,,,,,,EDC_1920_48
EDCPT_8478,Person,,Fung,Robert T.C.,,,,,,,,,,M,,,,,,,B.A.,,,,EDC_1920_48
EDCPT_8479,Person,,Fung,So,,,,,,,,,,U,,China,,,,,,,,,EDC_1920_48
EDCPT_8480,Person,,Funkhouser,W.L.,,,,,,,,,,M,,,,,,,B.S.,,,,EDC_1920_49
EDCPT_8481,Person,,Fusamae,K.,,,,,,,,,,U,,Japan,,,,,,,,,EDC_1920_49
EDCPT_8482,Person,,Fuson,Chester Garfield,,,,,,,,,,M,,,,,,,B.A.,F.R.G.S.,,,EDC_1920_49; EDC_1917_31
EDCPT_8483,Person,,Ga,Ben-gieh,,,,,,,,,,,,,,,,,,,,,EDC_1917_31
EDCPT_8484,Person,,Ga,We Dao,,,,,,,,,,U,,,,,,,,,,,EDC_1920_49
EDCPT_8485,Person,,Gabard,FR. P.,,,,,,,,,,U,,,,,,,,Rev.,,,EDC_1918_40; EDC_1917_31
EDCPT_8486,Person,,Gabardi,{Fr.},,,,,,,,,,,,,,,,,,Rev.,,,EDC_1916_35
EDCPT_8487,Person,,Gabriel,A. {Fr.},,,,,,,,,,U,,,,,,,,,,,EDC_1918_40
EDCPT_8488,Person,,Gage,Brownell,,,,,,,,,,M,,,,,,,"M.A., B.D.",Rev,"Dean, chairman of Governing Board, and professor at Yale-in-China",,EDC_1920_49; EDC_1917_31
EDCPT_8489,Person,,Gage,Brownell.,,,,,,,,,,U,,,,,,,,,,,EDC_1914_11
EDCPT_8490,Person,,Gah,Wei-chang,,,,,,,,,,,,,,,,,B.A.,,,,EDC_1918_41; EDC_1917_31
EDCPT_8491,Person,,Gain,R.L.,,,,,,,,,,M,,,,,,,S.J.,,,,EDC_1920_49
EDCPT_8492,Person,,Gale,F. Clair,,,,,,,,,,,,,,,,,B.Sc.,,,,EDC_1918_41; EDC_1917_31
EDCPT_8493,Person,,Galler,K.,,,,,,,,,,,,,,,,,,,,,EDC_1916_36
EDCPT_8494,Person,,Galler,Kourav.,,,,,,,,,,U,,,,,,,,,,,EDC_1914_11
EDCPT_8495,Person,,Galt,Howard S.,,,,,,,,,,M,,,,,,,"Ph.B., D.D.",Rev.,Professor and librarian,,EDC_1920_49
EDCPT_8496,Person,,Galt,Howard S.,,,,,,,,,,,,,,,,,Ph.B. D.D.,,,14 years in present position,EDC_1918_41; EDC_1917_31
EDCPT_8497,Person,,Galt,Howard.,,,,,,,,,,U,,,,,,,,,,,EDC_1914_11
EDCPT_8498,Person,,Gamewell,F.D.,,,,,,,,,,M,,,,,,,"Ph.D., LL.D.",Rev.,,Absent for some/all of 1920,EDC_1920_49; EDC_1917_31
EDCPT_8499,Person,,Garcia,{Miss},,,,,,,,,,,,,,,,,,,,,EDC_1917_31
EDCPT_8500,Person,,Garcia,Mazia Luiza {Miss},,,,,,,,,,F,,,,,,,,,,,EDC_1920_49
EDCPT_8501,Person,,Garcia,V.,,,,,,,,,,M,,,,,,,,"Rev., O.P.",,,EDC_1920_49; EDC_1917_31
EDCPT_8502,Person,,Gardiner,H. {Miss},,,,,,,,,,,,,,,,,M.A.,,,,EDC_1917_31
EDCPT_8503,Person,,Gardner,E.C. {Miss},,,,,,,,,,F,,,,,,,,,,,EDC_1920_49
EDCPT_8504,Person,,Gardner,Ray E. {Mrs.},,,,,,,,,,F,,,,,,,,,,,EDC_1920_49
EDCPT_8505,Person,,Gardner,Ray Earl,,,,,,,,,,M,,,,,,,B.A.,,,,EDC_1920_49; EDC_1917_31
EDCPT_8506,Person,,Gardner,Ray Earl,,,,,,,,,,,,,,,,,B.A.,,,,EDC_1918_41
EDCPT_8507,Person,,Garner,F.E. {Mrs.},,,,,,,,,,,,,,,,,,,,,EDC_1916_36
EDCPT_8508,Person,,Garred,{Mrs.},,,,,,,,,,F,,,,,,,,,,,EDC_1917_32
EDCPT_8509,Person,,Garrett,Frank,,,,,,,,,,,,,,,,,D.D.,Rev.,,,EDC_1916_36
EDCPT_8510,Person,,Garrett,J.C.,,,,,,,,,,,,,,,,,D.D.,Rev.,,,EDC_1916_36
EDCPT_8511,Person,,Garrett,Minnie H. {Miss},,,,,,,,,,F,,,,,,,,,,,EDC_1920_49
EDCPT_8512,Person,,Garrett,Winifred {Miss},,,,,,,,,,F,,,,,,,B.A.,,,,EDC_1920_50
EDCPT_8513,Person,,Garritt,J.C.,,,,,,,,,,,,,,,,,M.A. D.D.,Rev.,,,EDC_1918_41; EDC_1917_31
EDCPT_8514,Person,,Garrod,{Mrs.},,,,,,,,,,,,,,,,,,,,,EDC_1918_41
EDCPT_8515,Person,,Garrod,M. {Mrs.},,,,,,,,,,F,,,,,,,,,,,EDC_1920_50
EDCPT_8516,Person,,Gauchat,L.,,,,,,,,,,,,,,,,,,Rev.,,,EDC_1918_41
EDCPT_8517,Person,,Gaucht,L.,,,,,,,,,,M,,,,,,,,Rev.,,,EDC_1920_50
EDCPT_8518,Person,,Gaunt,{Miss},,,,,,,,,,,,,,,,,,,,,EDC_1916_36
EDCPT_8519,Person,,Gaunt,F. {Miss},,,,,,,,,,F,,,,,,,,,,,EDC_1917_32
EDCPT_8520,Person,,Gaunt,F.M. {Miss},,,,,,,,,,F,,,,,,,,,,,EDC_1918_41
EDCPT_8521,Person,,Gaunt,T.,,,,,,,,,,,,,,,,,M.A.,Rev.,,,EDC_1916_36
EDCPT_8522,Person,,Gauss,Esther M. {Miss},,,,,,,,,,F,,,,,,,B.A.,,,,EDC_1920_50; EDC_1917_32
EDCPT_8523,Person,,Gauss,Esther M. {Miss},,,,,,,,,,F,,,,,,,B.A.,,,,EDC_1918_41; EDC_1917_32
EDCPT_8524,Person,,Gauthier,{Mme},,,,,,,,,,,,,,,,,,,,,EDC_1918_41; EDC_1917_32
EDCPT_8525,Person,,Gaylord,{Miss},,,,,,,,,,,,,,,,,Edith,,,,EDC_1916_36
EDCPT_8526,Person,,Geach,Francis.,,,,,,,,,,U,,,,,,,,,,,EDC_1914_12
EDCPT_8527,Person,,Gedye,E.F.,,,,,,,,,,M,,,,,,,M.A.,Rev.,,,EDC_1920_50
EDCPT_8528,Person,,Gedye,Ernest.,,,,,,,,,,U,,,,,,,,,,,EDC_1914_12
EDCPT_8529,Person,,Gee,Gist.,,,,,,,,,,U,,,,,,,,,,,EDC_1914_12
EDCPT_8530,Person,,Gee,N.Gist {Mrs.},,,,,,,,,,,,,,,,,,,,,EDC_1916_38
EDCPT_8531,Person,,Gee,Nathaniel Gist,,,,,,,,,,M,,,,,,,M.A.,,,,EDC_1920_50
EDCPT_8532,Person,,Gee,Nathaniel Gist,,,,,,,,,,,,,,,,,M.A.,,,"2 years principal of Jordon Academy 5 years Professor of Biology, Soochow University, 3 years Professor of Natural Science, Colunmbia College",EDC_1918_42; EDC_1917_32
EDCPT_8533,Person,,Geller,Wilson H.,,,,,,,,,,M,,,,,,,,Rev.,,,EDC_1920_50
EDCPT_8534,Person,,Geng,Cheng-sen,,,,,,,,,,,,,,,,,,,,,EDC_1920_50
EDCPT_8535,Person,,,George Merriam,,,,,,,,,,M,,,,,,,B.S.,,,,EDC_1914_23
EDCPT_8536,Person,,George,{Bro.},,,,,,,,,,,,,,,,,,,,,EDC_1918_42; EDC_1917_32
EDCPT_8537,Person,,George,{Brother},,,,,,,,,,M,,,,,,,,,,,EDC_1920_50
EDCPT_8538,Person,,Georgone,{Brother},,,,,,,,,,M,,,,,,,,,,,EDC_1920_50
EDCPT_8539,Person,,Gervaix,Regis,,,,,,,,,,M,,,,,,,,Rev.,,,EDC_1920_50; EDC_1917_32
EDCPT_8540,Person,,Gervaix,Regis,,,,,,,,,,,,,,,,,,Rev.,,,EDC_1918_42; EDC_1917_32
EDCPT_8541,Person,,Giauque,C.D.,,,,,,,,,,M,,,,,,,,,,,EDC_1920_50
EDCPT_8542,Person,,Gibb,Jno.,,,,,,,,,,U,,,,,,,,,,,EDC_1914_12
EDCPT_8543,Person,,Gibb,John McGregor {Jr.},,,,,,,,,,M,,,,,,,B.A.,,,,EDC_1920_50; EDC_1917_32
EDCPT_8544,Person,,Gibert,R.G.,,,,,,,,,,,,,,,,,S.J.,Rev.,,,EDC_1918_42; EDC_1917_32
EDCPT_8545,Person,,Gibson,R. Maclean,,,,,,,,,,M,,,,,,,M.D.,F.R.C.S.,,,EDC_1920_50; EDC_1917_32
EDCPT_8546,Person,,Gibson,R. Maclean,,,,,,,,,,,,,,,,,M.D.,F.R.C.S.,,,EDC_1918_42; EDC_1917_32
EDCPT_8547,Person,,Giffin,J.H.,,,,,,,,,,,,,,,,,B.A.,Rev.,,,EDC_1918_42
EDCPT_8548,Person,,Giffin,John Harry,,,,,,,,,,M,,,,,,,B.A.,Rev.,,,EDC_1920_50
EDCPT_8549,Person,,Gilbert,A.W. {Mrs.},,,,,,,,,,F,,,,,,,,,,Professor at Nanking U.; Secretary and Treasurer at Nanking Foreign School,EDC_1920_50; EDC_1917_32
EDCPT_8550,Person,,Gilbert,E.A.,,,,,,,,,,M,,,,,,,,,,,EDC_1920_50
EDCPT_8551,Person,,Gilchrist,Huntington,,,,,,,,,,U,,,,,,,,,,,EDC_1914_12
EDCPT_8552,Person,,Giles,Archie,,,,,,,,,,,,,,,,,,Rev.,,,EDC_1918_42
EDCPT_8553,Person,,Gilfillan,Emily {Miss},,,,,,,,,,F,,,,,,,,,,,EDC_1920_51
EDCPT_8554,Person,,Gill,Francis Wiley,,,,,,,,,,M,,,,,,,B.A.,,,,EDC_1920_51; EDC_1917_32
EDCPT_8555,Person,,Gill,Francis Wiley,,,,,,,,,,,,,,,,,B.A.,,Ten years as Principal in USA,"Address: 147 North Szechuen Road, Shanghai",EDC_1918_42; EDC_1917_32
EDCPT_8556,Person,,Gillespie,William H.,,,,,,,,,,M,,,,,,,M.A.,Rev.,,,EDC_1920_51; EDC_1917_32
EDCPT_8557,Person,,Gillespie,William H.,,,,,,,,,,,,,,,,,M.A.,Rev.,,,EDC_1918_42; EDC_1917_32
EDCPT_8558,Person,,Gillette,C.L. {Mrs.},,,,,,,,,,,,,,,,,B.A.,,,,EDC_1916_38
EDCPT_8559,Person,,Gillison,Thomas,,,,,,,,,,M,,,,,,,"M.B., C.M.",,,,EDC_1920_51; EDC_1917_32
EDCPT_8560,Person,,Gilman,A.A.,,,,,,,,,,M,,,,,,,"B.A., S.T.D.",Rev.,,,EDC_1920_51; EDC_1917_32
EDCPT_8561,Person,,Gilman,G. {Miss},,,,,,,,,,F,,,,,,,,,,,EDC_1920_51; EDC_1917_32
EDCPT_8562,Person,,Gilman,G. {Miss},,,,,,,,,,,,,,,,,,,,,
EDCPT_8563,Person,,Gilmer,W.T.,,,,,,,,,,,,,,,,,,,,,EDC_1917_33
EDCPT_8564,Person,,Gimblett,E.A.,,,,,,,,,,,,,,,,,M.A.,Rev.,,,EDC_1917_33
EDCPT_8565,Person,,Gin,Hsien-hsia {Miss},,,,,,,,,,F,,,,,,,,,,,EDC_1920_51
EDCPT_8566,Person,,Glassburner,M.F. {Miss},,,,,,,,,,,,,,,,,,,,,EDC_1916_38
EDCPT_8567,Person,,Glassman,{Mrs.},,,,,,,,,,,,,,,,,,,,,EDC_1917_33
EDCPT_8568,Person,,Glatzer,K.,,,,,,,,,,U,,,,,,,,,,,EDC_1914_12
EDCPT_8569,Person,,Gleditsch,B. {Miss},,,,,,,,,,F,,,,,,,,,,,EDC_1914_12
EDCPT_8570,Person,,Glenn,C. Lamar,,,,,,,,,,M,,,,,,,M.A.,Rev.,,,EDC_1920_51
EDCPT_8571,Person,,Gleysteen,W.H.,,,,,,,,,,M,,,,,,,"M.A., B.D.",Rev.,,,EDC_1920_51; EDC_1917_33
EDCPT_8572,Person,,Gleysteen,William Henry,,,,,,,,,,,,,,,,,"M.A., B.D.",Rev.,,Address: Presbyterian Mission,EDC_1918_43; EDC_1917_33
EDCPT_8573,Person,,Gloss,Anna Dennis {Miss},,,,,,,,,,F,,,,,,,"B.S., M.D.",,,,EDC_1917_33
EDCPT_8574,Person,,Gloss,Anna Dennis. {Miss},,,,,,,,,,F,,,,,,,,,,,EDC_1914_12
EDCPT_8575,Person,,Go,Ung-cing,,,,,,,,,,,,,,,,,,,,,EDC_1920_51
EDCPT_8576,Person,,Goggin,{Miss},,,,,,,,,,F,,,,,,,,,,,EDC_1920_51; EDC_1917_33
EDCPT_8577,Person,,Goggin,{Miss},,,,,,,,,,,,,,,,,,,,,EDC_1918_43; EDC_1917_33
EDCPT_8578,Person,,Goggin,{Miss},,,,,,,,,,,,,,,,,,,,,EDC_1916_38
EDCPT_8579,Person,,Goh,Ching-yao,,,,,,,,,,,,,,,,,B.A.,,,,EDC_1920_51; EDC_1917_33
EDCPT_8580,Person,,Goh,Ching-yao,,,,,,,,,,,,,,,,,B.A.,,,,EDC_1918_43; EDC_1917_33
EDCPT_8581,Person,,Gohn,Minnie {Miss},,,,,,,,,,F,,,,,,,,,,,EDC_1917_33
EDCPT_8582,Person,,Gold,{Miss},,,,,,,,,,F,,,,,,,"M.A., M.S.",,,,EDC_1920_51
EDCPT_8583,Person,,Gold,R.A.,,,,,,,,,,M,,,,,,,B.A.,,,,EDC_1920_51; EDC_1917_33
EDCPT_8584,Person,,Gold,R.A.,,,,,,,,,,,,,,,,,B.A.,,,,EDC_1918_43; EDC_1917_33
EDCPT_8585,Person,,Goldblatt,J.M.,,,,,,,,,,,,,,,,,M.A.,,,,EDC_1918_43; EDC_1917_33
EDCPT_8586,Person,,Golisch,Anna Lulu {Miss},,,,,,,,,,,,,,,,,,,,Public School Teaching in USA,EDC_1918_43; EDC_1917_33
EDCPT_8587,Person,,Gomes,A.J.,,,,,,,,,,M,,,,,,,D.D.,Rev.,,,EDC_1920_51
EDCPT_8588,Person,,Gomes,C.E.,,,,,,,,,,,,,,,,,A.S.,,,,EDC_1918_43; EDC_1917_33
EDCPT_8589,Person,,Gomes,Carolina da Encarnacao,,,,,,,,,,F,,,,,,,,,,,EDC_1920_51
EDCPT_8590,Person,,Gomes,Joaquim F. Xavier,,,,,,,,,,M,,,,,,,,,,,EDC_1920_51; EDC_1917_33
EDCPT_8591,Person,,Gomes,Joaquim F. Xavier,,,,,,,,,,,,,,,,,,,,,EDC_1918_43; EDC_1917_33
EDCPT_8592,Person,,Gomes,Sara Carolina da Encarnacao,,,,,,,,,,,,,,,,,,,,,EDC_1918_43
EDCPT_8593,Person,,Gomez,A.J.,,,,,,,,,,M,,,,,,,D.D.,Rev.,,,EDC_1917_33
EDCPT_8594,Person,,Gomez,Joaquin F. C.,,,,,,,,,,,,,,,,,,,,,EDC_1916_38
EDCPT_8595,Person,,Gomez,Sara C. {Mrs.},,,,,,,,,,,,,,,,,,,,,EDC_1916_38
EDCPT_8596,Person,,Gonzales,F.,,,,,,,,,,M,,,,,,,,,,,EDC_1920_51
EDCPT_8597,Person,,Gonzales,M.,,,,,,,,,,,,,,,,,LL.S.I.,Frere,,,EDC_1918_43; EDC_1917_33; EDC_1916_38
EDCPT_8598,Person,,Goo,Lee-djen,,,,,,,,,,,,,,,,,,,,,EDC_1920_51
EDCPT_8599,Person,,Goodall,{Mrs.},,,,,,,,,,,,,,,,,,,,,EDC_1918_43
EDCPT_8600,Person,,Goodman,Florence K. {Miss},,,,,,,,,,F,,,,,,,R.N.,,,,EDC_1920_51
EDCPT_8601,Person,,Goodrich,C.C. {Miss},,,,,,,,,,F,,,,,,,,,,,EDC_1920_51
EDCPT_8602,Person,,Gordan,Wayne C.,,,,,,,,,,,,,,,,,B.A.,,,,EDC_1917_33
EDCPT_8603,Person,,Gordon,Dorothy {Miss},,,,,,,,,,F,,,,,,,,,,,EDC_1920_52
EDCPT_8604,Person,,Gordon,S. Moore,,,,,,,,,,,,,,,,,B.A.,,,"Taught at Tientsin Anglo-Chinese School , 1907-1911",EDC_1918_44; EDC_1917_33
EDCPT_8605,Person,,Gordon,Simeon Moore,,,,,,,,,,M,,,,,,,B.A.,,,,EDC_1920_52; EDC_1917_33
EDCPT_8606,Person,,Gossard,Jesse E.,,,,,,,,,,,,,,,,,M.D.; M. Sc.,,,on furlough in 1916,EDC_1920_52; EDC_1916_38
EDCPT_8607,Person,,Gott,O.W. Jr.,,,,,,,,,,,,,,,,,LL.B.,,,,EDC_1918_44; EDC_1917_33
EDCPT_8608,Person,,Goucher,Elizabeth {Miss},,,,,,,,,,F,,,,,,,B.A.,,,,EDC_1920_52; EDC_1917_33; EDC_1916_38
EDCPT_8609,Person,,Goucher,Elizabeth {Miss},,,,,,,,,,F,,,,,,,B.A.,,,One yeat in Japan,EDC_1918_44; EDC_1917_33
EDCPT_8610,Person,,Gould,L. H. B.,,,,,,,,,,,,,,,,,B.A.,,,,EDC_1918_44
EDCPT_8611,Person,,Gourdin,Helen {Miss},,,,,,,,,,F,,,,,,,,,,,EDC_1918_44; EDC_1916_38
EDCPT_8612,Person,,Gowdy,John,,,,,,,,,,M,,,,,,,"M.A., D.D.",Rev.,,,EDC_1920_52; EDC_1917_33; EDC_1916_38
EDCPT_8613,Person,,Gowdy,John {Mrs.},,,,,,,,,,F,,,,,,,B.A.,,,,EDC_1920_52; EDC_1917_34; EDC_1916_38
EDCPT_8614,Person,,Gowdy,ohn.,,,,,,,,,,U,,,,,,,,Rev,,,EDC_1914_12
EDCPT_8615,Person,,Gowen,Vincent Herbert,,,,,,,,,,M,,,,,,,B.A.,,,Absent for some/all of 1920,EDC_1920_52; EDC_1917_34; EDC_1916_38
EDCPT_8616,Person,,Gowen,Vincent Herbert,,,,,,,,,,,,,,,,,B.A.,,,,EDC_1918_44; EDC_1917_34; EDC_1916_38
EDCPT_8617,Person,,Gracie,E.A. {Miss},,,,,,,,,,F,,,,,,,B.A.,,,,EDC_1920_52
EDCPT_8618,Person,,Graham,Eleanor Dell {Miss},,,,,,,,,,F,,,,,,,B.A.,,,,EDC_1920_52
EDCPT_8619,Person,,Graham,Jack,,,,,,,,,,M,,,,,,,,,,,EDC_1920_52
EDCPT_8620,Person,,Graham,John Francis McMinn,,,,,,,,,,M,,,,,,,,,,,EDC_1920_52
EDCPT_8621,Person,,Graham,Sophie P. {Miss},,,,,,,,,,F,,,,,,,,,,,EDC_1920_52
EDCPT_8622,Person,,Graham,Sophie P. {Miss},,,,,,,,,,F,,,,,,,,,,,EDC_1918_44
EDCPT_8623,Person,,Grahl,De Dipling,,,,,,,,,,U,,,,,,,,,,,EDC_1916_38
EDCPT_8624,Person,,Grand,L.C. {Miss},,,,,,,,,,F,,,,,,,,,,,EDC_1920_52
EDCPT_8625,Person,,Grant,A. W.,,,,,,,,,,U,,,,,,,,,,,EDC_1914_12
EDCPT_8626,Person,,Grant,A.W.,,,,,,,,,,,,,,,,,B.A.,,,,EDC_1916_38
EDCPT_8627,Person,,Graves,A.M. {Miss},,,,,,,,,,F,,,,,,,,,,,EDC_1920_52
EDCPT_8628,Person,,Graves,Elizabeth M. {Miss},,,,,,,,,,F,,,,,,,,,,,EDC_1917_34
EDCPT_8629,Person,,Graves,Elizabeth W. {Miss},,,,,,,,,,F,,,,,,,,,,,EDC_1920_52
EDCPT_8630,Person,,Graves,Elizabeth W. {Miss},,,,,,,,,,F,,,,,,,,,,,EDC_1914_12
EDCPT_8631,Person,,Graves,F. R.,,,,,,,,,,U,,,,,,,,Rev,,,EDC_1914_12
EDCPT_8632,Person,,Graves,F.R.,,,,,,,,,,M,,,,,,,"D.D., S.T.D.",Rt. Rev.,"former dean, School of Theology, St. John's U",,EDC_1920_53; EDC_1917_34; EDC_1916_38
EDCPT_8633,Person,,Graves,F.R.,,,,,,,,,,M,,,,,,,D.D.,Rt. Rev.,,,EDC_1918_44; EDC_1917_34
EDCPT_8634,Person,,Graves,Janie Lowrey {Mrs.},,,,,,,,,,F,,,,,,,,,,,EDC_1920_53; EDC_1917_34
EDCPT_8635,Person,,Graves,Josephine M. {Miss},,,,,,,,,,F,,,,,,,,,,,EDC_1917_34; EDC_1916_38
EDCPT_8636,Person,,Graves,L.J. {Miss},,,,,,,,,,F,,,,,,,,,,,EDC_1920_53
EDCPT_8637,Person,,Graves,Lucy G. {Miss},,,,,,,,,,F,,,,,,,,,,someone listed as Lucy J. in EDC_1916_38,EDC_1917_34
EDCPT_8638,Person,,Graves,Lucy G. {Miss},,,,,,,,,,F,,,,,,,,,,,EDC_1914_12
EDCPT_8639,Person,,Graves,N.M.,,,,,,,,,,,,,,,,,Ph.B.,,,,EDC_1917_34
EDCPT_8640,Person,,Gray,F. {Miss},,,,,,,,,,F,,,,,,,,,,,EDC_1918_45; EDC_1917_34
EDCPT_8641,Person,,Gray,Frances {Miss},,,,,,,,,,F,,,,,,,B.A.,,,,EDC_1920_53; EDC_1917_34
EDCPT_8642,Person,,Gray,G.D.,,,,,,,,,,,,,,,,,M.D.; C.M.,,,,EDC_1916_38
EDCPT_8643,Person,,Graybill,Henry B.,,,,,,,,,,,,,,,,,M.A.,,,,EDC_1918_45; EDC_1917_34
EDCPT_8644,Person,,Graybill,Henry Blair,,,,,,,,,,M,,,,,,,"B.A., M.A.",,,Principal of Canton Christian College middle school and Professor of Education,EDC_1920_53; EDC_1917_34; EDC_1916_38
EDCPT_8645,Person,,Green,{Miss},,,,,,,,,,,,,,,,,,,,,EDC_1917_34
EDCPT_8646,Person,,Green,E.,,,,,,,,,,,,,,,,,M.Sc.,,,,EDC_1918_45; EDC_1917_34
EDCPT_8647,Person,,Green,E. {Miss},,,,,,,,,,F,,,,,,,,,,,EDC_1920_53
EDCPT_8648,Person,,Green,Stephen William,,,,,,,,,,M,,,,,,,B.A.,,,,EDC_1920_53; EDC_1917_34; EDC_1916_39
EDCPT_8649,Person,,Green,Stephen William,,,,,,,,,,M,,,,,,,B.A.,,,,EDC_1918_45; EDC_1917_34
EDCPT_8650,Person,,Greening,A.E.,,,,,,,,,,M,,,,,,,,Rev.,,Absent for some/all of 1920,EDC_1920_53; EDC_1917_34; EDC_1916_39
EDCPT_8651,Person,,Greenlee,Ida Katherine {Miss},,,,,,,,,,U,,,,,,,,,,,EDC_1918_45; EDC_1917_34; EDC_1916_39
EDCPT_8652,Person,,Gregg,Alice H. {Miss},,,,,,,,,,F,,,,,,,,,,,EDC_1920_53
EDCPT_8653,Person,,Greig,A.L. {Mrs.},,,,,,,,,,F,,,,,,,,,,,EDC_1918_45; EDC_1916_39
EDCPT_8654,Person,,Gresham,A. {Miss},,,,,,,,,,F,,,,,,,,,,,EDC_1918_45; EDC_1917_34; EDC_1916_39
EDCPT_8655,Person,,Gresham,A.G. {Miss},,,,,,,,,,F,,,,,,,,,,,EDC_1920_53
EDCPT_8656,Person,,Greve,R.,,,,,,,,,,,,,,,,,,,,,EDC_1916_39
EDCPT_8657,Person,,Greves,A.T.,,,,,,,,,,,,,,,,,"M.A., D.D.",,,,EDC_1918_45; EDC_1917_35
EDCPT_8658,Person,,Grier,Mark Brown,,,,,,,,,,M,,,,,,,B.A.,Rev.,,,EDC_1916_39
EDCPT_8659,Person,,Griffin,Winfred I. {Miss},,,,,,,,,,F,,,,,,,Cambridge Teachers' Diploma,,,,EDC_1920_53; EDC_1917_35
EDCPT_8660,Person,,Griffin,Winfred I. {Miss},Griffen; Winifred T.,,,,,,,,,F,,,,,,,Cambridge Teachers Diploma,,,"27 Caine Road, Hongkong",EDC_1918_45; EDC_1917_35; EDC_1916_39
EDCPT_8661,Person,,Griffing,J.B.,,,,,,,,,,M,,,,,,,,,,,EDC_1920_53
EDCPT_8662,Person,,Griffith,John,,,,,,,,,,M,,British,12/14/1/1831,Swansea,4590,London,B.A.,Rev.,,,EDC_1918_45
EDCPT_8663,Person,,Griggs,J.C.,,,,,,,,,,M,,,,,,,Ph.D.,,,,EDC_1920_53
EDCPT_8664,Person,,Griscom,Mary,,,,,,,,,,F,,USA,8/24/1866,"Woodbury, NJ",17111,"PA, USA",M.D.,,Professor,,
EDCPT_8665,Person,,Groat,M. { Mrs.},,,,,,,,,,F,,,,,,,,,,,EDC_1918_46; EDC_1917_35
EDCPT_8666,Person,,Groesbeck,A.F.,,,,,,,,,,M,,,,,,,"M.A., D.D.",Rev.,,,EDC_1920_53; EDC_1917_35; EDC_1916_39
EDCPT_8667,Person,,Groesbeck,A.F. {Mrs.},,,,,,,,,,F,,,,,,,,,,,EDC_1920_53
EDCPT_8668,Person,,Groff,Elizabeth C. {Miss},,,,,,,,,,F,,,,,,,,,,,EDC_1917_35
EDCPT_8669,Person,,Groff,Elizabeth Howry {Miss},,,,,,,,,,F,,USA,12/24/1891,"Harrisburg, Dauphin County, PA",32676,,,,,,EDC_1918_46; EDC_1916_39
EDCPT_8670,Person,,Groff,George Weidman,,,,,,,,,,M,,,,,,,"B.Sc., M.S.",,,In charge of agricultural work,EDC_1920_54; EDC_1917_35; EDC_1916_39
EDCPT_8671,Person,,Groff,George Weidman,,,,,,,,,,M,,USA,1884,,1954,,B.Sc.,,,9 years in above college,EDC_1918_46
EDCPT_8672,Person,,Groff,George Weidman,,,,,,,,,,U,,,,,,,,,,,EDC_1914_12
EDCPT_8673,Person,,Grumman,S. Elsworth.,,,,,,,,,,U,,,,,,,,,,,EDC_1914_12
EDCPT_8674,Person,,Gu,Kih-ren,,,,,,,,,,U,,China,,,,,B.A.,,,,EDC_1920_54
EDCPT_8675,Person,,Gu,Kih-ren,,,,,,,,,,U,,,,,,,B.A.,,,,EDC_1918_46
EDCPT_8676,Person,,Gu,Shore-tien,,,,,,,,,,,,,,,,,,,,,EDC_1916_39
EDCPT_8677,Person,,Guerault,G.,,,,,,,,,,M,,,,,,,S.J.,Rev.,,,EDC_1920_54; EDC_1917_35
EDCPT_8678,Person,,Guffin,Alice I. {Miss},,,,,,,,,,F,,,,,,,B.A.,,,,EDC_1917_35; EDC_1916_39
EDCPT_8679,Person,,Gulston,Phyllis {Miss},,,,,,,,,,F,,,,,,,,,,,EDC_1916_39
EDCPT_8680,Person,,Gum,Soong-fun,,,,,,,,,,U,,China,,,,,,,,Educated in Japan,EDC_1920_54
EDCPT_8681,Person,,Gung,Tien Tai,,,,,,,,,,,,,,,,,,,,,EDC_1916_39
EDCPT_8682,Person,,Gustafson,David,,,,,,,,,,M,,,,,,,,Rev.,,,EDC_1920_54
EDCPT_8683,Person,,Guttery,A.M.,,,,,,,,,,M,,,,,,,M.A.,Rev.,,,EDC_1916_38
EDCPT_8684,Person,,Gyi,Ven-teh,,,,,,,,,,,,,,,,,,,,,EDC_1920_54
EDCPT_8685,Person,,Hacker,Olga {Miss.},,,,,,,,,,F,,,,,,,,,,,EDC_1918_46; EDC_1917_35; EDC_1916_40
EDCPT_8686,Person,,Hackett,Martha {Miss.},,,,,,,,,,F,,,,,,,B.A.; M.D.,,,,EDC_1918_46; EDC_1917_35
EDCPT_8687,Person,,Hackett,Martha {Miss},,,,,,,,,,F,,,,,,,"B.A., M.D.",,,Absent for some/all of 1920,EDC_1920_54; EDC_1917_35; EDC_1916_40
EDCPT_8688,Person,,Hackney,Kate Bertha {Miss},,,,,,,,,,F,,,,,,,,,,,EDC_1918_46; EDC_1917_35
EDCPT_8689,Person,,Hadden,G.,,,,,,,,,,M,,,,,,,"M.D., B.S., M.B.",,,,EDC_1920_54; EDC_1917_35
EDCPT_8690,Person,,Hadley,D. J. B. {Mrs.},,,,,,,,,,,,,,,,,,,,,EDC_1916_40
EDCPT_8691,Person,,Haga,A.,,,,,,,,,,,,Japan,,,,,,,,,EDC_1920_54
EDCPT_8692,Person,,Hager,"Albert, R.",,,,,,,,,,M,,,,,,,B.Sc.,,,,EDC_1916_40
EDCPT_8693,Person,,Hail,William J.,,,,,,,,,,U,,,,,,,"M.A., B.D.",Rev,Assistant Master,,EDC_1914_12
EDCPT_8694,Person,,Hail,William James,,,,,,,,,,M,,,,,,,"M.A., B.D.",Rev.,,,EDC_1917_36
EDCPT_8695,Person,,Hall,Anne G.,,,,,,,,,,F,,,,,,,B.A.,,,,EDC_1918_46; EDC_1916_40
EDCPT_8696,Person,,Hall,Anne G. {Miss},,,,,,,,,,F,,,,,,,B.A.,,,,EDC_1920_54; EDC_1917_36; EDC_1916_40
EDCPT_8697,Person,,Hall,Edward L.,,,,,,,,,,M,,,,,,,"M.A., B.A.",F.R.G.S.,,,EDC_1920_54; EDC_1917_36
EDCPT_8698,Person,,Hall,Elizabeth Baillie {Miss},,,,,,,,,,F,,,,,,,,,,,EDC_1916_40
EDCPT_8699,Person,,Hall,Francis J. {Mrs.},,,,,,,,,,F,,,,,,,B.A.,,,,EDC_1920_54
EDCPT_8700,Person,,Hall,R.O.,,,,,,,,,,U,,,,,,,,,,,EDC_1916_40
EDCPT_8701,Person,,Hall,Ray O.,,,,,,,,,,,,,,,,,M.A.,,,,EDC_1917_36
EDCPT_8702,Person,,Hall,Raymond S.,,,,,,,,,,M,,,,,,,B.Sc.,,,,EDC_1918_47; EDC_1916_40
EDCPT_8703,Person,,Hall,William James,,,,,,,,,,M,,,,,,,"M.A., B.D.",Rev.,,,EDC_1918_46
EDCPT_8704,Person,,Hallifax,E. R. {Hon.},,,,,,,,,,M,,,,,,,,,,,EDC_1918_47
EDCPT_8705,Person,,Hallifax,E.R.,,,,,,,,,,U,,,,,,,"M.A., B.D.",,Member of the Court and Council of The University,,EDC_1914_12
EDCPT_8706,Person,,Hallifax,E.R. {Hon.},,,,,,,,,,M,,,,,,,,Order of the British Empire,,"He had more titles, but they were not yet awarded to him in 1920. Edwin Richard Hallifax was a very high-ranking official in the British colonial government as his Wikipedia indicates.",EDC_1920_54; EDC_1916_40
EDCPT_8707,Person,,Hamada,M.,,,,,,,,,,U,,,,,,,,,,,EDC_1916_40
EDCPT_8708,Person,,Hamilton,A.,,,,,,,,,,U,,,,,,,,,,,EDC_1916_40
EDCPT_8709,Person,,Hamilton,Annie Isabel {Miss},,,,,,,,,,F,,Canada,,,,,M.D.,,,,EDC_1917_36; EDC_1916_40
EDCPT_8710,Person,,Hamilton,Annie Isabel {Miss},,,,,,,,,,F,,,,,,,"M.D., C.M.",,Assistant Teacher,,EDC_1914_12
EDCPT_8711,Person,,Hamilton,C. H.,,,,,,,,,,M,,,,,,,Ph. D.,,,,EDC_1918_47; EDC_1917_36
EDCPT_8712,Person,,Hamilton,C. H. {Mrs.},,,,,,,,,,F,,,,,,,B.A.,,,,EDC_1918_47; EDC_1917_36
EDCPT_8713,Person,,Hamilton,C.H.,,,,,,,,,,M,,,,,,,Ph.D.,,,,EDC_1920_54; EDC_1917_36
EDCPT_8714,Person,,Hamlett,P. W. {Mrs.},,,,,,,,,,F,,,,,,,,,,,EDC_1918_47
EDCPT_8715,Person,,Hamlin,P.M.,,,,,,,,,,M,,,,,,,B.A.,,,,EDC_1920_55
EDCPT_8716,Person,,Hammond,H. {Miss.},,,,,,,,,,F,,,,,,,,,,,EDC_1918_47; EDC_1917_36
EDCPT_8717,Person,,Han,Ai-Mei {Miss},,,,,,,,,,F,,,,,,,,,,,EDC_1916_40
EDCPT_8718,Person,,Han,C. Y.,,,,,,,,,,U,,China,,,,,,,,,EDC_1918_47; EDC_1917_36
EDCPT_8719,Person,,Han,Chun-po,,,,,,,,,,,,,,,,,B.A.,,,,EDC_1917_36
EDCPT_8720,Person,,Han,Han-Ching,,,,,,,,,,U,,,,,,,B. Sc.,,,,EDC_1916_40
EDCPT_8721,Person,,Han,L.K.,,,,,,,,,,U,,,,,,,,,,,EDC_1916_40
EDCPT_8722,Person,,Han,L.S.,,,,,,,,,,U,,,,,,,,,,,EDC_1916_41
EDCPT_8723,Person,,Han,L.T.,,,,,,,,,,U,,,,,,,B. Sc.,,,,EDC_1916_40
EDCPT_8724,Person,,Han,Ling-Dzao,,,,,,,,,,U,,,,,,,,,,,EDC_1916_40
EDCPT_8725,Person,,Han,N. K.,,,,,,,,,,U,,China,,,,,,,,,EDC_1918_47; EDC_1917_36
EDCPT_8726,Person,,Han,S.T.,,,,,,,,,,,,,,,,,,,,,EDC_1920_55
EDCPT_8727,Person,,Han,Shui-hsiang,,,,,,,,,,,,,,,,,,,,,EDC_1920_55; EDC_1917_36
EDCPT_8728,Person,,Han,Tchen,,,,,,,,,,,,,,,,,,,,,EDC_1920_55
EDCPT_8729,Person,,Han,Wu-lin,,,,,,,,,,U,,China,,,,,,,,,EDC_1918_47; EDC_1917_36; EDC_1916_41
EDCPT_8730,Person,,Han,Yao-djung,,,,,,,,,,U,,China,,,,,,,,,EDC_1918_47; EDC_1917_36
EDCPT_8731,Person,,Hanada,H.,,,,,,,,,,U,,Japan,,,,,,,,,EDC_1918_47; EDC_1917_36
EDCPT_8732,Person,,Hancock,A.D. {Miss},,,,,,,,,,F,,,,,,,,,,,EDC_1920_55
EDCPT_8733,Person,,Hancock,C.A.,,,,,,,,,,U,,,,,,,M.A.,,Assistant Master,,EDC_1914_13
EDCPT_8734,Person,,Hand,Katherine W. {Miss},,,,,,,,,,F,,,,,,,B.A.,,,,EDC_1920_55
EDCPT_8735,Person,,Handa,,,,,,,,,,,,,,,,,,,,,,EDC_1917_36; EDC_1916_41
EDCPT_8736,Person,,Handyside,W. Lucas,M.L.,,,,,,,,,M,,,,,,,M.A.,,,,EDC_1920_55; EDC_1916_41
EDCPT_8737,Person,,Hang,Y.C.,,,,,,,,,,U,,,,,,,,,,,EDC_1916_41
EDCPT_8738,Person,,Hanna,William J.,,,,,,,,,,M,,,,,,,,Rev.,,,EDC_1920_55; EDC_1917_36; EDC_1916_41
EDCPT_8739,Person,,Hanna,William J. {Mrs.},,,,,,,,,,F,,,,,,,,,,,EDC_1920_55; EDC_1917_36
EDCPT_8740,Person,,Hanson,Perry O.,,,,,,,,,,M,,,,,,,B. Sc.,Rev.,,,EDC_1918_47; EDC_1917_36; EDC_1916_41
EDCPT_8741,Person,,Hanson,Perry O.,,,,,,,,,,U,,,,,,,B.S.,Rev,Principal,,EDC_1914_13
EDCPT_8742,Person,,Hanson,Victor,,,,,,,,,,M,,U.S.A,,,,,M.A.,,,,EDC_1920_55; EDC_1917_37; EDC_1916_41
EDCPT_8743,Person,,Hanstein,Th. {Miss.},,,,,,,,,,F,,,,,,,,,,,EDC_1918_49; EDC_1917_37; EDC_1916_41
EDCPT_8744,Person,,Hanstein,Thekla {Miss},,,,,,,,,,F,,,,,,,,,Assistant Mistress,,EDC_1914_13
EDCPT_8745,Person,,Hao,Cheng-hsin,,,,,,,,,,,,,,,,,,,,,EDC_1920_55
EDCPT_8746,Person,,Hao,Te-an,,,,,,,,,,,,,,,,,B.A.,,,,EDC_1920_55
EDCPT_8747,Person,,Haouises,A.,Haouisee,,,,,,,,,M,,,,,,,,Rev.,S.J.,,EDC_1918_48; EDC_1917_37; EDC_1916_41
EDCPT_8748,Person,,Haraoka,J.,,,,,,,,,,,,,,,,,,,,,EDC_1920_55
EDCPT_8749,Person,,Hargrove,H.L. {Mrs.},,,,,,,,,,F,,,,,,,,,,,EDC_1920_55; EDC_1917_37
EDCPT_8750,Person,,Hargrove,Henry Lee,,,,,,,,,,M,,U. S. A.,,,,,M.A.,,,,EDC_1916_41
EDCPT_8751,Person,,Harker,Arkelby J.,,,,,,,,,,M,,England,,,,,,,,,EDC_1920_55; EDC_1917_37; EDC_1916_41
EDCPT_8752,Person,,Harker,Arkelly J.,,,,,,,,,,U,,,,,,,,,Principal,,EDC_1914_13
EDCPT_8753,Person,,Harkness,Harold Wilson,,,,,,,,,,M,,,,,,,"B.A., B. Sc.",,,,EDC_1920_55; EDC_1917_37; EDC_1916_41
EDCPT_8754,Person,,Harlow,C.M. {Miss},,,,,,,,,,F,,,,,,,,,,,EDC_1920_55
EDCPT_8755,Person,,Harlow,G. {Mrs.},,,,,,,,,,F,,,,,,,,,,,EDC_1920_56
EDCPT_8756,Person,,Harlow,George,,,,,,,,,,M,,,,,,,,,,,EDC_1920_55
EDCPT_8757,Person,,Harlowe,Gertrude {Miss},,,,,,,,,,F,,,,,,,,,,,EDC_1920_56
EDCPT_8758,Person,,Harman,E.A. {Miss},,,,,,,,,,F,,,,,,,,,,,EDC_1920_56; EDC_1917_37; EDC_1916_41
EDCPT_8759,Person,,Harmon,F.,,,,,,,,,,M,,,,,,,,Rev.,,,EDC_1920_56
EDCPT_8760,Person,,Harmon,Frank Henry Brigg,,,,,,,,,,M,,,,,,,,,,,EDC_1920_56
EDCPT_8761,Person,,Harmon,Muriel {Miss},,,,,,,,,,F,,,,,,,,,,,EDC_1916_41
EDCPT_8762,Person,,Harmon,Muriel {Miss},,,,,,,,,,F,,,,,,,,,Assistant Mistress,,EDC_1914_13
EDCPT_8763,Person,,Harr,Luther A.,,,,,,,,,,M,,,,,,,B.S.,,,,EDC_1920_56
EDCPT_8764,Person,,Harris,G.G.,,,,,,,,,,M,,Canada,,,,,B.A.,Rev.,,,EDC_1916_42
EDCPT_8765,Person,,Harris,G.G. {Mrs.},,,,,,,,,,F,,,,,,,,,,,EDC_1916_42
EDCPT_8766,Person,,Harris,H.M.,,,,,,,,,,M,,,,,,,,Rev.,,,EDC_1917_37
EDCPT_8767,Person,,Harris,H.M. {Mrs.},,,,,,,,,,F,,,,,,,,,,,EDC_1917_37
EDCPT_8768,Person,,Harris,L.M. {Miss},,,,,,,,,,F,,England,,,,,,,,,EDC_1916_41
EDCPT_8769,Person,,Harris,L.M.{Miss},,,,,,,,,,F,,,,,,,,,Co-Principal,,EDC_1914_13
EDCPT_8770,Person,,Harris,R.F.,,,,,,,,,,M,,,,,,,B.A.,,,,EDC_1920_56; EDC_1917_37; EDC_1916_42
EDCPT_8771,Person,,Harrison,A. {Mrs.},,,,,,,,,,F,,,,,,,,,,,EDC_1918_48; EDC_1917_37
EDCPT_8772,Person,,Harston,G.M.,,,,,,,,,,M,,,,,,,"M.D., D.D.",,,,EDC_1920_56; EDC_1917_37; EDC_1916_42
EDCPT_8773,Person,,Hart,Edith {Deaconess},,,,,,,,,,F,,,,,,,,Deaconess,,,EDC_1920_56
EDCPT_8774,Person,,Hart,S. Lavington,,,,,,,,,,M,,England,,,,,"M.A., B.Sc., D.Sc.",,,,EDC_1920_56; EDC_1917_37; EDC_1916_42
EDCPT_8775,Person,,Hartsough,R.C.,,,,,,,,,,U,,,,,,,B. Sc.,,,,EDC_1916_42
EDCPT_8776,Person,,Hartwell,Charles Norris,,,,,,,,,,M,,U.S.A,,,,,B.A.,,,,EDC_1920_56; EDC_1917_37; EDC_1916_42
EDCPT_8777,Person,,Hartwell,E.W. {Miss},,,,,,,,,,F,,,,,,,,,,,EDC_1916_42
EDCPT_8778,Person,,Harvey,E.D.,,,,,,,,,,U,,,,,,,"M.A., B.D.",Rev,Assistant Master,,EDC_1914_13
EDCPT_8779,Person,,Harvey,Edwin Deeks,,,,,,,,,,M,,,,,,,"B.A., M.A., B.D.",Rev.,,,EDC_1920_56; EDC_1917_37; EDC_1916_42
EDCPT_8780,Person,,Harvey,S. Benjamin,,,,,,,,,,M,,,,,,,M.A.,,,,EDC_1916_42
EDCPT_8781,Person,,Harvey,S.A. {Miss},,,,,,,,,,F,,,,,,,,,,,EDC_1920_56
EDCPT_8782,Person,,Hasenpfing,M.T. {Miss},,,,,,,,,,,,,,,,,,,,,EDC_1917_37
EDCPT_8783,Person,,Hasenpflug,Marie T. {Miss},,,,,,,,,,F,,U.S.A,,,,,,,,,EDC_1920_56; EDC_1916_42
EDCPT_8784,Person,,Hashizume,S.,,,,,,,,,,U,,,,,,,,,,,EDC_1916_42
EDCPT_8785,Person,,Haskell,Walter W.,,,,,,,,,,M,,,,,,,"B.A., B.S. in Ed.",,,,EDC_1920_56
EDCPT_8786,Person,,Hatten,W.H.S.,,,,,,,,,,M,,,,,,,B.A.,,,Absent for some/all of 1920,EDC_1920_56
EDCPT_8787,Person,,Hattori,S.,,,,,,,,,,U,,Japan,,,,,,,,,EDC_1920_57
EDCPT_8788,Person,,Hau,Feng-gang,,,,,,,,,,,,,,,,,,,,,EDC_1917_38
EDCPT_8789,Person,,Hau,L. S.,,,,,,,,,,,,,,,,,,,,,EDC_1917_38; EDC_1916_43
EDCPT_8790,Person,,Haward,E.J. {Miss},,,,,,,,,,F,,,,,,,,,,Absent for some/all of 1920,EDC_1920_57
EDCPT_8791,Person,,Hawley,Harriet Ranson {Mrs.},,,,,,,,,,F,,,,,,,B.A.,,Teacher of English and Physiology,,EDC_1914_13
EDCPT_8792,Person,,Hawley,J. W.,,,,,,,,,,M,,,,,,,B.A.,,,,EDC_1918_48; EDC_1917_38
EDCPT_8793,Person,,Hawley,J. W. {Mrs.},,,,,,,,,,F,,,,,,,B.A.,,,,EDC_1918_48; EDC_1917_38
EDCPT_8794,Person,,Hawley,J.W.,,,,,,,,,,U,,,,,,,B.A.,Rev,Principal,,EDC_1914_13
EDCPT_8795,Person,,Hay,John Primrose,,,,,,,,,,M,,,,,,,M.A.,,,,EDC_1916_42
EDCPT_8796,Person,,Hay,William E.,,,,,,,,,,U,,,,,,,"B.A., D.D.",Rev,President,,EDC_1914_13
EDCPT_8797,Person,,Hayes,C. A.,,,,,,,,,,U,,,,,,,M.D.,,,,EDC_1918_48; EDC_1917_38
EDCPT_8798,Person,,Hayes,E.H.M.,,,,,,,,,,M,,,,,,,,,,,EDC_1920_57
EDCPT_8799,Person,,Hayes,Egbert M.,,,,,,,,,,U,,,,,,,B.A.,,,,EDC_1916_42
EDCPT_8800,Person,,Hayes,J.N.,,,,,,,,,,M,,,,,,,"M.A., D.D.",Rev.,,,EDC_1920_57; EDC_1917_38
EDCPT_8801,Person,,Hayes,J.N. {Mrs.},,,,,,,,,,F,,,,,,,,,,,EDC_1920_57; EDC_1917_38
EDCPT_8802,Person,,Hayes,L. Newton,,,,,,,,,,M,,,,,,,"B.S., M.A.",,,,EDC_1918_49; EDC_1917_38
EDCPT_8803,Person,,Hayes,W.M.,,,,,,,,,,M,,,,,,,,,,,
EDCPT_8804,Person,,Hayes,Watson McMillen {Rev.},,,,,,,,,,M,,,,,,,"D.D., LL.D., D.O.",Rev.,,,EDC_1920_57; EDC_1917_38
EDCPT_8805,Person,,Hays,Edith Helen {Miss},,,,,,,,,,F,,,,,,,"D.D., LL.D.",Rev.,,,EDC_1916_42
EDCPT_8806,Person,,Hayward,W.E.,,,,,,,,,,U,,,,,,,B.A.,,,,EDC_1916_43
EDCPT_8807,Person,,Hayward,W.F. Jr.,,,,,,,,,,M,,,,,,,"M.A., B.D.",Rev.,,,EDC_1916_43
EDCPT_8808,Person,,Hazard,Alice M. {Miss.},,,,,,,,,,F,,U.S.A.,,,,,,,,,EDC_1918_49; EDC_1917_38; EDC_1916_43
EDCPT_8809,Person,,Hazeland,D. {Miss},,,,,,,,,,F,,,,,,,,,,,EDC_1920_57
EDCPT_8810,Person,,Healey,Leonard Charles,,,,,,,,,,M,,,,,,,,,,,EDC_1916_43
EDCPT_8811,Person,,Heang,L. {Miss},,,,,,,,,,F,,,,,,,,,,,EDC_1916_43
EDCPT_8812,Person,,Hearn,T.O.,,,,,,,,,,M,,,,,,,M.D.,Rev.,,,EDC_1920_57; EDC_1917_38; EDC_1916_43
EDCPT_8813,Person,,Hearn,T.O. {Mrs.},,,,,,,,,,F,,,,,,,M. E. L.,,,,EDC_1920_57;
EDCPT_8814,Person,,Hearn,Thos. A. {Mrs.},,,,,,,,,,F,,,,,,,,,,,EDC_1916_43
EDCPT_8815,Person,,Heath,Frances J. {Miss},,,,,,,,,,F,,U.S.A.,,,,,"B.A., M.D.",,,,EDC_1920_57; EDC_1917_38; EDC_1916_43
EDCPT_8816,Person,,Hedblom,Carl Arthur,,,,,,,,,,M,,,,,,,"M.A., M.D.",,,,EDC_1916_43
EDCPT_8817,Person,,Heeren,J.J.,,,,,,,,,,U,,,,,,,Ph.D.,,Instructor,,EDC_1914_13
EDCPT_8818,Person,,Heeren,John J.,,,,,,,,,,M,,,,,,,"M.A., Ph.D., B.D.",Rev.,,,EDC_1920_57; EDC_1917_38; EDC_1916_43
EDCPT_8819,Person,,Hefty,Lura M. {Miss},,,,,,,,,,F,,,,,,,B.A.,,,,EDC_1920_57
EDCPT_8820,Person,,Hei,Chin Huei,,,,,,,,,,U,,China,,,,,,,,,EDC_1920_57
EDCPT_8821,Person,,Hei,S. M.,,,,,,,,,,U,,,,,,,B.A.,,,,EDC_1918_50; EDC_1917_39
EDCPT_8822,Person,,Heinz,Albert Anton,,,,,,,,,,U,,,,,,,"B.A., B.Sc.",,Professor,,EDC_1914_13
EDCPT_8823,Person,,Heinze,"Margarete {Mrs., Miss}",,,,,,,,,,F,,,,,,,,,,,EDC_1918_50; EDC_1917_39; EDC_1916_43
EDCPT_8824,Person,,Hellerich,H.,,,,,,,,,,U,,,,,,,,,,,EDC_1916_43
EDCPT_8825,Person,,Hellwich,Franz,,,,,,,,,,U,,,,,,,,,,,EDC_1914_14
EDCPT_8826,Person,,Hemmings,R.E.,,,,,,,,,,M,,,,,,,,,,,EDC_1920_58
EDCPT_8827,Person,,Henderson,{Miss},,,,,,,,,,F,,,,,,,,,,,EDC_1914_13
EDCPT_8828,Person,,,,,,,,,,,,,,,,,,,,,,,,
EDCPT_8829,Person,,Hendricks,H.E. {Miss},,,,,,,,,,F,,,,,,,Ph. B.,,,,EDC_1916_44
EDCPT_8830,Person,,Hendry,Madge {Miss.},,,,,,,,,,F,,,,,,,B.A.,,,,EDC_1918_50; EDC_1917_39
EDCPT_8831,Person,,Hendry,Robert,,,,,,,,,,M,,,,,,,,,,,
EDCPT_8832,Person,,Henman,Dorothy Margaret {Mrs.},,,,,,,,,,F,,,,,,,"B.A.,",,,,EDC_1920_58
EDCPT_8833,Person,,Henry,J. M.,,,,,,,,,,M,,,,,,,"B.A., B.D.",Rev.,,,EDC_1920_58; EDC_1917_39
EDCPT_8834,Person,,Henry,James McClure,,,,,,,,,,M,,U.S.A.,,,,,"B.A., B.D.",,,,EDC_1916_44
EDCPT_8835,Person,,Henry,Y.,,,,,,,,,,M,,,,,,,S.J.,Rev.,,,EDC_1920_58; EDC_1917_39; EDC_1916_44
EDCPT_8836,Person,,Heo,Peter P.C.,,,,,,,,,,M,,,,,,,,,,,EDC_1920_58
EDCPT_8837,Person,,Hernault,J.,,,,,,,,,,M,,,,,,,S.J.,Rev.,,,EDC_1920_58; EDC_1917_39
EDCPT_8838,Person,,Herndon,Flora {Miss},,,,,,,,,,F,,,,,,,,,,,EDC_1916_44
EDCPT_8839,Person,,Herriot,Anna Grace {Miss},,,,,,,,,,F,,,,,,,,,,,EDC_1916_44
EDCPT_8840,Person,,Hersey,R.M.,,,,,,,,,,,,,,,,,B.Sc.,,,,EDC_1917_39
EDCPT_8841,Person,,Hertslet,H.R.,,,,,,,,,,U,,,,,,,,,,,EDC_1916_44
EDCPT_8842,Person,,Hertzberg,A.,,,,,,,,,,M,,,,,,,"M.A.; B.Sc., M.Sc.",Rev.,,,EDC_1918_50; EDC_1917_39; EDC_1916_44
EDCPT_8843,Person,,Hertzberg,A.,,,,,,,,,,U,,,,,,,,,,,EDC_1914_14
EDCPT_8844,Person,,Hertzberg,A. {Mrs.},,,,,,,,,,F,,,,,,,B.A.,,,,EDC_1917_39; EDC_1916_44
EDCPT_8845,Person,,Hess,I. L. {Mrs.},J. L.,,,,,,,,,F,,,,,,,,,,Recorded as Miss in 1916,EDC_1918_50; EDC_1917_39; EDC_1916_44
EDCPT_8846,Person,,Hetherington,L.M.,,,,,,,,,,M,,,,,,,B.S.,,,,EDC_1920_58
EDCPT_8847,Person,,Heughan,E. {Miss},,,,,,,,,,F,,,,,,,,,,,EDC_1920_58
EDCPT_8848,Person,,Hewett,V.,,,,,,,,,,U,,,,,,,,,,,EDC_1914_14
EDCPT_8849,Person,,Hewey,Clarissa Allen {Miss},,,,,,,,,,F,,,,,,,R.N.,,,,EDC_1920_58
EDCPT_8850,Person,,Hewitt,Alden {Miss},,,,,,,,,,F,,,,,,,B.A.,,,Absent for some/all of 1920,EDC_1920_58
EDCPT_8851,Person,,Hewitt,W.H.,,,,,,,,,,M,,,,,,,"M.A., B.D.",Rev.,,,EDC_1920_58; EDC_1917_39; EDC_1916_44
EDCPT_8852,Person,,Heyer,Arthur,,,,,,,,,,U,,,,,,,,,,,EDC_1914_14
EDCPT_8853,Person,,Heyniger,Charles Lambert,,,,,,,,,,M,,U.S.A.,,,,,C.E.,,,,EDC_1918_50; EDC_1917_39
EDCPT_8854,Person,,Heyward,William Beaumont,,,,,,,,,,M,,U.S.A.,,,,,"M.D., Ch.B.",,,On furlough 1916,EDC_1918_50; EDC_1917_39; EDC_1916_44
EDCPT_8855,Person,,Hickox,Ida M. {Miss},,,,,,,,,,F,,,,,,,,,,,EDC_1916_44
EDCPT_8856,Person,,Hicks,Charles A.,,,,,,,,,,M,,,,,,,,Rev.,,,EDC_1920_58
EDCPT_8857,Person,,Higgins,Ruby E. {Miss},,,,,,,,,,F,,,,,,,B.A.,,,,EDC_1920_58
EDCPT_8858,Person,,Hill,J. K.,,,,,,,,,,U,,,,,,,,,,,EDC_1918_51
EDCPT_8859,Person,,Hill,P. K.,,,,,,,,,,U,,U.K.,,,,,"L.R.C.P., M.R.C.S.",,,The degrees acronyms stand for: Licentiate of the Royal College of Physicians and Member of the Royal College of Surgeons of England. Hence the supposition he is british,EDC_1918_51
EDCPT_8860,Person,,Hill,Viola Caroline {Miss},,,,,,,,,,F,,,,,,,B.A.,,,,EDC_1920_58
EDCPT_8861,Person,,Hiltner,Walter Garfield,,,,,,,,,,M,,U.S.A.,,,,,"B.Sc., M.D.",,,,EDC_1918_51; EDC_1917_39; EDC_1916_44
EDCPT_8862,Person,,Hin,Wong,,,,,,,,,,U,,,,,,,B.Sc.,,,,EDC_1918_51; EDC_1917_39; EDC_1916_44
EDCPT_8863,Person,,Hind,J.,,,,,,,,,,U,,,,,,,,,,,EDC_1914_14
EDCPT_8864,Person,,Hind,John,,,,,,,,,,M,,,,,,,M.A.; T.C.D.,Rev.,,,EDC_1918_51; EDC_1917_39; EDC_1916_44
EDCPT_8865,Person,,Hind,T.A.,,,,,,,,,,M,,,,,,,M.A.,Rev.,,,EDC_1917_39
EDCPT_8866,Person,,Hine,Emma May {Miss},,,,,,,,,,F,,,,,,,B.A.,,,,EDC_1920_58
EDCPT_8867,Person,,Hing,Chan Yat {Miss},,,,,,,,,,F,,,,,,,,,,,EDC_1916_44
EDCPT_8868,Person,,Hing,Peter {Mrs.},,,,,,,,,,F,,,,,,,B.A.,,,,EDC_1920_59
EDCPT_8869,Person,,Hinkey,P.,,,,,,,,,,M,,,,,,,,Rev.,,,EDC_1917_40; EDC_1916_45
EDCPT_8870,Person,,Hinkhouse,Myrtle J. {Miss},,,,,,,,,,F,,,,,,,M.D.,,,,EDC_1920_59
EDCPT_8871,Person,,Hinton,Wilfred John,,,,,,,,,,M,,,,,,,M.A.,Late Fellow of the University of Wales,,,EDC_1920_59; EDC_1916_45
EDCPT_8872,Person,,Hippolytus,M.,,,,,,,,,,M,,,,,,,,Rev.,,,EDC_1917_40
EDCPT_8873,Person,,Hipps,J.B.,,,,,,,,,,M,,,,,,,"B.A., Th.M.",Rev.,,,EDC_1920_59; EDC_1916_45
EDCPT_8874,Person,,Hirseland,Gretchen O. {Miss.},,,,,,,,,,F,,,,,,,,Rev.,,,EDC_1918_51
EDCPT_8875,Person,,Hixson,Martha B. {Miss},,,,,,,,,,F,,,,,,,"M.A., B.Sc.",,,,EDC_1916_45
EDCPT_8876,Person,,Hixson,Mary {Miss},,,,,,,,,,F,,,,,,,,,,,EDC_1920_59
EDCPT_8877,Person,,Hixson,May,,,,,,,,,,U,,,,,,,,,,,EDC_1914_14
EDCPT_8878,Person,,Ho,C. Y.,,,,,,,,,,U,,,,,,,,,,,EDC_1918_51
EDCPT_8879,Person,,Ho,Chieh,,,,,,,,,,M,,,,,,,"E.M., M.S.","Member, American Institute of Mining, Metallurgical, and Petroleum Engineers",,,EDC_1920_59
EDCPT_8880,Person,,Ho,Chien,,,,,,,,,,U,,,,,,,,,,,EDC_1917_40; EDC_1916_45
EDCPT_8881,Person,,Ho,Cu-Kauk,,,,,,,,,,U,,,,,,,,,,,EDC_1918_51
EDCPT_8882,Person,,Ho,Cu-Kauk,,,,,,,,,,U,,,,,,,,,,,EDC_1917_40
EDCPT_8883,Person,,Ho,Dieu-heu,,,,,,,,,,U,,,,,,,,,,,EDC_1918_52
EDCPT_8884,Person,,Ho,Dieu-heu,,,,,,,,,,U,,,,,,,,,,,EDC_1917_40
EDCPT_8885,Person,,Ho,Fang,,,,,,,,,,U,,China,,,,,,,,,EDC_1920_59
EDCPT_8886,Person,,Ho,Fook,,,,,,,,,,U,,,,,,,,,,,EDC_1918_52; EDC_1916_45
EDCPT_8887,Person,,Ho,Fook,,,,,,,,,,U,,,,,,,,,,,EDC_1917_40
EDCPT_8888,Person,,Ho,Fu-Ching,,,,,,,,,,U,,,,,,,B.A.,,,,EDC_1916_45
EDCPT_8889,Person,,Ho,H. N.,,,,,,,,,,U,,China,,,,,,,,,EDC_1920_59
EDCPT_8890,Person,,Ho,Hoh,,,,,,,,,,U,,,,,,,,,,,EDC_1918_52
EDCPT_8891,Person,,Ho,John,,,,,,,,,,M,,,,,,,,,,,EDC_1920_59
EDCPT_8892,Person,,Ho,Keu-yuoh,,,,,,,,,,,,,,,,,,,,,EDC_1920_59
EDCPT_8893,Person,,Ho,L.T.,,,,,,,,,,U,,,,,,,,,,,EDC_1916_45
EDCPT_8894,Person,,Ho,Lin-yi,,,,,,,,,,,,,,,,,"A.B., A.M.",,,,EDC_1920_59
EDCPT_8895,Person,,Ho,Sen-Ren,,,,,,,,,,U,,,,,,,,,,,EDC_1916_45
EDCPT_8896,Person,,Ho,T. Y.,,,,,,,,,,U,,,,,,,B.A.,,,,EDC_1918_51
EDCPT_8897,Person,,Ho,Tse-tsai,,,,,,,,,,,,,,,,,,,,,EDC_1920_59
EDCPT_8898,Person,,Ho,Yan-tak,,,,,,,,,,U,,,,,,,,,,,EDC_1916_45
EDCPT_8899,Person,,Ho,Yo-chi,,,,,,,,,,,,,,,,,"B.Sc., M.Sc.",,,,EDC_1920_59
EDCPT_8900,Person,,Ho,Yu-chieh,,,,,,,,,,U,,,,,,,,,,,EDC_1917_40; EDC_1916_45
EDCPT_8901,Person,,Ho,Yun-hwai,,,,,,,,,,U,,,,,,,,,,,EDC_1916_45
EDCPT_8902,Person,,Ho,Yun-mei,,,,,,,,,,U,,,,,,,,,,,EDC_1916_45
EDCPT_8903,Person,,Hoagland,A. N.,,,,,,,,,,U,,,,,,,Litt. B.,,,,EDC_1917_40
EDCPT_8904,Person,,Hobart,E. {Miss},,,,,,,,,,F,,,,,,,,,,Absent for some/all of 1920,EDC_1920_59
EDCPT_8905,Person,,Hobart,L. {Miss},,,,,,,,,,F,,,,,,,,,,Absent for some/all of 1920,EDC_1920_59
EDCPT_8906,Person,,Hobart,William F.,,,,,,,,,,M,,,,,,,D.D.,Rev.,,,EDC_1920_60; EDC_1916_45
EDCPT_8907,Person,,Hobbie,Theodore,,,,,,,,,,M,,,,,,,,,,,EDC_1920_60
EDCPT_8908,Person,,Hockman,W. H.,,,,,,,,,,U,,,,,,,,,,,EDC_1917_40; EDC_1916_45
EDCPT_8909,Person,,Hodges,P.C. {Mrs.},,,,,,,,,,F,,,,,,,,,,,EDC_1920_60
EDCPT_8910,Person,,Hodges,Paul,,,,,,,,,,U,,,,,,,M.A.,,,,EDC_1916_45
EDCPT_8911,Person,,Hodges,Paul C.,,,,,,,,,,M,,,,,,,M.D.,,,,EDC_1920_60
EDCPT_8912,Person,,Hodous,L.,,,,,,,,,,U,,,,,,,,,,,EDC_1914_14
EDCPT_8913,Person,,Hodous,Lewis,,,,,,,,,,M,,,,,,,B. A. ; B. D.,Rev.,,,EDC_1917_40; EDC_1916_45
EDCPT_8914,Person,,Hoe,K. L.,,,,,,,,,,M,,,,,,,,,,,EDC_1918_52
EDCPT_8915,Person,,Hoe,Pan,,,,,,,,,,,,,,,,,C.E.,,,,EDC_1920_60
EDCPT_8916,Person,,Hofmann,Philip,,,,,,,,,,M,,,,,,,B. A.,,,,EDC_1917_41
EDCPT_8917,Person,,Hogben,Rowland,,,,,,,,,,M,,,,,,,,,,,EDC_1920_60
EDCPT_8918,Person,,Hogg,Grace {Miss.},,,,,,,,,,F,,,,,,,,,,,EDC_1918_52
EDCPT_8919,Person,,Hoh,Ka-cheuk,,,,,,,,,,U,,,,,,,B.S.,,,,EDC_1918_52
EDCPT_8920,Person,,Hoh,C. G.,,,,,,,,,,U,,,,,,,B.P.E.,,,,EDC_1918_52
EDCPT_8921,Person,,Hohn,Ingenieur,,,,,,,,,,U,,,,,,,,,,,EDC_1916_45
EDCPT_8922,Person,,Hokansen,Esther E. {Miss},,,,,,,,,,F,,,,,,,,,,,EDC_1920_60
EDCPT_8923,Person,,Hok-pang,Sung,,,,,,,,,,U,,,,,,,,,,,EDC_1916_45
EDCPT_8924,Person,,Holcomb,Chauncey P.,,,,,,,,,,M,,,,,,,LL.B.,,,District Attorney of the United States for China,EDC_1920_60
EDCPT_8925,Person,,Holden,John,,,,,,,,,,M,,,,,,,,Rev.,,,EDC_1917_41
EDCPT_8926,Person,,Holland,Albert F. T.,,,,,,,,,,M,,,,,,,Inter. B. Sc.,,,,EDC_1917_41; EDC_1916_45
EDCPT_8927,Person,,Hollis,S. L.,,,,,,,,,,U,,,,,,,,,,,EDC_1914_14
EDCPT_8928,Person,,Hollis,Sarah Laura {Miss},,,,,,,,,,F,,,,,,,,,,,EDC_1920_60
EDCPT_8929,Person,,Holman,F.M.H.,,,,,,,,,,M,,,,,,,B.A.,,,,EDC_1920_60
EDCPT_8930,Person,,Holman,Ruble F. {Miss},,,,,,,,,,F,,,,,,,B. Sc.,,,,EDC_1917_41; EDC_1916_45
EDCPT_8931,Person,,Holt,H.D.,,,,,,,,,,M,,,,,,,"B.S., B.D.",,,,EDC_1920_60; EDC_1916_45
EDCPT_8932,Person,,Holway,A.,,,,,,,,,,U,,,,,,,B.A.,,,,EDC_1918_53
EDCPT_8933,Person,,Holyoak,P. H. {Hon.},,,,,,,,,,U,,,,,,,,,,,EDC_1918_53
EDCPT_8934,Person,,Hong,Liun-sak,,,,,,,,,,U,,,,,,,,,,,EDC_1916_46
EDCPT_8935,Person,,Hong,Nai-en,,,,,,,,,,U,,,,,,,,,,,EDC_1916_46
EDCPT_8936,Person,,Hong,Y.P.,,,,,,,,,,U,,,,,,,,,,,EDC_1916_45
EDCPT_8937,Person,,Honsinger,Mabel {Miss},,,,,,,,,,F,,,,,,,,,,,EDC_1917_41; EDC_1916_46
EDCPT_8938,Person,,Honsinger,Welthy B. {Miss},,,,,,,,,,F,,,,,,,Ph.B.,,,,EDC_1920_60; EDC_1916_46
EDCPT_8939,Person,,Hoo,Peter Soo,,,,,,,,,,M,,,,,,,,,,,EDC_1920_60
EDCPT_8940,Person,,Hoo,S. Y.,,,,,,,,,,U,,,,,,,M. Sc.,,,,EDC_1917_41; EDC_1916_46
EDCPT_8941,Person,,Hoo,Yuen-ts'an,,,,,,,,,,U,,,,,,,,,,,EDC_1918_53
EDCPT_8942,Person,,Hood,Mary A. {Miss},,,,,,,,,,F,,,,,,,R. N.,,,,EDC_1917_41; EDC_1916_46
EDCPT_8943,Person,,Hoodless,E. A. {Miss},,,,,,,,,,F,,,,,,,,,,,EDC_1917_41; EDC_1916_46
EDCPT_8944,Person,,Hooley,Osborne Edward,,,,,,,,,,M,,,,,,,"B.A., M.A.",,,,EDC_1920_60
EDCPT_8945,Person,,Hopkins,{Rev.},,,,,,,,,,M,,,,,,,"M.A., B.A., B.D.",Rev.,,,EDC_1920_61
EDCPT_8946,Person,,Hopkins,Helen {Miss},,,,,,,,,,F,,,,,,,,,,,EDC_1920_60
EDCPT_8947,Person,,Hopkins,N. S.,,,,,,,,,,U,,,,,,,,,,,EDC_1914_14
EDCPT_8948,Person,,Hopkins,Nehemiah S.,,,,,,,,,,M,,,,,,,"M.A., M.D.",Rev.,,,EDC_1920_61; EDC_1916_46
EDCPT_8949,Person,,Hopwood,L.M. {Miss},,,,,,,,,,F,,,,,,,,,,,EDC_1920_61
EDCPT_8950,Person,,Hopwood,Sallie Elizabeth {Miss.},,,,,,,,,,F,,,,,,,,,,,EDC_1918_53
EDCPT_8951,Person,,Hore,S.,,,,,,,,,,U,,,,,,,,,,,EDC_1914_14
EDCPT_8952,Person,,Hore,Samuel,,,,,,,,,,M,,,,,,,,Certified by the Board of Education in England,,,EDC_1920_61; EDC_1916_46
EDCPT_8953,Person,,Hostetter,Fiossie May {Miss},,,,,,,,,,F,,,,,,,M.A.,,,,EDC_1916_46
EDCPT_8954,Person,,Hou,H. C.,,,,,,,,,,U,,,,,,,,,,,EDC_1917_41
EDCPT_8955,Person,,Hou,M. C.,,,,,,,,,,U,,,,,,,B. Sc.,,,,EDC_1917_41
EDCPT_8956,Person,,Hou,Hsueh-Cheng,,,,,,,,,,U,,,,,,,,,,,EDC_1914_14
EDCPT_8957,Person,,Hou,Pu Yin,,,,,,,,,,,,,,,,,,,,,EDC_1920_61
EDCPT_8958,Person,,Hou,Ts’ung-cheu,,,,,,,,,,U,,,,,,,,,,,EDC_1914_14
EDCPT_8959,Person,,Houghton,H.S. {Mrs.},,,,,,,,,,F,,,,,,,,,,,EDC_1920_61
EDCPT_8960,Person,,Houghton,Henry Spencer,,,,,,,,,,M,,,,,,,"Ph.B., M.D.",Dr.,,,EDC_1920_61; EDC_1916_46
EDCPT_8961,Person,,Houitte,L.,,,,,,,,,,M,,,,,,,,"Rev., S.J.",,,EDC_1920_61
EDCPT_8962,Person,,Houlding,E.W.,,,,,,,,,,M,,,,,,,B.A.,,,,EDC_1920_61
EDCPT_8963,Person,,Householder,E. {Miss},,,,,,,,,,F,,,,,,,"Ph.B., B.A.",,,Absent for some/all of 1920,EDC_1920_61
EDCPT_8964,Person,,Housitte,L.,,,,,,,,,,M,,,,,,,,Rev.,S.J.,,EDC_1917_42
EDCPT_8965,Person,,How,G.K.,,,,,,,,,,M,,,,,,,Ph.G.,,,,EDC_1920_61
EDCPT_8966,Person,,Howard,C.W.,,,,,,,,,,M,,,,,,,M.S.,,,,EDC_1920_61
EDCPT_8967,Person,,Howard,H.J.,,,,,,,,,,M,,,,,,,"B.A., M.D.",,,,EDC_1920_61
EDCPT_8968,Person,,Howard,H.J. {Mrs.},,,,,,,,,,F,,,,,,,,,,,EDC_1920_61
EDCPT_8969,Person,,Howard,Harvey James,,,,,,,,,,M,,U.S.A.,,,,,"B.A., M.D.",,,,EDC_1916_46
EDCPT_8970,Person,,Howard,John F.,,,,,,,,,,M,,,,,,,B.A.,,,,EDC_1920_62
EDCPT_8971,Person,,Howe,C.F.,,,,,,,,,,M,,,,,,,"M.Sc., B.D.",Rev.,,,EDC_1920_62; EDC_1916_46
EDCPT_8972,Person,,Howe,F.C.,,,,,,,,,,U,,,,,,,,,,,EDC_1914_14
EDCPT_8973,Person,,Howell,Ann {Miss.},,,,,,,,,,F,,,,,,,,,,,EDC_1918_54
EDCPT_8974,Person,,Howitt,A.J.,,,,,,,,,,M,,,,,,,,Rev.,,,EDC_1920_62
EDCPT_8975,Person,,Hoy,G. B.,,,,,,,,,,U,,,,,,,,,,,EDC_1918_54
EDCPT_8976,Person,,Hoy,W. E. {Mrs.},,,,,,,,,,F,,,,,,,,,,,EDC_1918_54; EDC_1916_46
EDCPT_8977,Person,,Hoy,William E.,,,,,,,,,,M,,,,,,,B.A.; D.D.,Rev.,,,EDC_1918_54; EDC_1916_46
EDCPT_8978,Person,,Hoy,William Edwin,,,,,,,,,,U,,,,,,,,,,,EDC_1914_14
EDCPT_8979,Person,,Hsi,Chang-hang,,,,,,,,,,U,,,,,,,B.A.,,,,EDC_1917_42
EDCPT_8980,Person,,Hsi,Ming-feng,,,,,,,,,,U,,,,,,,,,,,EDC_1917_42
EDCPT_8981,Person,,Hsi,T. P.,,,,,,,,,,U,,,,,,,B.S.,,,,EDC_1917_42
EDCPT_8982,Person,,Hsi,Yung-feng,,,,,,,,,,U,,,,,,,B.A.,,,,EDC_1917_42
EDCPT_8983,Person,,Hsi,Yung-feng,,,,,,,,,,U,,,,,,,,,,,EDC_1916_46
EDCPT_8984,Person,,Hsia,C. K.,,,,,,,,,,U,,,,,,,B.A.,,,,EDC_1918_55
EDCPT_8985,Person,,Hsia,Djong-ling,,,,,,,,,,U,,,,,,,F.C.M.S.,,,,EDC_1918_55
EDCPT_8986,Person,,Hsia,Heng-seu,,,,,,,,,,U,,,,,,,,,,,EDC_1914_14
EDCPT_8987,Person,,Hsia,Iu-ming,,,,,,,,,,U,,China,,,,,B.A.,,,,EDC_1920_62
EDCPT_8988,Person,,Hsia,Liang yah,,,,,,,,,,U,,,,,,,B.Sc.,,Assistant Master,,EDC_1914_13
EDCPT_8989,Person,,Hsia,M. Y.,,,,,,,,,,U,,,,,,,,,,,EDC_1918_55
EDCPT_8990,Person,,Hsia,Si-chi,,,,,,,,,,U,,,,,,,,,,,EDC_1917_42; EDC_1916_47
EDCPT_8991,Person,,Hsia,Tze-nung,,,,,,,,,,U,,China,,,,,,,,,EDC_1920_62
EDCPT_8992,Person,,Hsia,Y. L.,,,,,,,,,,U,,,,,,,,,,,EDC_1917_42
EDCPT_8993,Person,,Hsiang,Ju-shin,,,,,,,,,,U,,,,,,,M.D.,,,,EDC_1916_47
EDCPT_8994,Person,,Hsiang,Ke-ta,,,,,,,,,,U,,,,,,,,,,,EDC_1918_55
EDCPT_8995,Person,,Hsiang,Ke-ta,,,,,,,,,,U,,,,,,,,,,,EDC_1917_42
EDCPT_8996,Person,,Hsiang,Lin-ching,,,,,,,,,,U,,,,,,,,,,,EDC_1916_49
EDCPT_8997,Person,,Hsiang,Wang Tien,,,,,,,,,,U,,,,,,,,Rev.,,,EDC_1917_42; EDC_1916_49
EDCPT_8998,Person,,Hsiao,S. H.,,,,,,,,,,U,,,,,,,,,,,EDC_1917_42
EDCPT_8999,Person,,Hsiao,H.H.,,,,,,,,,,U,,China,,,,,B.A.,,,,EDC_1920_62
EDCPT_9000,Person,,Hsiao,Tieh-wei,,,,,,,,,,U,,,,,,,M.D.,,,,EDC_1917_42
EDCPT_9001,Person,,Hsie,Chang-hsi,,,,,,,,,,U,,,,,,,,,,,EDC_1914_14
EDCPT_9002,Person,,Hsieh,C. S.,,,,,,,,,,U,,,,,,,B.A.,,,,EDC_1917_42; EDC_1916_47
EDCPT_9003,Person,,Hsieh,Ch'en-kuan,,,,,,,,,,U,,,,,,,,,,,EDC_1917_42
EDCPT_9004,Person,,Hsieh,E.T.,,,,,,,,,,U,,China,,,,,M.D.,,,,EDC_1920_62; EDC_1916_47
EDCPT_9005,Person,,Hsieh,F.K.,,,,,,,,,,U,,China,,,,,,,,,EDC_1920_62
EDCPT_9006,Person,,Hsieh,Hsin Chai,,,,,,,,,,U,,China,,,,,,,,,EDC_1920_62
EDCPT_9007,Person,,Hsieh,Kuan-ying,,,,,,,,,,U,,,,,,,,,,,EDC_1917_43
EDCPT_9008,Person,,Hsieh,T. S.,,,,,,,,,,U,,,,,,,,,,,EDC_1917_43; EDC_1916_49
EDCPT_9009,Person,,Hsin,C. J.,,,,,,,,,,U,,China,,,,,,,,,EDC_1920_62
EDCPT_9010,Person,,Hsin,Cheng-zu,,,,,,,,,,U,,,,,,,B.A.,,,,EDC_1916_47
EDCPT_9011,Person,,Hsin,Chen-tsai,,,,,,,,,,U,,,,,,,Ph. D,,,,EDC_1916_47
EDCPT_9012,Person,,Hsu,Z. C.,,,,,,,,,,U,,,,,,,,,,,EDC_1917_43
EDCPT_9013,Person,,Hsu,B.Y.,,,,,,,,,,U,,China,,,,,,,,,EDC_1920_62
EDCPT_9014,Person,,Hsu,C. C.,,,,,,,,,,U,,,,,,,,,,,EDC_1918_56
EDCPT_9015,Person,,Hsu,Chin-ch'eng,Chih-cheng,,,,,,,,,U,,China,,,,,,,,,EDC_1920_62; EDC_1916_47
EDCPT_9016,Person,,Hsu,Ching-han,,,,,,,,,,U,,China,,,,,"B.S., M.A.",,,,EDC_1920_62
EDCPT_9017,Person,,Hsu,Djen-ting,,,,,,,,,,U,,,,,,,,,,,EDC_1916_47
EDCPT_9018,Person,,Hsu,F.Y.,,,,,,,,,,U,,China,,,,,,,,,EDC_1920_62
EDCPT_9019,Person,,Hsu,Fauson,,,,,,,,,,M,,,,,,,,,,,EDC_1918_55
EDCPT_9020,Person,,Hsu,Feng-gang,,,,,,,,,,U,,China,,,,,,,,,EDC_1918_48
EDCPT_9021,Person,,Hsu,G.W.,,,,,,,,,,U,,China,,,,,B.A.,,,,EDC_1920_62
EDCPT_9022,Person,,Hsu,H.C.,,,,,,,,,,U,,China,,,,,,,,,EDC_1920_62
EDCPT_9023,Person,,Hsu,Hsin-liu,,,,,,,,,,U,,,,,,,,,,,EDC_1916_47
EDCPT_9024,Person,,Hsu,Jeu-ching,,,,,,,,,,U,,,,,,,B.A.,,,,EDC_1916_47
EDCPT_9025,Person,,Hsu,Lo-an,,,,,,,,,,,,,,,,,,,,,EDC_1916_47
EDCPT_9026,Person,,Hsu,Pei Chou,,,,,,,,,,U,,China,,,,,,,,,EDC_1920_62
EDCPT_9027,Person,,Hsu,Pin-ch'eng,,,,,,,,,,U,,China,,,,,,,,,EDC_1920_62
EDCPT_9028,Person,,Hsu,S.C.,,,,,,,,,,U,,,,,,,M.A.,,,,EDC_1916_47
EDCPT_9029,Person,,Hsu,Tung-Ching,,,,,,,,,,,,,,,,,B.A.,,,,EDC_1916_47
EDCPT_9030,Person,,Hsu,Watt S.K.,,,,,,,,,,U,,,,,,,B.A.,,,,EDC_1918_56; EDC_1916_47; EDC_1916_48
EDCPT_9031,Person,,Hsu,Wei-chen,,,,,,,,,,U,,,,,,,L.L.B.,,,,EDC_1916_47
EDCPT_9032,Person,,Hsu,Y. H.,,,,,,,,,,U,,,,,,,,,,,EDC_1918_56
EDCPT_9033,Person,,Hsu,Y.K,,,,,,,,,,U,,,,,,,,,,,EDC_1914_14
EDCPT_9034,Person,,Hsu,Yuen-fu,,,,,,,,,,U,,China,,,,,B.A.,,,,EDC_1918_56
EDCPT_9035,Person,,Hsu,Yung-ching,,,,,,,,,,U,,China,,,,,B.A.,,,,EDC_1918_56
EDCPT_9036,Person,,Hsuan,Yang-jung,,,,,,,,,,,,,,,,,A.B.,,,,EDC_1916_47
EDCPT_9037,Person,,Hsueh,S.G.,,,,,,,,,,,,,,,,,B.A.,,,,EDC_1916_47
EDCPT_9038,Person,,Hsueh,S.Y.,,,,,,,,,,U,,China,,,,,B.A.,,,,EDC_1920_63
EDCPT_9039,Person,,Hsueh,Yun-kuei,,,,,,,,,,U,,China,,,,,,,,,EDC_1918_56
EDCPT_9040,Person,,Hsung,P.,,,,,,,,,,U,,,,,,,,,,,EDC_1917_43
EDCPT_9041,Person,,Hu,H. H.,,,,,,,,,,U,,,,,,,,,,,EDC_1917_43
EDCPT_9042,Person,,Hu,Nguh-sing,,,,,,,,,,U,,,,,,,,,,,EDC_1917_44
EDCPT_9043,Person,,Hu,C.J.,,,,,,,,,,U,,China,,,,,Ped.D.,,,,EDC_1920_63
EDCPT_9044,Person,,Hu,C.P.,,,,,,,,,,U,,China,,,,,D.D.; B.A.; B.D.,Rev.,,,EDC_1920_63; EDC_1918_56; EDC_1916_48
EDCPT_9045,Person,,Hu,C.S.,,,,,,,,,,U,,China,,,,,M.A.,,,,EDC_1920_63
EDCPT_9046,Person,,Hu,Caik-sen,,,,,,,,,,,,,,,,,,,,,EDC_1916_47
EDCPT_9047,Person,,Hu,Chen,,,,,,,,,,U,,China,,,,,M.A.,,,,EDC_1918_56; EDC_1916_47; EDC_1916_48
EDCPT_9048,Person,,Hu,Chen,,,,,,,,,,,,,,,,,M.A.,,,,EDC_1916_47
EDCPT_9049,Person,,Hu,Ching-fu,,,,,,,,,,U,,China,,,,,B.S.,,,,EDC_1918_56
EDCPT_9050,Person,,Hu,Ching-gi,,,,,,,,,,U,,China,,,,,,,,,EDC_1918_56
EDCPT_9051,Person,,Hu,Ching-ja,,,,,,,,,,,,,,,,,,,,,EDC_1916_48
EDCPT_9052,Person,,Hu,Feng-yuin,,,,,,,,,,U,,China,,,,,,R.N.,,,EDC_1920_63
EDCPT_9053,Person,,Hu,George C.,,,,,,,,,,M,,,,,,,M.A.; Ph. D.,,,,EDC_1918_56
EDCPT_9054,Person,,Hu,H.H.,,,,,,,,,,,,,,,,,,,,,EDC_1916_47
EDCPT_9055,Person,,Hu,Han-chang,,,,,,,,,,,,,,,,,,B.A.,,,EDC_1916_48
EDCPT_9056,Person,,Hu,Hung-hwa,,,,,,,,,,U,,China,,,,,B.A.,,,,EDC_1920_63
EDCPT_9057,Person,,Hu,K.Y.,,,,,,,,,,U,,China,,,,,,,,,EDC_1920_63
EDCPT_9058,Person,,Hu,Li-lu,,,,,,,,,,,,,,,,,,,,,EDC_1916_48
EDCPT_9059,Person,,Hu,M.T.,,,,,,,,,,U,,China,,,,,Ph.D.,,,,EDC_1920_63
EDCPT_9060,Person,,Hu,Meng-chioh,,,,,,,,,,,,,,,,,,,,,EDC_1916_48
EDCPT_9061,Person,,Hu,P.C.,,,,,,,,,,,,,,,,,,Colonel,,,EDC_1916_48
EDCPT_9062,Person,,Hu,S.S.,,,,,,,,,,U,,China,,,,,M.A.,,,,EDC_1920_63
EDCPT_9063,Person,,Hu,S.Y.,,,,,,,,,,U,,China,,,,,B.A.,,,,EDC_1920_63
EDCPT_9064,Person,,Hu,Suh,,,,,,,,,,U,,China,,,,,B.A.,,Acting Dean of the Faculties,Acting Dean etc. is alongside Hu's regular job as a philosophy professor.,EDC_1920_63
EDCPT_9065,Person,,Hu,T.K.,,,,,,,,,,U,,China,,,,,,,,,EDC_1920_63
EDCPT_9066,Person,,Hu,T.T.,,,,,,,,,,U,,China,,,,,M.A.,,,,EDC_1920_63
EDCPT_9067,Person,,Hu,Thomas C. S.,,,,,,,,,,M,,,,,,,"C.S., M.A.",,,listed as B.Sc,EDC_1920_63; EDC_1916_48
EDCPT_9068,Person,,Hu,Thomas C.S.,,,,,,,,,,M,,,,,,,B.Sc.,,,,EDC_1916_48
EDCPT_9069,Person,,Hu,Thomas M.,,,,,,,,,,,,,,,,,,M.D.,,,EDC_1916_48
EDCPT_9070,Person,,Hu,Tien Tsing,,,,,,,,,,U,,,,,,,,,,,EDC_1914_14
EDCPT_9071,Person,,Hu,Ting-chang,,,,,,,,,,U,,China,,,,,,,,,EDC_1918_56
EDCPT_9072,Person,,Hu,Tsai-Wei,,,,,,,,,,U,,,,,,,,,,,EDC_1916_48
EDCPT_9073,Person,,Hu,Tsoong Hsien,,,,,,,,,,U,,China,,,,,,,,,EDC_1918_56
EDCPT_9074,Person,,Hu,Wen-yueh,,,,,,,,,,U,,,,,,,,,,,EDC_1916_48
EDCPT_9075,Person,,Hu,Y.C.,,,,,,,,,,U,,China,,,,,B.A.,,,,EDC_1920_64
EDCPT_9076,Person,,Hu,Y.W.,,,,,,,,,,U,,,,,,,,,,,EDC_1918_56
EDCPT_9077,Person,,Hu,Yuen-tan,,,,,,,,,,U,,,,,,,,,,,EDC_1914_14
EDCPT_9078,Person,,Hua,F.P.,,,,,,,,,,U,,China,,,,,,,,,EDC_1920_64
EDCPT_9079,Person,,Huang,(H.E.) H.T.,,,,,,,,,,U,,,,,,,,,,,EDC_1918_57; EDC_1916_48
EDCPT_9080,Person,,Huang,C.C.,,,,,,,,,,U,,,,,,,,,,,EDC_1918_57; EDC_1916_48
EDCPT_9081,Person,,Huang,Hou-cheng,,,,,,,,,,U,,China,,,,,,,,,EDC_1920_64
EDCPT_9082,Person,,Huang,K.L.,,,,,,,,,,U,,China,,,,,,,,,EDC_1920_64
EDCPT_9083,Person,,Huang,Kan,,,,,,,,,,U,,,,,,,,,,,EDC_1916_48
EDCPT_9084,Person,,Huang,Kien-shung,,,,,,,,,,U,,China,,,,,,,,,EDC_1920_64
EDCPT_9085,Person,,Huang,T.J.,,,,,,,,,,U,,China,,,,,,,,,EDC_1920_64
EDCPT_9086,Person,,Huang,Z.N.,,,,,,,,,,U,,,,,,,,,,,EDC_1918_57
EDCPT_9087,Person,,Hubbard,B.C.,,,,,,,,,,U,,,,,,,B.E.,,,,EDC_1916_48
EDCPT_9088,Person,,Hubbard,George H.,,,,,,,,,,M,,,,,,,,Rev.,,,EDC_1918_57
EDCPT_9089,Person,,Hubbard,H.W.,,,,,,,,,,U,,China,,,,,,,,,EDC_1920_64
EDCPT_9090,Person,,Hudson,A. {Mrs.},,,,,,,,,,F,,,,,,,,,,,EDC_1920_64
EDCPT_9091,Person,,Hudson,David V.,,,,,,,,,,M,,,,,,,B.S.,,,Exp: 6 years as Proctor in the University.,EDC_1918_57
EDCPT_9092,Person,,Huey,Alice {Miss.},,,,,,,,,,F,,,,,,,,,,,EDC_1918_57; EDC_1916_48
EDCPT_9093,Person,,Hughes,A.,,,,,,,,,,U,,,,,,,M.A.,,,,EDC_1916_48
EDCPT_9094,Person,,Hughes,Arnold,,,,,,,,,,M,,,,,,,"B.A., M.A.",Teachers' Training Certificate,,,EDC_1920_64
EDCPT_9095,Person,,Hughes,E.O.,,,,,,,,,,M,,,,,,,B.A.,Rev.,,,EDC_1918_57
EDCPT_9096,Person,,Hughes,E.R.,,,,,,,,,,M,,,,,,,B.A.,Rev.,,,EDC_1918_57
EDCPT_9097,Person,,Hughes,J.B.,,,,,,,,,,M,,,,,,,B.A.,,,,EDC_1920_64
EDCPT_9098,Person,,Huie,Alice {Miss.},,,,,,,,,,F,,,,,,,B.S.,,,,EDC_1918_57
EDCPT_9099,Person,,Huin,Ga-shu,,,,,,,,,,U,,,,,,,,,,,EDC_1918_57; EDC_1916_49
EDCPT_9100,Person,,Huizinga,Henry,,,,,,,,,,M,,,,,,,Ph.D.,,,,EDC_1920_64
EDCPT_9101,Person,,Hull,Maynard V.,,,,,,,,,,M,,,,,,,,,,,EDC_1920_64
EDCPT_9102,Person,,Hume,Edward H.,,,,,,,,,,M,,,,,,,"M.A., M.D.",,,,EDC_1920_64; EDC_1916_48
EDCPT_9103,Person,,Hummel,Arthur W.,,,,,,,,,,M,,,,,,,"M.A., B.D.",Rev.,,,EDC_1920_64
EDCPT_9104,Person,,Hummel,Ruth B. {Mrs.},,,,,,,,,,F,,,,,,,B.A.,,,,EDC_1920_64
EDCPT_9105,Person,,Hummel,William Frederick {Rev.},,,,,,,,,,M,,,,,,,"Ph.B., M.A.",Rev.,,,EDC_1920_64; EDC_1916_48
EDCPT_9106,Person,,Humphries,Anne {Miss},,,,,,,,,,F,,,,,,,M.D.,,,,EDC_1916_48
EDCPT_9107,Person,,Hung,C. D.,,,,,,,,,,U,,,,,,,M. A.,,Principal,,EDC_1914_15
EDCPT_9108,Person,,Hung,Chang,,,,,,,,,,U,,,,,,,B.A.,,,,EDC_1918_58; EDC_1916_49
EDCPT_9109,Person,,Hung,Chen-teh,,,,,,,,,,,,,,,,,,,,,EDC_1920_65
EDCPT_9110,Person,,Hung,Ching-po,,,,,,,,,,U,,,,,,,,,,,EDC_1918_58
EDCPT_9111,Person,,Hung,Marjori {Miss.},Marjorie,,,,,,,,,F,,,,,,,B.A.,,,,EDC_1918_58; EDC_1916_49
EDCPT_9112,Person,,Hung,W.Y.,,,,,,,,,,,,,,,,,,,,,EDC_1920_65
EDCPT_9113,Person,,Hunnex,W.A. {Mrs.},,,,,,,,,,F,,,,,,,,,,,EDC_1918_58
EDCPT_9114,Person,,Hunt,C. E. {Miss},,,,,,,,,,F,,,,,,,,,Assistant Mistress,,EDC_1916_15
EDCPT_9115,Person,,Hunt,C.E.W. {Mrs.},,,,,,,,,,F,,,,,,,,,,,EDC_1918_58; EDC_1916_49
EDCPT_9116,Person,,Hunt,E. {Mrs.},,,,,,,,,,F,,,,,,,,,,,EDC_1918_58
EDCPT_9117,Person,,Hunt,F.A.,,,,,,,,,,U,,,,,,,,,,,EDC_1918_58
EDCPT_9118,Person,,Hunt,Faith,,,,,,,,,,,,,,,,,,,,,EDC_1920_65
EDCPT_9119,Person,,Hunter,{Mrs.},,,,,,,,,,F,,,,,,,,,,,EDC_1916_49
EDCPT_9120,Person,,Hunter,Alice {Mrs.},,,,,,,,,,F,,,,,,,,,,,EDC_1920_65
EDCPT_9121,Person,,Hunter,Clifford E. {Miss.},,,,,,,,,,F,,,,,,,,,,,EDC_1918_58
EDCPT_9122,Person,,Hunter,Clifforde E. {Miss},,,,,,,,,,F,,,,,,,B.A.,,,,EDC_1920_65
EDCPT_9123,Person,,Hunter,E. {Mrs.},,,,,,,,,,F,,,,,,,,,,,EDC_1918_58
EDCPT_9124,Person,,Hunter,H.G. {Mrs.},,,,,,,,,,F,,,,,,,,,,,EDC_1920_65
EDCPT_9125,Person,,Hunter,J.A. {Rev.},,,,,,,,,,M,,,,,,,"B.A., B.D.",Rev.,,,EDC_1920_65
EDCPT_9126,Person,,Hunter,J.W.,,,,,,,,,,M,,,,,,,,Rev.,,,EDC_1918_58; EDC_1916_49
EDCPT_9127,Person,,Hunter,James A.,,,,,,,,,,M,,,,,,,B.A.,,,,EDC_1916_49
EDCPT_9128,Person,,Hunter,Joseph Walter {Rev.},,,,,,,,,,M,,,,,,,First Class Cambridge Prelim.,Rev.,,"Jobs at SCU: professor, chaplain to Anglican students",EDC_1920_65
EDCPT_9129,Person,,Hunter,M.M.M. {Miss},,,,,,,,,,F,,,,,,,,,,,EDC_1920_65
EDCPT_9130,Person,,Hunter,William {Rev.},,,,,,,,,,M,,,,,,,B.A.,Rev.,,,EDC_1920_65
EDCPT_9131,Person,,Hunter,Wm,,,,,,,,,,M,,,,,,,B.A.,Rev.,,,EDC_1916_49
EDCPT_9132,Person,,Huntington,D.T. {Mrs.},,,,,,,,,,F,,,,,,,,,,,EDC_1918_58
EDCPT_9133,Person,,Huntley,G.A.,,,,,,,,,,U,,,,,,,M.D.,,,,EDC_1916_49
EDCPT_9134,Person,,Huntley,G.A. {Rev.},,,,,,,,,,M,,,,,,,M.D.,Rev.,,Absent for some/all of 1920,EDC_1920_65
EDCPT_9135,Person,,Huo,P.H.,,,,,,,,,,,,,,,,,,,,,EDC_1920_65
EDCPT_9136,Person,,Hurlbut,Floy {Miss.},,,,,,,,,,F,,,,,,,B.A.,,,,EDC_1918_58
EDCPT_9137,Person,,Hurry,Ronald B.,,,,,,,,,,U,,,,,,,Mus. Bac.,,Assistant Master,,EDC_1914_15
EDCPT_9138,Person,,Hurry,Ronald Baldwin,,,,,,,,,,M,,,,,,,Mus. B.,,"Choir master and organist, Holy Trinity Cathedral",,EDC_1920_65; EDC_1916_49
EDCPT_9139,Person,,Hutcheson,A.C.,,,,,,,,,,M,,,,,,,M.D.,,,,EDC_1920_65
EDCPT_9140,Person,,Hutchings,{Mrs.},,,,,,,,,,F,,,,,,,,,,,EDC_1918_59; EDC_1916_49
EDCPT_9141,Person,,Hutchins,Grace {Miss.},,,,,,,,,,F,,,,,,,B.A.,,,,EDC_1918_59; EDC_1916_49
EDCPT_9142,Person,,Hutchinson,{Miss},,,,,,,,,,F,,,,,,,,,,,EDC_1916_49
EDCPT_9143,Person,,Hutchinson,A.J.,,,,,,,,,,M,,,,,,,,Rev.,,,EDC_1918_59
EDCPT_9144,Person,,Hutchinson,A.J. {Miss.},,,,,,,,,,F,,,,,,,,,,,EDC_1918_59
EDCPT_9145,Person,,Hutchison,{Miss},,,,,,,,,,F,,,,,,,,,,,EDC_1917_45
EDCPT_9146,Person,,Hutchison,E. G. A.{Miss},,,,,,,,,,F,,,,,,,,,Assistant Mistress,,EDC_1916_15
EDCPT_9147,Person,,Hutson,Helen {Miss},,,,,,,,,,F,,,,,,,,,,,EDC_1920_65
EDCPT_9148,Person,,Hwang,H. C.,,,,,,,,,,M,,,,,,,B.S.,Rev.,,,EDC_1917_45
EDCPT_9149,Person,,Hwang,C.,,,,,,,,,,,,,,,,,,,,,EDC_1920_65
EDCPT_9150,Person,,Hwang,C.T.,,,,,,,,,,,,,,,,,,,,,EDC_1920_65
EDCPT_9151,Person,,Hwang,C.W.,,,,,,,,,,,,,,,,,,,,,EDC_1920_65
EDCPT_9152,Person,,Hwang,H.F.{Mrs.},,,,,,,,,,F,,,,,,,,,,,EDC_1918_59
EDCPT_9153,Person,,Hwang,H.L.,,,,,,,,,,U,,China,,,,,,,,,EDC_1918_59
EDCPT_9154,Person,,Hwang,Jin-seng,,,,,,,,,,,,,,,,,B.A.,,,,EDC_1920_66
EDCPT_9155,Person,,Hwang,K.T.,,,,,,,,,,,,,,,,,,,,,EDC_1920_66
EDCPT_9156,Person,,Hwang,Lih-yu,,,,,,,,,,U,,,,,,,,,,,EDC_1916_49
EDCPT_9157,Person,,Hwang,Roger T.K.,,,,,,,,,,M,,,,,,,B.A.,,,,EDC_1920_66
EDCPT_9158,Person,,Hwang,T.L.,,,,,,,,,,U,,China,,,,,B.A.,,,,EDC_1918_59
EDCPT_9159,Person,,Hwang,Ta-wu,,,,,,,,,,U,,China,,,,,,,,,EDC_1918_59
EDCPT_9160,Person,,Hwang,Tjok-yew,Tiokyew,,,,,,,,,,,,,,,,B. Sc.,,,,EDC_1920_66; EDC_1916_49
EDCPT_9161,Person,,Hwang,Y.H.,,,,,,,,,,,,,,,,,,,,,EDC_1920_66
EDCPT_9162,Person,,Hwang,Yue-change,,,,,,,,,,,,,,,,,,,,"I assume ""change"" is a typo and their name is Yue-chang, but I have no way of proving this",EDC_1920_66
EDCPT_9163,Person,,Hwang,Zone-ling,,,,,,,,,,U,,China,,,,,,,,,EDC_1920_66
EDCPT_9164,Person,,Hwei,Y.F.,,,,,,,,,,,,,,,,,,,,,EDC_1920_66
EDCPT_9165,Person,,Hydman,M.,,,,,,,,,,U,,,,,,,,,,,EDC_1916_49
EDCPT_9166,Person,,Hylbert,L. C. {Miss},,,,,,,,,,F,,,,,,,M.A.,,,Mrs. in 1916,EDC_1917_46; EDC_1916_50
EDCPT_9167,Person,,Hylbert,L.C. {Rev.},,,,,,,,,,M,,,,,,,"B.A., B.D., M.A.",,,,EDC_1920_66
EDCPT_9168,Person,,Hyndman,Hennique,,,,,,,,,,U,,,,,,,,,,,EDC_1918_59
EDCPT_9169,Person,,Hyui,S.Z.,,,,,,,,,,,,,,,,,M.D.,,,,EDC_1920_66
EDCPT_9170,Person,,I,Siu-tao {Miss},,,,,,,,,,F,,,,,,,,,,,EDC_1920_66
EDCPT_9171,Person,,Ibbotson,T.C. {Rev.},,,,,,,,,,M,,,,,,,,Rev.,,,EDC_1920_66
EDCPT_9172,Person,,Ien,Feng-tsi,,,,,,,,,,,,,,,,,,,,,EDC_1920_66
EDCPT_9173,Person,,Illick,J.T. {Mrs.},,,,,,,,,,F,,,,,,,,,,,EDC_1918_59
EDCPT_9174,Person,,Illick,John Theron,,,,,,,,,,M,,,,,,,M.A.,,,,EDC_1918_59
EDCPT_9175,Person,,Ing,Z. T.,,,,,,,,,,U,,,,,,,B. Sc.,,,,EDC_1917_46
EDCPT_9176,Person,,Ing,Ven-foh,,,,,,,,,,,,,,,,,,,,,EDC_1920_66
EDCPT_9177,Person,,Ing,Z.T.,,,,,,,,,,M,,,,,,,B. Sc.,,,Absent for some/all of 1920,EDC_1920_66
EDCPT_9178,Person,,Ing,Z.T. {Mrs.},,,,,,,,,,F,,,,,,,,,,,EDC_1920_67
EDCPT_9179,Person,,Inglis,J. W.,,,,,,,,,,U,,,,,,,M. A.,Rev.,Professor,,EDC_1916_15
EDCPT_9180,Person,,Inglis,James W.,,,,,,,,,,M,,,,,,,M.A.,Rev.,,,EDC_1918_60
EDCPT_9181,Person,,Ingram,James H.,,,,,,,,,,M,,,,,,,M.D.,,,,EDC_1920_67
EDCPT_9182,Person,,Ingram,Nellie {Miss},,,,,,,,,,F,,,,,,,,,,,EDC_1920_67
EDCPT_9183,Person,,Ingram,Ruth {Miss},,,,,,,,,,F,,,,,,,R.N.,,,,EDC_1920_67
EDCPT_9184,Person,,Irish,J.H.,,,,,,,,,,M,,,,,,,B.A.,,,,EDC_1920_67
EDCPT_9185,Person,,Irish,J.H. {Mrs.},,,,,,,,,,F,,,,,,,,,,,EDC_1920_67
EDCPT_9186,Person,,Irish,John,,,,,,,,,,U,,,,,,,H.B. A.,,Assistant Master,,EDC_1914_15
EDCPT_9187,Person,,Irumadar,T.,,,,,,,,,,,,,,,,,,,,,EDC_1920_67
EDCPT_9188,Person,,Irvine,E. {Miss},,,,,,,,,,F,,,,,,,,,,,EDC_1920_67
EDCPT_9189,Person,,Irvine,M. Mary J. {Miss},,,,,,,,,,F,,,,,,,,,,,EDC_1920_67
EDCPT_9190,Person,,Irving,C. {Miss},,,,,,,,,,F,,,,,,,,,,,EDC_1920_67
EDCPT_9191,Person,,Irving,E. A.,,,,,,,,,,U,,,,,,,,,Member of the Court and Council of The University,,EDC_1914_15
EDCPT_9192,Person,,Irving,E.A.,,,,,,,,,,M,,,,,,,,,,,EDC_1920_67
EDCPT_9193,Person,,Ismer,{Miss},,,,,,,,,,F,,,,,,,,,,,EDC_1917_46
EDCPT_9194,Person,,Iu,Choi Ying {Miss},,,,,,,,,,F,,,,,,,,,,,EDC_1920_67
EDCPT_9195,Person,,Iu,Tak-chung,,,,,,,,,,M,,,,,,,B. Sc.,,,,EDC_1920_67
EDCPT_9196,Person,,Iwaya,{Dr.},,,,,,,,,,U,,,,,,,,,,,EDC_1917_46
EDCPT_9197,Person,,Ixer,Sydney H. H.,,,,,,,,,,U,,,,,,,A. R. I. B. A. P. A. S. I.,,Lecturer in Building Construction and Surveying,,EDC_1916_15
EDCPT_9198,Person,,Jack,J. {Miss},,,,,,,,,,F,,,,,,,,,,,EDC_1920_67
EDCPT_9199,Person,,Jackson,J.A.,,,,,,,,,,M,,,,,,,,,,,EDC_1920_67
EDCPT_9200,Person,,Jackson,James,,,,,,,,,,M,,,,,,,D.D.,Rev.,,,EDC_1916_50
EDCPT_9201,Person,,Jaco,*Revo,,,,,,,,,,U,,,,,,,,,,,EDC_1916_15
EDCPT_9202,Person,,Jaffray,R.A.,,,,,,,,,,M,,,,,,,,Rev.,,,EDC_1920_67; EDC_1916_51
EDCPT_9203,Person,,James,D. D.,,,,,,,,,,U,,,,,,,,,President,,EDC_1916_15
EDCPT_9204,Person,,James,D.E. {Miss},,,,,,,,,,F,,,,,,,,,,,EDC_1920_68
EDCPT_9205,Person,,James,Mary L. {Miss.},,,,,,,,,,F,,U.S.A.,,,,,A.B.; M.D.,,,,EDC_1916_51
EDCPT_9206,Person,,Jameson,Mary Ellen {Miss},,,,,,,,,,F,,,,,,,,,,,EDC_1920_68
EDCPT_9207,Person,,Jang,De-yen,,,,,,,,,,U,,,,,,,,,,,EDC_1917_47
EDCPT_9208,Person,,Jang,K. Z.,,,,,,,,,,U,,,,,,,B.A.,,,,EDC_1917_47
EDCPT_9209,Person,,Jang,Wen-bao,,,,,,,,,,U,,,,,,,,,,,EDC_1917_47
EDCPT_9210,Person,,Jang,B.T.,,,,,,,,,,,,,,,,,B.A.,,,,EDC_1920_68
EDCPT_9211,Person,,Jang,K.L.,,,,,,,,,,U,,,,,,,B.A.,,,,EDC_1916_51
EDCPT_9212,Person,,Jang,Shou-ten,,,,,,,,,,,,,,,,,,,,,EDC_1920_68
EDCPT_9213,Person,,Jang,Shou-Tien,,,,,,,,,,U,,,,,,,,,,,EDC_1916_51
EDCPT_9214,Person,,Jang,Tsoong-han,,,,,,,,,,U,,,,,,,B.A.,,,3 years prior experience in the Kiangsu School for Catechists,EDC_1916_51
EDCPT_9215,Person,,Jang,Yung-hsiang,,,,,,,,,,U,,China,,,,,,,,,EDC_1918_61
EDCPT_9216,Person,,Jao,Dzu-zing,,,,,,,,,,U,,,,,,,,,,,EDC_1916_51
EDCPT_9217,Person,,Jao,T.H.,,,,,,,,,,U,,China,,,,,,,,,EDC_1918_61
EDCPT_9218,Person,,Jaquet,Myra {Miss},,,,,,,,,,F,,,,,,,B.A.,,,,EDC_1920_68
EDCPT_9219,Person,,Javroski,J.,,,,,,,,,,U,,,,,,,,,,,EDC_1917_47
EDCPT_9220,Person,,Jean,{Sister},,,,,,,,,,F,,,,,,,,,,,EDC_1920_68
EDCPT_9221,Person,,Jeanniere,R.,,,,,,,,,,M,,,,,,,,Rev.,S.J.,"Editor of ""l'Ecole en Chine""",EDC_1918_61; EDC_1916_51
EDCPT_9222,Person,,Jee,S.H.,,,,,,,,,,U,,,,,,,Phar. D.,,,,EDC_1918_61
EDCPT_9223,Person,,Jeffery,R. {Miss},,,,,,,,,,F,,,,,,,,L.R.A.M.,,LRAM = Licentiate of the Royal Academy of Music,EDC_1920_68; EDC_1916_51
EDCPT_9224,Person,,Jeffries,{Mrs.},,,,,,,,,,F,,,,,,,,,,,EDC_1920_68
EDCPT_9225,Person,,Jen,Ch'ang-mien,,,,,,,,,,U,,,,,,,B.A.,,,,EDC_1918_61
EDCPT_9226,Person,,Jen,Shao-jung,,,,,,,,,,U,,China,,,,,,,,,EDC_1918_61
EDCPT_9227,Person,,Jen,Shou-peng,,,,,,,,,,M,,,,,,,B.A.,,,,EDC_1920_68
EDCPT_9228,Person,,Jen,T.Y.,,,,,,,,,,U,,,,,,,B.A.,,,,EDC_1918_61
EDCPT_9229,Person,,Jenkins,Arthur Edward,,,,,,,,,,M,,,,,,,,,,,EDC_1920_68; EDC_1916_51
EDCPT_9230,Person,,Jenkins,Edna M. {Mrs.},,,,,,,,,,F,,,,,,,B.A.,,,,EDC_1920_68
EDCPT_9231,Person,,Jenkins,George F.,,,,,,,,,,M,,U.S.A.,,,,,B.D.; B.A.,Rev.,,,EDC_1920_68; EDC_1916_51
EDCPT_9232,Person,,Jenkins,P.,,,,,,,,,,M,,,,,,,,Rev.,,,EDC_1920_68; EDC_1916_51
EDCPT_9233,Person,,Jenkinson,{Miss},,,,,,,,,,F,,,,,,,,,,,EDC_1920_68
EDCPT_9234,Person,,Jenness,R.E. {Mrs.},,,,,,,,,,F,,,,,,,,,,,EDC_1920_68
EDCPT_9235,Person,,Jenness,R.E. {Rev.},,,,,,,,,,M,,,,,,,B.A.,Rev.,,,EDC_1920_68
EDCPT_9236,Person,,Jennings,J.H.,,,,,,,,,,U,,,,,,,B.A.,,,,EDC_1918_61; EDC_1916_51
EDCPT_9237,Person,,Jennings,Mabel P. {Miss},,,,,,,,,,F,,,,,,,B.A.,,,,EDC_1920_68
EDCPT_9238,Person,,Jensen,H.,,,,,,,,,,U,,,,,,,,,,,EDC_1917_48; EDC_1916_51
EDCPT_9239,Person,,Jensen,H {Mrs.},,,,,,,,,,F,,,,,,,,,,,EDC_1916_51
EDCPT_9240,Person,,Jernigan,T.R.,,,,,,,,,,M,,,,,,,LL.B.,Hon.,,Formerly the Consul General for the US in China,EDC_1920_69; EDC_1916_51
EDCPT_9241,Person,,Jewell,F.E. {Miss},,,,,,,,,,F,,,,,,,,,,,EDC_1920_69; EDC_1916_51
EDCPT_9242,Person,,Jewell,Martha W. {Miss},,,,,,,,,,F,,,,,,,,,,,EDC_1920_69; EDC_1916_51
EDCPT_9243,Person,,Johannaber,C.F. {Mrs.},Johanaber,,,,,,,,,F,,,,,,,B.A.; B.D.,,,,EDC_1920_69; EDC_1916_52
EDCPT_9244,Person,,Johannaber,Charles F. {Rev.},Johanaber,,,,,,,,,M,,,,,,,"A.B., S.T.B.",Rev.,,,EDC_1920_69; EDC_1916_52
EDCPT_9245,Person,,John,Minnie {Miss},,,,,,,,,,F,,,,,,,,,,,EDC_1917_48
EDCPT_9246,Person,,John,{Rev. Brother},,,,,,,,,,M,,,,,,,,Rev.,,,EDC_1920_69
EDCPT_9247,Person,,John,M.J. {Miss.},,,,,,,,,,F,,,,,,,,,,,EDC_1918_62
EDCPT_9248,Person,,John,Minnie {Miss.},,,,,,,,,,F,,U.S.A.,,,,,,,,,EDC_1918_62; EDC_1916_52
EDCPT_9249,Person,,Johns,Alfred Edward {Rev.},,,,,,,,,,M,,,,,,,"B.A., M.A.",,,,EDC_1920_69; EDC_1916_52
EDCPT_9250,Person,,Johnson,{Miss.},,,,,,,,,,F,,,,,,,,,,,EDC_1916_52
EDCPT_9251,Person,,Johnson,Charles F.,,,,,,,,,,U,,,,,,,M. D.,,Professor,,EDC_1914_15
EDCPT_9252,Person,,Johnson,Charles Fletcher,,,,,,,,,,M,,U.S.A.,,,,,M.D.,,,,EDC_1920_69; EDC_1916_52
EDCPT_9253,Person,,Johnson,Homer,,,,,,,,,,M,,,,,,,,,,,EDC_1916_52
EDCPT_9254,Person,,Johnson,J. T. C. F. R. C. S.,,,,,,,,,,U,,,,,,,Edin.,,Member of the Court and Council of The University,,EDC_1914_15
EDCPT_9255,Person,,Johnson,J.T.C. {Dr.},,,,,,,,,,M,,,,,,,F.R.C.S.Ed.,,,,EDC_1920_69; EDC_1916_52
EDCPT_9256,Person,,Johnson,Margaret E. {Miss.},,,,,,,,,,F,,,,,,,B.A.,,,,EDC_1916_52
EDCPT_9257,Person,,Johnson,Margaret E. {Miss},,,,,,,,,,F,,,,,,,,,Assistant Mistress,,EDC_1914_15
EDCPT_9258,Person,,Johnson,Obed S. {Rev.},,,,,,,,,,M,,,,,,,M.A.,Rev.,,,EDC_1920_69
EDCPT_9259,Person,,Johnson,Pearle {Miss},,,,,,,,,,F,,,,,,,"B.A., B.M.T.",,,,EDC_1920_69; EDC_1916_52
EDCPT_9260,Person,,Johnson,Ruth E. {Miss},,,,,,,,,,F,,,,,,,,,Assistant Mistress,,EDC_1914_15
EDCPT_9261,Person,,Johnson,T.N.,,,,,,,,,,M,,,,,,,M.A.,,,,EDC_1920_69
EDCPT_9262,Person,,Johnson,W. R. {Mrs.},,,,,,,,,,F,,,,,,,B.A.,,,,EDC_1918_62
EDCPT_9263,Person,,Johnson,William R.,,,,,,,,,,M,,,,,,,B. Sc.,Rev.,,,EDC_1917_48; EDC_1916_52
EDCPT_9264,Person,,Johnston,Carrie L. {Miss},,,,,,,,,,F,,,,,,,,,,,EDC_1917_48
EDCPT_9265,Person,,Johnston,W.W. {Mrs.},,,,,,,,,,F,,,,,,,,,,,EDC_1920_69
EDCPT_9266,Person,,Johnstone,E. M.,,,,,,,,,,U,,,,,,,B.S. M.D.,Dr.,,,EDC_1917_48
EDCPT_9267,Person,,Jones,H. E.,,,,,,,,,,U,,,,,,,,,,,EDC_1917_48; EDC_1916_52
EDCPT_9268,Person,,Jones,Jennie D. {Miss},,,,,,,,,,F,,U.S.A.,,,,,B.A.,,,,EDC_1917_48; EDC_1916_53
EDCPT_9269,Person,,Jones,{Miss.},,,,,,,,,,F,,,,,,,,,,,EDC_1916_52
EDCPT_9270,Person,,Jones,Annie {Miss},,,,,,,,,,F,,,,,,,,,,,EDC_1920_69
EDCPT_9271,Person,,Jones,C. Wade,,,,,,,,,,M,,,,,,,,,,,EDC_1920_69
EDCPT_9272,Person,,Jones,Dorothy {Miss},,,,,,,,,,F,,,,,,,,,,,EDC_1920_69
EDCPT_9273,Person,,Jones,E.,,,,,,,,,,U,,,,,,,,,,,EDC_1918_62
EDCPT_9274,Person,,Jones,E.C. {Miss},,,,,,,,,,F,,,,,,,,,,,EDC_1920_70; EDC_1916_52
EDCPT_9275,Person,,Jones,E.V. {Mrs.},,,,,,,,,,F,,,,,,,B.S.,,,,EDC_1920_70
EDCPT_9276,Person,,Jones,Edwin Chester,,,,,,,,,,M,,U.S.A.,,,,,M.A.; B.A.,,,Absent for some/all of 1920,EDC_1920_70; EDC_1916_52
EDCPT_9277,Person,,Jones,Edwin Chester,,,,,,,,,,U,,,,,,,B. A.,,,,EDC_1914_15
EDCPT_9278,Person,,Jones,Ellis E.,,,,,,,,,,M,,,,,,,M.A.; B.D.,,,,EDC_1916_53
EDCPT_9279,Person,,Jones,Ernest Victor,,,,,,,,,,M,,U.S.A.,,,,,"M.A., Ph.D., ""Graduate study [at] University of Chicago""",,,3 years experience in Colleges and Normal Schools,EDC_1920_70; EDC_1916_52
EDCPT_9280,Person,,Jones,John Palin,,,,,,,,,,M,,,,,,,M. Sc.; B.Sc.,M.I.Min.E.,,MIMinE = Member of the Institution of Mining Engineers ,EDC_1920_70; EDC_1916_52
EDCPT_9281,Person,,Jones,Mary I. {Miss},,,,,,,,,,F,,,,,,,B.A.,,,,EDC_1920_70
EDCPT_9282,Person,,Jordan,Ella E. {Miss},,,,,,,,,,F,,,,,,,B.A.,,,,EDC_1917_49; EDC_1916_53
EDCPT_9283,Person,,Jordan,Gregory Paul,,,,,,,,,,M,,,,,,,"M.B., C.M.,",M.R.C.S.,"Pro-Vice-Chancellor of the university, alongside his professor job.",,EDC_1920_70; EDC_1916_53
EDCPT_9284,Person,,Jordan,M.C.,,,,,,,,,,U,,,,,,,B.A.; M.A.,,,,EDC_1916_53
EDCPT_9285,Person,,Jordan,Wayne C.,,,,,,,,,,M,,,,,,,B.A.,,,,EDC_1918_63
EDCPT_9286,Person,,Jorge,Maria Carmen {Miss},,,,,,,,,,F,,,,,,,,,,,EDC_1917_49
EDCPT_9287,Person,,Jorge,C. {Mrs.},,,,,,,,,,F,,,,,,,,,,,EDC_1920_70
EDCPT_9288,Person,,Joseph,{Frère},,,,,,,,,,M,,,,,,,,,,,EDC_1920_70
EDCPT_9289,Person,,Joseph,{Rev. Brother},,,,,,,,,,M,,,,,,,,Rev.,,,EDC_1920_70
EDCPT_9290,Person,,Joseph-Leonore,{Frère},,,,,,,,,,M,,,,,,,,,,,EDC_1920_70
EDCPT_9291,Person,,Joseph-Romain,,,,,,,,,,,U,,,,,,,,,,,EDC_1917_49
EDCPT_9292,Person,,Joseph-Stanislas,{Frère},,,,,,,,,,M,,,,,,,,,,,EDC_1920_70
EDCPT_9293,Person,,Joseph-Vincent,{Frère},,,,,,,,,,M,,,,,,,"B.A., C.P.",,,,EDC_1920_70
EDCPT_9294,Person,,Ju,Shen Pan,,,,,,,,,,U,,,,,,,B.A.,,,,EDC_1916_53
EDCPT_9295,Person,,Juan,Chih-chen,,,,,,,,,,U,,,,,,,B.A.,,,,EDC_1916_53
EDCPT_9296,Person,,Juczeck,,,,,,,,,,,U,,,,,,,,,Director,,EDC_1914_16
EDCPT_9297,Person,,Judson,Junius H.,,,,,,,,,,U,,,,,,,,,Superintendent,,EDC_1914_16
EDCPT_9298,Person,,Judson,Junius Herbert,,,,,,,,,,M,,U.S.A.,08;11;1852,"Wald Farm, Michigan, U.S.A.",12;07;1930,U.S.A.,B.A.,Rev.,,https://zh.wikipedia.org/wiki/%E8%A3%98%E5%BE%B7%E7%94%9F ,EDC_1916_53
EDCPT_9299,Person,,Jue,Park,,,,,,,,,,,,,,,,,B.S.,,,,EDC_1920_70
EDCPT_9300,Person,,Jui,D. C.,,,,,,,,,,U,,,,,,,B.A.,,,,EDC_1917_49
EDCPT_9301,Person,,Jui,D.C. {Mrs.},,,,,,,,,,F,,,,,,,,,,,EDC_1920_70
EDCPT_9302,Person,,Jui,Doong-ching,,,,,,,,,,M,,,,,,,B.A.,,,,EDC_1920_70; EDC_1916_53
EDCPT_9303,Person,,Jui,Kuang,,,,,,,,,,,,,,,,,,,,,EDC_1920_70
EDCPT_9304,Person,,Jui,W. C.,,,,,,,,,,U,,,,,,,,,Instructor,,EDC_1914_16
EDCPT_9305,Person,,Jules-Alfred,{Frère},,,,,,,,,,M,,,,,,,,,,,EDC_1920_71
EDCPT_9306,Person,,Jules-Andre,{Frère},,,,,,,,,,M,,,,,,,C.T.,,,CT = Certificate of Teaching maybe?,EDC_1920_71
EDCPT_9307,Person,,Julien,F.M. {Rev.},,,,,,,,,,M,,,,,,,,Rev.,,,EDC_1920_71
EDCPT_9308,Person,,Jun,Shen Pan,,,,,,,,,,U,,,,,,,,,Professor,,EDC_1914_16
EDCPT_9309,Person,,Jung,Mang To,,,,,,,,,,M,,,,,,,B.A.,Rev.,,,EDC_1917_49
EDCPT_9310,Person,,Jung,Chang Lieu,,,,,,,,,,U,,,,,,,,,,,EDC_1916_53
EDCPT_9311,Person,,Jung,G.P.,,,,,,,,,,,,,,,,,B.S.,,,,EDC_1920_71
EDCPT_9312,Person,,Juno,{Miss},,,,,,,,,,F,,,,,,,,,,,EDC_1920_71
EDCPT_9313,Person,,Justine,{St.},,,,,,,,,,F,,,,,,,,Rev. Mother,,,EDC_1918_63
EDCPT_9314,Person,,Ka,Kwan-seng,,,,,,,,,,U,,,,,,,,,,,EDC_1917_49
EDCPT_9315,Person,,Kadoorie,Ellis {Sir},,,,,,,,,,M,,,,,,,,Commander of the Most Excellent Order of the British Empire,,Kadoorie was knighted in 1917 according to his Wikipedia. He is also Jewish.,EDC_1920_71
EDCPT_9316,Person,,Kai,Kwang-ta,,,,,,,,,,U,,,,,,,,,,,EDC_1917_50
EDCPT_9317,Person,,Kai,Chang,,,,,,,,,,U,,,,,,,,,,,EDC_1916_53
EDCPT_9318,Person,,Kai,Ho Kai,,,,,,,,,,U,,,,,,,,,Member,,EDC_1914_16
EDCPT_9319,Person,,Kan,Chao-chen,,,,,,,,,,U,,,,,,,B.A.,,,,EDC_1917_49
EDCPT_9320,Person,,Kan,Tse Zung,,,,,,,,,,U,,,,,,,,,Assistant Master,,EDC_1914_16
EDCPT_9321,Person,,Kang,I. H.,,,,,,,,,,U,,,,,,,B.A.,,,,EDC_1917_49; EDC_1916_54
EDCPT_9322,Person,,Kang,Sok-goan,,,,,,,,,,U,,,,,,,,,,,EDC_1917_49
EDCPT_9323,Person,,Kang,Chien,,,,,,,,,,U,,China,,,,,,,,,EDC_1918_64
EDCPT_9324,Person,,Kang,J. H.,,,,,,,,,,,,,,,,,B.A.,,,,EDC_1920_71
EDCPT_9325,Person,,Kang,J.C.,,,,,,,,,,U,,China,,,,,,,,,EDC_1918_64
EDCPT_9326,Person,,Kang,Mo Ti,,,,,,,,,,U,,,,,,,,,,,EDC_1916_54
EDCPT_9327,Person,,K'ang,T.K.,,,,,,,,,,,,,,,,,,,,,EDC_1920_71
EDCPT_9328,Person,,Kann,N. S.,,,,,,,,,,M,,,,,,,,,,,EDC_1917_49
EDCPT_9329,Person,,Kann,S.N.,,,,,,,,,,U,,,,,,,,,,,EDC_1918_64
EDCPT_9330,Person,,Kantele,V.,L.,,,,,,,,,M,,,,,,,,Rev.,,,EDC_1917_50; EDC_1916_54
EDCPT_9331,Person,,Kao,Feng-shan,,,,,,,,,,U,,,,,,,M.A.,,,,EDC_1917_50
EDCPT_9332,Person,,Kao,J.,,,,,,,,,,U,,,,,,,,,,,EDC_1917_50
EDCPT_9333,Person,,Kao,S. S.,,,,,,,,,,U,,,,,,,,,,,EDC_1917_50
EDCPT_9334,Person,,Kao,T. T.,,,,,,,,,,U,,,,,,,,,,,EDC_1917_50
EDCPT_9335,Person,,Kao,C.E.,,,,,,,,,,U,,,,,,,,,,,EDC_1916_53
EDCPT_9336,Person,,Kao,Chiensze Yang,,,,,,,,,,,,,,,,,"B.A., M.A.",,,,EDC_1920_71
EDCPT_9337,Person,,Kao,Kwang-ta,,,,,,,,,,M,,,,,,,,,,,EDC_1920_71
EDCPT_9338,Person,,Kao,Peter T.M.,,,,,,,,,,M,,,,,,,B. Sc.,,,,EDC_1920_71
EDCPT_9339,Person,,Kao,R.S.,,,,,,,,,,,,,,,,,,,,,EDC_1920_71
EDCPT_9340,Person,,Kao,S. F.,,,,,,,,,,U,,China,,,,,B.A.,,,,EDC_1920_71
EDCPT_9341,Person,,Kao,T. R.,,,,,,,,,,U,,China,,,,,,,,,EDC_1920_71
EDCPT_9342,Person,,Kao,T.K.,,,,,,,,,,U,,,,,,,,,,,EDC_1916_54
EDCPT_9343,Person,,Kao,Téh Li,,,,,,,,,,U,,,,,,,,,Assistant Master,,EDC_1914_16
EDCPT_9344,Person,,Karcher,James Franklin,,,,,,,,,,M,,,,,,,B.S.,,,,EDC_1920_71
EDCPT_9345,Person,,Kasai,N.,,,,,,,,,,,,Japan,,,,,,,,,EDC_1920_71
EDCPT_9346,Person,,Kasparova,L. A. {Miss},,,,,,,,,,F,,,,,,,,,,,EDC_1917_50; EDC_1916_54
EDCPT_9347,Person,,Katayama,M.,,,,,,,,,,U,,,,,,,,,,,EDC_1917_50
EDCPT_9348,Person,,Katayama,S.,,,,,,,,,,U,,,,,,,,,,,EDC_1917_50
EDCPT_9349,Person,,Kau,O. C.,,,,,,,,,,U,,,,,,,,,,,EDC_1917_50
EDCPT_9350,Person,,Kau,E.Y.,,,,,,,,,,U,,,,,,,M.D.,,,,EDC_1916_54
EDCPT_9351,Person,,Kaufmann,E.,,,,,,,,,,M,,,,,,,,Rev.,,,EDC_1917_50
EDCPT_9352,Person,,Kaufmann,G. {Rev.},,,,,,,,,,M,,,,,,,,Rev.,,,EDC_1920_72
EDCPT_9353,Person,,Kaun,N.S.,,,,,,,,,,U,,,,,,,,,,,EDC_1916_54
EDCPT_9354,Person,,Kay,L. G.,,,,,,,,,,U,,,,,,,,,,,EDC_1917_50
EDCPT_9355,Person,,Kay,W.,,,,,,,,,,M,,,,,,,M.A.,,,,EDC_1920_72
EDCPT_9356,Person,,Kay,William,,,,,,,,,,U,,,,,,,,,"Headmaster, Professor",,EDC_1914_16
EDCPT_9357,Person,,Kea,Kee-ing,,,,,,,,,,U,,China,,,,,B.A.,,,,EDC_1920_72; EDC_1916_54
EDCPT_9358,Person,,Kea,So-shiang,,,,,,,,,,U,,,,,,,,,,,EDC_1917_50; EDC_1916_54
EDCPT_9359,Person,,Kean,A.S.,,,,,,,,,,M,,,,,,,M.A.,Rev.,,,EDC_1920_72; EDC_1916_54
EDCPT_9360,Person,,Keang,Shin-shaang,,,,,,,,,,U,,,,,,,,,,,EDC_1917_50
EDCPT_9361,Person,,Keang,Shuk-yi,,,,,,,,,,,,,,,,,,,,,EDC_1920_72
EDCPT_9362,Person,,Kee,Ying-peh,,,,,,,,,,U,,,,,,,,,,,EDC_1917_50; EDC_1916_81
EDCPT_9363,Person,,Keeler,J.L.,,,,,,,,,,M,,,,,,,M.D.,,,,EDC_1920_72
EDCPT_9364,Person,,Keeler,J.L. {Mrs.},,,,,,,,,,F,,,,,,,,,,,EDC_1920_72
EDCPT_9365,Person,,Keen,Charles S. {Rev.},Chas. S.,,,,,,,,,M,,U.S.A.,,,,,"Ph.B., M.A.",Rev.,,,EDC_1920_72; EDC_1916_54
EDCPT_9366,Person,,Keiser,Nina {Miss.},,,,,,,,,,F,,,,,,,,,,,EDC_1918_65; EDC_1916_54
EDCPT_9367,Person,,Kelhofer,Ernest,,,,,,,,,,M,,,,,,,M.A.; B.A.; Ph.B,Rev.,,,EDC_1920_72; EDC_1916_54
EDCPT_9368,Person,,Kellogg,E. D.,,,,,,,,,,M,,,,,,,,Rev.,,,EDC_1917_51; EDC_1916_54
EDCPT_9369,Person,,Kellogg,C.R. {Mrs.},,,,,,,,,,F,,,,,,,B.A.,,,,EDC_1920_72; EDC_1916_54
EDCPT_9370,Person,,Kellogg,Claude R.,,,,,,,,,,M,,,,,,,"B.A., M.A.",,,,EDC_1920_72; EDC_1916_54
EDCPT_9371,Person,,Kellogg,E. D.,,,,,,,,,,U,,,,,,,,,Assistant Master,,EDC_1914_16
EDCPT_9372,Person,,Kellogg,E.D. {Mrs.},,,,,,,,,,F,,,,,,,B.A.,,,,EDC_1920_72
EDCPT_9373,Person,,Kelly,J. F. {Mrs.},J.T. {Mrs.},,,,,,,,,F,,,,,,,,,,,EDC_1917_51; EDC_1916_54
EDCPT_9374,Person,,Kelly,A.B. {Miss},,,,,,,,,,F,,,,,,,B.A.,,,,EDC_1920_72
EDCPT_9375,Person,,Kelly,Anne B. {Miss},,,,,,,,,,F,,,,,,,,,,,EDC_1920_72
EDCPT_9376,Person,,Kelly,C.B.,,,,,,,,,,M,,,,,,,"B.A., M.B.",,,,EDC_1920_72
EDCPT_9377,Person,,Kelly,Jessie M. {Miss},,,,,,,,,,F,,,,,,,M.A.,,,,EDC_1920_72
EDCPT_9378,Person,,Kelly,W.H. {Miss},,,,,,,,,,F,,,,,,,,,,,EDC_1920_72
EDCPT_9379,Person,,Kelsey,D.L.,,,,,,,,,,U,,,,,,,,,,,EDC_1918_65
EDCPT_9380,Person,,Kelsey,N. Freer,,,,,,,,,,M,,,,,,,B.Sc.,,"Secretary, Registrar",Secretary & registrar alongside his academic job (head of engineering faculty),EDC_1920_73; EDC_1916_55
EDCPT_9381,Person,,Kember,A.T.,A. F.,,,,,,,,,U,,,,,,,,,F.C.R.S.,,EDC_1918_66; EDC_1916_55
EDCPT_9382,Person,,Kemp,George Samuel Foster,,,,,,,,,,M,,England,02;05;1878,"Swaffham, Norfolk, United Kingdom",,,A.C.P.,,,"Headmaster for Shanghai Public School for Chinese, Editor of EDC's (1914-1919), Secretary of the Anglo-Chinese Educational Committee (1919), and Chairman of the Council for the Boy Scouts Assossiation of China (1913-1917), League of Nations, etc. http://public-content.library.mcgill.ca/digitization/hssl_atlas-for-china_G2305K461934.pdf https://dimitritiomkin.com/21048/tiomkin-correspondence-from-friends/ ",EDC_1916_55
EDCPT_9383,Person,,Kemp,J.H. {Hon.},,,,,,,,,,M,,,,,,,,"K.C., C.B.E.",,KC = King's Counsel; CBE = Commander of the Most Excellent Order of the British Empire.,EDC_1920_73
EDCPT_9384,Person,,Kemp,Robert A.,,,,,,,,,,M,,,,,,,B.Sc.,,,,EDC_1920_73; EDC_1916_55
EDCPT_9385,Person,,Kempton,E. {Mrs.},,,,,,,,,,F,,,,,,,,,,,EDC_1920_73
EDCPT_9386,Person,,Kendon,E.G. {Miss},,,,,,,,,,F,,,,,,,,,,,EDC_1920_73
EDCPT_9387,Person,,Kennard,R.P.,,,,,,,,,,M,,,,,,,M.A.,,,,EDC_1920_73
EDCPT_9388,Person,,Kentwell,L.K.,,,,,,,,,,M,,,,,,,LL.B.,,,,EDC_1920_73
EDCPT_9389,Person,,Kern,Daniel Shaver,,,,,,,,,,M,,Canada,,,,,"B.A., B.D., ""Normal school certificate, Regina, Canada""",Rev.,,"Listed twice in the teachers' section but the two entries can easily be merged (which is what I did); In charge of Junior and Senior Primary Schools in the
Chunghsien and Fengtu Districts (1916 ed.)",EDC_1920_73; EDC_1916_55
EDCPT_9390,Person,,Kerr,{Miss},,,,,,,,,,F,,,,,,,,,,,EDC_1917_51
EDCPT_9391,Person,,Kershaw,Lewis,,,,,,,,,,M,,,,,,,,,,,EDC_1917_51
EDCPT_9392,Person,,Kesajarvi,A. {Miss.},,,,,,,,,,F,,,,,,,B.A.,,,,EDC_1918_66
EDCPT_9393,Person,,Key,John C.,,,,,,,,,,U,,,,,,,,,Principal,,EDC_1914_16
EDCPT_9394,Person,,Keys,James Noel,,,,,,,,,,M,,,,,,,B.A.,Rhodes Scholar,,,EDC_1920_73
EDCPT_9395,Person,,Keyt,F. T.,,,,,,,,,,U,,,,,,,,,Lecturer,,EDC_1914_16
EDCPT_9396,Person,,Keyt,F.T.,,,,,,,,,,M,,,,,,,"M.D., D.P.H.",,,,EDC_1920_74; EDC_1916_55
EDCPT_9397,Person,,Keyte,F.T.,,,,,,,,,,M,,,,,,,"M.D., D.P.H.",Rev.,,,EDC_1918_66
EDCPT_9398,Person,,Keyte,J.C.,,,,,,,,,,M,,,,,,,M.A.,Rev.,,,EDC_1918_66
EDCPT_9399,Person,,Kia,Helen {Miss.},,,,,,,,,,F,,,,,,,,,,,EDC_1916_55
EDCPT_9400,Person,,Kiang,C.S.,,,,,,,,,,U,,,,,,,B.A.,,,,EDC_1918_66; EDC_1916_55
EDCPT_9401,Person,,Kiang,Henry T.Y.,,,,,,,,,,M,,,,,,,LL.B.,,,,EDC_1920_74
EDCPT_9402,Person,,Kiang,Peter C.,,,,,,,,,,M,,,,,,,M.D.,,,,EDC_1918_66
EDCPT_9403,Person,,K'iao,Gi T'ang,,,,,,,,,,,,,,,,,,,,,EDC_1920_74
EDCPT_9404,Person,,Kidder,Anna {Miss.},,,,,,,,,,F,,,,,,,B.A.,,,,EDC_1916_55
EDCPT_9405,Person,,Kien,Tao-ming,,,,,,,,,,,,,,,,,A.B.,,,,EDC_1920_74
EDCPT_9406,Person,,Kikuchi,S.,,,,,,,,,,U,,,,,,,B. Sc.,,,,EDC_1917_52
EDCPT_9407,Person,,Kilborn,O.L. {Mrs.},Mary Alfretta Gifford {Dr.}; Retta G. Kilborn,,,,,,,,,F,,Canada,05;11;1864,"Meaford, Ontario",12;01;1942,"Toronto, Canada",M.D.,,,https://sites.rootsweb.com/~canqbogs/pdf_files/Brearley_Female_Physicians_Toronto.pdf Absent in 1920 (in Canada w/ husband),EDC_1920_74
EDCPT_9408,Person,,Kilborn,Omar Leslie,,,,,,,,,,M,,Canada,11;20;1867,"Frankville, Ontario",05;18;1920,Canada,"M.A., M.D., C.M.",,,Canadian Methodist Mission https://en.wikipedia.org/wiki/Omar_Leslie_Kilborn ,EDC_1920_74; EDC_1916_55
EDCPT_9409,Person,,King,C. J.,,,,,,,,,,U,,,,,,,,,,Repeat name?? Mrs. or husband?,EDC_1917_52
EDCPT_9410,Person,,King,Edna A. Haskins {Miss},,,,,,,,,,F,,,,,,,B.A. M.Pd.,,,,EDC_1917_52; EDC_1916_55
EDCPT_9411,Person,,King,Emily {Miss},,,,,,,,,,F,,,,,,,,,,,EDC_1917_52
EDCPT_9412,Person,,King,H. Y.,,,,,,,,,,U,,,,,,,M.D.,,,,EDC_1917_52; EDC_1916_55
EDCPT_9413,Person,,King,J. L.,,,,,,,,,,M,,,,,,,,,,,EDC_1917_52
EDCPT_9414,Person,,King,P. D.,,,,,,,,,,U,,,,,,,,,,,EDC_1917_52
EDCPT_9415,Person,,King,Shu-liu,,,,,,,,,,U,,,,,,,M.A. Ph.D.,,,,EDC_1917_52
EDCPT_9416,Person,,King,Y. F.,,,,,,,,,,U,,,,,,,,,,,EDC_1917_52
EDCPT_9417,Person,,King,C.J. {Mrs.},,,,,,,,,,F,,,,,,,Life Diploma,,,,EDC_1918_67; EDC_1916_56
EDCPT_9418,Person,,King,Gek-lek,Kin; Gek Lek,,,,,,,,,U,,,,,,,,,,,EDC_1918_66; EDC_1916_55
EDCPT_9419,Person,,King,Harry E.,,,,,,,,,,U,,,,,,,,,Professor,,EDC_1914_16
EDCPT_9420,Person,,King,Harry Edwin {Rev.},,,,,,,,,,M,,,,,,,"M.Pd., Ph.D.",Rev.,,,EDC_1920_74; EDC_1916_56
EDCPT_9421,Person,,King,Helen Y.T. {Miss},,,,,,,,,,F,,,,,,,,,,,EDC_1920_74
EDCPT_9422,Person,,King,P.D.,,,,,,,,,,U,,,,,,,,,,,EDC_1918_67
EDCPT_9423,Person,,King,Percy J. {Rev.},,,,,,,,,,M,,,,,,,L. Th.,Rev.,,,EDC_1920_74
EDCPT_9424,Person,,King,Ven-gu,,,,,,,,,,U,,,,,,,,,,,EDC_1916_56
EDCPT_9425,Person,,King,Y.,,,,,,,,,,U,,,,,,,,,Principal,,EDC_1914_16
EDCPT_9426,Person,,King,Yu-fang,,,,,,,,,,,,,,,,,,,,,EDC_1920_75
EDCPT_9427,Person,,Kintigh,S.W. {Mrs.},,,,,,,,,,F,,,,,,,,,,,EDC_1920_75
EDCPT_9428,Person,,Kintigh,Stanley William,,,,,,,,,,M,,,,,,,B.A.,,,,EDC_1920_75
EDCPT_9429,Person,,Kiong,Etienne,,,,,,,,,,M,,,,,,,,,,,EDC_1920_75; EDC_1916_56
EDCPT_9430,Person,,Kirk,A. M. {Mrs.},,,,,,,,,,F,,,,,,,,,,,EDC_1917_52
EDCPT_9431,Person,,Kirk,R. F. H.,,,,,,,,,,U,,,,,,,,,Assistant Master,,EDC_1914_17
EDCPT_9432,Person,,Kirk,R.F.H.,,,,,,,,,,M,,,,,,,A.C.P.; F.R.H.S.,,,,EDC_1916_56
EDCPT_9433,Person,,Kirkpatrick,Paul Harmon,,,,,,,,,,M,,,,,,,B. Sc.,,,,EDC_1917_52
EDCPT_9434,Person,,Kirvekoski,M. {Miss},,,,,,,,,,F,,,,,,,,,,,EDC_1920_75
EDCPT_9435,Person,,Kiu,Yan,,,,,,,,,,U,,,,,,,,,,,EDC_1917_52
EDCPT_9436,Person,,Kloss,Margaret B. {Miss},,,,,,,,,,F,,,,,,,,,,,EDC_1917_52
EDCPT_9437,Person,,Knap,Mary G. {Miss},,,,,,,,,,F,,,,,,,A.B.; A.M.,,,,EDC_1920_75
EDCPT_9438,Person,,Knight,Violet B. {Miss},,,,,,,,,,F,,,,,,,,,,,EDC_1917_52
EDCPT_9439,Person,,Knight,W. Percy {Mrs.},,,,,,,,,,F,,,,,,,,,,,EDC_1920_75
EDCPT_9440,Person,,Knipp,Arthur R.,,,,,,,,,,U,,,,,,,,,Instructor,,EDC_1914_17
EDCPT_9441,Person,,Knipp,Arthur Russell,,,,,,,,,,M,,,,,,,B.A.; B.S.,,,"""Resident Engineer"" alongside academic job",EDC_1920_75; EDC_1916_56
EDCPT_9442,Person,,Knott,Cyril W.,,,,,,,,,,M,,,,,,,M. Sc.; Teacher's Diploma,,,Absent for some/all of 1920,EDC_1920_75; EDC_1916_56
EDCPT_9443,Person,,Knott,Margaret C.,,,,,,,,,,U,,,,,,,,,Assistant Mistress,,EDC_1914_17
EDCPT_9444,Person,,Knott,Margaret C. {Mrs.},,,,,,,,,,F,,,,,,,M.A.; Teacher's Diploma,,,,EDC_1916_56
EDCPT_9445,Person,,Knotte,Otomer,,,,,,,,,,U,,,,,,,,,,,EDC_1917_53
EDCPT_9446,Person,,Ko,H.K.,,,,,,,,,,U,,,,,,,,,,,EDC_1918_67
EDCPT_9447,Person,,Ko,Leslie,,,,,,,,,,U,,,,,,,,,,,EDC_1918_67
EDCPT_9448,Person,,Koch,A. {Miss.},,,,,,,,,,F,,,,,,,,,,,EDC_1916_56
EDCPT_9449,Person,,Koch,D.,,,,,,,,,,M,,,,,,,B.A.,Rev.,,,EDC_1916_56
EDCPT_9450,Person,,Koch,T.Y.,,,,,,,,,,U,,,,,,,B.A.,,,,EDC_1918_67
EDCPT_9451,Person,,Koch,Wilfred Vincent Miller,,,,,,,,,,M,,,,,,,M.D.; Master of Surgery,,,,EDC_1920_75; EDC_1916_56
EDCPT_9452,Person,,Kock,Wilfred Vincent Miller,,,,,,,,,,M,,,,,,,,,,,EDC_1917_53
EDCPT_9453,Person,,Koh,Y. C.,,,,,,,,,,U,,,,,,,B. Sc.,,,,EDC_1917_53; EDC_1916_56
EDCPT_9454,Person,,Koh,Y. C.,,,,,,,,,,U,,,,,,,,,Assistant Master,,EDC_1914_17
EDCPT_9455,Person,,Kolfrat,E.M. {Miss},,,,,,,,,,F,,,,,,,,,,,EDC_1920_75
EDCPT_9456,Person,,Kom,EDC_1918_118;EDC_1917_91,,,,,,,,,,,,,,,,,,,,,EDC_1920_75
EDCPT_9457,Person,,Kong,Ng-ko,,,,,,,,,,U,,,,,,,,,,,EDC_1917_53
EDCPT_9458,Person,,Kong,C.H.,,,,,,,,,,,,,,,,,,,,,EDC_1920_76
EDCPT_9459,Person,,Kong,John,,,,,,,,,,M,,,,,,,,,,,EDC_1920_76
EDCPT_9460,Person,,Konnowski,{Mrs.},Kounowski; {Mrs.},,,,,,,,,F,,,,,,,,,,,EDC_1917_53; EDC_1916_56
EDCPT_9461,Person,,Konsul,{Dr.},,,,,,,,,,U,,,,,,,,,,,EDC_1917_53
EDCPT_9462,Person,,Koo,Dzeu-yia,,,,,,,,,,U,,,,,,,B.A.,,,,EDC_1917_53
EDCPT_9463,Person,,Koo,Kwaung-tsoo,,,,,,,,,,U,,,,,,,,,,,EDC_1917_53
EDCPT_9464,Person,,Koo,E. W.,,,,,,,,,,U,,,,,,,,,,,EDC_1917_53
EDCPT_9465,Person,,Koo,Kong Ng,,,,,,,,,,U,,,,,,,,,,,EDC_1916_56
EDCPT_9466,Person,,Koo,S.D.,,,,,,,,,,U,,,,,,,,,,,EDC_1917_53; EDC_1916_56
EDCPT_9467,Person,,Koo,Shun-tan,,,,,,,,,,U,,,,,,,,,,,EDC_1917_53
EDCPT_9468,Person,,Koo,So Paat,,,,,,,,,,U,,,,,,,,,,,EDC_1916_56
EDCPT_9469,Person,,Koo,T. K.,,,,,,,,,,U,,,,,,,,,,,EDC_1917_53
EDCPT_9470,Person,,Koo,Tsao-e,,,,,,,,,,U,,China,,,,,,,,,EDC_1920_76; EDC_1916_57
EDCPT_9471,Person,,Koo,U.K.,,,,,,,,,,,,,,,,,M.D.,,,Absent for some/all of 1920,EDC_1920_76; EDC_1916_57
EDCPT_9472,Person,,Korns,J.H. {Mrs.},,,,,,,,,,F,,,,,,,,,,,EDC_1920_76
EDCPT_9473,Person,,Korns,John H.,,,,,,,,,,M,,,,,,,M.A.; M.D.; B.A.; B.S.,,,,EDC_1917_53
EDCPT_9474,Person,,Kou,C.C.,,,,,,,,,,U,,,,,,,,,,,EDC_1916_57
EDCPT_9475,Person,,Krapf,H.P.,,,,,,,,,,U,,,,,,,,,,,EDC_1916_57
EDCPT_9476,Person,,Krieg,,,,,,,,,,,U,,,,,,,,Dr.,,,EDC_1916_57
EDCPT_9477,Person,,Krudon,{Miss.},,,,,,,,,,F,,,,,,,,,,,EDC_1916_57
EDCPT_9478,Person,,Ku,Chien-che,,,,,,,,,,U,,,,,,,,,,,EDC_1917_53
EDCPT_9479,Person,,Ku,Chung-fu,,,,,,,,,,U,,,,,,,,,,,EDC_1917_53
EDCPT_9480,Person,,Ku,K. W.,,,,,,,,,,U,,,,,,,,,,,EDC_1917_53
EDCPT_9481,Person,,Ku,T. R.,,,,,,,,,,U,,,,,,,,,,,EDC_1917_54
EDCPT_9482,Person,,Ku,Winfred E.,,,,,,,,,,M,,,,,,,,,,,EDC_1917_54
EDCPT_9483,Person,,Ku,Hsing Yuen,,,,,,,,,,,,,,,,,,,,,EDC_1920_76
EDCPT_9484,Person,,Ku,Matthew T. C.,,,,,,,,,,M,,,,,,,B.A.,,,,EDC_1917_53
EDCPT_9485,Person,,Ku,T.C.,,,,,,,,,,U,,,,,,,,,,Unsure if different from Ku; Mathew T.C. (different location and school),EDC_1916_57
EDCPT_9486,Person,,Ku,Y.L.,,,,,,,,,,U,,,,,,,A.T.E.C.,,,"A.T.E.C. = Arts, Technology, and Emerging Communication",EDC_1916_57
EDCPT_9487,Person,,Kuan,Wan-kung,,,,,,,,,,U,,,,,,,,,,,EDC_1917_54
EDCPT_9488,Person,,Kuan,M.,,,,,,,,,,,,,,,,,,,,,EDC_1920_76; EDC_1916_57
EDCPT_9489,Person,,Kuan,Yü Chen,,,,,,,,,,U,,,,,,,,,,,EDC_1914_17
EDCPT_9490,Person,,Kuan,Yu-chen,,,,,,,,,,U,,,,,,,,,,,EDC_1918_67; EDC_1916_57
EDCPT_9491,Person,,Kubo,T.,,,,,,,,,,,,,,,,,,,,,EDC_1920_77
EDCPT_9492,Person,,Kuh,Y. L.,,,,,,,,,,U,,,,,,,,,,,EDC_1917_54
EDCPT_9493,Person,,Kuhn,Edgar,,,,,,,,,,M,,,,,,,,,,,EDC_1917_54
EDCPT_9494,Person,,Kuipp,A. R.,,,,,,,,,,U,,,,,,,B.A. B.S.,,,,EDC_1917_52
EDCPT_9495,Person,,Kulp,Daniel Harrison {Rev.},,,,,,,,,,M,,,,,,,M.A.,Rev.,,Brown repreesentitive in China,EDC_1920_77; EDC_1916_57
EDCPT_9496,Person,,Kung,H. H.,,,,,,,,,,U,,,,,,,M.A.; B.A.,,,,EDC_1917_54; EDC_1916_57
EDCPT_9497,Person,,Kung,Tsen,,,,,,,,,,U,,,,,,,B.A.,,,,EDC_1917_54
EDCPT_9498,Person,,Kung,{Miss},,,,,,,,,,F,,,,,,,,,,,EDC_1920_77
EDCPT_9499,Person,,K'ung,H.H.,,,,,,,,,,M,,,,,,,M.A.,,,,EDC_1920_77
EDCPT_9500,Person,,Kunkle,H.E. {Miss},,,,,,,,,,F,,,,,,,,,,,EDC_1920_77
EDCPT_9501,Person,,Kunkle,J. Stewart {Rev.},,,,,,,,,,M,,,,,,,M.A.,Rev.,,,EDC_1920_77
EDCPT_9502,Person,,Kunkle,Julia M. {Mrs.},,,,,,,,,,F,,,,,,,Ph.D.,,,,EDC_1920_77
EDCPT_9503,Person,,Kuo,Ping Wen,,,,,,,,,,U,,,,,,,M.A.; Ph.D.,,,,EDC_1917_54; EDC_1916_57
EDCPT_9504,Person,,Kuo,Shih-kuan,,,,,,,,,,U,,,,,,,,,,,EDC_1917_54
EDCPT_9505,Person,,Kuo,Shou-i,,,,,,,,,,U,,,,,,,,,,,EDC_1917_54
EDCPT_9506,Person,,Kuo,T. S.,,,,,,,,,,U,,,,,,,M.S.,,,,EDC_1917_54
EDCPT_9507,Person,,Kuo,Y. T.,,,,,,,,,,U,,,,,,,B.A.,,,,EDC_1917_54
EDCPT_9508,Person,,Kuo,K.,,,,,,,,,,U,,,,,,,,,,,EDC_1916_57
EDCPT_9509,Person,,Kuo,T. S.,,,,,,,,,,U,,,,,,,"B.S., M.S.A.",,,,EDC_1920_77
EDCPT_9510,Person,,Kupfer,Carl P.,Carl F.,,,,,,,,,M,,,,,,,Ph.D.; M.A.,Rev.,,,EDC_1917_54; EDC_1916_57
EDCPT_9511,Person,,Kupfer,Carl F.,,,,,,,,,,U,,,,,,,,,,,EDC_1914_17
EDCPT_9512,Person,,Kurz,,,,,,,,,,,U,,,,,,,,Dr.,,,EDC_1916_57
EDCPT_9513,Person,,Kusche,Wilhelm,,,,,,,,,,U,,,,,,,,,,,EDC_1914_17
EDCPT_9514,Person,,Kwaan,Tak Chan,,,,,,,,,,,,,,,,,,,,,EDC_1920_77
EDCPT_9515,Person,,Kwan,{Mrs.},,,,,,,,,,F,,,,,,,,,,,EDC_1917_54
EDCPT_9516,Person,,Kwan,Seung-wo,,,,,,,,,,U,,,,,,,M.D.,,,,EDC_1917_54
EDCPT_9517,Person,,Kwan,Y. C.,,,,,,,,,,U,,,,,,,B.A.,,,,EDC_1917_54; EDC_1916_58
EDCPT_9518,Person,,Kwan,D.S.,,,,,,,,,,U,,,,,,,,,,,EDC_1916_57
EDCPT_9519,Person,,Kwan,Mon-dau,,,,,,,,,,U,,,,,,,,,,,EDC_1920_77
EDCPT_9520,Person,,Kwan,T.Z.,,,,,,,,,,U,,,,,,,,,,,EDC_1916_58
EDCPT_9521,Person,,Kwan,Yan Cho,Kwan; Tan-cho,,,,,,,,,,,,,,,,B.Sc.,,,,EDC_1920_77; EDC_1916_58
EDCPT_9522,Person,,Kwang,Ying-tao,,,,,,,,,,,,,,,,,,,,,EDC_1920_78
EDCPT_9523,Person,,Kwauk,T. Z.,,,,,,,,,,U,,,,,,,B.A.,,,,EDC_1917_55
EDCPT_9524,Person,,Kwoa,Cheng Chuen,,,,,,,,,,,,,,,,,,,,,EDC_1920_78
EDCPT_9525,Person,,Kwoh,Mary {Miss},,,,,,,,,,F,,,,,,,,,,,EDC_1917_55
EDCPT_9526,Person,,Kwoh,Frank Edward Percy,,,,,,,,,,M,,,,,,,B.Sc.,,,,EDC_1920_78
EDCPT_9527,Person,,Kwoh,Moo-yun,,,,,,,,,,,,,,,,,,,,,EDC_1920_78
EDCPT_9528,Person,,Kwok,Sing,,,,,,,,,,U,,,,,,,F.,,,,EDC_1917_55
EDCPT_9529,Person,,Kwok,Yam-tong,,,,,,,,,,,,,,,,,B.S.,,,,EDC_1920_78
EDCPT_9530,Person,,Kwong,Lok-sang,,,,,,,,,,,,,,,,,,,,,EDC_1920_78
EDCPT_9531,Person,,Kwoo,Lei Sloam,,,,,,,,,,U,,,,,,,,,,,EDC_1916_58
EDCPT_9532,Person,,Kwoo,Taan Luk,,,,,,,,,,U,,,,,,,,,,,EDC_1916_58
EDCPT_9533,Person,,Kwu,Kwaung-tsoo,,,,,,,,,,U,,,,,,,,,,,EDC_1917_55
EDCPT_9534,Person,,Ky,T-sing,,,,,,,,,,U,,,,,,,,,,,EDC_1917_55
EDCPT_9535,Person,,Kyih,Yuong-wa,,,,,,,,,,U,,,,,,,,,,,EDC_1917_55
EDCPT_9536,Person,,Kyin,Vai-poh,,,,,,,,,,U,,,,,,,,,,,EDC_1917_55
EDCPT_9537,Person,,Kyong,Z.Z.,,,,,,,,,,U,,,,,,,B.A.,,,,EDC_1916_58
EDCPT_9538,Person,,Kyuih,Hyu,,,,,,,,,,U,,,,,,,,,,,EDC_1916_58
EDCPT_9539,Person,,Kyung,T. K.,,,,,,,,,,U,,,,,,,,,,,EDC_1917_55
EDCPT_9540,Person,,Kyung,N.C.,,,,,,,,,,,,,,,,,,,,"Written as ""Kyng"" on the teachers' page, but his name is spelled as ""Kyung"" in the schools section confirming that it is a typo",EDC_1920_78; EDC_1916_58
EDCPT_9541,Person,,Kyung,Zen Kyi,,,,,,,,,,,,,,,,,,,,,EDC_1920_78
EDCPT_9542,Person,,Labrador,T.,,,,,,,,,,U,,,,,,,O.P,Rev.,,,EDC_1918_70
EDCPT_9543,Person,,Lachlan,E. {Miss},,,,,,,,,,F,,,,,,,,,,,EDC_1920_78
EDCPT_9544,Person,,Lacy,Carleton {Mrs.},Boutelle; Harriet Lang,,,,,,,,,F,,U.S.A.,,,,,,,,,EDC_1920_78; EDC_1916_58
EDCPT_9545,Person,,Lacy,George Carleton,,,,,,,,,,M,,U.S.A.,12;28;1888,"Foochow, China",12;11;1951,"Foochow, China","M.A., S.T.B.",Rev.,,https://en.wikipedia.org/wiki/George_Carleton_Lacy Brother of Walter Nind and Henry Veere,EDC_1920_78; EDC_1916_58
EDCPT_9546,Person,,Lacy,H.V. {Mrs.},Ankeny; Jessie,,,,,,,,,F,,U.S.A.,1883,"Corning, Iowa",1979,,"B.A., Ph.B.",,,,EDC_1920_79; EDC_1918_70; EDC_1916_58
EDCPT_9547,Person,,Lacy,Henry Vere,Lacy; Henry Veere,,,,,,,,,M,,U.S.A.,1886,"Pleasant Prairie, Wisconsin",1975,,"B. Sc., M.A.",Rev.,,https://archiveswest.orbiscascade.org/ark:80444/xv31451 Brother of Walter Nind Lacy and Carleton Lacy,EDC_1920_79; EDC_1918_70; EDC_1916_58
EDCPT_9548,Person,,Lacy,Walter Nind,,,,,,,,,,M,,U.S.A.,1884,,1962,,M.A.; B.Sc.,,,"Brother of Carleton Lacy and Henry Veere Lacy; Wrote book titled ""A Hundred Years of China Methodism"" (published 1948)",EDC_1920_79; EDC_1918_70; EDC_1916_58
EDCPT_9549,Person,,Lacy,Walter Nind {Mrs.},,,,,,,,,,F,,U.S.A.,,,,,B.Litt.,,,,EDC_1916_58
EDCPT_9550,Person,,Lacy,Walter Nind {Mrs},,,,,,,,,,F,,,,,,,B. Litt.,,"Anglo Chinese College, Foochow",,EDC_1914_17
EDCPT_9551,Person,,Lagerquist,A.W. {Mrs.},,,,,,,,,,F,,,,,,,,,,,EDC_1920_79; EDC_1918_71
EDCPT_9552,Person,,Lagerquist,A.W. {Rev.},,,,,,,,,,M,,,,,,,Oph.D.,Rev.,,Oph.D. = Doctor of Ophthalmology (source),EDC_1920_79; EDC_1918_70; EDC_1916_58
EDCPT_9553,Person,,Lagos,Maria Jore {Mrs.},,,,,,,,,,F,,,,,,,,,,"Also entered as: Lagoo, Maria {Mrs.} (typo)",EDC_1918_71; EDC_1916_58
EDCPT_9554,Person,,Lai,Shan-ki,,,,,,,,,,U,,,,,,,,,,,EDC_1917_55
EDCPT_9555,Person,,Lai,Kuen-ching,,,,,,,,,,U,,,,,,,M.D.,,,,EDC_1918_71
EDCPT_9556,Person,,Lai,P.W.,,,,,,,,,,,,,,,,,,,,,EDC_1920_79
EDCPT_9557,Person,,Lai,Pu Yuk {Miss},,,,,,,,,,F,,,,,,,,,,,EDC_1920_79
EDCPT_9558,Person,,Lai,T.C.,,,,,,,,,,U,,,,,,,,,,,EDC_1916_58
EDCPT_9559,Person,,Lai,Tak-him,,,,,,,,,,,,,,,,,,,,,EDC_1920_79
EDCPT_9560,Person,,Lair,Howell Portman {Rev.},,,,,,,,,,M,,,,,,,"B.A., B.D.",,,,EDC_1920_79; EDC_1918_71
EDCPT_9561,Person,,Laird,{Miss.},,,,,,,,,,F,,,,,,,,,,,EDC_1916_59
EDCPT_9562,Person,,Laird,Clinton N.,,,,,,,,,,U,,,,,,,,,Assistant Master,,EDC_1914_17
EDCPT_9563,Person,,Laird,Clinton Nevius,,,,,,,,,,M,,,,,,,"B.A., M.A.",,,,EDC_1920_79; EDC_1918_71; EDC_1918_59
EDCPT_9564,Person,,Laird,S. K. {Miss.},,,,,,,,,,F,,,,,,,B.A.,,,,EDC_1920_79; EDC_1918_71; EDC_1918_59
EDCPT_9565,Person,,Lajus,B.H. {Miss.},,,,,,,,,,F,,,,,,,,,,,EDC_1918_71
EDCPT_9566,Person,,Lam,In Cheung,,,,,,,,,,U,,,,,,,B.A.,,,,EDC_1916_58
EDCPT_9567,Person,,Lam,T.K.,,,,,,,,,,U,,,,,,,B.A.,,,,EDC_1918_71
EDCPT_9568,Person,,Lambert,L.,,,,,,,,,,U,,,,,,,,,,,EDC_1918_71
EDCPT_9569,Person,,LaMond,Lila K. {Miss},,,,,,,,,,F,,,,,,,,,,,EDC_1920_79; EDC_1918_71
EDCPT_9570,Person,,Lamoureux,I.,,,,,,,,,,U,,,,,,,,Rev,Assistant Director,,EDC_1914_17
EDCPT_9571,Person,,Lamoureux,L.,,,,,,,,,,M,,France,,,,,,Rev.,,,EDC_1918_71; EDC_1916_59
EDCPT_9572,Person,,Lampen,Sanni {Miss},,,,,,,,,,F,,,,,,,,,,,EDC_1917_56
EDCPT_9573,Person,,Landale,David,,,,,,,,,,U,,,,,,,,,,,EDC_1914_17
EDCPT_9574,Person,,Lander,Gerald Heath,Heath-Lander; Gerard,,,,,,,,,M,,Britain,08;14;1861,,11;14;1934,"Kings Cross Station, London",D.D.,Rt.Rev.,,https://en.wikipedia.org/wiki/Gerard_Lander; Chairman of several Anglican institutions,EDC_1918_71; EDC_1916_59
EDCPT_9575,Person,,Landin,D.E. {Rev.},,,,,,,,,,M,,,,,,,B.A.,,,,EDC_1920_79
EDCPT_9576,Person,,Lane,Chas E.,,,,,,,,,,U,,,,,,,B.S.,,,,EDC_1917_56
EDCPT_9577,Person,,Lang,Nieng,,,,,,,,,,U,,,,,,,,,,,EDC_1916_58
EDCPT_9578,Person,,Lanneau,Sophie S. {Miss.},,,,,,,,,,F,,France,,,,,B.A.,,,,EDC_1918_71
EDCPT_9579,Person,,Lanneau,Sophie S. {Miss},,,,,,,,,,F,,,,,,,,,,,EDC_1920_80
EDCPT_9580,Person,,Lanphear,B. Woodward,,,,,,,,,,M,,,,,,,B.A.,,,,EDC_1920_80
EDCPT_9581,Person,,Lao,C.C.,,,,,,,,,,U,,,,,,,,,,,EDC_1916_59
EDCPT_9582,Person,,Lapparent,J. de,,,,,,,,,,U,,,,,,,S. J.,,President,,EDC_1914_17
EDCPT_9583,Person,,Large,A.W.,,,,,,,,,,U,,,,,,,,,,,EDC_1916_59
EDCPT_9584,Person,,Larson,E.L. {Miss.},,,,,,,,,,F,,,,,,,B.A.,,,,EDC_1918_71; EDC_1916_58
EDCPT_9585,Person,,Lasell,S. L.,,,,,,,,,,U,,,,,,,B.A.; M.D.,,,likely same as Sidney L. Lasell?,EDC_1917_56; EDC_1916_59
EDCPT_9586,Person,,Lasell,Sidney L.,,,,,,,,,,M,,,,,,,"B.A., M.D.",,,,EDC_1920_80
EDCPT_9587,Person,,Latimer,James V.,,,,,,,,,,M,,,,,,,M.A.,Rev.,,,EDC_1918_71
EDCPT_9588,Person,,Latourette,Kenneth Scott,,,,,,,,,,U,,U.S.A.,08;06;1884,"Oregon City, Oregon, U.S.A.",12;26;1968,"Oregon City, Oregon, U.S.A.",Ph.D.,,,https://en.wikipedia.org/wiki/Kenneth_Scott_Latourette,EDC_1917_56; EDC_1916_59
EDCPT_9589,Person,,Latourette,K. S.,,,,,,,,,,U,,,,,,,Ph. D.,,Assistant Master,,EDC_1914_17
EDCPT_9590,Person,,Latourette,Sheldon Howard,,,,,,,,,,M,,,,,,,B.A.,,,,EDC_1916_59
EDCPT_9591,Person,,Lattimore,David,,,,,,,,,,M,,,,,,,,,,,EDC_1917_56
EDCPT_9592,Person,,Lattimore,David,,,,,,,,,,U,,,,,,,,,"Professor of English and French, and Head of Department",,EDC_1914_17
EDCPT_9593,Person,,Lau,Chi-kwong {Miss},,,,,,,,,,F,,,,,,,,,,,EDC_1920_80
EDCPT_9594,Person,,Lau,Chu-pak,,,,,,,,,,U,,,,,,,F.R.S.A.,Hon.,,FRSA = Fellow of the Royal Society of Arts,EDC_1916_59
EDCPT_9595,Person,,Lau,Hang Hsu,,,,,,,,,,U,,,,,,,,,,,EDC_1916_59
EDCPT_9596,Person,,Lau,J.,,,,,,,,,,,,,,,,,,,,,EDC_1920_80
EDCPT_9597,Person,,Lau,Ka-siong,,,,,,,,,,M,,,,,,,,Rev.,,,EDC_1918_72
EDCPT_9598,Person,,Lau,M.,,,,,,,,,,U,,,,,,,,Rev.,,,EDC_1916_59
EDCPT_9599,Person,,Lau,Mary {Miss.},,,,,,,,,,F,,,,,,,,,,,EDC_1916_59
EDCPT_9600,Person,,Lau,Waan-wai,,,,,,,,,,,,,,,,,"B.A., C.E.",,,,EDC_1920_80; EDC_1918_72
EDCPT_9601,Person,,Law,Yau-tsit,,,,,,,,,,,,,,,,,M.A.,,,,EDC_1920_80
EDCPT_9602,Person,,Lawrence,Jane {Miss},,,,,,,,,,F,,,,,,,,,,,EDC_1920_80
EDCPT_9603,Person,,Lea,H. {Mrs.},,,,,,,,,,F,,,,,,,,,,,EDC_1917_56; EDC_1916_59
EDCPT_9604,Person,,Lea,H. A. H.,,,,,,,,,,U,,,,,,,M. A.,Rev,Assistant Master,,EDC_1916_17
EDCPT_9605,Person,,Lea,H.A.H.,,,,,,,,,,U,,,,,,,M.A.,Rev.,,,EDC_1916_59
EDCPT_9606,Person,,Lea,L.G.,,,,,,,,,,M,,,,,,,,,,,EDC_1918_72; EDC_1916_60
EDCPT_9607,Person,,Leach,C.D. {Mrs.},,,,,,,,,,F,,,,,,,B.A.,,,,EDC_1920_80; EDC_1918_72
EDCPT_9608,Person,,Leaf,Katherine C. {Miss},,,,,,,,,,F,,,,,,,,,,,EDC_1920_80
EDCPT_9609,Person,,Leang,T.C.,,,,,,,,,,M,,,,,,,B.A.,,,,EDC_1920_80
EDCPT_9610,Person,,Leathers,Dorothy {Miss},,,,,,,,,,F,,,,,,,M.A.,,,,EDC_1920_80; EDC_1918_72
EDCPT_9611,Person,,Leaven,R. H.,,,,,,,,,,U,,,,,,,B.A.,,,,EDC_1917_56
EDCPT_9612,Person,,Leavens,Dickson H.,,,,,,,,,,M,,,,,,,B.A.,,,,EDC_1920_81; EDC_1918_72
EDCPT_9613,Person,,Lee,Soong-dau,,,,,,,,,,U,,,,,,,B.A.,,,,EDC_1917_57
EDCPT_9614,Person,,Lee,Teng-hwee,,,,,,,,,,U,,,,,,,B.A.,,,,EDC_1917_57
EDCPT_9615,Person,,Lee,Ying-chwen,,,,,,,,,,U,,,,,,,B.A.,,,,EDC_1917_57
EDCPT_9616,Person,,Lee,A.Y.,,,,,,,,,,U,,England,,,,,M.S.,,,,EDC_1918_72
EDCPT_9617,Person,,Lee,Alan W.S.,,,,,,,,,,M,,,,,,,,,,,EDC_1920_81; EDC_1918_72; EDC_1916_60
EDCPT_9618,Person,,Lee,B.Y.,,,,,,,,,,U,,England,,,,,B.S.,,,,EDC_1918_72
EDCPT_9619,Person,,Lee,Bai-ung,,,,,,,,,,,,,,,,,,,,,EDC_1920_81; EDC_1918_72
EDCPT_9620,Person,,Lee,Caroline {Miss},,,,,,,,,,F,,,,,,,,,,,EDC_1920_81
EDCPT_9621,Person,,Lee,D.Y.,,,,,,,,,,,,,,,,,"B.S., M.S.",,,,EDC_1920_81; EDC_1918_72
EDCPT_9622,Person,,Lee,E.J.,,,,,,,,,,,,,,,,,,,,,EDC_1920_81; EDC_1918_72
EDCPT_9623,Person,,Lee,Fonson,,,,,,,,,,M,,England,,,,,,,,,EDC_1918_72
EDCPT_9624,Person,,Lee,Frank W.,,,,,,,,,,M,,,,,,,LL.B.,Rev.,,Absent for some/all of 1920,EDC_1920_81; EDC_1918_72
EDCPT_9625,Person,,Lee,H.,,,,,,,,,,U,,,,,,,M.D.,,,,EDC_1916_60
EDCPT_9626,Person,,Lee,H.L.,,,,,,,,,,,,,,,,,,,,,EDC_1920_81
EDCPT_9627,Person,,Lee,J.V. {Miss},,,,,,,,,,F,,,,,,,M.D.,,,,EDC_1920_81; EDC_1918_72
EDCPT_9628,Person,,Lee,K.,,,,,,,,,,M,,England,,,,,,Rev.,,,EDC_1918_72
EDCPT_9629,Person,,Lee,K.C.,,,,,,,,,,,,,,,,,,,,,EDC_1920_81
EDCPT_9630,Person,,Lee,K.S.,,,,,,,,,,U,,,,,,,C.E.,,,,EDC_1916_60
EDCPT_9631,Person,,Lee,Lien-Cheng,,,,,,,,,,U,,,,,,,,,,,EDC_1916_60
EDCPT_9632,Person,,Lee,Lin-mae,,,,,,,,,,,,,,,,,,,,,EDC_1920_81
EDCPT_9633,Person,,Lee,M.P.,,,,,,,,,,U,,England,,,,,,,,,EDC_1918_73
EDCPT_9634,Person,,Lee,Mali {Miss.},,,,,,,,,,F,,,,,,,M.A.,,,,EDC_1916_60
EDCPT_9635,Person,,Lee,P.L.H.,,,,,,,,,,U,,England,,,,,,,,,EDC_1918_73
EDCPT_9636,Person,,Lee,Ruth {Miss},,,,,,,,,,F,,,,,,,,,,,EDC_1916_60
EDCPT_9637,Person,,Lee,S.D.,,,,,,,,,,,,,,,,,,,,"""Chinese Secretary of the Faculty"" alongside academic job",EDC_1920_81
EDCPT_9638,Person,,Lee,S.L.,,,,,,,,,,U,,,,,,,,,,,EDC_1916_60
EDCPT_9639,Person,,Lee,Shu-shen,,,,,,,,,,M,,England,,,,,B.A.,,,,EDC_1918_73; EDC_1916_60
EDCPT_9640,Person,,Lee,T.P.,,,,,,,,,,U,,,,,,,,,,,EDC_1916_60
EDCPT_9641,Person,,Lee,Teng-hwa,,,,,,,,,,U,,,,,,,B. A. Yale,,President,,EDC_1916_17
EDCPT_9642,Person,,Lee,Tien-chih,,,,,,,,,,M,,,,,,,B.A.,,,,EDC_1918_73
EDCPT_9643,Person,,Lee,Virginia {Miss},,,,,,,,,,F,,,,,,,,,,,EDC_1920_82; EDC_1918_73
EDCPT_9644,Person,,Lee,V-tsing,,,,,,,,,,U,,,,,,,,,,,EDC_1916_60
EDCPT_9645,Person,,Lee,Wen-kuen,,,,,,,,,,,,,,,,,,,,,EDC_1920_82
EDCPT_9646,Person,,Lee,Y.C.,,,,,,,,,,,,,,,,,M.D.,,,,EDC_1920_82
EDCPT_9647,Person,,Lee,Yang-chwan,,,,,,,,,,,,,,,,,,,,,EDC_1920_82; EDC_1918_73
EDCPT_9648,Person,,Lee,Ying-nam,,,,,,,,,,,,,,,,,,,,,EDC_1920_82
EDCPT_9649,Person,,Lee,Zunlin H.,,,,,,,,,,M,,,,,,,B.Sc.,,,,EDC_1918_73
EDCPT_9650,Person,,Leeds,H. M: {Miss.},,,,,,,,,,F,,,,,,,,,,,
EDCPT_9651,Person,,Lefforge,Roxy {Miss},,,,,,,,,,F,,,,,,,,,,,EDC_1920_82
EDCPT_9652,Person,,Lei,Chan-pong,,,,,,,,,,U,,,,,,,,,,,EDC_1917_55
EDCPT_9653,Person,,Lei,Pei Mo,,,,,,,,,,U,,,,,,,,,,,EDC_1916_60
EDCPT_9654,Person,,Leigh,J. Wosung,,,,,,,,,,,,,,,,,,,,,EDC_1920_82; EDC_1918_73; EDC_1916_60
EDCPT_9655,Person,,Leighton,,,,,,,,,,,U,,,,,,,,Rev.,,,EDC_1917_57
EDCPT_9656,Person,,Lemon,C.A.,,,,,,,,,,U,,,,,,,,,,,EDC_1916_60
EDCPT_9657,Person,,Leng,P.S.,,,,,,,,,,,,,,,,,B.A.,,,,EDC_1920_82
EDCPT_9658,Person,,Lenney,Adelle {Miss},,,,,,,,,,F,,,,,,,,,,,EDC_1917_57
EDCPT_9659,Person,,Lennox,W.G.,,,,,,,,,,M,,,,,,,"B.A., M.D.",,,,EDC_1920_82
EDCPT_9660,Person,,Lennox,W.G. {Mrs.},,,,,,,,,,F,,,,,,,,,,,EDC_1920_82
EDCPT_9661,Person,,Leo,Hsin-chen,,,,,,,,,,U,,,,,,,,,,,EDC_1917_57
EDCPT_9662,Person,,Leo,Johnson C.Y.,Leo; Johnson C.T.,,,,,,,,,M,,,,,,,B.A.,,,,EDC_1920_83; EDC_1918_73; EDC_1916_61
EDCPT_9663,Person,,Leon,,,,,,,,,,,M,,,,,,,,F.,,,EDC_1916_61
EDCPT_9664,Person,,Leon,{Brother} (Peking),,,,,,,,,,M,,,,,,,,Frère,,,EDC_1920_83
EDCPT_9665,Person,,Leon,{Brother} (Shanghai),,,,,,,,,,M,,,,,,,,,,,EDC_1920_83
EDCPT_9666,Person,,Leon,Milton H.,,,,,,,,,,M,,,,,,,B.A.,,,,EDC_1916_61
EDCPT_9667,Person,,Leon,St. {Sister},,,,,,,,,,F,,,,,,,,Sr.,,,EDC_1920_83
EDCPT_9668,Person,,Leonard,Charles A. {Rev.},,,,,,,,,,M,,U.S.A.,,,,,"B.A., M.D.",Rev.,,,EDC_1920_83; EDC_1918_73; EDC_1916_61
EDCPT_9669,Person,,Leonard,E. E.{Miss},,,,,,,,,,F,,,,,,,M.D.,,,,EDC_1916_17
EDCPT_9670,Person,,Leonard,Eliza E. {Miss},,,,,,,,,,F,,,,,,,"B.A., M.D.",,,,EDC_1920_83; EDC_1918_73; EDC_1916_61
EDCPT_9671,Person,,Leonore,M.,,,,,,,,,,M,,,,,,,,Frère,,,EDC_1918_73
EDCPT_9672,Person,,Lepetit,J. {Madame},Lepetit; I. {Madame},,,,,,,,,F,,,,,,,,,,,EDC_1917_57; EDC_1916_61
EDCPT_9673,Person,,Lequear,H.R.,Leqeuear; H.R.,,,,,,,,,M,,France,,,,,B.A.,,,,EDC_1918_74; EDC_1916_61
EDCPT_9674,Person,,Lequear,H.R. {Mrs.},,,,,,,,,,F,,France,,,,,,,,,EDC_1918_74
EDCPT_9675,Person,,Lerrigo,G.E.,,,,,,,,,,U,,,,,,,,,,,EDC_1916_61
EDCPT_9676,Person,,Leslie,P.C.,,,,,,,,,,U,,,,,,,M.A.; M.D.,,,,EDC_1916_61
EDCPT_9677,Person,,Lester,Emma {Miss.},,,,,,,,,,F,,England,,,,,,,,*Repeat name,EDC_1918_74
EDCPT_9678,Person,,Lester,Emma Service {Miss},,,,,,,,,,F,,U.S.A.,,,,,,,,,EDC_1920_83; EDC_1916_61
EDCPT_9679,Person,,Lethin,A.N.,,,,,,,,,,U,,,,,,,,,,,EDC_1916_61
EDCPT_9680,Person,,Leung,Chik-fan,,,,,,,,,,U,,,,,,,L. M. S.,,Lecturer in First Aid,,EDC_1914_18
EDCPT_9681,Person,,Leung,Chik-fan,,,,,,,,,,U,,,,,,,L.M.S.,,,,EDC_1916_61
EDCPT_9682,Person,,Leung,Louis P.,,,,,,,,,,M,,,,,,,M.D.,,,,EDC_1920_83
EDCPT_9683,Person,,Leung,Yuk-tong,,,,,,,,,,U,,,,,,,,,Assistant Master,,EDC_1914_18
EDCPT_9684,Person,,Leverett,William J.,,,,,,,,,,M,,,,,,,B.A.,Rev.,,,EDC_1920_83
EDCPT_9685,Person,,Levine,Carl Oscar,,,,,,,,,,M,,,,,,,B.S.,,,,EDC_1920_83; EDC_1918_74
EDCPT_9686,Person,,Levitzky,M.{Miss},,,,,,,,,,F,,,,,,,,,Assistant Mistress,,EDC_1914_18
EDCPT_9687,Person,,Lewis,C. H. {Rev.},,,,,,,,,,M,,,,,,,M.A.,Rev.,,,EDC_1920_83
EDCPT_9688,Person,,Lewis,Charles,,,,,,,,,,M,,,,,,,M.A.; M.D.,,,,EDC_1916_61
EDCPT_9689,Person,,Lewis,Grace Joy {Miss},,,,,,,,,,F,,,,,,,"B.A., M.A.",,,,EDC_1920_83
EDCPT_9690,Person,,Lewis,Grace Joy {Miss},,,,,,,,,,F,,,,,,,,,Teacher of English and Music,,EDC_1914_18
EDCPT_9691,Person,,Lewis,Ida Belle {Miss},,,,,,,,,,F,,,,,,,,,,,EDC_1920_83
EDCPT_9692,Person,,Lewis,Spencer {Rev.},,,,,,,,,,M,,,,,,,"M.A., D.D.",Rev.,,,EDC_1920_83
EDCPT_9693,Person,,Li,C. S.,,,,,,,,,,U,,,,,,,B.A.,,,,EDC_1917_57
EDCPT_9694,Person,,Li,Chin-haueh,,,,,,,,,,U,,,,,,,,,,,EDC_1917_57
EDCPT_9695,Person,,Li,F. C.,,,,,,,,,,U,,,,,,,B.A.,,,,EDC_1917_57
EDCPT_9696,Person,,Li,F. I.,,,,,,,,,,U,,,,,,,B.A.,,,,EDC_1917_57; EDC_1916_62
EDCPT_9697,Person,,Li,H.C.,,,,,,,,,,U,,,,,,,,,,,EDC_1917_57
EDCPT_9698,Person,,Li,K.K.,,,,,,,,,,U,,,,,,,,,,,EDC_1917_57
EDCPT_9699,Person,,Li,K.Y.,,,,,,,,,,U,,,,,,,,,,,EDC_1917_57
EDCPT_9700,Person,,Li,Kuang-nung,,,,,,,,,,U,,,,,,,B.A.,,,,EDC_1917_57
EDCPT_9701,Person,,Li,Oen-sung,,,,,,,,,,U,,,,,,,B.A.,,,,EDC_1917_58; EDC_1916_62
EDCPT_9702,Person,,Li,Sung-chuan,,,,,,,,,,U,,,,,,,B.S.,,,,EDC_1917_58
EDCPT_9703,Person,,Li,Y.L.,,,,,,,,,,U,,,,,,,B.A.,,,,EDC_1917_58
EDCPT_9704,Person,,Li,Yuan-cheng,,,,,,,,,,U,,,,,,,,,,,EDC_1917_59
EDCPT_9705,Person,,Li,Bao-deh,,,,,,,,,,U,,,,,,,,,,,EDC_1918_74
EDCPT_9706,Person,,Li,Bo Dalk,,,,,,,,,,U,,,,,,,,,,,EDC_1916_61
EDCPT_9707,Person,,Li,C.C.,,,,,,,,,,,,,,,,,,,,,EDC_1920_84
EDCPT_9708,Person,,Li,C.C. (Chongqing),,,,,,,,,,,,,,,,,,,,,EDC_1920_84
EDCPT_9709,Person,,Li,C.P. {Mrs.},,,,,,,,,,F,,,,,,,,,,,EDC_1920_84
EDCPT_9710,Person,,Li,Chan Te,,,,,,,,,,,,,,,,,B.A.,,,,EDC_1920_84
EDCPT_9711,Person,,Li,Chia-tung,,,,,,,,,,U,,,,,,,B.Sc.,,,,EDC_1916_61
EDCPT_9712,Person,,Li,Ching-cheng,,,,,,,,,,M,,China,,,,,,,,,EDC_1918_74
EDCPT_9713,Person,,Li,Chung San,,,,,,,,,,,,,,,,,,,,,EDC_1920_84
EDCPT_9714,Person,,Li,Chung-fan,,,,,,,,,,U,,,,,,,,,,,EDC_1916_62
EDCPT_9715,Person,,Li,Chung-san,,,,,,,,,,,,,,,,,,,,,EDC_1920_84
EDCPT_9716,Person,,Li,Dao-hwei,,,,,,,,,,U,,,,,,,,,,,EDC_1916_62
EDCPT_9717,Person,,Li,David,,,,,,,,,,M,,,,,,,B.A.,,,,EDC_1920_84; EDC_1918_74
EDCPT_9718,Person,,Li,Dih-hwo,,,,,,,,,,U,,,,,,,B.A.,,,,EDC_1916_62
EDCPT_9719,Person,,Li,Fongson,,,,,,,,,,M,,China,,,,,,,,,EDC_1918_74
EDCPT_9720,Person,,Li,Gwei-nan,,,,,,,,,,M,,China,,,,,,,,,EDC_1918_74
EDCPT_9721,Person,,Li,Gwei-ying,,,,,,,,,,,,,,,,,,,,,EDC_1920_84
EDCPT_9722,Person,,Li,H.H.,,,,,,,,,,U,,,,,,,,,,,EDC_1916_62
EDCPT_9723,Person,,Li,H.S.,,,,,,,,,,U,,,,,,,,,,,EDC_1916_62
EDCPT_9724,Person,,Li,H.T.,,,,,,,,,,U,,,,,,,,,,,EDC_1916_62
EDCPT_9725,Person,,Li,Hei-tsai,,,,,,,,,,U,,,,,,,,,,,EDC_1916_62
EDCPT_9726,Person,,Li,Hen,,,,,,,,,,,,,,,,,,,,,EDC_1920_84
EDCPT_9727,Person,,Li,Hou-fu,,,,,,,,,,M,,China,,,,,,Rev.,,,EDC_1918_74
EDCPT_9728,Person,,Li,Hsin-sheng,,,,,,,,,,,,,,,,,B.D.,,,,EDC_1920_84
EDCPT_9729,Person,,Li,Hwei-chuen,,,,,,,,,,U,,,,,,,B. A.,,Assistant Master (Chemical Analysis and Physics),,EDC_1914_18
EDCPT_9730,Person,,Li,Ih-zung,,,,,,,,,,,,,,,,,,,,,EDC_1920_84; EDC_1918_74
EDCPT_9731,Person,,Li,I-lien {Miss},,,,,,,,,,F,,,,,,,,,,,EDC_1920_84
EDCPT_9732,Person,,Li,Ju-sung,,,,,,,,,,,,,,,,,,,,,EDC_1920_84
EDCPT_9733,Person,,Li,K. C.,,,,,,,,,,U,,,,,,,B. A.,,Assistant Master,,EDC_1914_18
EDCPT_9734,Person,,Li,K.H.,,,,,,,,,,,,,,,,,B.A.,,,,EDC_1920_84
EDCPT_9735,Person,,Li,K.S.,,,,,,,,,,U,,,,,,,,,,,EDC_1916_62
EDCPT_9736,Person,,Li,Kuang-ming,,,,,,,,,,M,,China,,,,,B.A.,,,,EDC_1918_74
EDCPT_9737,Person,,Li,Kuang-zung,,,,,,,,,,,,,,,,,,,,,EDC_1920_85; EDC_1918_74
EDCPT_9738,Person,,Li,Kwei-wu,,,,,,,,,,,,,,,,,,,,,EDC_1920_85
EDCPT_9739,Person,,Li,L.M.,,,,,,,,,,,,,,,,,,,,,EDC_1920_85
EDCPT_9740,Person,,Li,Mo-kia,,,,,,,,,,U,,China,,,,,B.A.,,,,EDC_1918_75
EDCPT_9741,Person,,Li,O.Z.,,,,,,,,,,,,,,,,,B.A.,,,,EDC_1920_85; EDC_1918_75; EDC_1916_62
EDCPT_9742,Person,,Li,Oen-sung,,,,,,,,,,U,,,,,,,,,Assistant Master,,EDC_1914_18
EDCPT_9743,Person,,Li,P.C. {Mrs.},,,,,,,,,,F,,China,,,,,M.D.,,,,EDC_1918_74
EDCPT_9744,Person,,Li,P.S.,,,,,,,,,,M,,China,,,,,,,,,EDC_1918_75
EDCPT_9745,Person,,Li,Pei-liu,,,,,,,,,,M,,China,,,,,B.A.,,,,EDC_1918_75
EDCPT_9746,Person,,Li,Pin-san,,,,,,,,,,,,,,,,,,,,,EDC_1920_85
EDCPT_9747,Person,,Li,Po-kang,,,,,,,,,,U,,,,,,,,,,,EDC_1916_62
EDCPT_9748,Person,,Li,Q. Z.,,,,,,,,,,U,,,,,,,,,Registrar and Assistant,,EDC_1914_18
EDCPT_9749,Person,,Li,Ruth {Miss.},,,,,,,,,,F,,China,,,,,,,,,EDC_1918_74
EDCPT_9750,Person,,Li,S.C.,,,,,,,,,,U,,,,,,,,,,,EDC_1916_62
EDCPT_9751,Person,,Li,S.L.,,,,,,,,,,U,,,,,,,B.S.,,,,EDC_1916_62
EDCPT_9752,Person,,Li,S.P.,,,,,,,,,,,,,,,,,,,,,EDC_1920_85
EDCPT_9753,Person,,Li,S.T.,,,,,,,,,,U,,,,,,,,,,,EDC_1916_62
EDCPT_9754,Person,,Li,Shao Pu,,,,,,,,,,,,,,,,,,,,,EDC_1920_85
EDCPT_9755,Person,,Li,Sheng-yu,,,,,,,,,,U,,,,,,,,,,,EDC_1916_63
EDCPT_9756,Person,,Li,Shen-lin,,,,,,,,,,U,,,,,,,B.A.,,,,EDC_1916_62
EDCPT_9757,Person,,Li,Sun-chu,,,,,,,,,,,,,,,,,,,,,EDC_1920_85
EDCPT_9758,Person,,Li,T. H.,,,,,,,,,,U,,,,,,,M. D.,,Assistant Master,,EDC_1914_18
EDCPT_9759,Person,,Li,T.F.,,,,,,,,,,U,,,,,,,,,,,EDC_1916_62
EDCPT_9760,Person,,Li,T.L.,,,,,,,,,,,,,,,,,M.D.,,,,EDC_1920_85
EDCPT_9761,Person,,Li,T.Y.,,,,,,,,,,U,,,,,,,B.S.,,,,EDC_1916_63
EDCPT_9762,Person,,Li,Ven-on,,,,,,,,,,,,,,,,,,,,,EDC_1920_85
EDCPT_9763,Person,,Li,W.C.,,,,,,,,,,U,,,,,,,A.B.,,,,EDC_1916_62
EDCPT_9764,Person,,Li,W.L.,,,,,,,,,,U,,,,,,,A.B.,,,,EDC_1916_61
EDCPT_9765,Person,,Li,Wang Pao-chun {Mrs.},,,,,,,,,,F,,,,,,,,,,,EDC_1920_85
EDCPT_9766,Person,,Li,Wen Kwang,,,,,,,,,,U,,,,,,,,,,,EDC_1916_62
EDCPT_9767,Person,,Li,Y.W.,,,,,,,,,,U,,,,,,,,,,,EDC_1916_63
EDCPT_9768,Person,,Li,Yang Chen,,,,,,,,,,,,,,,,,B.S.,,,,EDC_1920_85
EDCPT_9769,Person,,Li,Yong-chwan,,,,,,,,,,U,,,,,,,B.A.,,,,EDC_1916_63
EDCPT_9770,Person,,Li,Yu-lin,,,,,,,,,,,,,,,,,,,,,EDC_1920_85
EDCPT_9771,Person,,Li,Yun-lung,,,,,,,,,,,,,,,,,,,,,EDC_1920_86
EDCPT_9772,Person,,Liang,,,,,,,,,,,U,,,,,,,,,,,EDC_1916_63
EDCPT_9773,Person,,Liang,F.T.,,,,,,,,,,U,,,,,,,B.A.,,,,EDC_1917_58
EDCPT_9774,Person,,Liang,S.T.,,,,,,,,,,U,,,,,,,M.D.,,,,EDC_1917_58; EDC_1916_63
EDCPT_9775,Person,,Liang,H.L.,,,,,,,,,,U,,China,,,,,B.A.,,,,EDC_1918_75; EDC_1916_63
EDCPT_9776,Person,,Liang,Kam-sing,,,,,,,,,,,,,,,,,,,,,EDC_1920_86
EDCPT_9777,Person,,Liang,S. T.,,,,,,,,,,U,,,,,,,,,Professor of Surgery,,EDC_1914_18
EDCPT_9778,Person,,Liang,T. Y.,,,,,,,,,,U,,,,,,,B. A.,,Assistant Master,,EDC_1914_18
EDCPT_9779,Person,,Liang,T.Y.,,,,,,,,,,U,,,,,,,,,,,EDC_1916_63
EDCPT_9780,Person,,Liau,T.C.,,,,,,,,,,,,,,,,,M.D.,,,,EDC_1920_86
EDCPT_9781,Person,,Lide,Florence C. {Miss},,,,,,,,,,F,,,,,,,B.A.,,,,EDC_1920_86; EDC_1918_75
EDCPT_9782,Person,,Lide,Jane W. {Miss},,,,,,,,,,F,,,,,,,"B.A., Pd.M.",,,,EDC_1920_86; EDC_1918_75
EDCPT_9783,Person,,Lien,Kyung-yue,,,,,,,,,,U,,,,,,,,,,,EDC_1917_58
EDCPT_9784,Person,,Lien,Tsung-Toong,,,,,,,,,,,,,,,,,,,,,EDC_1920_86
EDCPT_9785,Person,,Lieo,C.F.,,,,,,,,,,U,,,,,,,,,,,EDC_1917_58
EDCPT_9786,Person,,Lieo,C.T.,,,,,,,,,,,,,,,,,,,,,EDC_1920_86
EDCPT_9787,Person,,Lieo,F.H. {Rev.},,,,,,,,,,M,,,,,,,,Rev.,,,EDC_1920_86
EDCPT_9788,Person,,Lieu,Dakuin K.,,,,,,,,,,U,,,,,,,A.B.,,,,EDC_1917_58
EDCPT_9789,Person,,Ligget,Isabel M. {Miss},,,,,,,,,,F,,,,,,,,,,,EDC_1917_58
EDCPT_9790,Person,,Liggett,Emma Sue,,,,,,,,,,U,,,,,,,,,Instructor in Mathematics,,EDC_1914_18
EDCPT_9791,Person,,Liggett,M. Isabel,,,,,,,,,,U,,,,,,,M. D.,,Instructor in English,,EDC_1914_18
EDCPT_9792,Person,,Lillian,Mary {Sister},,,,,,,,,,F,,U.S.A.,,,,,"Graduate of Normal College, Post-Graduate",,,,EDC_1920_86; EDC_1918_76; EDC_1916_63
EDCPT_9793,Person,,Lim,Chean-li,,,,,,,,,,M,,China,,,,,B.S.,,,,EDC_1918_76
EDCPT_9794,Person,,Lima,Mathens Antonio,Lima; Materes A.,,,,,,,,,M,,,,,,,,,,,EDC_1917_58; EDC_1916_63
EDCPT_9795,Person,,Lima,Joao Machadode {Rev.},,,,,,,,,,M,,Portug,,,,,,,,,EDC_1920_86; EDC_1918_76
EDCPT_9796,Person,,Limbach,,,,,,,,,,,U,,,,,,,,,,,EDC_1916_63
EDCPT_9797,Person,,Lime,P. F.,,,,,,,,,,U,,,,,,,B.A.,,,,EDC_1917_58
EDCPT_9798,Person,,Lin,Yu-t'ang,,,,,,,,,,U,,,,,,,B.A.,,,,EDC_1917_59
EDCPT_9799,Person,,Lin,D.Y.,,,,,,,,,,U,,China,,,,,M.F.,,,,EDC_1918_76
EDCPT_9800,Person,,Lin,Fung Hin,,,,,,,,,,U,,,,,,,B.A.; M.A.,,,,EDC_1916_63
EDCPT_9801,Person,,Lin,Gwoa-ming,,,,,,,,,,U,,,,,,,,,,,EDC_1916_64
EDCPT_9802,Person,,Lin,H. B.,,,,,,,,,,U,,,,,,,,,,,EDC_1917_58
EDCPT_9803,Person,,Lin,I.N.,,,,,,,,,,,,,,,,,B.A.,,,,EDC_1920_86
EDCPT_9804,Person,,Lin,J.,,,,,,,,,,U,,China,,,,,,,,,EDC_1918_76
EDCPT_9805,Person,,Lin,K.G.,,,,,,,,,,U,,,,,,,,,,,EDC_1916_63
EDCPT_9806,Person,,Lin,Langing,Lin; Lan-ying,,,,,,,,,M,,China,,,,,M.D.,,,,EDC_1918_76; EDC_1916_63
EDCPT_9807,Person,,Lin,Lan-ying {Miss},,,,,,,,,,F,,,,,,,B. A. M. D.,,,,EDC_1914_18
EDCPT_9808,Person,,Lin,N.L.,,,,,,,,,,U,,,,,,,B.A.,,,,EDC_1916_64
EDCPT_9809,Person,,Lin,S.L.,,,,,,,,,,U,,,,,,,,,,,EDC_1916_63
EDCPT_9810,Person,,Lin,Ting Po,,,,,,,,,,U,,,,,,,,,,,EDC_1916_63
EDCPT_9811,Person,,Lin,Ting Seng,,,,,,,,,,U,,,,,,,,,,,EDC_1916_63
EDCPT_9812,Person,,Lin,Ts'ing-hsiang,,,,,,,,,,U,,,,,,,B.A.,,,,EDC_1916_63
EDCPT_9813,Person,,Lin,Wilson,,,,,,,,,,U,,China,,,,,,,,,EDC_1918_76
EDCPT_9814,Person,,Lincoln,Charles S. F.,,,,,,,,,,U,,,,,,,"B. Litt., F. R. Met. Soc.",,Professor of Obstetrics and Clinical Medicine,,EDC_1914_18
EDCPT_9815,Person,,Lincoln,Charles S.F.,,,,,,,,,,M,,,,,,,"B.A., M.D.",,,,EDC_1920_87; EDC_1918_76; EDC_1916_64
EDCPT_9816,Person,,Linden,Hermann {Rev.},,,,,,,,,,M,,,,,,,,,,,EDC_1920_87; EDC_1918_76; EDC_1916_64
EDCPT_9817,Person,,Lindenmeyer,Myrtle M. {Mrs.},,,,,,,,,,F,,,,,,,B.A.,,,,EDC_1916_64
EDCPT_9818,Person,,Lindsay,R. {Rev.},,,,,,,,,,M,,,,,,,,Rev.,,,EDC_1920_87
EDCPT_9819,Person,,Lindsay,W. W.,,,,,,,,,,U,,,,,,,,,Co-Principal,,EDC_1914_18
EDCPT_9820,Person,,Lindstrum,Carl,,,,,,,,,,M,,,,,,,,,,,EDC_1916_64
EDCPT_9821,Person,,Linebarger,Paul Myron,,,,,,,,,,M,,,,,,,,,,Also a renowned science fiction author apparently??? His pen name was Cordwainer Smith.,EDC_1920_87
EDCPT_9822,Person,,Lines,C.S.F.,,,,,,,,,,U,,,,,,,B.A.; M.D.,,,,EDC_1916_64
EDCPT_9823,Person,,Ling,Andrew,,,,,,,,,,M,,,,,,,,,,,EDC_1917_59
EDCPT_9824,Person,,Ling,Caik-Hie,Ling; Caik Hio,,,,,,,,,U,,,,,,,,,,,EDC_1917_59; EDC_1916_64
EDCPT_9825,Person,,Ling,T. H.,,,,,,,,,,U,,,,,,,,,,,EDC_1917_59; EDC_1916_64
EDCPT_9826,Person,,Ling,Wen-pin,,,,,,,,,,U,,,,,,,,,,,EDC_1917_59
EDCPT_9827,Person,,Ling,Bo-king,,,,,,,,,,U,,,,,,,,,,,EDC_1916_64
EDCPT_9828,Person,,Ling,Buo-hung,,,,,,,,,,M,,China,,,,,,,,,EDC_1918_76
EDCPT_9829,Person,,Ling,Caik Ngu,,,,,,,,,,U,,,,,,,,,,,EDC_1916_64
EDCPT_9830,Person,,Ling,Dzeu-kwun,,,,,,,,,,,,,,,,,,,,,EDC_1920_87
EDCPT_9831,Person,,Ling,Ek-toi,,,,,,,,,,U,,China,,,,,,,,,EDC_1920_87; EDC_1918_76
EDCPT_9832,Person,,Ling,Ging Ngek,,,,,,,,,,U,,,,,,,,,,,EDC_1916_64
EDCPT_9833,Person,,Ling,Ien Ding,,,,,,,,,,U,,,,,,,,,,,EDC_1916_64
EDCPT_9834,Person,,Ling,Ju-cu,,,,,,,,,,M,,China,,,,,,Rev.,,,EDC_1918_77
EDCPT_9835,Person,,Ling,K. C.,,,,,,,,,,U,,,,,,,B. A.,,Teacher of English Subjects,,EDC_1914_18
EDCPT_9836,Person,,Ling,Milton H.K.,,,,,,,,,,M,,,,,,,,,,,EDC_1920_87; EDC_1918_77
EDCPT_9837,Person,,Ling,N.L.,,,,,,,,,,M,,,,,,,,,,,EDC_1920_87; EDC_1918_77
EDCPT_9838,Person,,Ling,Ngo U.,,,,,,,,,,U,,,,,,,,,,,EDC_1916_64
EDCPT_9839,Person,,Ling,Sing-fah,,,,,,,,,,,,,,,,,,,,,EDC_1920_88; EDC_1918_77
EDCPT_9840,Person,,Lingle,Jean R. {Mrs.},,,,,,,,,,F,,,,,,,,,Principal,,EDC_1914_18
EDCPT_9841,Person,,Lingle,William H.,,,,,,,,,,M,,,,,,,,Rev.,,,OAC_Box/Folder 28 : 10
EDCPT_9842,Person,,Lingle,William Hill {Mrs.},Jean Lingle; Jean Richardson Ritchie,,,,,,,,,F,,U.S.A.,04;03;1864,"Cincinnati, Ohio",12;09;1953,"Pasadena, California",M.A.,,,,EDC_1920_88; EDC_1918_77;OAC_Box/Folder 28 : 10
EDCPT_9843,Person,,Linn,Dzi-tsing,,,,,,,,,,,,,,,,,E.M.,,,,EDC_1920_88
EDCPT_9844,Person,,Linn,Kwai-chung,,,,,,,,,,U,,,,,,,B.A.,,,,EDC_1918_77; EDC_1916_64
EDCPT_9845,Person,,Linsday,A.W.,,,,,,,,,,M,,U.S.A.,,,,,D.D.S.; L.D.S.,,,,EDC_1918_76
EDCPT_9846,Person,,Linsday,A.W. {Miss.},,,,,,,,,,F,,U.S.A.,,,,,,,,,EDC_1918_76
EDCPT_9847,Person,,Lipscomb,Olive W. {Miss},,,,,,,,,,F,,,,,,,B.S.,,,,EDC_1920_88; EDC_1918_76
EDCPT_9848,Person,,Littell,S.H. {Rev.},,,,,,,,,,M,,,,,,,,Rev.,,,EDC_1920_88
EDCPT_9849,Person,,Little,C. Deane,,,,,,,,,,M,,England,,,,,,Rev.,,,EDC_1918_76
EDCPT_9850,Person,,Little,Lacy L.,,,,,,,,,,M,,England,,,,,B.A.,,,,EDC_1918_77
EDCPT_9851,Person,,Liu,Shu-te,,,,,,,,,,U,,,,,,,B.A.,,,,EDC_1917_58
EDCPT_9852,Person,,Liu,A. {Rev.},,,,,,,,,,M,,,,,,,,Rev.,,,EDC_1920_88; EDC_1918_77
EDCPT_9853,Person,,Liu,C.C.,,,,,,,,,,U,,,,,,,,,,,EDC_1918_77
EDCPT_9854,Person,,Liu,C.E.,,,,,,,,,,,,,,,,,B.A.,,,,EDC_1920_88; EDC_1916_65
EDCPT_9855,Person,,Liu,Chen Sheng,,,,,,,,,,U,,,,,,,,,,,EDC_1916_64
EDCPT_9856,Person,,Liu,Ch'eng-hsiang,,,,,,,,,,M,,China,,,,,B.A.,,,,EDC_1918_77
EDCPT_9857,Person,,Liu,Ching Chiu,,,,,,,,,,,,,,,,,,,,,EDC_1920_88
EDCPT_9858,Person,,Liu,Ching-fu,,,,,,,,,,U,,,,,,,B.A.,,,,EDC_1916_64
EDCPT_9859,Person,,Liu,Ching-pan,,,,,,,,,,U,,,,,,,B.A.,,,,EDC_1916_65
EDCPT_9860,Person,,Liu,Chun,,,,,,,,,,M,,China,,,,,B.A.,,,,EDC_1918_77
EDCPT_9861,Person,,Liu,D.K.,,,,,,,,,,,,,,,,,B.A.,,,,EDC_1920_88
EDCPT_9862,Person,,Liu,Dzi Dzen,,,,,,,,,,,,,,,,,,,,,EDC_1920_88
EDCPT_9863,Person,,Liu,Gwang Djao,,,,,,,,,,M,,China,,,,,M.A.,Rev.,,,EDC_1918_77; EDC_1916_65
EDCPT_9864,Person,,Liu,H.C.,,,,,,,,,,U,,,,,,,,,,,EDC_1916_65
EDCPT_9865,Person,,Liu,Hwan-djang,,,,,,,,,,,,,,,,,,,,,EDC_1920_88
EDCPT_9866,Person,,Liu,Hwoa-tu,,,,,,,,,,M,,China,,,,,,,,,EDC_1918_77; EDC_1916_65
EDCPT_9867,Person,,Liu,J.,,,,,,,,,,U,,,,,,,,,,,EDC_1916_64
EDCPT_9868,Person,,Liu,J.H.,,,,,,,,,,U,,,,,,,B.A.; M.D.,,,,EDC_1916_65
EDCPT_9869,Person,,Liu,Jackson,,,,,,,,,,M,,,,,,,,,,,EDC_1920_88
EDCPT_9870,Person,,Liu,Jui-heng,,,,,,,,,,,,,,,,,,,,,EDC_1920_88
EDCPT_9871,Person,,Liu,Jui-hua,,,,,,,,,,,,,,,,,,,,,EDC_1920_88
EDCPT_9872,Person,,Liu,K.U.,,,,,,,,,,,,,,,,,,,,,EDC_1920_88
EDCPT_9873,Person,,Liu,King Shu,,,,,,,,,,M,,,,,,,"M.A., Ph.D.",,,,EDC_1920_89
EDCPT_9874,Person,,Liu,Kwong-hu,,,,,,,,,,U,,,,,,,,,,,EDC_1916_64
EDCPT_9875,Person,,Liu,L.T.,,,,,,,,,,U,,,,,,,,,,,EDC_1916_64
EDCPT_9876,Person,,Liu,Lien-hi,,,,,,,,,,,,,,,,,,,,,EDC_1920_89
EDCPT_9877,Person,,Liu,M.,,,,,,,,,,,,,,,,,,Rev.,,,EDC_1920_89; EDC_1916_65
EDCPT_9878,Person,,Liu,Nelson E.P.,,,,,,,,,,M,,,,,,,B.A.,,,,EDC_1920_89
EDCPT_9879,Person,,Liu,Pin-che,,,,,,,,,,U,,,,,,,B.A.,,,,EDC_1916_65
EDCPT_9880,Person,,Liu,S.C.,,,,,,,,,,,,,,,,,,,,,EDC_1920_89
EDCPT_9881,Person,,Liu,S.E.,,,,,,,,,,U,,,,,,,B.A.,,,,EDC_1916_65
EDCPT_9882,Person,,Liu,S.M.,,,,,,,,,,,,,,,,,,,,,EDC_1920_89
EDCPT_9883,Person,,Liu,Shu Yin,,,,,,,,,,U,,,,,,,,,,,EDC_1916_65
EDCPT_9884,Person,,Liu,T.B.,,,,,,,,,,,,,,,,,B.A.,,,,EDC_1920_89
EDCPT_9885,Person,,Liu,T.L.,,,,,,,,,,U,,China,,,,,,,,,EDC_1918_77
EDCPT_9886,Person,,Liu,T.T.,,,,,,,,,,,,,,,,,,,,,EDC_1920_89
EDCPT_9887,Person,,Liu,Tsz Tsin,,,,,,,,,,,,,,,,,,,,,EDC_1920_89; EDC_1918_78
EDCPT_9888,Person,,Liu,W.L.,,,,,,,,,,U,,,,,,,A.B.,,,,EDC_1916_65
EDCPT_9889,Person,,Liu,Y.P.,,,,,,,,,,,,,,,,,M.A.,,,,EDC_1920_89
EDCPT_9890,Person,,Liu,Yee-nien,,,,,,,,,,,,,,,,,,,,,EDC_1920_89
EDCPT_9891,Person,,Liu,Yi-hsu,,,,,,,,,,,,,,,,,,,,,EDC_1920_90
EDCPT_9892,Person,,Liu,Young-ling,,,,,,,,,,U,,,,,,,B. A.,,Proctor and Instructor in English,,EDC_1914_18
EDCPT_9893,Person,,Liun,Kwai-chung,,,,,,,,,,U,,,,,,,,,Teacher of History,,EDC_1914_18
EDCPT_9894,Person,,Livesey,Edith {Miss},,,,,,,,,,F,,,,,,,,,,,EDC_1920_90; EDC_1916_65
EDCPT_9895,Person,,Lo,Amos,,,,,,,,,,U,,,,,,,B.A.,,,,EDC_1917_59
EDCPT_9896,Person,,Lo,S. C.,,,,,,,,,,U,,,,,,,,,,,EDC_1917_59
EDCPT_9897,Person,,Lo,A.H.,,,,,,,,,,U,,,,,,,,,,,EDC_1916_65
EDCPT_9898,Person,,Lo,K. S.,,,,,,,,,,U,,,,,,,,,Principal,,EDC_1914_18
EDCPT_9899,Person,,Lo,Kim Lang,,,,,,,,,,U,,,,,,,,,,,EDC_1916_65
EDCPT_9900,Person,,Lo,P.H.,,,,,,,,,,,,,,,,,"B.A., J.D.",,,,EDC_1920_90
EDCPT_9901,Person,,Lo,Ren-yen {Rev.},,,,,,,,,,M,,,,,,,"M.A., Ph.D.",Rev.,,,EDC_1920_90; EDC_1918_78
EDCPT_9902,Person,,Lo,S.C.,,,,,,,,,,U,,,,,,,,,,,EDC_1918_78
EDCPT_9903,Person,,Lo,Shiu-hok,,,,,,,,,,,,,,,,,,,,,EDC_1920_90
EDCPT_9904,Person,,Lo,Su-ko,,,,,,,,,,U,,,,,,,,,,,EDC_1916_65
EDCPT_9905,Person,,Lo,T.T.,,,,,,,,,,U,,,,,,,,,,,EDC_1918_78
EDCPT_9906,Person,,Lo,Ting-jan,,,,,,,,,,,,,,,,,,,,,EDC_1920_90; EDC_1918_78
EDCPT_9907,Person,,Lo,U.F.,,,,,,,,,,U,,,,,,,,,,,EDC_1916_66
EDCPT_9908,Person,,Lo,Yuh-lun,,,,,,,,,,,,,,,,,,,,,EDC_1920_90; EDC_1918_78
EDCPT_9909,Person,,Loader,E.T. {Rev.},,,,,,,,,,M,,,,,,,L. Th.,Rev.,,,EDC_1920_90
EDCPT_9910,Person,,Lobenstine,E.C. {Rev.},,,,,,,,,,M,,,,,,,,,,,EDC_1920_90
EDCPT_9911,Person,,Lobingier,Charles S.,,,,,,,,,,M,,U.S.A.,,,,,Ph.D.; LL.M.,Judge,,,EDC_1918_78; EDC_1916_66
EDCPT_9912,Person,,Loeber,I.K. {Mrs.},,,,,,,,,,F,,,,,,,,,,,EDC_1920_90
EDCPT_9913,Person,,Loehr,George Robert,,,,,,,,,,M,,,,,,,M.A.,Rev.,,,EDC_1917_59; EDC_1916_66
EDCPT_9914,Person,,Loehr,"George R.,",,,,,,,,,,U,,,,,,,M.A.,Rev,George R. Acting Principal,,EDC_1914_18
EDCPT_9915,Person,,Logan,M. {Miss.},,,,,,,,,,F,,U.S.A.,,,,,,,,,EDC_1918_78
EDCPT_9916,Person,,Logan,Margaret F. {Miss},,,,,,,,,,F,,,,,,,,,,,EDC_1920_90
EDCPT_9917,Person,,Loh,Shau Wan {Miss},,,,,,,,,,F,,,,,,,M.D.,,,,EDC_1917_59
EDCPT_9918,Person,,Loh,Bai-shieh,,,,,,,,,,U,,,,,,,,,,,EDC_1916_66
EDCPT_9919,Person,,Loh,Bou-dang,Loh; Bon-dung,,,,,,,,,,,,,,,,,,,,EDC_1920_90; EDC_1916_66
EDCPT_9920,Person,,Loh,Peter H.S.,,,,,,,,,,M,,,,,,,,,,,EDC_1920_90
EDCPT_9921,Person,,Loh,T. P.,,,,,,,,,,U,,,,,,,B.A.,,Instructor,,EDC_1914_18
EDCPT_9922,Person,,Loh,Ting-su,,,,,,,,,,,,,,,,,B.A.,,,,EDC_1920_91; EDC_1918_78
EDCPT_9923,Person,,Loh,Vung-yung,,,,,,,,,,,,,,,,,,,,,EDC_1920_91
EDCPT_9924,Person,,Loiseau,G.,,,,,,,,,,M,,F,,,,,,Rev.,,,EDC_1918_78; EDC_1916_66
EDCPT_9925,Person,,Lok,P.S.,,,,,,,,,,,,,,,,,B.S.,,,,EDC_1920_91
EDCPT_9926,Person,,Lonergan,Jay.,,,,,,,,,,U,,,,,,,M.E.,,,,EDC_1917_60
EDCPT_9927,Person,,Long,Ed. R.,,,,,,,,,,U,,,,,,,,F.R.G.S.,,,EDC_1917_60
EDCPT_9928,Person,,Long,Edward,,,,,,,,,,U,,,,,,,,,"Rogers, F. R. G. S. Professor of Modern Languages",,EDC_1914_18
EDCPT_9929,Person,,Longley,R.S.,,,,,,,,,,M,,Canada,,,,,"B.A., B.D.",Rev.,,,EDC_1920_91; EDC_1918_78; EDC_1916_66
EDCPT_9930,Person,,Longman,C.H.B.,,,,,,,,,,M,,,,,,,A.R.C. Sc.,,,,EDC_1920_91; EDC_1918_78; EDC_1916_66
EDCPT_9931,Person,,Longman,L. H. B.,,,,,,,,,,U,,,,,,,,,Assistant Master,,EDC_1914_18
EDCPT_9932,Person,,Loo,hok-huang,,,,,,,,,,M,,China,,,,,,,,,EDC_1918_78
EDCPT_9933,Person,,Loomis,{Miss},,,,,,,,,,F,,,,,,,,,"Jean, B. Litt. Assistant Mistress",,EDC_1914_18
EDCPT_9934,Person,,Loomis,Jean {Miss},,,,,,,,,,F,,U.S.A.,,,,,B.A.,,,,EDC_1920_91; EDC_1916_66
EDCPT_9935,Person,,Loon,E.S.,,,,,,,,,,U,,,,,,,,,,,EDC_1916_66
EDCPT_9936,Person,,Loosley,A.O. {Mrs.},,,,,,,,,,F,,,,,,,,,,,EDC_1920_91
EDCPT_9937,Person,,Lopes,A. {Miss.},,,,,,,,,,F,,,,,,,,,,,EDC_1918_79
EDCPT_9938,Person,,Lopes,D. {Miss.},,,,,,,,,,F,,,,,,,,,,,EDC_1918_79
EDCPT_9939,Person,,Loshe,Lillie D. {Miss},,,,,,,,,,F,,,,,,,Ph.D.,,,,EDC_1920_91; EDC_1918_79
EDCPT_9940,Person,,Loucks,B.H. {Miss.},,,,,,,,,,F,,,,,,,B.A.,,,,EDC_1918_79
EDCPT_9941,Person,,Louis,{Brother},,,,,,,,,,M,,,,,,,,Bro.,,,EDC_1920_91; EDC_1918_79
EDCPT_9942,Person,,Louis,{Sister},,,,,,,,,,F,,,,,,,,Sis.,,,EDC_1920_91
EDCPT_9943,Person,,Louis,Eraste F.,,,,,,,,,,M,,,,,,,"B.S., F.M., C.T.",,,,EDC_1920_91
EDCPT_9944,Person,,Love,Hattie F. {Miss},,,,,,,,,,F,,,,,,,B.A. ; M.D.,,,,EDC_1917_60; EDC_1916_66
EDCPT_9945,Person,,Love,Elizabeth A. {Miss},,,,,,,,,,F,,U.S.A.,,,,,,,,,EDC_1916_66
EDCPT_9946,Person,,Lovell,Florence B. {Mrs.},,,,,,,,,,F,,,,,,,B.A.; B.D.,,,,EDC_1916_66
EDCPT_9947,Person,,Lovell,Gilbert,,,,,,,,,,M,,,,,,,"B.A., B.D.",Rev.,,,EDC_1920_92; EDC_1918_79; EDC_1916_66
EDCPT_9948,Person,,Lowe,Albert S.H.,,,,,,,,,,M,,,,,,,,,,,EDC_1920_92; EDC_1918_79; EDC_1916_66
EDCPT_9949,Person,,Lowe,Annie J. {Miss},,,,,,,,,,F,,,,,,,,,,,EDC_1920_92; EDC_1918_79; EDC_1916_66
EDCPT_9950,Person,,Lowe,C.H.,,,,,,,,,,,,,,,,,B.A.,,,,EDC_1920_92; EDC_1918_79
EDCPT_9951,Person,,Lowe,J.W.,,,,,,,,,,U,,,,,,,,Rev.,,,EDC_1916_67
EDCPT_9952,Person,,Lowe,John,,,,,,,,,,M,,,,,,,B.A.,,,,EDC_1920_92
EDCPT_9953,Person,,Lowrey,Edna {Miss},,,,,,,,,,F,,,,,,,B.A.,,,,EDC_1920_92; EDC_1918_79
EDCPT_9954,Person,,Lowrie,Genevieve {Miss},,,,,,,,,,F,,,,,,,B.A.,,,,EDC_1920_92
EDCPT_9955,Person,,Lowry,Edna {Miss},,,,,,,,,,F,,,,,,,,,,,EDC_1916_67
EDCPT_9956,Person,,Lowry,George Davis,,,,,,,,,,M,,,,,,,M.D.; M.A.,,,,EDC_1918_79; EDC_1916_67
EDCPT_9957,Person,,Lowry,"H. H.,",,,,,,,,,,U,,,,,,,"M.A.,",Rev,President,,EDC_1914_18
EDCPT_9958,Person,,Lowry,H.H.,,,,,,,,,,M,,,,,,,M.A.; D.D.,Rev.,,,EDC_1918_79; EDC_1916_67
EDCPT_9959,Person,,Lu,Feng-san,,,,,,,,,,U,,,,,,,B.A.,,,,EDC_1917_60
EDCPT_9960,Person,,Lu,Tso-kien,,,,,,,,,,U,,,,,,,,,,,EDC_1917_60
EDCPT_9961,Person,,Lu,{Miss},,,,,,,,,,F,,,,,,,,,,,EDC_1916_67
EDCPT_9962,Person,,Lu,C.W.,,,,,,,,,,,,,,,,,,,,,EDC_1920_92
EDCPT_9963,Person,,Lu,Chih-wei,,,,,,,,,,U,,,,,,,B.A.,,,,EDC_1916_67
EDCPT_9964,Person,,Lu,F. T.,,,,,,,,,,U,,,,,,,,,Proctor,,EDC_1914_18
EDCPT_9965,Person,,Lu,Fu-mei,,,,,,,,,,,,,,,,,,,,,EDC_1920_92
EDCPT_9966,Person,,Lu,Kuang Jen,,,,,,,,,,,,,,,,,,,,,EDC_1920_92
EDCPT_9967,Person,,Lu,Lien-zeh,,,,,,,,,,U,,,,,,,,,Instructor in Law,,EDC_1914_18
EDCPT_9968,Person,,Lu,M.R.,,,,,,,,,,U,,,,,,,,,,,EDC_1916_67
EDCPT_9969,Person,,Lu,S.T.,,,,,,,,,,,,,,,,,B.A.,,,,EDC_1920_92; EDC_1918_79
EDCPT_9970,Person,,Lu,Shih Lin,,,,,,,,,,,,,,,,,,,,,EDC_1920_92
EDCPT_9971,Person,,Lu,T. H.,,,,,,,,,,U,,,,,,,,,Proctor,,EDC_1914_18
EDCPT_9972,Person,,Lu,Tsong En,,,,,,,,,,U,,,,,,,,,,,EDC_1916_67
EDCPT_9973,Person,,Lubeck,{Miss},,,,,,,,,,F,,,,,,,,,,,EDC_1916_67
EDCPT_9974,Person,,Lucas,D.W. {Mrs.},,,,,,,,,,F,,,,,,,,,,,EDC_1920_92
EDCPT_9975,Person,,Lucas,R. H.,,,,,,,,,,U,,,,,,,B.A.,,,,EDC_1917_60
EDCPT_9976,Person,,Luce,"H,W,",,,,,,,,,,U,,,,,,,M.A.,Rev.,,,EDC_1916_67
EDCPT_9977,Person,,Ludlow,Theodore R.,,,,,,,,,,M,,U.S.A.,07;14;1883,"Valley Creek, Texas",11;13;1961,"Wareham, Massachusetts",M.A.; B.D.,Rev.,,https://en.wikipedia.org/wiki/Theodore_R._Ludlow,EDC_1916_67
EDCPT_9978,Person,,Ludlow,"Theodore R.,",,,,,,,,,,U,,,,,,,M. A.,Rev,Theodore R. Columbia; B. D. Cambridge. Professor,,EDC_1914_18
EDCPT_9979,Person,,Lui,K.M.,,,,,,,,,,U,,,,,,,,,,,EDC_1916_67
EDCPT_9980,Person,,Luis,B. C.,,,,,,,,,,U,,,,,,,B. Sc.,,Assistant Master,,EDC_1914_18
EDCPT_9981,Person,,Lum,S. H.,,,,,,,,,,U,,,,,,,,,President,,EDC_1914_18
EDCPT_9982,Person,,Lund,F. E.,,,,,,,,,,U,,,,,,,,Rev,Principal,,EDC_1914_18
EDCPT_9983,Person,,Lund,Frans Edward,,,,,,,,,,M,,,,,,,,Rev.,,,EDC_1918_79; EDC_1916_67
EDCPT_9984,Person,,Lurton,N.E.,,,,,,,,,,M,,,,,,,"B.A., LL.B.",,,,EDC_1920_93
EDCPT_9985,Person,,Luxon,Gerald,,,,,,,,,,M,,,,,,,English Board of Education Certificate,,,,EDC_1920_93
EDCPT_9986,Person,,Ly,B.,,,,,,,,,,M,,,,,,,,,,,EDC_1920_93
EDCPT_9987,Person,,Lyo,U-hung,,,,,,,,,,U,,,,,,,,,,,EDC_1918_79
EDCPT_9988,Person,,Lyon,{Mrs},,,,,,,,,,F,,,,,,,,,"Charles Hodge, Principal of Kenarden School, Tsining",,EDC_1914_18
EDCPT_9989,Person,,Lyon,Bayard.,,,,,,,,,,U,,,,,,,A.B.,,,,EDC_1917_60; EDC_1916_67
EDCPT_9990,Person,,Lyon,Charles Hodge {Mrs.},,,,,,,,,,F,,,,,,,,,,,EDC_1916_67
EDCPT_9991,Person,,Lyon,Emma A. {Miss},,,,,,,,,,F,,,,,,,B.L.,,,,EDC_1920_93; EDC_1918_80
EDCPT_9992,Person,,Lyon,Lois D. {Miss},,,,,,,,,,F,,,,,,,B.A.,,,,EDC_1920_93; EDC_1918_80
EDCPT_9993,Person,,Lyons,J.R. {Mrs.},,,,,,,,,,F,,,,,,,,,,,EDC_1916_68
EDCPT_9994,Person,,Lyons,J.R. {Rev.},,,,,,,,,,M,,,,,,,"M.A., M.D.",,,,EDC_1920_93; EDC_1918_80; EDC_1916_67
EDCPT_9995,Person,,Lyttle,C. {Mrs.},,,,,,,,,,F,,,,,,,,,,,EDC_1920_93
EDCPT_9996,Person,,Ma,Chen-kun,,,,,,,,,,U,,,,,,,,,,,EDC_1917_60; EDC_1916_68
EDCPT_9997,Person,,Ma,Ging-tao,,,,,,,,,,U,,,,,,,B.A.,,,,EDC_1917_60
EDCPT_9998,Person,,Ma,K. Y.,,,,,,,,,,U,,,,,,,,,,,EDC_1917_61
EDCPT_9999,Person,,Ma,Chi-chang,,,,,,,,,,U,,,,,,,,,,,EDC_1918_80
EDCPT_10000,Person,,Ma,Chin Luan,,,,,,,,,,U,,,,,,,,,,,EDC_1916_68
EDCPT_10001,Person,,Ma,Ging-rung,,,,,,,,,,,,,,,,,,,,,EDC_1920_93
EDCPT_10002,Person,,Ma,Gying,,,,,,,,,,,,,,,,,,,,,EDC_1920_93; EDC_1918_80
EDCPT_10003,Person,,Ma,H.T.,,,,,,,,,,U,,,,,,,,,,,EDC_1916_68
EDCPT_10004,Person,,Ma,Hsi-wen,,,,,,,,,,,,,,,,,,,,,EDC_1920_93
EDCPT_10005,Person,,Ma,Jean,,,,,,,,,,M,,,,,,,B.Sc.,,,,EDC_1920_94
EDCPT_10006,Person,,Ma,K.Y.,,,,,,,,,,,,,,,,,,,,,EDC_1920_94; EDC_1918_80
EDCPT_10007,Person,,Ma,Kiam,,,,,,,,,,,,,,,,,,,,,EDC_1920_94
EDCPT_10008,Person,,Ma,S. K.,,,,,,,,,,U,,China,,,,,,,,,
EDCPT_10009,Person,,Ma,S.K.,,,,,,,,,,,,,,,,,,,,,EDC_1920_94; EDC_1918_80
EDCPT_10010,Person,,Ma,T.H.,,,,,,,,,,U,,,,,,,A.B.,,,,EDC_1916_68
EDCPT_10011,Person,,Ma,Tsing Yu,,,,,,,,,,,,,,,,,,,,,EDC_1920_94; EDC_1916_68
EDCPT_10012,Person,,Mabee,F.C.,,,,,,,,,,,,,,,,,M.A.,,,,EDC_1920_94; EDC_1918_80; EDC_1916_68; EDC_1914_19
EDCPT_10013,Person,,Macdonald,{Miss},,,,,,,,,,U,,,,,,,,,Professor of Natural Sciences,,EDC_1914_19
EDCPT_10014,Person,,MacDonald,J. Arthur {Rev.},,,,,,,,,,M,,,,,,,"B.A., B.D.",,,,EDC_1920_94
EDCPT_10015,Person,,MacDonald,Wilfred F.,,,,,,,,,,U,,,,,,,B.A.; M.A.,,,,EDC_1914_20
EDCPT_10016,Person,,Macdonald,Wilfrid E.,,,,,,,,,,M,,,,,,,"B.A., M.A.",,,,EDC_1920_94; EDC_1918_80; EDC_1916_68
EDCPT_10017,Person,,Mace,Rose A. {Miss},,,,,,,,,,F,,,,,,,,,,,EDC_1920_94
EDCPT_10018,Person,,MacEachron,Paul,,,,,,,,,,M,,,,,,,B.A.,,,,EDC_1920_94; EDC_1918_80
EDCPT_10019,Person,,MacFarlane,Malcolm M.,,,,,,,,,,M,,,,,,,,,,,EDC_1917_61; EDC_1916_68
EDCPT_10020,Person,,MacFarlane,H.,,,,,,,,,,U,,,,,,,D.P.H.; D.T.M.; H.,,,,EDC_1918_80; EDC_1916_68; EDC-1914_20
EDCPT_10021,Person,,Machle,E.C.,,,,,,,,,,M,,,,,,,"A.B.; M.D., D.D.S., Ph.C.",,,,EDC_1920_94; EDC_1918_80; EDC_1916_69
EDCPT_10022,Person,,Machle,E.C. {Mrs.},,,,,,,,,,F,,,,,,,,,,,EDC_1920_94
EDCPT_10023,Person,,MacIntyre,C.S. {Miss.},,,,,,,,,,F,,U.S.A.,,,,,,,,,EDC_1918_80; EDC_1916_68; EDC_1914_20
EDCPT_10024,Person,,MacIntyre,N.,,,,,,,,,,U,,,,,,,U.F.C.S.,,,,EDC_1914_20
EDCPT_10025,Person,,MacKenzie,C.F.,,,,,,,,,,M,,U.S.A.,,,,,B.A.; M.D.,,,,EDC_1918_80
EDCPT_10026,Person,,MacKenzie,C.F. {Mrs.},,,,,,,,,,F,,U.S.A.,,,,,,,,,EDC_1918_80; EDC_1916_68
EDCPT_10027,Person,,Mackenzie,Julia K. {Miss},,,,,,,,,,F,,,,,,,,,,,EDC_1914_20; EDC_1916_68
EDCPT_10028,Person,,MacKenzie,K.W.,,,,,,,,,,M,,U.S.A.,,,,,,,,,EDC_1918_81
EDCPT_10029,Person,,Mackenzie,M.C. {Mrs.},,,,,,,,,,F,,,,,,,,,,,EDC_1920_95; EDC_1918_81
EDCPT_10030,Person,,MacKenzie,M.C. {Rev.},,,,,,,,,,M,,,,,,,,,,,EDC_1920_94; EDC_1918_81
EDCPT_10031,Person,,MacKinnon,Sallie Lou {Miss},,,,,,,,,,F,,,,,,,B.A.,,,,EDC_1920_95
EDCPT_10032,Person,,Mackintosh,N.B.T.,,,,,,,,,,M,,,,,,,M.A.,,,,EDC_1920_95
EDCPT_10033,Person,,Macklin,W.E.,,,,,,,,,,M,,,,,,,M.B.,,,,EDC_1920_95; EDC_1918_81; EDC_1916_68
EDCPT_10034,Person,,MacNair,Hailev Farnsworth,,,,,,,,,,U,,,,,,,Ph.B.,,,,EDC_1914_20
EDCPT_10035,Person,,MacNair,Harley Farnsworth,,,,,,,,,,M,,,,,,,"Ph.B., M.A.",,,,EDC_1920_95; EDC_1918_81; EDC_1916_68
EDCPT_10036,Person,,MacNaughtan,Isabella {Mrs.},,,,,,,,,,F,,,,,,,B.A.,,,,EDC_1920_95
EDCPT_10037,Person,,MacRae,John D. {Rev.},,,,,,,,,,M,,,,,,,"M.A., B.D.",,,Absent during all or part of 1920,EDC_1920_95
EDCPT_10038,Person,,MacRae,Paul,,,,,,,,,,M,,,,,,,,,,,EDC_1916_69
EDCPT_10039,Person,,MacWillie,John,,,,,,,,,,M,,,,,,,M.D.; C.M.,,,,EDC_1916_69
EDCPT_10040,Person,,Maddison,A. {Miss},,,,,,,,,,F,,,,,,,,,,,EDC_1917_61
EDCPT_10041,Person,,Maddock,W.H. {Rev.},,,,,,,,,,M,,,,,,,L. Th.,,,,EDC_1920_95
EDCPT_10042,Person,,Magill,O.R.,,,,,,,,,,U,,,,,,,B.Sc.,,,,EDC_1916_69
EDCPT_10043,Person,,Magness,Bertha E. {Miss},,,,,,,,,,F,,,,,,,,,,,EDC_1920_95; EDC_1918_81
EDCPT_10044,Person,,Mahe,F.,,,,,,,,,,M,,,,,,,,Rev.,,,EDC_1918_81; EDC_1916_69; EDC_1914_20
EDCPT_10045,Person,,Mai,Jao,,,,,,,,,,U,,,,,,,,,,,EDC_1916_69
EDCPT_10046,Person,,Mailly,Paul,,,,,,,,,,M,,,,,,,,,,,EDC_1920_95
EDCPT_10047,Person,,Main,D. {Mrs.},,,,,,,,,,F,,,,,,,,,,,EDC_1917_61; EDC_1916_69
EDCPT_10048,Person,,Main,D. Duncan,,,,,,,,,,M,,,,,,,F.R.C.S.; F.R.C.P.,,,,EDC_1918_81; EDC_1916_69; EDC_1914_20
EDCPT_10049,Person,,Main,M.E. {Mrs.},,,,,,,,,,F,,,,,,,,,,,EDC_1916_69
EDCPT_10050,Person,,Main,W.A. {Mrs.},,,,,,,,,,U,,,,,,,B.A.,,,,EDC_1914_20
EDCPT_10051,Person,,Main,William Artyn,,,,,,,,,,M,,,,,,,B.A.,,,,EDC_1914_20; EDC_1916_69
EDCPT_10052,Person,,Maing,Ing-ding.,,,,,,,,,,U,,,,,,,,,Teacher of Mathematics and Religious Knowledge,,EDC_1914_20
EDCPT_10053,Person,,Mains,{Frère},,,,,,,,,,M,,,,,,,,Frère,,,EDC_1916_69
EDCPT_10054,Person,,Major,J.N.,,,,,,,,,,U,,,,,,,,,Professor of Surveying,,EDC_1914_20
EDCPT_10055,Person,,Mak,King-cheong,,,,,,,,,,U,,,,,,,,,,,EDC_1917_61
EDCPT_10056,Person,,Mak,Ping-fai,,,,,,,,,,U,,,,,,,,,,,EDC_1917_61
EDCPT_10057,Person,,Malcolm,W.R.,,,,,,,,,,M,,,,,,,,Rev.,,,EDC_1920_95; EDC_1918_81; EDC_1916_69
EDCPT_10058,Person,,Malcolm,W.R. {Mrs.},,,,,,,,,,F,,,,,,,B.A.,,,,EDC_1920_95; EDC_1918_81; EDC_1916_69
EDCPT_10059,Person,,Malcomson,Greer Edmund,,,,,,,,,,M,,,,,,,M.D.; D.P.H,,,,EDC_1914_20; EDC_1916_69
EDCPT_10060,Person,,Malone,Caroll B.,,,,,,,,,,U,,,,,,,M.A.,,,,EDC_1914_20
EDCPT_10061,Person,,Malone,Carroll B.,,,,,,,,,,U,,,,,,,B.A. ; M.A.,,,,EDC_1917_62
EDCPT_10062,Person,,Malone,Geo. Howard,,,,,,,,,,M,,,,,,,,Rev.,,,EDC_1918_81
EDCPT_10063,Person,,Malone,George H. {Mrs.},,,,,,,,,,F,,,,,,,,,,*Repeat entry??,EDC_1920_96
EDCPT_10064,Person,,Malpas,Edwin James,,,,,,,,,,M,,,,,,,B.A.; A.T.S.,Rev.,,,EDC_1918_81; EDC_1916_69
EDCPT_10065,Person,,Man,Mau-fat,,,,,,,,,,,,,,,,,,,,,EDC_1920_96
EDCPT_10066,Person,,Man,S.T.,,,,,,,,,,U,,,,,,,,,,,EDC_1918_82
EDCPT_10067,Person,,Man,Tan-ling,,,,,,,,,,U,,China,,,,,,,,,EDC_1920_96
EDCPT_10068,Person,,Manderson,Mabel Melissa {Miss},,,,,,,,,,F,,,,,,,M.D.,,,,EDC_1920_96; EDC_1918_82; EDC_1916_69; EDC_1914_20
EDCPT_10069,Person,,Mang,H.Z.,,,,,,,,,,U,,,,,,,,,,,EDC_1916_69
EDCPT_10070,Person,,Manikus,G.,,,,,,,,,,M,,,,,,,,,,,EDC_1918_82; EDC_1916_70
EDCPT_10071,Person,,Manly,W.E.,,,,,,,,,,M,,,,,,,D.D.,Rev.,,,EDC_1918_82
EDCPT_10072,Person,,Mann,E.J. {Rev.},,,,,,,,,,M,,,,,,,,Rev.,,,EDC_1920_96
EDCPT_10073,Person,,Mann,Mary {Miss.},,,,,,,,,,F,,Germany,,,,,B.A.,,,,EDC_1918_82; EDC_1916_70
EDCPT_10074,Person,,Mannerheim,K. {Miss},,,,,,,,,,F,,,,,,,,,,,EDC_1916_70
EDCPT_10075,Person,,Mannett,Victoria C. {Miss},,,,,,,,,,F,,Australia,,,,,,,,,EDC_1920_96; EDC_1918_82; EDC_1916_70
EDCPT_10076,Person,,Manning,A.M. {Miss},,,,,,,,,,F,,,,,,,,,Assistant Mistress,,EDC_1914_20
EDCPT_10077,Person,,Mante,S.,,,,,,,,,,M,,,,,,,,Rev.,,,EDC_1917_62
EDCPT_10078,Person,,Mao,C.C.,,,,,,,,,,U,,,,,,,,,,,EDC_1920_96
EDCPT_10079,Person,,Mao,Te-hsin,,,,,,,,,,M,,China,,,,,B.A.,,,,EDC_1918_82
EDCPT_10080,Person,,Mao,Z.J.,,,,,,,,,,U,,China,,,,,,,,,EDC_1918_82
EDCPT_10081,Person,,Marcel,{Rev. Brother},,,,,,,,,,M,,France,,,,,Teacher's Certificate (French),Rev. Bro.,,,EDC_1920_96; EDC_1918_82
EDCPT_10082,Person,,Marcel,P. {Frère},,,,,,,,,,M,,France,,,,,,Bro.,,,EDC_1920_96; EDC_1918_82
EDCPT_10083,Person,,March,Arthur William,,,,,,,,,,M,,,,,,,"Ph.B., M.A.",,,,EDC_1920_96; EDC_1918_82; EDC_1916_70; EDC_1914_20
EDCPT_10084,Person,,Marins,{Frère},,,,,,,,,,M,,France,,,,,,Bro.,,,EDC_1920_96
EDCPT_10085,Person,,Mark,Woi-wah,,,,,,,,,,U,,,,,,,,,,,EDC_1917_62
EDCPT_10086,Person,,Mark,G.W.,,,,,,,,,,M,,,,,,,,,,,EDC_1920_96
EDCPT_10087,Person,,Mark,Liu,,,,,,,,,,U,,,,,,,B.A.; B.D.,Rev.,,,EDC_1916_70
EDCPT_10088,Person,,Marks,Inez May {Miss},,,,,,,,,,F,,,,,,,"B.A., Life Certificate for Teaching High School",,,,EDC_1920_97
EDCPT_10089,Person,,Marley,G.E.,,,,,,,,,,M,,,,,,,A.M.I.C.E.; A.M.I.E.E.,,,AMICE = Associate Member of the Institution of Civil Engineers,EDC_1918_82; EDC_1916_70
EDCPT_10090,Person,,Marques,C.C.,,,,,,,,,,U,,,,,,,,Dr.,,,EDC_1916_70
EDCPT_10091,Person,,Marr,Margaret Barber {Miss},,,,,,,,,,F,,,,,,,B.A.,,,,
EDCPT_10092,Person,,Marriott,C.C. {Rev.},,,,,,,,,,M,,,,,,,,Rev.,,,EDC_1918_82; EDC_1918_82
EDCPT_10093,Person,,Marriott,Jessie A. {Miss},,,,,,,,,,F,,,,,,,,,,,EDC_1916_70
EDCPT_10094,Person,,Marriott,Oswald,,,,,,,,,,M,,,,,,,"M.D., B.S.; L.R.C.P.; M.R.C.S.",,,,EDC_1918_82; EDC_1916_70; EDC_1914_20
EDCPT_10095,Person,,Marris,Cyril C. {Rev.},,,,,,,,,,M,,,,,,,,,,,EDC_1918_82
EDCPT_10096,Person,,Marshall,{Miss},,,,,,,,,,F,,,,,,,,,,,EDC_1916_70
EDCPT_10097,Person,,Martin,A. W.,,,,,,,,,,U,,,,,,,Ph.D.,,,,EDC_1917_63; EDC_1916_70
EDCPT_10098,Person,,Martin,G. P. de,,,,,,,,,,M,,,,,,,B.A.,,,,EDC_1917_63
EDCPT_10099,Person,,Martin,E.W.L. {Rev.},,,,,,,,,,M,,,,,,,M.A.,Rev.,,,
EDCPT_10100,Person,,Martin,H.S. {Mrs.},,,,,,,,,,F,,,,,,,,,,,
EDCPT_10101,Person,,Martin,Harry S.,Henry S.; Martin,,,,,,,,,M,,,,,,,"M.A., B.D.",Rev.,,,EDC_1918_83; EDC_1916_70
EDCPT_10102,Person,,Martin,John.,,,,,,,,,,M,,,,,,,,Rev.,,,EDC_1914_20; EDC_1916_70
EDCPT_10103,Person,,Martin,P,,,,,,,,,,U,,,,,,,B.A.,,,,EDC_1914_20
EDCPT_10104,Person,,Martin,W.A.,,,,,,,,,,U,,,,,,,M.Sc.; Ph.D. ,,,,EDC_1914_20
EDCPT_10105,Person,,Martins,J.R.,,,,,,,,,,M,,,,,,,,,,,EDC_1918_83; EDC_1916_70
EDCPT_10106,Person,,Marushima,K.,,,,,,,,,,U,,,,,,,,,,,EDC_1917_63; EDC_1916_71
EDCPT_10107,Person,,Marx,E.,,,,,,,,,,M,,,,,,,"M.A., B.D.",,,,
EDCPT_10108,Person,,Mashima,J.,,,,,,,,,,U,,,,,,,,,,,EDC_1917_63; EDC_1916_71
EDCPT_10109,Person,,Master,R.F.C.,,,,,,,,,,M,,,,,,,,,,,EDC_1918_83
EDCPT_10110,Person,,Mateer,R.M.,,,,,,,,,,U,,,,,,,B.S.; M.D.,,,,EDC_1914_21
EDCPT_10111,Person,,Mateer,R.M. {Mrs.},,,,,,,,,,F,,,,,,,M.D.,,,,EDC_1918_83; EDC_1916_71
EDCPT_10112,Person,,Mather,B. {Rev.},,,,,,,,,,M,,,,,,,M.A.,Rev.,,,
EDCPT_10113,Person,,Mather,M.A.,,,,,,,,,,M,,England,,,,,,Rev.,,,EDC_1918_83
EDCPT_10114,Person,,Matsutaira,S.,,,,,,,,,,,,Japan,,,,,,,,,
EDCPT_10115,Person,,Matthaeus,Wilhelm,,,,,,,,,,M,,,,,,,Ph.D.,,,,EDC_1914_21
EDCPT_10116,Person,,Matthewman,Thomas Henry,,,,,,,,,,M,,England,,,,,M.E.; M.I.E.E.,,,,EDC_1918_83; EDC_1916_71
EDCPT_10117,Person,,Matthewman,Thomas Henry,,,,,,,,,,M,,,,,,,M.Eng.,,,,EDC_1914_21
EDCPT_10118,Person,,Mattox,E.L. {Mrs.},,,,,,,,,,F,,,,,,,,,,,
EDCPT_10119,Person,,Mattox,Elmer Lincoln,,,,,,,,,,M,,,,,,,"M.A., D.D.",Rev.,,,EDC_1918_83; EDC_1916_71; EDC_1914_21
EDCPT_10120,Person,,Maujay,G.,,,,,,,,,,U,,,,,,,,Rev.,President,,EDC_1914_21; EDC_1916_71
EDCPT_10121,Person,,Maura,Mary {Sister},,,,,,,,,,F,,,,,,,,Sis.,,,EDC_1918_83; EDC_1916_71
EDCPT_10122,Person,,Maute,S.,,,,,,,,,,U,,,,,,,,Rev.,,,EDC_1916_71
EDCPT_10123,Person,,Mawson,William Grant,,,,,,,,,,M,,U.S.A.,,,,,,Rev.,,,EDC_1920_98
EDCPT_10124,Person,,Maxwell,J. Preston,,,,,,,,,,M,,U.S.A.,,,,,M.B.; B.S.; F.R.C.S.; L.R.C.P.,,,,EDC_1920_98
EDCPT_10125,Person,,Maxwell,J.P. {Mrs.},,,,,,,,,,F,,U.S.A.,,,,,,,,,EDC_1920_98
EDCPT_10126,Person,,May,Francis Henry,,,,,,,,,,M,,Ireland,04;14;1860,"Dublin, Ireland",02;06;1922,"Clare Priory, Suffolk, England",K.C.M.G.; B.A.; LL.D.,Sir.,"British Colonial Administrator; Governor of Hong Kong; Governor of Fiji; Chancellor of The University, Hongkong",https://en.wikipedia.org/wiki/Francis_Henry_May,EDC_1918_83; EDC_1916_71; EDC_1914_21
EDCPT_10127,Person,,May,K.T.,,,,,,,,,,U,,U.S.A.,,,,,,,,,EDC_1920_98
EDCPT_10128,Person,,Maybon,B. {Mme.},,,,,,,,,,F,,France,,,,,,,,,EDC_1918_83; EDC_1916_71
EDCPT_10129,Person,,Maybon,Charles B.,,,,,,,,,,M,,U.S.A.,,,,,M.A.,Headmaster,,,EDC_1920_98; EDC_1918_83; EDC_1916_71; EDC_1914_21
EDCPT_10130,Person,,Mayers,S.F.,,,,,,,,,,M,,U.S.A.,,,,,,,,,EDC_1920_98
EDCPT_10131,Person,,Mayhew,Abby S. {Miss},,,,,,,,,,U,,,,,,,,,,,EDC_1917_63
EDCPT_10132,Person,,Mayhew,Edith Harman {Miss.},,,,,,,,,,F,,U.S.A.,,,,,,Headmistress,,,EDC_1920_98; EDC_1918_83; EDC_1916_71; EDC_1914_21
EDCPT_10133,Person,,McAll,P. L.,,,,,,,,,,U,,,,,,,B.A.; M.B.; B.Ch.,,,,EDC_1917_64; EDC_1916_71
EDCPT_10134,Person,,McCain,Elizabeth Irene {Miss.},,,,,,,,,,F,,U.S.A.,,,,,B.A.,,,,EDC_1920_98
EDCPT_10135,Person,,McCain,Irene {Miss.},,,,,,,,,,F,,England,,,,,B.A.,,,,
EDCPT_10136,Person,,McCallum,Ellie B. {Miss.},,,,,,,,,,F,,U.S.A.,,,,,B.A.,,,,EDC_1920_98; EDC_1918_83
EDCPT_10137,Person,,McCarthy,F.,,,,,,,,,,U,,U.S.A.,,,,,L.C.P.,,,,EDC_1920_98; EDC_1918_84; EDC_1916_71
EDCPT_10138,Person,,McCarthy,Frank,,,,,,,,,,M,,,,,,,L.C.P.,,,,EDC_1914_21
EDCPT_10139,Person,,McCarthy,Herbert John.,,,,,,,,,,M,,,,,,,,,,,EDC_1914_21
EDCPT_10140,Person,,McCarthy,Jack,,,,,,,,,,M,,,,,,,,,,,EDC_1916_71
EDCPT_10141,Person,,McCarthy,William,,,,,,,,,,M,,U.S.A.,,,,,F.C.P.,,,,EDC_1918_84; EDC_1916_71; EDC_1914_21
EDCPT_10142,Person,,McCarty,Grace {Miss.},,,,,,,,,,F,,U.S.A.,,,,,B.A.,,,,EDC_1920_98; EDC_1918_84
EDCPT_10143,Person,,McClain,Alma {Miss.},,,,,,,,,,F,,U.S.A.,,,,,B.S.,,,,EDC_1920_98
EDCPT_10144,Person,,McClelland,Annie {Miss},,,,,,,,,,F,,,,,,,,,,,EDC_1916_71
EDCPT_10145,Person,,McCloy,C. H.,,,,,,,,,,F,,,,,,,M.A.,,,,EDC_1917_64
EDCPT_10146,Person,,McClure,F.A.,,,,,,,,,,U,,,,,,,B.A.; B.S.,,,,EDC_1920_98
EDCPT_10147,Person,,McClure,R.B.,,,,,,,,,,M,,U.S.A.,,,,,B.A.,Rev.,,,EDC_1918_84
EDCPT_10148,Person,,McClure,R.W. {Mrs.},,,,,,,,,,F,,,,,,,B.A.,,,,EDC_1920_98
EDCPT_10149,Person,,McClure,William,,,,,,,,,,M,,,,,,,B.A.; M.D.,,,,EDC_1920_98; EDC_1918_84
EDCPT_10150,Person,,McClurg,Grace R. {Miss},McClurg; Grace K. {Miss},,,,,,,,,F,,,,,,,B.S.,,,,EDC_1917_64; EDC_1916_72
EDCPT_10151,Person,,McColonnell,Mary {Miss},,,,,,,,,,F,,U.S.A.,,,,,,,,,EDC_1920_98
EDCPT_10152,Person,,McCoy,Louise {Miss},,,,,,,,,,F,,U.S.A.,,,,,,,,,EDC_1920_99
EDCPT_10153,Person,,McCracken,J.C.,,,,,,,,,,U,,U.S.A.,,,,,M.A.; M.D.; F.A.C.S.,,,,EDC_1920_99; EDC_1918_84; EDC_1916_72
EDCPT_10154,Person,,McCullough,E. Grace {Miss.},,,,,,,,,,F,,"U.S.A. 
",,,,,,,,,EDC_1920_99
EDCPT_10155,Person,,McCutchan,H.W.,,,,,,,,,,U,,,,,,,B.A.,,,,EDC_1916_72
EDCPT_10156,Person,,McDade,Myra L. {Miss.},,,,,,,,,,F,,U.S.A.,,,,,,,,,EDC_1920_99
EDCPT_10157,Person,,McDaniel,Charles Gilbert,,,,,,,,,,M,,U.S.A.,,,,,B.A.,Rev.,,,EDC_1920_99; EDC_1918_84
EDCPT_10158,Person,,McDaniel,Charles Gilbert {Mrs.},,,,,,,,,,F,,U.S.A.,,,,,,,,,EDC_1920_99; EDC_1918_84
EDCPT_10159,Person,,McDonald,,,,,,,,,,,,,U.S.A.,,,,,,,,,EDC_1918_84
EDCPT_10160,Person,,McDonnell,C.E. {Miss},,,,,,,,,,U,,,,,,,Kindergarten & Normal Graduate,,,,EDC_1914_21
EDCPT_10161,Person,,McFarlane,A.J.,,,,,,,,,,U,,,,,,,M.A.,Rev.,,,EDC_1914_21
EDCPT_10162,Person,,McGinnis,J.Y. {Mrs.},,,,,,,,,,F,,U.S.A.,,,,,,,,,EDC_1920_99; EDC_1918_84
EDCPT_10163,Person,,McGuire,V.V.,,,,,,,,,,U,,U.S.A.,,,,,M.A.,,,,EDC_1920_99
EDCPT_10164,Person,,McHardy,Robert Stewart,,,,,,,,,,M,,U.S.A.,,,,,B. Sc.; B.D.,Rev.,,,EDC_1920_99
EDCPT_10165,Person,,McIntosh,Elizabet W. {Miss.},,,,,,,,,,F,,U.S.A.,,,,,B.A.,,,,EDC_1920_99; EDC_1918_84
EDCPT_10166,Person,,McIntyre,{Mrs.},,,,,,,,,,F,,,,,,,,,,,EDC_1916_72
EDCPT_10167,Person,,McKee,S.,,,,,,,,,,M,,,,,,,B.L.,Rev.,,,EDC_1920_99; EDC_1918_84
EDCPT_10168,Person,,McKee,T.,,,,,,,,,,U,,,,,,,,Rev.,,,EDC_1916_72
EDCPT_10169,Person,,McKeen,Henrietta {Miss},,,,,,,,,,F,,U.S.A.,,,,,,,,,EDC_1920_99; EDC_1918_85
EDCPT_10170,Person,,McKenna,{Mrs.},,,,,,,,,,F,,Ireland,,,,,,,,,EDC_1918_85
EDCPT_10171,Person,,McKenny,C.W.,,,,,,,,,,U,,U.S.A.,,,,,M.D.,,,,EDC_1920_99; EDC_1918_85; EDC_1916_72; EDC_1914_21
EDCPT_10172,Person,,McKillican,Janet C. {Miss.},,,,,,,,,,F,,,,,,,,,,,EDC_1918_85; EDC_1916_72
EDCPT_10173,Person,,McKinnon,Sallie Lou {Miss.},,,,,,,,,,F,,,,,,,B.A.,,,,EDC_1918_85
EDCPT_10174,Person,,McLachlin,L. E. {Mrs.},,,,,,,,,,F,,,,,,,,,,,EDC_1917_64; EDC_1916_72
EDCPT_10175,Person,,McLachlin,L. E.,,,,,,,,,,M,,,,,,,B.A.,,,,EDC_1917_64; EDC_1916_72
EDCPT_10176,Person,,McLean,Franklin C.,,,,,,,,,,M,,U.S.A.,,,,,M.D.; Ph.D.,,,,EDC_1920_100; EDC_1918_85
EDCPT_10177,Person,,Mclean,Franklin C.,,,,,,,,,,M,,,,,,,M.D.; Ph.D.,,,,EDC_1920_100
EDCPT_10178,Person,,McLennan,Elizabeth,,,,,,,,,,F,,Canada,,,,,B.A.,,,,EDC_1920_100
EDCPT_10179,Person,,McLennan,Elizabeth {Miss.},,,,,,,,,,F,,U.S.A.,,,,,B.A.,,,,EDC_1920_100; EDC_1918_85
EDCPT_10180,Person,,McMillan,E.C.,,,,,,,,,,U,,England,,,,,M.A.; M.D.,,,,EDC_1918_85
EDCPT_10181,Person,,McMillan,Eva {Mrs.},,,,,,,,,,F,,,,,,,B.A.,,,,EDC_1920_100
EDCPT_10182,Person,,McMillan,Eva {Mrs.},,,,,,,,,,F,,U.S.A.,,,,,B.A.,,,,EDC_1920_100
EDCPT_10183,Person,,McMillan,H.H.,,,,,,,,,,M,,,,,,,B.A.,Rev.,,*Repeat entry?,EDC_1920_100
EDCPT_10184,Person,,McMillan,H.H.,,,,,,,,,,M,,U.S.A.,,,,,B.A.,Rev.,,,EDC_1920_100; EDC_1918_85; EDC_1916_68
EDCPT_10185,Person,,McMillan,H.H. {Mrs.},,,,,,,,,,F,,England,,,,,B.A.,,,,EDC_1918_85
EDCPT_10186,Person,,McMillan,O. W. {Mrs.},,,,,,,,,,F,,,,,,,,,,,EDC_1920_100
EDCPT_10187,Person,,McMillan,O.W.,,,,,,,,,,M,,,,,,,A.B.,,,,EDC_1920_100
EDCPT_10188,Person,,McMillan,O.W.,,,,,,,,,,U,,U.S.A.,,,,,A.B.,,,,EDC_1920_100
EDCPT_10189,Person,,McMillan,O.W. {Mrs.},,,,,,,,,,F,,U.S.A.,,,,,,,,,EDC_1920_100
EDCPT_10190,Person,,McMullan,{Mrs.},,,,,,,,,,F,,,,,,,,,,,EDC_1920_100
EDCPT_10191,Person,,McMullan,G. {Miss.},,,,,,,,,,F,,U.S.A.,,,,,M.A.,,,,EDC_1920_100
EDCPT_10192,Person,,McMullan,G.{Miss.},,,,,,,,,,F,,,,,,,M.A.,,,,EDC_1920_100
EDCPT_10193,Person,,McMullan,James {Mrs.},,,,,,,,,,F,,U.S.A.,,,,,,,,,EDC_1920_100
EDCPT_10194,Person,,McNeill,Margaret E. {Miss},,,,,,,,,,F,,,,,,,M.B. ; Ch.B.,,,,EDC_1917_65
EDCPT_10195,Person,,McNeill,Winfred {Miss.},,,,,,,,,,F,,U.S.A.,,,,,,,,,EDC_1920_100; EDC_1918_85; EDC_1914_21
EDCPT_10196,Person,,McNeur,George H.,,,,,,,,,,M,,,,,,,,Rev.,,,EDC_1920_100
EDCPT_10197,Person,,McNeur,George H.,,,,,,,,,,M,,U.S.A.,,,,,,Rev.,,,EDC_1920_100; EDC_1918_85
EDCPT_10198,Person,,McNulty,{Mrs.},,,,,,,,,,F,,,,,,,,,,,EDC_1920_100
EDCPT_10199,Person,,McNulty,Henry A.,,,,,,,,,,M,,,,,,,B.A.; B.D.,Rev.,,,EDC_1920_100; EDC_1916_72; EDC_1914_21
EDCPT_10200,Person,,McNulty,Henry A.,,,,,,,,,,M,,U.S.A.,,,,,,Rev.,,,EDC_1920_100; EDC_1918_85
EDCPT_10201,Person,,McNulty,Henry A. {Mrs.},,,,,,,,,,F,,U.S.A.,,,,,,,,,EDC_1920_100; EDC_1918_85
EDCPT_10202,Person,,McOwan,Benjamin Moray,,,,,,,,,,M,,U.S.A.,,,,,,Rev.,,,EDC_1920_100; EDC_1918_85
EDCPT_10203,Person,,McOwan,Benjamin Moray,,,,,,,,,,M,,,,,,,,,,,EDC_1920_100
EDCPT_10204,Person,,McRae,Cameron Farquhar,,,,,,,,,,M,,,,,,,M.A.; B.D.,Rev.,,,EDC_1914_21; EDC_1916_72
EDCPT_10205,Person,,McRae,Paul,,,,,,,,,,M,,,,,,,LL.B.,,,,EDC_1918_85; EDC_1916_72
EDCPT_10206,Person,,McWhirter,James,,,,,,,,,,M,,,,,,,M.A.,Rev.,Teacher of English,,EDC_1914_21
EDCPT_10207,Person,,Mead,Federica Rutherford {Miss.},,,,,,,,,,F,,U.S.A.,,,,,B.A.,,,,EDC_1920_100; EDC_1918_85
EDCPT_10208,Person,,Mead,Lucy I. {Miss.},,,,,,,,,,,,,,,,,B.S.,,,,EDC_1920_100; EDC_1918_85; EDC_1916_72
EDCPT_10209,Person,,Mead,Frederica Rutherford,,,,,,,,,,F,,U.S.A.,,,,,B.A.,,,,EDC_1920_100; EDC_1916_72
EDCPT_10210,Person,,Mead,L.M.,,,,,,,,,,M,,,,,,,B.A.,,,,EDC_1916_72
EDCPT_10211,Person,,Mead,Lucy I.,,,,,,,,,,F,,,,,,,B.S.,,,*Repeat entry? Absent during part or all of 1920,EDC_1920_100
EDCPT_10212,Person,,Mean,W.,,,,,,,,,,U,,,,,,,M.D.,,,,EDC_1918_86
EDCPT_10213,Person,,Medhurst,Spurgeon,,,,,,,,,,M,,,,,,,D.M.T.,,Headmaster and Teacher of English,,EDC_1914_21; EDC_1916_72
EDCPT_10214,Person,,Meech,S. Evans,,,,,,,,,,M,,,,,,,,Rev.,,,EDC_1920_100; EDC_1916_72
EDCPT_10215,Person,,Meech,G.W. {Miss.},,,,,,,,,,F,,England,,,,,,,,,EDC_1918_86
EDCPT_10216,Person,,Meech,S. Evans,,,,,,,,,,M,,,,,,,,Rev.,,*Repeat entry?,EDC_1920_100; EDC_1914_21
EDCPT_10217,Person,,Meedar,{Mrs.},,,,,,,,,,F,,,,,,,,,,,EDC_1920_100
EDCPT_10218,Person,,Meedar,E. {Mrs.},,,,,,,,,,F,,,,,,,,,,,EDC_1920_100; EDC_1916_72
EDCPT_10219,Person,,Meedar,M.,,,,,,,,,,M,,,,,,,,Rev.,,,EDC_1920_100; EDC_1918_86
EDCPT_10220,Person,,Meedar,M.,,,,,,,,,,M,,,,,,,,Rev.,,,EDC_1920_100
EDCPT_10221,Person,,Meedar,M.,,,,,,,,,,U,,,,,,,F.M.S.,Rev.,Headmaster,,EDC_1914_21
EDCPT_10222,Person,,Mei,Bei Sen {Miss},,,,,,,,,,F,,,,,,,,,,,EDC_1916_72
EDCPT_10223,Person,,Mei,Ginsiang Y.,,,,,,,,,,U,,China,,,,,B.A.,,,,EDC_1920_100
EDCPT_10224,Person,,Mei,Ginsiang Y. {Miss.},,,,,,,,,,F,,China,,,,,,,,,EDC_1920_101
EDCPT_10225,Person,,Mei,Hua-chuen,,,,,,,,,,U,,China,,,,,B.S.; LL.B.; J.D.,,,,EDC_1920_101; EDC_1918_86
EDCPT_10226,Person,,Mei,Hua-chuen,,,,,,,,,,U,,China,,,,,B.S.; LL.B.; J.D.,,,,EDC_1920_101
EDCPT_10227,Person,,Mei,Yi-ch'i,,,,,,,,,,U,,China,,,,,B.S.,,,,EDC_1920_101
EDCPT_10228,Person,,Mei,Yoong-zuk,,,,,,,,,,U,,China,,,,,,,,,EDC_1918_86; EDC_1916_73
EDCPT_10229,Person,,Meigs,F. E.,,,,,,,,,,,,,,,,,M.A.,,,,EDC_1914_22
EDCPT_10230,Person,,Melrose,M. R. {Mrs.},,,,,,,,,,F,,,,,,,,,,,EDC_1920_101
EDCPT_10231,Person,,Melrose,Paul C.,,,,,,,,,,M,,,,,,,,Rev.,,,EDC_1920_101
EDCPT_10232,Person,,Melrose,Paul C.,,,,,,,,,,M,,U.S.A.,,,,,,Rev.,,,EDC_1920_101
EDCPT_10233,Person,,Men,Li Loon,,,,,,,,,,U,,,,,,,,,,,EDC_1916_73
EDCPT_10234,Person,,Mendes,Maunel da Silva,,,,,,,,,,F,,Portugal,,,,,LL.D.,,,,EDC_1918_86
EDCPT_10235,Person,,Mendez,M.S.,,,,,,,,,,U,,,,,,,,Dr.,,,EDC_1916_73
EDCPT_10236,Person,,Meng,Groh,,,,,,,,,,U,,,,,,,Dr. Phil.,,,,EDC_1916_73
EDCPT_10237,Person,,Meng,Hien-cheng,,,,,,,,,,U,,,,,,,B.A.,,,,EDC_1917_65
EDCPT_10238,Person,,Meng,Kuang-chan,,,,,,,,,,U,,,,,,,,,,,EDC_1916_73
EDCPT_10239,Person,,Meng,To-jung,,,,,,,,,,U,,,,,,,B.A.,,,,EDC_1917_65
EDCPT_10240,Person,,Menju,K.,,,,,,,,,,U,,,,,,,,,,,EDC_1917_65; EDC_1916_73
EDCPT_10241,Person,,Menz,G.,,,,,,,,,,M,,,,,,,,Dr.,,,EDC_1918_86; EDC_1916_73
EDCPT_10242,Person,,Mercer,Mabel {Miss},,,,,,,,,,F,,,,,,,,,,,EDC_1914_22
EDCPT_10243,Person,,Merrant,M. {Mme.},,,,,,,,,,F,,France,,,,,,,,,EDC_1918_86; EDC_1916_73
EDCPT_10244,Person,,Merrill,Clara E. {Miss.},,,,,,,,,,F,,U.S.A.,,,,,B.A.,,,,EDC_1920_101; EDC_1918_86; EDC_1916_73
EDCPT_10245,Person,,Merrill,Clara E. {Miss},,,,,,,,,,,,,,,,,B.A.,,,,EDC_1914_22
EDCPT_10246,Person,,Merrins,Edward M.,,,,,,,,,,M,,,,,,,M.D.,,,Also Editor of China Medical Journal,EDC_1920_101; EDC_1918_86; EDC_1916_73; EDC_1914_21
EDCPT_10247,Person,,Mesquitela,{Mrs.},,,,,,,,,,F,,Portugal,,,,,,,,,EDC_1918_86
EDCPT_10248,Person,,Messer,C. Mc.I. {Hon.},,,,,,,,,,M,,,,,,,,,,,EDC_1920_101; EDC_1918_86
EDCPT_10249,Person,,Metcalfe,G.E. {Miss.},,,,,,,,,,F,,,,,,,,,,,EDC_1920_101; EDC_1918_86
EDCPT_10250,Person,,Meyer,Ole B. {Miss.},,,,,,,,,,F,,America,,,,,,,,,EDC_1920_101
EDCPT_10251,Person,,Meyer,Ole B.,,,,,,,,,,M,,America,,,,,,Rev.,,,EDC_1920_101
EDCPT_10252,Person,,Meyers,J.,,,,,,,,,,U,,,,,,,,,,,EDC_1920_101; EDC_1918_86
EDCPT_10253,Person,,Michael,,,,,,,,,,,U,,,,,,,,,,,EDC_1916_73
EDCPT_10254,Person,,Mickey,Margaret Portia {Miss},,,,,,,,,,F,,,,,,,B.A.,,,,EDC_1917_65; EDC_1916_73
EDCPT_10255,Person,,Middleton-Smith,C.A.,,,,,,,,,,U,,U.K.,,,,,M.Sc.; M.I.; Mech. E.; A.M.I.E.E.,,,,EDC_1920_101; EDC_1918_86; EDC_1916_73
EDCPT_10256,Person,,Middleton-Smith,E. {Miss.},,,,,,,,,,F,,U.K.,,,,,,,,,EDC_1920_101; EDC_1918_87; EDC_1916_73
EDCPT_10257,Person,,Mien,P'an Jung,,,,,,,,,,U,,,,,,,B.A.; B.Sc.,,,,EDC_1916_73
EDCPT_10258,Person,,Miers,Henry Alexander {Sir},,,,,,,,,,M,,,,,,,M.A.; D.Sc. F.R.S.,Sir,,"Listed as deceased in the 1916 edition... curiously, his Wikipedia page lists him as dying in 1942. Will need to look more into this.",EDC_1914_22; EDC_1916_73
EDCPT_10259,Person,,Miles,George,,,,,,,,,,M,,U.S.A.,,,,,,,,,EDC_1920_101; EDC_1918_87
EDCPT_10260,Person,,Miller,H.B.,,,,,,,,,,M,,Germany,,,,,B.A.,,,,EDC_1918_87
EDCPT_10261,Person,,Miller,{Miss.},,,,,,,,,,F,,Germany,,,,,,,,,EDC_1918_87
EDCPT_10262,Person,,Miller,E.P.,,,,,,,,,,U,,U.S.A.,,,,,M.A.,,,,EDC_1920_101; EDC_1918_87
EDCPT_10263,Person,,Miller,Everard P. {Jr.},,,,,,,,,,M,,,,,,,B.A.; M.A.,,,,EDC_1914_22; EDC_1916_73
EDCPT_10264,Person,,Miller,J.A.,,,,,,,,,,M,,Germany,,,,,,Rev.,,,EDC_1918_87
EDCPT_10265,Person,,Millican,A.B. {Mrs.},,,,,,,,,,F,,U.S.A.,,,,,,,,,EDC_1920_101
EDCPT_10266,Person,,Millington,Francis Charles,,,,,,,,,,M,,,,,,,,,,,EDC_1917_66; EDC_1916_74
EDCPT_10267,Person,,Millington,F.C. {Mrs.},,,,,,,,,,F,,England,,,,,M.A.,,,,EDC_1918_87
EDCPT_10268,Person,,Mills,C. F. {Mrs.},,,,,,,,,,F,,,,,,,,,,,EDC_1917_66
EDCPT_10269,Person,,Mills,A.T. {Mrs.},,,,,,,,,,F,,,,,,,A.B.,,,,EDC_1920_102; EDC_1918_87; EDC_1916_74; EDC_1914_22
EDCPT_10270,Person,,Mills,R.G. {Mrs.},,,,,,,,,,F,,,,,,,,,,,EDC_1920_102
EDCPT_10271,Person,,Mills,Ralph G.,,,,,,,,,,M,,,,,,,,,,,EDC_1920_102
EDCPT_10272,Person,,Mills,S.J.,,,,,,,,,,U,,,,,,,B.A.,,,,EDC_1918_87; EDC_1916_74; EDC_1914_22
EDCPT_10273,Person,,Mills,W.,,,,,,,,,,U,,,,,,,,,,,EDC_1916_74
EDCPT_10274,Person,,Millward,J.F. {Mrs.},,,,,,,,,,F,,,,,,,B.A.,,,,EDC_1916_74
EDCPT_10275,Person,,Millward,William,,,,,,,,,,,,,,,,,B.A.,Rev.,,,EDC_1914_22; EDC_1916_74
EDCPT_10276,Person,,Milne,J.C.,,,,,,,,,,U,,Scotland,,,,,B.A.,,,,EDC_1920_102
EDCPT_10277,Person,,Miner,Luella {Miss},,,,,,,,,,F,,,,,,,M.A. ; Litt. D.,,,,EDC_1917_66; EDC_1916_74; EDC_1914_22
EDCPT_10278,Person,,Miner,Geo. S.,,,,,,,,,,M,,,,,,,A.B.; M.A.,Rev.,,,EDC_1916_74
EDCPT_10279,Person,,Ming,Chu Je,,,,,,,,,,U,,,,,,,,,,,EDC_1916_74
EDCPT_10280,Person,,Ming,Li Wen,,,,,,,,,,U,,,,,,,,,,,EDC_1916_74
EDCPT_10281,Person,,Minty,C.S.,,,,,,,,,,M,,,,,,,,Rev.,,,EDC_1920_102
EDCPT_10282,Person,,Miske,Louise E. {Miss.},,,,,,,,,,F,,,,,,,B.A.,,,,EDC_1920_102; EDC_1918_87; EDC_1916_74; EDC_1914_22
EDCPT_10283,Person,,Miskelly,William,,,,,,,,,,M,,,,,,,M.A.,Rev.,,,EDC_1920_102; EDC_1918_87; EDC_1916_74; EDC_1914_22
EDCPT_10284,Person,,Mitchel,Kathleen {Miss},,,,,,,,,,,,,,,,,B.A.,,,,EDC_1914_22
EDCPT_10285,Person,,Mitchell,{Mrs.},,,,,,,,,,F,,,,,,,R.A. ; M.D.,,,,EDC_1917_66
EDCPT_10286,Person,,Mitchell,E. E. {Miss},,,,,,,,,,F,,,,,,,,,,,EDC_1917_66
EDCPT_10287,Person,,Mitchell,J. Archibald,,,,,,,,,,M,,U.S.A.,,,,,B.A.,,,,EDC_1920_102; EDC_1918_88; EDC_1916_74
EDCPT_10288,Person,,Mitchell,Julia Post {Miss},,,,,,,,,,F,,,,,,,M.A.; Ph.D.,,,,EDC_1914_22; EDC_1916_74
EDCPT_10289,Person,,Mitchell,Laura {Miss},,,,,,,,,,F,,,,,,,,,,,EDC_1916_74
EDCPT_10290,Person,,Mitchell,Marian Sheffield {Miss.},,,,,,,,,,F,,U.S.A.,,,,,B.A.,,,,EDC_1920_102; EDC_1918_87
EDCPT_10291,Person,,Mitchell,Marion S. {Miss},,,,,,,,,,,,,,,,,B.A.,,,,EDC_1914_22
EDCPT_10292,Person,,Mitchell,R. A. {Mrs.},,,,,,,,,,F,,,,,,,M.D.,,,,EDC_1914_22; EDC_1916_74
EDCPT_10293,Person,,Mitchell,Robert A.,,,,,,,,,,M,,U.S.A.,,,,,M.A.; B.A.; M.A.,Rev.,,,EDC_1920_102; EDC_1918_87; EDC_1916_74; EDC_1914_22
EDCPT_10294,Person,,Mo,John,,,,,,,,,,M,,,,,,,B.A.,,,,EDC_1917_67; EDC_1916_75
EDCPT_10295,Person,,Mo,John,,,,,,,,,,M,,,,,,,B. A.,,,,EDC_1914_22
EDCPT_10296,Person,,Mo,Z.C.,,,,,,,,,,U,,,,,,,LL.B.,,,,EDC_1920_103
EDCPT_10297,Person,,Mody,N. H. N.,,,,,,,,,,U,,,,,,,,,,,EDC_1914_22
EDCPT_10298,Person,,Mody,N.H.N.,,,,,,,,,,U,,,,,,,,,,,EDC_1918_88
EDCPT_10299,Person,,Moffett,C.L. {Miss.},,,,,,,,,,F,,England,,,,,,,,,EDC_1920_103; EDC_1918_88
EDCPT_10300,Person,,Moffett,L.I. {Mrs.},,,,,,,,,,F,,England,,,,,,,,,EDC_1920_103; EDC_1918_88
EDCPT_10301,Person,,Mok,Samuel A.,,,,,,,,,,M,,,,,,,,,,,EDC_1917_67
EDCPT_10302,Person,,Mok,Chas.,,,,,,,,,,M,,,,,,,,,,,EDC_1916_75
EDCPT_10303,Person,,Mok,Lai Chi,,,,,,,,,,U,,,,,,,F.C.I.,Rev.,,,EDC_1916_75
EDCPT_10304,Person,,Mok,Ying-Chung,,,,,,,,,,M,,China,,,,,,,,,EDC_1920_103
EDCPT_10305,Person,,Mokuda,S.,,,,,,,,,,U,,Japan,,,,,,,,,EDC_1920_103
EDCPT_10306,Person,,Mole,R. Howard,,,,,,,,,,M,,,,,,,B.A.; M.D.,,,,EDC_1920_103; EDC_1918_88; EDC_1916_75; EDC-1914_22
EDCPT_10307,Person,,Moler,M. {Miss.},,,,,,,,,,F,,,,,,,,,,,EDC_1918_88
EDCPT_10308,Person,,Money,W. {Miss},,,,,,,,,,F,,,,,,,,,Nurse,,EDC_1916_75
EDCPT_10309,Person,,Moninger,Mary Margaret {Miss.},,,,,,,,,,F,,Germany,,,,,B.A.,,,,EDC_1920_103
EDCPT_10310,Person,,Monroni,A. {Sr.},,,,,,,,,,F,,,,,,,,,,,EDC_1916_75
EDCPT_10311,Person,,Montgomery,R. P.,,,,,,,,,,U,,,,,,,B.A.,,,,EDC_1917_67
EDCPT_10312,Person,,Montgomery,R.P.,,,,,,,,,,U,,,,,,,B.A.,,,,EDC_1920_103; EDC_1918_88; EDC_1916_75
EDCPT_10313,Person,,Montgomery,T.H. {Mrs.},,,,,,,,,,F,,England,,,,,,,,,EDC_1918_88; EDC_1916_75
EDCPT_10314,Person,,Moody,T.,,,,,,,,,,U,,,,,,,R.A.,,,,EDC_1920_103
EDCPT_10315,Person,,Mooney,M. {Miss},,,,,,,,,,F,,,,,,,,,,,EDC_1917_67; EDC_1916_75
EDCPT_10316,Person,,Moore,P. R.,,,,,,,,,,U,,,,,,,B.A.,,,,EDC_1917_67; EDC_1916_75
EDCPT_10317,Person,,Moore,W.,,,,,,,,,,U,,,,,,,B.A. ; L.R.C.P. ; L.R.C.S.,,,,EDC_1917_67
EDCPT_10318,Person,,Moore,A. {Mrs.},,,,,,,,,,F,,,,,,,,,,,EDC_1916_75
EDCPT_10319,Person,,Moore,J.G.,,,,,,,,,,U,,U.S.A.,,,,,,,,,EDC_1920_104
EDCPT_10320,Person,,Moore,James,,,,,,,,,,U,,,,,,,M.A.; F.R.G.S.,,,"Listed as ""on furlough, may not return"" in 1916",EDC_1914_22; EDC_1916_75
EDCPT_10321,Person,,Moore,R.G.,,,,,,,,,,U,,U.S.A.,,,,,B.A.,,,,EDC_1920_104
EDCPT_10322,Person,,Moore-Anderson,A.S.,,,,,,,,,,M,,U.S.A.,,,,,M.A.,Rev.,,,EDC_1920_104
EDCPT_10323,Person,,Morgan,Annie {Miss.},,,,,,,,,,F,,,,,,,,,,,EDC_1920_104
EDCPT_10324,Person,,Morgan,E.W.,,,,,,,,,,M,,,,,,,,Rev.,,,EDC_1920_104; EDC_1918_88
EDCPT_10325,Person,,Morgan,Edgar L.,,,,,,,,,,M,,,,,,,M.A.; Th.M.,,,,EDC_1920_104; EDC_1918_88
EDCPT_10326,Person,,Morgan,Evan {Mrs.},,,,,,,,,,F,,,,,,,,,,,EDC_1920_104; EDC_1918_88
EDCPT_10327,Person,,Moritz,L. {Miss},,,,,,,,,,F,,,,,,,,,,,EDC_1916_75
EDCPT_10328,Person,,Moritz,S. {Miss},,,,,,,,,,F,,,,,,,,,,,EDC_1917_67
EDCPT_10329,Person,,Morltz,{Miss},,,,,,,,,,U,,,,,,,B. S.,,,,EDC_1914_22
EDCPT_10330,Person,,Morrill,Arthur Bradford,,,,,,,,,,M,,,,,,,,,,,EDC_1914_22
EDCPT_10331,Person,,Morris,Alfred,,,,,,,,,,M,,,,,,,A.C.P.,,,,EDC_1917_67; EDC_1914_23
EDCPT_10332,Person,,Morris,J. C. {Miss},,,,,,,,,,F,,,,,,,,,,,EDC_1917_67
EDCPT_10333,Person,,Morris,Harold H.,,,,,,,,,,M,,,,,,,B.S.; M.D.,,,,EDC_1920_104; EDC_1918_89; EDC_1916_75; EDC_1914_23
EDCPT_10334,Person,,Morrison,W. R.,,,,,,,,,,U,,,,,,,B.A.,,,,EDC_1917_67
EDCPT_10335,Person,,Morse,O.C.,,,,,,,,,,U,,England,,,,,B.A.,,,,EDC_1918_89; EDC_1916_76; EDC_1914_23
EDCPT_10336,Person,,Morse,William Reginald,,,,,,,,,,M,,England,,,,,B.A.; M.D.; C.M.,,,,EDC_1920_104; EDC_1918_89; EDC_1916_76
EDCPT_10337,Person,,Mort,Ellen {Miss.},,,,,,,,,,F,,,,,,,,,,,EDC_1918_89
EDCPT_10338,Person,,Morton,Annie R. {Miss.},,,,,,,,,,F,,,,,,,,,,,EDC_1920_104: EDC_1918_89; EDC_1916_76
EDCPT_10339,Person,,Morton,M.D. {Miss},,,,,,,,,,F,,,,,,,,,,,EDC_1920_104; EDC_1918_89
EDCPT_10340,Person,,Morton-Smith,M. {Miss},,,,,,,,,,F,,,,,,,,,,,EDC_1916_76
EDCPT_10341,Person,,Mosher,Governeur Frank,,,,,,,,,,M,,,,,,,,Rev.,,,EDC_1917_68; EDC_1916_76
EDCPT_10342,Person,,Moss,Leslie Bates,,,,,,,,,,M,,,,,,,M.A.,Rev.,,,EDC_1920_104; EDC_1918_89
EDCPT_10343,Person,,,Mother Sr. Lydia,,,,,,,,,,F,,,,,,,,,,,EDC_1918_79
EDCPT_10344,Person,,,Mother St. Basil,,,,,,,,,,,,,,,,,,,,,EDC_1918_5
EDCPT_10345,Person,,,Mother St. Dominigue,Mother St. Dominic,,,,,,,,,F,,,,,,,,Rev. Mother,,,EDC_1918_31
EDCPT_10346,Person,,,Mother St. Elizabeth,,,,,,,,,,F,,,,,,,,,,,EDC_1918_34
EDCPT_10347,Person,,,Mother St. Eugenie,,,,,,,,,,F,,,,,,,,,,,EDC_1918_35
EDCPT_10348,Person,,Moule,H.W. {Mrs.},,,,,,,,,,F,,,,,,,,,,,EDC_1918_89
EDCPT_10349,Person,,Moule,J. F.,,,,,,,,,,U,,,,,,,,,,,EDC_1920_105
EDCPT_10350,Person,,Moule,J.F. {Miss.},,,,,,,,,,F,,,,,,,,,,,EDC_1918_89
EDCPT_10351,Person,,Moule,W.A.H.,,,,,,,,,,M,,,,,,,,,,,EDC_1920_105; EDC_1918_89; EDC_1916_76; EDC_1914_23
EDCPT_10352,Person,,Moule,W.S.,,,,,,,,,,U,,,,,,,M.A.,Archdeacon,,,EDC_1920_105; EDC_1918_89; EDC_1916_76; EDC_1914_23
EDCPT_10353,Person,,Moussion,{Mme.},,,,,,,,,,F,,,,,,,,,,,EDC_1917_68; EDC_1916_76; EDC_1914_23
EDCPT_10354,Person,,Mowatt,J.A.,,,,,,,,,,U,,,,,,,B.A.,Rev.,,,EDC_1920_105; EDC_1916_76
EDCPT_10355,Person,,Mugford,P. {Mrs.},,,,,,,,,,F,,,,,,,,,,,EDC_1920_105
EDCPT_10356,Person,,Muhleison,H.,,,,,,,,,,M,,,,,,,,Rev.,,,EDC_1917_68
EDCPT_10357,Person,,Muir,David D.,,,,,,,,,,M,,,,,,,L.R.C.S.; L.R.C.P.; L.F.P.S.,,,,EDC_1914_23; EDC_1916_76
EDCPT_10358,Person,,Muir,John R.,,,,,,,,,,M,,Scotland,,,,,,Rev.,,,EDC_1920_105
EDCPT_10359,Person,,Muir,John R. {Mrs.},,,,,,,,,,F,,Scotland,,,,,,,,,EDC_1920_105
EDCPT_10360,Person,,Muir,Winfred E. {Miss.},,,,,,,,,,F,,Scotland,,,,,,,,,EDC_1920_105
EDCPT_10361,Person,,Mukai,M.,,,,,,,,,,U,,,,,,,,,,,EDC_1917_68; EDC_1916_76
EDCPT_10362,Person,,Mulliken,Ruth E. {Miss.},,,,,,,,,,F,,Germany,,,,,,,,,EDC_1920_105; EDC_1916_76
EDCPT_10363,Person,,Mungall,{Miss.},,,,,,,,,,F,,Germany,,,,,,,,,EDC_1920_105
EDCPT_10364,Person,,Munger,Callie {Miss.},,,,,,,,,,F,,Germany,,,,,,,,,EDC_1920_105
EDCPT_10365,Person,,Munger,Enda {Miss},,,,,,,,,,F,,,,,,,B.A.,,,,EDC_1917_68
EDCPT_10366,Person,,Munn,William,,,,,,,,,,M,,,,,,,,Rev.,,,EDC_1916_76
EDCPT_10367,Person,,Munson,E.H.,,,,,,,,,,U,,,,,,,Ph.B,,,,EDC_1920_105; EDC_1916_77
EDCPT_10368,Person,,Murata,H.,,,,,,,,,,U,,,,,,,,,,,EDC_1917_68; EDC_1916_77
EDCPT_10369,Person,,Murayama,K.,,,,,,,,,,U,,,,,,,,,,,EDC_1917_68; EDC_1916_77
EDCPT_10370,Person,,Murdoch,Mary C. {Miss.},,,,,,,,,,F,,Ireland,,,,,,,,,EDC_1920_105
EDCPT_10371,Person,,Murdock,M. C. {Miss},,,,,,,,,,U,,,,,,,,,,,EDC_1914_23
EDCPT_10372,Person,,Murray,{Mrs.},,,,,,,,,,F,,,,,,,B.A.,,,,EDC_1917_69; EDC_1916_77
EDCPT_10373,Person,,Murray,A. H.,,,,,,,,,,U,,,,,,,M.A.,,,,EDC_1917_69; EDC_1916_77
EDCPT_10374,Person,,Murray,E.,,,,,,,,,,U,,,,,,,,,,,EDC_1917_69; EDC_1916_77; EDC_1914_23
EDCPT_10375,Person,,Murray,E.,,,,,,,,,,U,,,,,,,,,,,EDC_1917_69; EDC_1916_77
EDCPT_10376,Person,,Murray,E. {Mrs.},,,,,,,,,,F,,,,,,,,,,,EDC_1917_69; EDC_1916_77; EDC_1914_23
EDCPT_10377,Person,,Murray,A.H.J.,,,,,,,,,,U,,,,,,,M.A.,,,,EDC_1914_23
EDCPT_10378,Person,,Murray,H. {Miss},,,,,,,,,,U,,,,,,,,,,,EDC_1914_23
EDCPT_10379,Person,,Murry,F.,,,,,,,,,,U,,,,,,,,,,,EDC_1920_106
EDCPT_10380,Person,,Mycock,Charles,,,,,,,,,,M,,,,,,,,,,,EDC_1917_69; EDC_1916_77
EDCPT_10381,Person,,Myers,Belle {Miss},,,,,,,,,,F,,,,,,,,,,,EDC_1917_69; EDC_1916_77
EDCPT_10382,Person,,Myers,Henry V.S.,,,,,,,,,,M,,,,,,,V.S.; M.A.; S.T.D.,Rev.,,,EDC_1914_23
EDCPT_10383,Person,,Nai,Lei Ze,,,,,,,,,,U,,,,,,,,,,,EDC_1916_77
EDCPT_10384,Person,,Nail,Xavier Vung Piau,,,,,,,,,,M,,,,,,,,,,,EDC_1916_77
EDCPT_10385,Person,,Nairn,W. M.,,,,,,,,,,U,,,,,,,M.B. ; Ch. B.,,,,EDC_1917_69; EDC_1916_77
EDCPT_10386,Person,,Nairn,William,,,,,,,,,,M,,,,,,,M.B.; Ch. B.,,,,EDC_1920_106
EDCPT_10387,Person,,Nakamori,Y.,,,,,,,,,,U,,,,,,,,,,,EDC_1916_77
EDCPT_10388,Person,,Nakamura,M.,,,,,,,,,,U,,,,,,,,,,,EDC_1916_77
EDCPT_10389,Person,,Nan,Hang Hun,,,,,,,,,,U,,,,,,,,,,,EDC_1916_77
EDCPT_10390,Person,,Nance,W. B. {Mrs.},,,,,,,,,,F,,,,,,,,,,,EDC_1917_69
EDCPT_10391,Person,,Nance,W.B.,,,,,,,,,,M,,,,,,,B.A.; B.D.,Rev.,,,EDC_1920_106; EDC_1918_91
EDCPT_10392,Person,,Nance,Walter Buckner,,,,,,,,,,U,,,,,,,B.A.; B.D.,Rev.,,,EDC_1914_23
EDCPT_10393,Person,,Nang,Chuen-yung,,,,,,,,,,U,,,,,,,,,,,EDC_1917_69
EDCPT_10394,Person,,Nash,W.L.,,,,,,,,,,U,,,,,,,B.A.; B.D.,,,,EDC_1920_106
EDCPT_10395,Person,,Nasmith,Augustus I.,,,,,,,,,,M,,,,,,,B.A.; B.D.,Rev.,,Absent during part or all of 1920,EDC_1920_106; EDC_1918_91
EDCPT_10396,Person,,Nasmith,Esther N. {Mrs.},,,,,,,,,,F,,,,,,,B.A.,,,,EDC_1920_106; EDC_1918_91
EDCPT_10397,Person,,Naumann,B.A.,,,,,,,,,,U,,Germany,,,,,B.A.,,,"Here page 90 is missing because in EDC1918 it was blurred, while page 89 starts at row 3700 since in EDC1918 pdf there was a blank page which has been uploaded later, and I wasn't able to add more lines after row 3099.",EDC_1918_91
EDCPT_10398,Person,,Naumann,Carl B.,,,,,,,,,,M,,,,,,,B.A.; B.D.,Rev.,,,EDC_1920_106
EDCPT_10399,Person,,Naumann,K.B.,,,,,,,,,,U,,,,,,,B.A.; B.D.,Rev.,,Same as Carl B. Naumann?,EDC_1916_77
EDCPT_10400,Person,,Navas,R. L.,,,,,,,,,,U,,,,,,,,,,,EDC_1920_106
EDCPT_10401,Person,,Nazianze,{Brother.},,,,,,,,,,M,,,,,,,,Rev.,,,EDC_1920_106; EDC_1918_91
EDCPT_10402,Person,,Neagle,R.A.,,,,,,,,,,U,,,,,,,B.A.; M.D.; D.P.H.,,,,EDC_1916_77
EDCPT_10403,Person,,Neal,James Boyd,,,,,,,,,,M,,U.S.A.,,,,,M.A.; M.D.,,,,EDC_1920_106; EDC_1918_91; EDC_1916_77; EDC_1914_23
EDCPT_10404,Person,,Neave,,,,,,,,,,,,,,,,,,,,,,EDC_1918_91
EDCPT_10405,Person,,Neave,L. {Miss},,,,,,,,,,F,,,,,,,,,,,EDC_1917_69; EDC_1916_78
EDCPT_10406,Person,,Nee,C. F.,,,,,,,,,,U,,,,,,,B.A.,,,,EDC_1920_107
EDCPT_10407,Person,,Nee,G. W.,,,,,,,,,,U,,,,,,,B.A.,,,,EDC_1920_107
EDCPT_10408,Person,,Nee,K.D.,,,,,,,,,,U,,,,,,,B.A.,,,,EDC_1916_78
EDCPT_10409,Person,,Neff,Clarence Alvin,,,,,,,,,,M,,U.S.A.,,,,,Ph. B.; M.A.,Rev.,,A.B.C.F.M. {American Board of Commissioners for Foreign Missions},EDC_1920_107; EDC_1918_91; EDC_1916_78
EDCPT_10410,Person,,Nelson,C. A. {Mrs.},,,,,,,,,,F,,,,,,,,,,,EDC_1917_70
EDCPT_10411,Person,,Nelson,C. J.,,,,,,,,,,M,,,,,,,B.A.,Rev.,,,EDC_1920_107
EDCPT_10412,Person,,Nelson,C.T.,,,,,,,,,,U,,Ireland,,,,,,,,,EDC_1918_91
EDCPT_10413,Person,,Nelson,Charles A.,,,,,,,,,,M,,Ireland,,,,,B.A.; B.D.,Rev.,,,EDC_1918_91; EDC_1916_78
EDCPT_10414,Person,,Nestor,{Brother.},,,,,,,,,,M,,,,,,,,,,,EDC_1920_107; EDC_1918_91
EDCPT_10415,Person,,Neumann,George B. {Mrs.},,,,,,,,,,F,,U.S.A.,,,,,B.A.,,,,EDC_1920_107; EDC_1918_91
EDCPT_10416,Person,,Neumann,George Bradford,,,,,,,,,,M,,U.S.A.,,,,,B.A.; B.D.; M.A.,Rev.,,,EDC_1920_107; EDC_1918_91; EDC_1916_78
EDCPT_10417,Person,,Neville,William Smart Thacker,,,,,,,,,,M,,,,,,,B.A.; M.D.,,,"Exp: Union medical college, Peking, 1915",EDC_1920_107
EDCPT_10418,Person,,New,T.,,,,,,,,,,U,,,,,,,B.S. ; M.S.A.,,,,EDC_1917_70
EDCPT_10419,Person,,New,Way-sung,,,,,,,,,,U,,,,,,,B.A.; M.D.,,,,EDC_1920_107; EDC_1916_78
EDCPT_10420,Person,,Newberry,E.E. {Miss.},,,,,,,,,,F,,England,,,,,,,,,EDC_1918_91
EDCPT_10421,Person,,Newbery,Alfred,,,,,,,,,,M,,U.S.A.,,,,,B.A.,,,,EDC_1920_107; EDC_1918_91; EDC_1916_78
EDCPT_10422,Person,,Newbery,E.E. {Miss},,,,,,,,,,F,,,,,,,,,,,EDC_1916_78
EDCPT_10423,Person,,Newell,George Merriam,,,,,,,,,,M,,U.S.A.,,,,,B.S.; M.A.,,,,EDC_1920_107; EDC_1918_92
EDCPT_10424,Person,,Newhouse,Frank. F.,,,,,,,,,,M,,,,,,,B.A.,,,,EDC_1917_70; EDC_1916_78
EDCPT_10425,Person,,Newman,Henry Ware,,,,,,,,,,M,,,,,,,B.A.; M.D.,Dr.,,In 1916 was organizing a Union Medical School in Canton,EDC_1916_78
EDCPT_10426,Person,,Newsam,G. F. C.,,,,,,,,,,M,,,,,,,,,,,EDC_1920_107
EDCPT_10427,Person,,Neyer,{Miss},,,,,,,,,,F,,,,,,,,,,,EDC_1917_70
EDCPT_10428,Person,,Nezu,T.,,,,,,,,,,U,,,,,,,,,,,EDC_1917_70
EDCPT_10429,Person,,Ng,Un-teng,,,,,,,,,,U,,China,,,,,,,,,EDC_1918_92
EDCPT_10430,Person,,Ng,Z. Y.,,,,,,,,,,U,,,,,,,,,,,EDC_1920_107
EDCPT_10431,Person,,Nga,Geng-guong,,,,,,,,,,U,,China,,,,,,,,,EDC_1918_92
EDCPT_10432,Person,,Ngou,Ji-nam,,,,,,,,,,U,,,,,,,,,,,EDC_1917_70
EDCPT_10433,Person,,Ngu,Han-sung,,,,,,,,,,U,,,,,,,,,,,EDC_1917_70
EDCPT_10434,Person,,Nichols,H.G.,,,,,,,,,,U,,,,,,,,,,,EDC_1920_108; EDC_1918_92
EDCPT_10435,Person,,Nichols,J.W.,,,,,,,,,,M,,,,,,,M.A.,Rev.,,,EDC_1920_108; EDC_1918_92
EDCPT_10436,Person,,Nieh,C. C.,,,,,,,,,,U,,,,,,,,,,,EDC_1917_70
EDCPT_10437,Person,,Nieh,C.G.,,,,,,,,,,U,,,,,,,,,,,EDC_1918_92
EDCPT_10438,Person,,Nieh,Miriam L.,,,,,,,,,,F,,,,,,,M.A.,,,,EDC_1920_108; EDC_1918_92
EDCPT_10439,Person,,Nieh,Ying-Mei,,,,,,,,,,F,,China,,,,,,,,,EDC_1920_108
EDCPT_10440,Person,,Niew,Vungdah,,,,,,,,,,U,,,,,,,,,,,EDC_1916_78
EDCPT_10441,Person,,Nightingale,G. F. {Mrs.},,,,,,,,,,F,,,,,,,,,,Already entered?,EDC_1917_70
EDCPT_10442,Person,,Nightingale,G. Franklin,Nightingale; G. Franklyn,,,,,,,,,M,,,,,,,B. Sc.; B.A.,,,,EDC_1920_108; EDC_1916_78
EDCPT_10443,Person,,Nightingale,G. Franklin {Mrs.},,,,,,,,,,F,,,,,,,,,,,EDC_1920_108
EDCPT_10444,Person,,Nightingale,S. J.,,,,,,,,,,M,,,,,,,,Rev.,,,EDC_1920_108; EDC_1918_92; EDC_1916_78
EDCPT_10445,Person,,Niles,{Mrs.},,,,,,,,,,F,,,,,,,B.A.,,,,EDC_1920_108
EDCPT_10446,Person,,Niles,Frank S.,,,,,,,,,,M,,U.S.A.,,,,,B.A.; B.D.,Rev.,,,EDC_1920_108
EDCPT_10447,Person,,Niles,Mary W. {Miss.},,,,,,,,,,F,,,,,,,M.A.; M.D.,,,,EDC_1918_92
EDCPT_10448,Person,,Niles,Wang W. {Miss},,,,,,,,,,F,,,,,,,A.B.; M.A.; M.D.,,,,EDC_1916_78
EDCPT_10449,Person,,Niu,Hsi-lin,,,,,,,,,,M,,China,,,,,,,,,EDC_1918_92
EDCPT_10450,Person,,Niu,Ian-ku,,,,,,,,,,M,,China,,,,,,,,,EDC_1918_92
EDCPT_10451,Person,,Noble,W. R.,,,,,,,,,,U,,,,,,,,,,,EDC_1917_71
EDCPT_10452,Person,,Norgaard,Peter,,,,,,,,,,M,,,,,,,,,,,EDC_1920_108
EDCPT_10453,Person,,Noronha,C.M. {Miss},,,,,,,,,,F,,,,,,,,,,Sub-inspector of Hongkong Education Dept.,EDC_1916_78
EDCPT_10454,Person,,North,H. F. {Miss.},,,,,,,,,,F,,,,,,,,,,,EDC_1920_108; EDC_1918_93
EDCPT_10455,Person,,Norton,Edward Moore,,,,,,,,,,M,,,,,,,B.A. ; B.D.,Rev.,,,EDC_1917_71
EDCPT_10456,Person,,Norton,Arthur William Richmond,,,,,,,,,,M,,,,,,,M.A.,Rev.,,,EDC_1914_23; EDC_1916_79
EDCPT_10457,Person,,Norton,Edward Moore,,,,,,,,,,M,,Ireland,,,,,B.A.; B.D.,Rev.,,,EDC_1920_108; EDC_1918_93
EDCPT_10458,Person,,Norton,J. Randall,,,,,,,,,,M,,,,,,,B.A.; M.A.,,,,EDC_1920_108; EDC_1918_93; EDC_1916_78; EDC_1914_23
EDCPT_10459,Person,,Noss,,,,,,,,,,,U,,,,,,,,,,,EDC_1916_79
EDCPT_10460,Person,,Nourse,Mary A. {Miss},,,,,,,,,,F,,U.S.A.,,,,,Ph. B.,,,,EDC_1920_108; EDC_1918_93; EDC_1916_79
EDCPT_10461,Person,,Noyes,Harriet {Miss},,,,,,,,,,F,,,,,,,,,,,EDC_1917_71; EDC_1916_79
EDCPT_10462,Person,,Noyes,William D.,,,,,,,,,,M,,,,,,,A.B.,Rev.,,,EDC_1920_109; EDC_1918_93; EDC_1916_79
EDCPT_10463,Person,,Noyes,William D.,,,,,,,,,,M,,,,,,,B.A.,Rev.,,Already entered?,EDC_1917_71
EDCPT_10464,Person,,Nunes,J. de C.,,,,,,,,,,U,,,,,,,,Rev.,,,EDC_1920_109
EDCPT_10465,Person,,Nunez,J. de C.,,,,,,,,,,M,,Portugal,,,,,,Rev.,,,EDC_1918_93; EDC_1916_79
EDCPT_10466,Person,,Ny,Vong-mai {Miss},,,,,,,,,,F,,,,,,,,,,,EDC_1916_79
EDCPT_10467,Person,,Nyberg,Laura {Miss.},,,,,,,,,,F,,Sweden,,,,,,,,,EDC_1918_93
EDCPT_10468,Person,,Nyi,Kong-zeng,,,,,,,,,,U,,China,,,,,,,,,EDC_1918_93
EDCPT_10469,Person,,Nyien,T. H.,,,,,,,,,,U,,,,,,,,,,,EDC_1920_109
EDCPT_10470,Person,,Nyien,Tsong-yun,,,,,,,,,,U,,China,,,,,,,,,EDC_1920_109
EDCPT_10471,Person,,Nyien,Yieo-san,,,,,,,,,,U,,China,,,,,,,,,EDC_1920_109
EDCPT_10472,Person,,Nyström,E. T.,,,,,,,,,,U,,,,,,,C.E.; M.A.; B. Sc.,,,,EDC_1920_109
EDCPT_10473,Person,,O' Neill,F. W. S.,,,,,,,,,,U,,,,,,,M.A.,Rev.,,,EDC_1920_109; EDC_1918_94
EDCPT_10474,Person,,O' Toole,E.J {Mrs.},,,,,,,,,,F,,,,,,,,,,,EDC_1920_110; EDC_1918_94
EDCPT_10475,Person,,Oakes,W.L.,,,,,,,,,,M,,U.K.,,,,,B.D.,Rev.,,,EDC_1920_109
EDCPT_10476,Person,,Oatway,{Miss.},,,,,,,,,,F,,,,,,,,,,,EDC_1920_109
EDCPT_10477,Person,,O'Brien-Butler,P.E.,,,,,,,,,,U,,U.S.A,,,,,,,,,EDC_1918_93
EDCPT_10478,Person,,Oehler,Sidney L. {Miss},,,,,,,,,,F,,,,,,,,,,,EDC_1916_79
EDCPT_10479,Person,,Ogden,M. R. {Miss.},,,,,,,,,,F,,,,,,,,,,,EDC_1920_109; EDC_1916_79; EDC_1914_23
EDCPT_10480,Person,,Ogilvie,Charles Lawrence,Ogilvie; Chas. L.,,,,,,,,,M,,,,,,,,Rev.,,,EDC_1917_71; EDC_1916_79
EDCPT_10481,Person,,Ogilvie,Chas. L. {Mrs.},,,,,,,,,,F,,U.S.A.,,,,,B.A.,,,,EDC_1916_79
EDCPT_10482,Person,,Ohmura,K.,,,,,,,,,,U,,,,,,,,,,,EDC_1917_71
EDCPT_10483,Person,,Oldham,H. W.,,,,,,,,,,M,,,,,,,,Rev.,,Already entered?,EDC_1917_71
EDCPT_10484,Person,,Oldham,H. W.,,,,,,,,,,M,,,,,,,,Rev.,,,EDC_1920_109; EDC_1918_93; EDC_1916_79
EDCPT_10485,Person,,Olive,Myra Rancroft,,,,,,,,,,F,,,,,,,,,,,EDC_1920_109
EDCPT_10486,Person,,Oliver,J. C.,,,,,,,,,,U,,,,,,,B.A.,,,,EDC_1920_109; EDC_1918_93
EDCPT_10487,Person,,Olsen,A.W.,,,,,,,,,,U,,U.S.A,,,,,B.A.,,,,EDC_1918_93
EDCPT_10488,Person,,Omura,K.,,,,,,,,,,U,,,,,,,,,,,EDC_1916_79
EDCPT_10489,Person,,On,Bon-yu,,,,,,,,,,U,,,,,,,,,,,EDC_1916_79
EDCPT_10490,Person,,O'Neill,F. W. S.,,,,,,,,,,U,,,,,,,M.A.,Rev.,,,EDC_1914_23; EDC_1916_79
EDCPT_10491,Person,,O'Neill,Gordon O.,,,,,,,,,,M,,,,,,,L.R.C.P. ; M.R.C.S. ; M.D.,,,,EDC_1917_71; EDC_1916_79
EDCPT_10492,Person,,O'Neill,John,,,,,,,,,,M,,,,,,,B.A.,Rev.,,,EDC_1916_79
EDCPT_10493,Person,,O'Neill,W. S.,,,,,,,,,,M,,,,,,,M.A.,Rev.,,,EDC_1917_72
EDCPT_10494,Person,,Onesimé,{Brother},,,,,,,,,,M,,,,,,,,Rev.,,,EDC_1920_109
EDCPT_10495,Person,,Ong,M. L.,,,,,,,,,,U,,,,,,,,,,,EDC_1920_110
EDCPT_10496,Person,,Ong,Ting-seng,,,,,,,,,,U,,,,,,,,,,,EDC_1917_72
EDCPT_10497,Person,,Onley,Frederick G.,,,,,,,,,,M,,,,,,,,Rev.,,,EDC_1917_72; EDC_1916_79
EDCPT_10498,Person,,Oo,T. Z.,,,,,,,,,,U,,,,,,,,,,,EDC_1920_110; EDC_1918_94
EDCPT_10499,Person,,Oong,T. K.,,,,,,,,,,U,,,,,,,B.A.,,,,EDC_1920_110; EDC_1918_94
EDCPT_10500,Person,,Ormiston,Evan,,,,,,,,,,M,,,,,,,,,,,EDC_1920_110; EDC_1918_94; EDC_1916_79; EDC_1914_24
EDCPT_10501,Person,,Osgood,Elliot I.,,,,,,,,,,M,,U.S.A.,,,,,M.A.; M.D.,Dr.,,,EDC_1920_110
EDCPT_10502,Person,,Ostergaard,N.,,,,,,,,,,U,,,,,,,,,,,EDC_1917_72
EDCPT_10503,Person,,O'Toole,E.J. {Mrs.},,,,,,,,,,F,,,,,,,,,,,EDC_1916_80
EDCPT_10504,Person,,Ottaway,Bertha A. {Miss},,,,,,,,,,F,,,,,,,B.A.,,,,EDC_1916_80
EDCPT_10505,Person,,Otte,F.,,,,,,,,,,U,,,,,,,,,,,EDC_1917_72
EDCPT_10506,Person,,Ou,Tien-fu,,,,,,,,,,U,,,,,,,,,,,EDC_1917_72
EDCPT_10507,Person,,Ou,Bouyu,,,,,,,,,,U,,,,,,,,,,,EDC_1920_110
EDCPT_10508,Person,,Ou,S. J.,,,,,,,,,,U,,,,,,,,Rev.,,,EDC_1920_110; EDC_1918_94
EDCPT_10509,Person,,Ou,Th.,,,,,,,,,,U,,,,,,,S.J.,Rev.,,,EDC_1914_24
EDCPT_10510,Person,,Owen,L. J.,,,,,,,,,,U,,,,,,,,,,,EDC_1920_110; EDC_1918_94
EDCPT_10511,Person,,Ozorio,C. E. L.,,,,,,,,,,U,,,,,,,,,,,EDC_1917_72
EDCPT_10512,Person,,Pa,Ching-chuan,,,,,,,,,,U,,China,,,,,,,,,EDC_1920_110
EDCPT_10513,Person,,Packard,C.,,,,,,,,,,M,,,,,,,Ph. B.,,,,EDC_1920_110
EDCPT_10514,Person,,Packard,C. {Mrs.},,,,,,,,,,F,,,,,,,,,,,EDC_1920_110
EDCPT_10515,Person,,Paddock,Bernard Horace,,,,,,,,,,M,,,,,,,B.A.; B.D.,Rev.,,Exp: 2 years in Japanese govt school and 5 years in China,EDC_1920_110; EDC_1918_94; EDC_1916_80; EDC_1914_24
EDCPT_10516,Person,,Page,Arthur H.,,,,,,,,,,M,,U.S.A.,,,,,A.B.; B.D.,Rev.,,Exp: 5 years High School work in U.S.A and 7 years above school,EDC_1920_110; EDC_1918_94; EDC_1916_80
EDCPT_10517,Person,,Page,F. P.,,,,,,,,,,F,,,,,,,,,,,EDC_1920_110; EDC_1918_94
EDCPT_10518,Person,,Page,F. Pearl {Miss},,,,,,,,,,F,,,,,,,,,Principal,Exp: 10 years in China,EDC_1916_80
EDCPT_10519,Person,,Page,Fr. D.,,,,,,,,,,M,,France,,,,,,Rev.,,Professor,EDC_1918_94; EDC_1916_80
EDCPT_10520,Person,,Page,L. Pearl {Miss},,,,,,,,,,F,,,,,,,,,,,EDC_1914_24
EDCPT_10521,Person,,Page,Norman,,,,,,,,,,M,,France,,,,,,Rev.,,,EDC_1918_94
EDCPT_10522,Person,,Pai,Pao-kun,,,,,,,,,,U,,China,,,,,B.A.,,,,EDC_1920_110
EDCPT_10523,Person,,Pail,Se,,,,,,,,,,U,,England,,,,,,,,,EDC_1918_95; EDC_1916_80
EDCPT_10524,Person,,Pailing,William Percy,,,,,,,,,,M,,U.K.,,,,,B.D.,Rev.,,,EDC_1920_111; EDC_1918_95
EDCPT_10525,Person,,Pakenham-Walsh,W.S.,,,,,,,,,,M,,,,,,,M.A.; T.C.D.,Rev.,,,EDC_1918_95; EDC_1918_130; EDC_1916_80; EDC_1914_24
EDCPT_10526,Person,,Pan,C. P.,,,,,,,,,,U,,,,,,,,,,,EDC_1920_111; EDC_1918_95; EDC_1916_80
EDCPT_10527,Person,,Pan,J. S.,,,,,,,,,,U,,,,,,,B.A.,,,,EDC_1920_111; EDC_1918_95
EDCPT_10528,Person,,Pan,Jackson,,,,,,,,,,M,,,,,,,B.A.,,,,EDC_1916_80
EDCPT_10529,Person,,Pan,Jun-min,,,,,,,,,,U,,China,,,,,B.A.; B.S.,,,,EDC_1920_111
EDCPT_10530,Person,,Pan,Li-chieh,,,,,,,,,,U,,China,,,,,B.S.,,,,EDC_1920_111
EDCPT_10531,Person,,Pan,Thomas C.,,,,,,,,,,M,,,,,,,,,,,EDC_1918_95
EDCPT_10532,Person,,Pan,Tsao Ching,,,,,,,,,,U,,,,,,,A.B.,,Instructor,,EDC_1916_80
EDCPT_10533,Person,,Pan,Tse Schen,,,,,,,,,,U,,,,,,,,,,,EDC_1916_80
EDCPT_10534,Person,,P'an,Tun-min,,,,,,,,,,M,,China,,,,,B.A.; B.S.,,,,EDC_1918_95
EDCPT_10535,Person,,Pan,U. Djang,,,,,,,,,,U,,China,,,,,,,,,EDC_1920_111
EDCPT_10536,Person,,Pan,W. H.,,,,,,,,,,U,,,,,,,B.S.,,,,EDC_1920_111; EDC_1918_95
EDCPT_10537,Person,,Pao,D.Y.,,,,,,,,,,U,,China,,,,,,,,,EDC_1918_95
EDCPT_10538,Person,,Pao,Paul T. C.,,,,,,,,,,M,,,,,,,,,,,EDC_1920_111
EDCPT_10539,Person,,Pao,Sao-fang,,,,,,,,,,U,,,,,,,,,,,EDC_1920_111
EDCPT_10540,Person,,Park,Clara T. {Miss},,,,,,,,,,F,,,,,,,,,,Exp: 15 years,EDC_1920_111; EDC_1918_95; EDC_1916_80; EDC_1914_24
EDCPT_10541,Person,,Park,William H.,,,,,,,,,,M,,,,,,,B.A.; M.D,,,,EDC_1920_111; EDC_1918_95; EDC_1916_80
EDCPT_10542,Person,,Parkcr,A. P.,,,,,,,,,,U,,,,,,,D.D.,Rev.,,,EDC_1914_24
EDCPT_10543,Person,,Parker,A. P. {Mrs},,,,,,,,,,F,,,,,,,,,,,EDC_1916_81
EDCPT_10544,Person,,Parker,Charles Kenneth,,,,,,,,,,M,,U.S.A.,,,,,B.A.,,,,EDC_1920_112
EDCPT_10545,Person,,Parker,R. A.,,,,,,,,,,M,,,,,,,,,,,EDC_1920_112
EDCPT_10546,Person,,Parker,Ray {Miss},,,,,,,,,,U,,,,,,,B.A.,,,,EDC_1914_24
EDCPT_10547,Person,,Parker,S. E. {Mrs.},,,,,,,,,,F,,,,,,,B.A.,,,,EDC_1920_112
EDCPT_10548,Person,,Parkes,G. H.,,,,,,,,,,U,,,,,,,,,,,EDC_1920_112
EDCPT_10549,Person,,Parkes,M.I. {Miss.},,,,,,,,,,F,,U.S.A.,,,,,,,,,EDC_1918_95
EDCPT_10550,Person,,Parkhill,E. M. {Miss},,,,,,,,,,F,,,,,,,,,Teacher,Exp: 10 years in present position,EDC_1916_81
EDCPT_10551,Person,,Parlin,Elwyn C.,,,,,,,,,,M,,U.S.A.,,,,,B.S.; M.S.,,,"Exp: Preparatory School work, New York, 1911-13; Professor of Modern Languages in Illinois Wesleyan University, 1913-14; Instructor in Modern Language in North-western University, Evanston, Ill., 1914-17.",EDC_1920_112
EDCPT_10552,Person,,Parlin,Madeleine Slee {Mrs.},,,,,,,,,,F,,U.S.A.,,,,,B.A.,,,,EDC_1920_112
EDCPT_10553,Person,,Parray,de. H.,,,,,,,,,,M,,,,,,,,Rev.,,,EDC_1917_73; EDC_1916_81
EDCPT_10554,Person,,Parsay,de H.,,,,,,,,,,M,,England,,,,,,Rev.,,,EDC_1918_95
EDCPT_10555,Person,,Parsons,Grace Ethel {Miss.},,,,,,,,,,F,,,,,,,B.A.,,,,EDC_1920_112
EDCPT_10556,Person,,Parsons,A. {Mrs.},,,,,,,,,,F,,,,,,,,,,,EDC_1920_112; EDC_1918_96
EDCPT_10557,Person,,Parsons,C. H.,,,,,,,,,,M,,,,,,,B.A.,Rev.,,,EDC_1920_112; EDC_1918_96
EDCPT_10558,Person,,Parsons,O.M. {Miss.},,,,,,,,,,F,,U.S.A.,,,,,,,,,EDC_1918_96
EDCPT_10559,Person,,Partington,Thomas Bowen,,,,,,,,,,M,,,,,,,M.A. ; L. Th.,,,,EDC_1917_73
EDCPT_10560,Person,,Paschal,,,,,,,,,,,M,,France,,,,,,Rev. Bro.,,,EDC_1918_96
EDCPT_10561,Person,,Paton,W. Bernard,,,,,,,,,,M,,U.K.,,,,,,Rev.,,,EDC_1920_113; EDC_1918_96
EDCPT_10562,Person,,Paton,William,,,,,,,,,,M,,,,,,,,,,,EDC_1916_81
EDCPT_10563,Person,,Patten,William Edgar,,,,,,,,,,M,,,,,,,C.E.,,,,EDC_1917_73; EDC_1916_81; EDC_1914_24
EDCPT_10564,Person,,Patterson,Josephine {Miss},,,,,,,,,,F,,,,,,,,,,,EDC_1917_73; EDC_1916_81; EDC_1914_24
EDCPT_10565,Person,,Patton,{Miss},,,,,,,,,,F,,,,,,,I.C.B.A.,,,,EDC_1917_73
EDCPT_10566,Person,,Patton,I. C. {Miss},,,,,,,,,,F,,,,,,,B.A.,,,,EDC_1916_81
EDCPT_10567,Person,,Patton,Lulu R. {Miss.},,,,,,,,,,F,,,,,,,,,,,EDC_1920_113
EDCPT_10568,Person,,Pau,K. C.,,,,,,,,,,U,,,,,,,,,,,EDC_1916_81
EDCPT_10569,Person,,Pau,Tien-djioh,,,,,,,,,,M,,China,,,,,,,,,EDC_1918_96; EDC_1916_81
EDCPT_10570,Person,,Paul,Alexander,,,,,,,,,,M,,,,,,,B.A.,Rev.,,,EDC_1918_96; EDC_1914_24
EDCPT_10571,Person,,Paul-Chanel,Fr.,,,,,,,,,,U,,France,,,,,,,,,EDC_1920_113; EDC_1918_96
EDCPT_10572,Person,,Paxton,John W.,,,,,,,,,,M,,,,,,,,Rev.,,,EDC_1914_24
EDCPT_10573,Person,,Payen,G,,,,,,,,,,,,,,,,,,Rev.,,,EDC_1916_81
EDCPT_10574,Person,,Payne,G.,,,,,,,,,,M,,U.S.A.,,,,,,Rev.,,,EDC_1918_96
EDCPT_10575,Person,,Payne,Jessie E. {Miss},,,,,,,,,,F,,,,,,,B.S.,,,,EDC_1914_24; EDC_1916_81
EDCPT_10576,Person,,Peach,R. {Mrs.},,,,,,,,,,F,,,,,,,,,,,EDC_1918_96
EDCPT_10577,Person,,Peach,R. L. {Mrs.},,,,,,,,,,F,,,,,,,,,,,EDC_1920_113
EDCPT_10578,Person,,Peacock,Nettie L. {Miss},,,,,,,,,,U,,,,,,,B.A.,,,,EDC_1914_24
EDCPT_10579,Person,,Pearce,T.W.,,,,,,,,,,M,,,,,,,LL.D.,Rev.,,,EDC_1920_113; EDC_1918_97
EDCPT_10580,Person,,Pearse,J. B. {Miss},,,,,,,,,,F,,,,,,,,,,,EDC_1917_74
EDCPT_10581,Person,,Pearse,W. W.,,,,,,,,,,U,,,,,,,M.D. ; D.P.H.,,,,EDC_1917_74; EDC_1914_24
EDCPT_10582,Person,,Pearse,J. R {Miss.},,,,,,,,,,F,,,,,,,,,,,EDC_1920_113
EDCPT_10583,Person,,Pearse,J.B. {Miss.},,,,,,,,,,F,,,,,,,,,,,EDC_1918_97; EDC_1916_81
EDCPT_10584,Person,,Pecker,Edith {Miss},,,,,,,,,,F,,,,,,,A.B.,,,,EDC_1916_81
EDCPT_10585,Person,,Pedersen,P. D.,,,,,,,,,,U,,,,,,,M.B.; Ch. B.,,,,EDC_1920_113; eDC_1918_97
EDCPT_10586,Person,,Pei,Kü Shao,,,,,,,,,,,,,,,,,,,,,EDC_1916_81
EDCPT_10587,Person,,Pei,Shou-teng,,,,,,,,,,U,,,,,,,,,,,EDC_1917_74; EDC_1916_82
EDCPT_10588,Person,,Peili,R. E. F.,,,,,,,,,,U,,,,,,,M.A.,Rev.,,Absent during all or part of 1920.,EDC_1920_113; EDC_1918_97
EDCPT_10589,Person,,Peill,E. J.,,,,,,,,,,U,,,,,,,M.B.; Ch.B.; F.R. C.S.,,,,EDC_1914_24
EDCPT_10590,Person,,Peill,R. E. F.,,,,,,,,,,M,,,,,,,M.A.,,,,EDC_1917_74; EDC_1914_24
EDCPT_10591,Person,,Pell,J. W.,,,,,,,,,,U,,,,,,,"F.R.C.S.Ed., L.R.C.P.",,,,EDC_1920_113
EDCPT_10592,Person,,Penn,Alice T. K. {Miss.},,,,,,,,,,F,,,,,,,,,,,EDC_1920_113
EDCPT_10593,Person,,Pennell,D,,,,,,,,,,U,,,,,,,,,,,EDC_1916_82
EDCPT_10594,Person,,Pera,Sr. Therese,,,,,,,,,,F,,,,,,,B.A.,,,,EDC_1918_97; EDC_1916_82
EDCPT_10595,Person,,Pereira,Sr. C.,,,,,,,,,,F,,Portugal,,,,,,,,,EDC_1918_97; EDC_1916_82
EDCPT_10596,Person,,Perkins,E.C.,,,,,,,,,,U,,England,,,,,M.O.,,,,EDC_1918_97
EDCPT_10597,Person,,Perkins,G.,,,,,,,,,,U,,,,,,,,,,,EDC_1917_74; EDC_1916_82
EDCPT_10598,Person,,Perrin,M. L.,,,,,,,,,,U,,,,,,,M.A.; Ph. D.,,,,EDC_1920_113
EDCPT_10599,Person,,Perry,{Miss},,,,,,,,,,F,,,,,,,B.A,,,,EDC_1917_74; EDC_1916_82
EDCPT_10600,Person,,Perry,Mozelle {Miss.},,,,,,,,,,F,,,,,,,,,,,EDC_1920_113; EDC_1918_97; EDC_1916_82
EDCPT_10601,Person,,Peter,Sz-to,,,,,,,,,,U,,,,,,,M.A.,,,,EDC_1920_113
EDCPT_10602,Person,,Peterson,{Miss.},,,,,,,,,,F,,,,,,,,,,,EDC_1920_112
EDCPT_10603,Person,,Peterson,Ellen J. {Miss.},,,,,,,,,,F,,Scandinavia,,,,,B.A.,,,,EDC_1918_97
EDCPT_10604,Person,,Peterson,John,,,,,,,,,,M,,,,,,,,Rev.,,,EDC_1920_113
EDCPT_10605,Person,,Petit,Julian,,,,,,,,,,M,,,,,,,B.A.; M.D.,,,,EDC_1920_113
EDCPT_10606,Person,,Petrus,L.,,,,,,,,,,U,,France,,,,,,,,Petrus in 1916 did not have first name; I'm assuming this is the same person because they work in the same institution,EDC_1920_113; EDC_1916_82
EDCPT_10607,Person,,Petterson,H. A.,,,,,,,,,,U,,,,,,,B.S.,,,,EDC_1917_74; EDC_1916_82
EDCPT_10608,Person,,Petterson,Ida {Miss.},,,,,,,,,,F,,Sweden,,,,,,,,"Exp: Teacher in Stockholm Public Schools, 1890-1907, in the Swedish School for Missionaries' children, Ichang, Hupeh, Jan. 1908-1913; (Furlough and Language study, 1914-15) Hwangchow, 1916.",EDC_1920_114
EDCPT_10609,Person,,Pettus,Wm. Bacon,,,,,,,,,,M,,U.S.A.,,,,,B.A.,,,,EDC_1920_114; EDC_1918_97
EDCPT_10610,Person,,Pfaff,,,,,,,,,,,U,,,,,,,,,,No first name,EDC_1916_82
EDCPT_10611,Person,,Phelps,K.E.,,,,,,,,,,F,,,,,,,,Deaconess,,,EDC_1918_97
EDCPT_10612,Person,,Phelps,K. E. {Deaconess},,,,,,,,,,F,,,,,,,,,,,EDC_1917_74; EDC_1916_82
EDCPT_10613,Person,,Philip,J. {Miss.},,,,,,,,,,F,,England,,,,,,,,,EDC_1918_97
EDCPT_10614,Person,,Philippe,(Fr.),,,,,,,,,,U,,France,,,,,,,,,EDC_1920_114
EDCPT_10615,Person,,Philippoff,A. D.,,,,,,,,,,U,,Russia,,,,,,,,,EDC_1920_114
EDCPT_10616,Person,,Philips,A.F. {Mrs.},,,,,,,,,,F,,England,,,,,,,,,EDC_1918_97
EDCPT_10617,Person,,Phillimore,Ruth,,,,,,,,,,F,,,,,,,,,,,EDC_1920_114
EDCPT_10618,Person,,Phillips,,,,,,,,,,,,,,,,,,,,,,EDC_1916_82
EDCPT_10619,Person,,Phillips,E. Margaret,,,,,,,,,,F,,,,,,,M. Sc.; M.B.; Ch. B.,,,,EDC_1920_114; EDC_1918_97
EDCPT_10620,Person,,Phillips,F {Mrs.},,,,,,,,,,F,,,,,,,,,,,EDC_1916_82
EDCPT_10621,Person,,Phillips,L. Gordon,,,,,,,,,,M,,U.K.,,,,,B.A.; B.D.,,,,EDC_1920_114; EDC_1918_97; EDC_1914_24
EDCPT_10622,Person,,Philogone,{Brother},,,,,,,,,,M,,,,,,,,,,,EDC_1920_114
EDCPT_10623,Person,,Pickett,Beatrice Boardman {Miss},,,,,,,,,,F,,,,,,,B.A,,,,EDC_1917_75; EDC_1914_24
EDCPT_10624,Person,,Pickett,Julia {Miss},,,,,,,,,,F,,,,,,,B.A.,,,,EDC_1917_75; EDC_1914_24
EDCPT_10625,Person,,Pierce,Thirza M. {Miss},,,,,,,,,,F,,,,,,,B.A.,,,,EDC_1914_25
EDCPT_10626,Person,,Piercy,George,,,,,,,,,,M,,France,,,,,,,,,EDC_1918_98
EDCPT_10627,Person,,Pierle,Chester Arthur,,,,,,,,,,M,,,,,,,M. Sc.,,,,EDC_1917_75
EDCPT_10628,Person,,Pierre-Camille,F.,,,,,,,,,,U,,France,,,,,B.A.,,,,EDC_1920_114; EDC_1918_98
EDCPT_10629,Person,,Pierte,Chester A. {Mrs.},,,,,,,,,,F,,,,,,,,,,,EDC_1917_75; EDC_1914_25
EDCPT_10630,Person,,Pih,Shih-an,,,,,,,,,,U,,,,,,,,,,,EDC_1917_75
EDCPT_10631,Person,,Pilley,Edward Steger,,,,,,,,,,M,,,,,,,B.A.,,,,EDC_1920_114; EDC_1918_98
EDCPT_10632,Person,,Pillow,W.H.,,,,,,,,,,M,,,,,,,,Rev.,,,EDC_1920_115; EDC_1918_98
EDCPT_10633,Person,,Pilson,Bank K.,,,,,,,,,,U,,,,,,,,,,,EDC_1918_98
EDCPT_10634,Person,,Pilson,Frank K.,,,,,,,,,,M,,,,,,,,,,,EDC_1920_115
EDCPT_10635,Person,,Ping,Wang-chih,,,,,,,,,,U,,,,,,,,,,,EDC_1917_75
EDCPT_10636,Person,,Pinna,G.,,,,,,,,,,F,,,,,,,,,,,EDC_1920_115
EDCPT_10637,Person,,Pintada,M. J.,,,,,,,,,,M,,,,,,,,Rev.,,,EDC_1917_75
EDCPT_10638,Person,,Pintado,M. J.,,,,,,,,,,M,,,,,,,,Rev.,,,EDC_1920_115; EDC_1918_98
EDCPT_10639,Person,,Pison,Frank. K.,,,,,,,,,,M,,,,,,,B.L.,,,,EDC_1917_75
EDCPT_10640,Person,,Pitman,Norman Hinsdale,,,,,,,,,,U,,,,,,,B.S. ; M.A.,,,,EDC_1917_75; EDC_1914_25
EDCPT_10641,Person,,Platt,J. E.,,,,,,,,,,U,,,,,,,B. Sc.,,,,
EDCPT_10642,Person,,Platt,J.E.,,,,,,,,,,U,,,,,,,B.Sc.,,,,EDC_1918_98
EDCPT_10643,Person,,Plum,Ellen,,,,,,,,,,F,,,,,,,,,,,EDC_1920_115
EDCPT_10644,Person,,Po,Wu-jung,,,,,,,,,,U,,,,,,,,,,,EDC_1917_75
EDCPT_10645,Person,,Poan,Henry,,,,,,,,,,M,,,,,,,,,,,EDC_1920_115
EDCPT_10646,Person,,Polhamus,A. V.,,,,,,,,,,F,,,,,,,,,,,EDC_1920_115
EDCPT_10647,Person,,Polk,Ethel M. {Miss},,,,,,,,,,F,,,,,,,M.D.,,,,EDC_1917_75
EDCPT_10648,Person,,Pollock,{Hon.},,,,,,,,,,U,,,,,,,H.E.; K.C.,,,,EDC_1920_115; EDC_1918_99
EDCPT_10649,Person,,Pomeroy,Owen E.,,,,,,,,,,M,,U.S.A.,,,,,B.A.,,,,EDC_1920_115; EDC_1918_99; EDC_1914_25
EDCPT_10650,Person,,P'on,Mong-ying,,,,,,,,,,U,,China,,,,,,,,,EDC_1920_115
EDCPT_10651,Person,,Pon,"S. S,",,,,,,,,,,U,,,,,,,B.A.,,,,EDC_1920_116
EDCPT_10652,Person,,Poole,J. A.,,,,,,,,,,M,,,,,,,,Rev.,,,EDC_1920_116
EDCPT_10653,Person,,Poon,San Han,,,,,,,,,,F,,,,,,,,,,,EDC_1920_116
EDCPT_10654,Person,,Poon,Why,,,,,,,,,,F,,,,,,,,,,,EDC_1920_116
EDCPT_10655,Person,,Porran,Sr. Angelina,,,,,,,,,,F,,,,,,,,,,,EDC_1918_99
EDCPT_10656,Person,,Porter,K. {Miss.},,,,,,,,,,F,,England,,,,,M.D.,,,,EDC_1918_99
EDCPT_10657,Person,,Porter,Lucius Chapin,,,,,,,,,,M,,England,,,,,B.A.; D.D.;,Rev.,,,EDC_1918_99; EDC_1914_25
EDCPT_10658,Person,,Porterfield,W. M. {Mrs.},,,,,,,,,,F,,,,,,,,,,,EDC_1920_116
EDCPT_10659,Person,,Porterfield,Willard M. Jr.,,,,,,,,,,M,,,,,,,A.B.; M.A.,,,,EDC_1920_116; EDC_1918_99
EDCPT_10660,Person,,Poteat,,,,,,,,,,,M,,,,,,,M.A. ; Th.M.,Rev,,,EDC_1917_76
EDCPT_10661,Person,,Pott,A.H. {Miss.},,,,,,,,,,F,,,,,,,B.A.,,,,EDC_1918_99
EDCPT_10662,Person,,Pott,F. L.,,,,,,,,,,M,,,,,,,B.D.; D.D.,Rev.,,,EDC_1920_116; EDC_1918_99; EDC_1914_25
EDCPT_10663,Person,,Pott,James Hawks,,,,,,,,,,M,,,,,,,,,,,EDC_1920_116; EDC_1918_99
EDCPT_10664,Person,,Pott,Olive H.,,,,,,,,,,F,,,,,,,,,,,EDC_1920_116; EDC_1918_99
EDCPT_10665,Person,,Pott,William Sumner Appleton,,,,,,,,,,M,,U.S.A.,,,,,M.A.,,,,EDC_1920_116; EDC_1914_24
EDCPT_10666,Person,,Potts,Hortense,,,,,,,,,,F,,U.S.A.,,,,,B.A.,,,,EDC_1920_116; EDC_1918_99
EDCPT_10667,Person,,Pound,A. N. C. {Mrs.},,,,,,,,,,F,,U.S.A.,,,,,M.A.; B.D.,,,,EDC_1920_117
EDCPT_10668,Person,,Pound,A. N. C.,,,,,,,,,,M,,U.S.A.,,,,,B.A.; M.A.; B.D.,,,,EDC_1920_117
EDCPT_10669,Person,,Powell,E. A.,,,,,,,,,,F,,,,,,,,,,,EDC_1920_117
EDCPT_10670,Person,,Powell,A. M.,,,,,,,,,,F,,,,,,,,,,,EDC_1920_117; EDC_1918_99; EDC_1914_25
EDCPT_10671,Person,,Powell,E. {Miss.},,,,,,,,,,F,,Wales,,,,,,,,,EDC_1918_99
EDCPT_10672,Person,,Powell,R. W.,,,,,,,,,,U,,U.S.A.,,,,,B.S.; C.E.; Ph. B.,,,,EDC_1920_117; EDC_1918_99
EDCPT_10673,Person,,Pozzoni,{Bishop},,,,,,,,,,M,,,,,,,,Rt. Rev.,,,EDC_1920_117; EDC_1918_99
EDCPT_10674,Person,,Preedy,{Mrs.},,,,,,,,,,F,,,,,,,,,,,EDC_1917_76
EDCPT_10675,Person,,Preston,E. A.,,,,,,,,,,M,,,,,,,,Rev.,,,EDC_1920_117
EDCPT_10676,Person,,Price,Eva Rebecca,,,,,,,,,,F,,,,,,,B.A.,,,,EDC_1920_117
EDCPT_10677,Person,,Price,P.F.,,,,,,,,,,M,,,,,,,D.D.,Rev.,,,EDC_1918_100
EDCPT_10678,Person,,Price,William T.,,,,,,,,,,M,,,,,,,,,,,EDC_1917_76
EDCPT_10679,Person,,Prichard,J. E. {Miss},,,,,,,,,,F,,,,,,,,,,,EDC_1917_76
EDCPT_10680,Person,,Priest,Sarah,,,,,,,,,,F,,,,,,,,,,,EDC_1920_117; EDC_1918_100
EDCPT_10681,Person,,Priestman,Fritz {Miss},,,,,,,,,,F,,,,,,,,,,,EDC_1914_25
EDCPT_10682,Person,,Priestman,Helena Mary {Miss.},,,,,,,,,,F,,,,,,,,,,,EDC_1918_100
EDCPT_10683,Person,,Priestman,L. {Miss.},,,,,,,,,,F,,,,,,,,,,,EDC_1918_100
EDCPT_10684,Person,,Pritchard,E. M.,,,,,,,,,,F,,,,,,,,,,,EDC_1920_117; EDC_1918_100
EDCPT_10685,Person,,Probst,F. von,,,,,,,,,,M,,,,,,,,Rev.,,,EDC_1918_100
EDCPT_10686,Person,,Probst,M.,,,,,,,,,,F,,France,,,,,,,,,EDC_1920_117
EDCPT_10687,Person,,Proctor,J.T.,,,,,,,,,,M,,,,,,,D.D.,Rev.,,,EDC_1918_100
EDCPT_10688,Person,,Prudent,,,,,,,,,,,M,,,,,,,,Rev.,,,EDC_1917_77
EDCPT_10689,Person,,Pruitt,C.W.,,,,,,,,,,M,,,,,,,D.D.,Rev.,,,EDC_1920_117
EDCPT_10690,Person,,Pruitt,Ida {Miss.},,,,,,,,,,F,,U.S.A.,,,,,B.A.; B. Sc.,,,,EDC_1920_117; EDC_1918_100
EDCPT_10691,Person,,Prunele,de P.,,,,,,,,,,M,,,,,,,,Rev.,,,EDC_1918_100
EDCPT_10692,Person,,Pulford,Bertha {Miss},,,,,,,,,,F,,,,,,,,,,,EDC_1917_77
EDCPT_10693,Person,,Pultar,Joseph Franklin,,,,,,,,,,U,,,,,,,,,,,EDC_1914_25
EDCPT_10694,Person,,Pulver,Harry E.,,,,,,,,,,M,,U.S.A.,,,,,B. Sc.; C.E.,,,,EDC_1920_117; EDC_1918_100
EDCPT_10695,Person,,Pumphrey,R.,,,,,,,,,,F,,,,,,,,,,,EDC_1920_118
EDCPT_10696,Person,,Pun,In-Jat,,,,,,,,,,M,,China,,,,,B.Sc.,,,,EDC_1918_100
EDCPT_10697,Person,,Pun,Sik-ling,,,,,,,,,,U,,,,,,,,,,,EDC_1914_25
EDCPT_10698,Person,,Purcell,M. H.,,,,,,,,,,F,,,,,,,,,,,EDC_1920_118; EDC_1918_100
EDCPT_10699,Person,,Purdom,N.,,,,,,,,,,F,,,,,,,,,,,EDC_1920_118
EDCPT_10700,Person,,Putnam,Joseph Franklin,,,,,,,,,,U,,,,,,,M.E.,,,,EDC_1914_25
EDCPT_10701,Person,,Pyke,Fred M.,,,,,,,,,,U,,,,,,,B.A.; M.A.,,,,EDC_1914_25
EDCPT_10702,Person,,Pyke,Minnie A.,,,,,,,,,,F,,,,,,,,,,,EDC_1920_118
EDCPT_10703,Person,,Pyle,Martha E.,,,,,,,,,,F,,,,,,,B. Sc.,,,Six years in America; twenty-five years of teaching and administrative work in Soochow,EDC_1920_118; EDC_1918_100
EDCPT_10704,Person,,Pyle,M.,,,,,,,,,,F,,,,,,,,,,,EDC_1920_118; EDC_1918_100
EDCPT_10705,Person,,Quai,Zung-tse,,,,,,,,,,U,,China,,,,,,,,,EDC_1920_118; EDC_1918_101
EDCPT_10706,Person,,Quentin,A. P.,,,,,,,,,,M,,,,,,,,Rev.,,,EDC_1917_77
EDCPT_10707,Person,,Quincey,J. Wong,,,,,,,,,,U,,,,,,,B.A.; M.J.I.,,,,EDC_1920_118; EDC_1918_101
EDCPT_10708,Person,,Quincy,J. Wong,,,,,,,,,,U,,,,,,,B.A. ; M.J.I.,,,,EDC_1917_77
EDCPT_10709,Person,,Radcliffe,M. {Miss.},,,,,,,,,,F,,England,,,,,,,,,EDC_1918_101
EDCPT_10710,Person,,Rainer,G.,,,,,,,,,,U,,,,,,,,,,,EDC_1920_118
EDCPT_10711,Person,,Ralphs,E.,,,,,,,,,,U,,,,,,,,,,,EDC_1917_77; EDC_1914_25
EDCPT_10712,Person,,Ralston,J.,,,,,,,,,,U,,,,,,,M.A.,,,,EDC_1917_77
EDCPT_10713,Person,,Rangel,{Miss.},,,,,,,,,,F,,,,,,,,,,,EDC_1920_118; EDC_1918_101
EDCPT_10714,Person,,Rankin,Carl S.,,,,,,,,,,M,,,,,,,B.Sc.; C.E.,,,,EDC_1918_101
EDCPT_10715,Person,,Rankin,Charles W.,,,,,,,,,,M,,,,,,,B.A.,,,Seven years in Soochow University.,EDC_1920_118; EDC_1918_101
EDCPT_10716,Person,,Rankin,Chas. W,,,,,,,,,,U,,,,,,,B.A.,,,,EDC_1914_25
EDCPT_10717,Person,,Rankin,H.F.,,,,,,,,,,U,,,,,,,F.E.I.S.,,,,EDC_1918_101; EDC_1914_25
EDCPT_10718,Person,,Rankin,Marjorie,,,,,,,,,,F,,,,,,,B.A.,,,,EDC_1920_118; EDC_1918_101
EDCPT_10719,Person,,Rao,Rankin,,,,,,,,,,M,,,,,,,,Rev.,,,EDC_1920_118
EDCPT_10720,Person,,Rape,C. B.,,,,,,,,,,M,,,,,,,B. Sc.,Rev.,,,EDC_1920_119; EDC_1918_101
EDCPT_10721,Person,,Rape,C. B. {Mrs.},,,,,,,,,,F,,,,,,,B.A.,,,,EDC_1920_119; EDC_1918_101
EDCPT_10722,Person,,Rasmussen,B. {Miss},,,,,,,,,,F,,,,,,,,,,,EDC_1917_78; EDC_1914_25
EDCPT_10723,Person,,Rasmussen,J.,,,,,,,,,,U,,,,,,,M.A.,,,,EDC_1918_101
EDCPT_10724,Person,,Rasmussen,Johannes,,,,,,,,,,M,,Denmark,,,,,,,,,EDC_1920_119
EDCPT_10725,Person,,Rattenbury,Harold B.,,,,,,,,,,M,,,,,,,B.A.,,,,EDC_1918_101
EDCPT_10726,Person,,Rawcliffe,{Miss},,,,,,,,,,F,,,,,,,,,,,EDC_1917_78
EDCPT_10727,Person,,Rawlings,Helen M.,,,,,,,,,,F,,,,,,,,,,,EDC_1920_119; EDC_1918_102
EDCPT_10728,Person,,Rawlinson,Frank J.,,,,乐,灵生,樂靈生,,,,M,,U.S.A,09;01;1871,"Langham, Rutland, England",14;08;1937,"Shanghai, China",M.A.; D.D.,Rev.,,Editor of The Chinese Recorder,EDC_1920_119; EDC_1918_102; EDC_1914_25
EDCPT_10729,Person,,Rayner,S.,,,,,,,,,,U,,,,,,,,,,,EDC_1917_78; EDC_1914_25
EDCPT_10730,Person,,Rayot,Louise,,,,,,,,,,F,,France,,,,,,,,,EDC_1920_119
EDCPT_10731,Person,,Rea,E.E. {Miss.},,,,,,,,,,F,,,,,,,,,,,EDC_1918_102
EDCPT_10732,Person,,Read,Bernard E.,,,,,,,,,,M,,U.K.,,,,,M.P.S.; Ph. C.,,,,EDC_1920_119; EDC_1918_102
EDCPT_10733,Person,,Read,Bernard E. {Mrs.},,,,,,,,,,F,,U.K.,,,,,,,,,EDC_1920_119
EDCPT_10734,Person,,Reaves,H. L. {Mrs.},,,,,,,,,,F,,,,,,,B.A.,,,,EDC_1920_119
EDCPT_10735,Person,,Redfern,H. S. {Mrs.},,,,,,,,,,F,,U.K.,,,,,,,,,EDC_1920_119; EDC_1918_102
EDCPT_10736,Person,,Redfern,Herbert S.,,,,,,,,,,M,,U.K.,,,,,M. Sc.,,,,EDC_1920_119; EDC_1918_102; EDC_1914_26
EDCPT_10737,Person,,Redmond,F. A.,,,,,,,,,,U,,U.K.,,,,,B. Sc.,,,,EDC_1920_119; EDC_1918_102
EDCPT_10738,Person,,Redo,E. Louise {Miss.},,,,,,,,,,F,,,,,,,,,,,EDC_1918_102
EDCPT_10739,Person,,Reeder,Rex R.,,,,,,,,,,M,,,,,,,B.A.,Rev.,,,EDC_1918_102
EDCPT_10740,Person,,Rees,R.H. {Miss.},,,,,,,,,,F,,,,,,,,,,,EDC_1918_102
EDCPT_10741,Person,,Rees,W. Hopkyn,,,,,,,,,,M,,,,,,,D.D.,Rev.,,"Member of the Chinese Educational Committee, Shanghai Municipal Council and General Secretary, and Christian Literature Society",EDC_1920_119; EDC_1918_102
EDCPT_10742,Person,,Reeves,Cora {Miss.},,,,,,,,,,F,,,,,,,B.A.,,,,EDC_1920_119; EDC_1918_102
EDCPT_10743,Person,,Regis,Padlin,,,,,,,,,,M,,,,,,,R.S.A.,Frère,,,EDC_1918_102
EDCPT_10744,Person,,Reichelt,Karl L.,,,,,,,,,,M,,Norway,,,,,,Rev.,,,EDC_1920_119; EDC_1918_102; EDC_1914_26
EDCPT_10745,Person,,Reichlt,Karl L.,,,,,,,,,,M,,,,,,,,Rev.,,,EDC_1917_78
EDCPT_10746,Person,,Reid,Florence Margaret {Miss.},,,,,,,,,,F,,,,,,,L.L.A.,,,She worked 10 years in Mission Schools in China - names of Christian schools not specified.,EDC_1918_102
EDCPT_10747,Person,,Reid,Gilbert,,,,,,,,,,U,,,,,,,M.A.; D.D.,Rev.,,,EDC_1914_26
EDCPT_10748,Person,,Reid,Gilbert {Mrs.},,,,,,,,,,F,,,,,,,M.A.,,,,EDC_1914_26
EDCPT_10749,Person,,Reimert,William A.,,,,,,,,,,M,,,,,,,B.A.;B.D.,Rev.,,,EDC_1918_103; EDC_1914_26
EDCPT_10750,Person,,Reinecke,{Miss},,,,,,,,,,U,,,,,,,,,,,EDC_1914_26
EDCPT_10751,Person,,Reinecke,J. {Miss.},,,,,,,,,,F,,,,,,,,,,,EDC_1918_103
EDCPT_10752,Person,,Reinhardt,B. {Miss.},,,,,,,,,,F,,,,,,,,,,,EDC_1918_103
EDCPT_10753,Person,,Reisner,J. H.,,,,,,,,,,U,,,,,,,B.A.; M.S.A.,,,,EDC_1920_120; EDC_1918_103
EDCPT_10754,Person,,Remer,C. F.,,,,,,,,,,U,,U.S.A.,,,,,B.A.; M.A.,,,,EDC_1920_120; EDC_1918_103; EDC_1914_26
EDCPT_10755,Person,,Renskers,Herman,,,,,,,,,,M,,,,,,,B.A.,,,,EDC_1918_103; EDC_1914_26
EDCPT_10756,Person,,Resillot,{Madame},,,,,,,,,,F,,France,,,,,,,,,EDC_1920_120; EDC_1918_103
EDCPT_10757,Person,,Rhodes,{Mrs.},,,,,,,,,,F,,,,,,,,,,,EDC_1920_120; EDC_1918_103
EDCPT_10758,Person,,Rhodes,Amy S. {Miss.},,,,,,,,,,F,,,,,,,B.A.,,,,EDC_1920_120; EDC_1918_103
EDCPT_10759,Person,,Rhodes,F. H. {Mrs.},,,,,,,,,,F,,,,,,,,,,,EDC_1920_120
EDCPT_10760,Person,,Ri,C.,,,,,,,,,,U,,,,,,,,,,,EDC_1920_120
EDCPT_10761,Person,,Rice,J. P.,,,,,,,,,,U,,,,,,,Ph. D.,,,,EDC_1920_120
EDCPT_10762,Person,,Rice,J.W.,,,,,,,,,,U,,,,,,,B.A.,,,,EDC_1918_103
EDCPT_10763,Person,,Richard,R. L.,,,,,,,,,,U,,,,,,,S.J.,,,,EDC_1920_120
EDCPT_10764,Person,,Richards,S.S.,,,,,,,,,,U,,,,,,,B.C.S.,,,,EDC_1918_103
EDCPT_10765,Person,,Richardson,H. L. {Miss},,,,,,,,,,F,,,,,,,,,,,EDC_1917_79; EDC_1914_26
EDCPT_10766,Person,,Richardson,N. {Mrs.},,,,,,,,,,F,,,,,,,,,,,EDC_1917_79
EDCPT_10767,Person,,Richardson,Donald W.,,,,,,,,,,M,,,,,,,A.B.; M.A.; B.D.,,,,EDC_1920_120; EDC_1918_103
EDCPT_10768,Person,,Richardson,Donald W. {Mrs.},,,,,,,,,,F,,,,,,,B.A.,,,,EDC_1920_120; EDC_1918_103
EDCPT_10769,Person,,Richardson,Donald W. {Mrs.},,,,,,,,,,F,,,,,,,B.A.,,,,EDC_1917_79
EDCPT_10770,Person,,Richardson,N.J. {Mrs.},,,,,,,,,,F,,,,,,,,,,,EDC_1918_103
EDCPT_10771,Person,,Richey,Elizabeth,,,,,,,,,,F,,,,,,,B.S.,,,,EDC_1920_120
EDCPT_10772,Person,,Ridge,W. Sheldon,,,,,,,,,,M,,,,,,,B.A.,,,,EDC_1920_120
EDCPT_10773,Person,,Ridgely,L.B.,,,,,,,,,,U,,,,,,,B.A.,Rev.,,"Previous experience: seven years as Dean and Professor in Boone Divinity School, Wuchang, Hupeh - years not specified",EDC_1918_103; EDC_1914_26
EDCPT_10774,Person,,Ridgley,L.B.,,,,,,,,,,M,,,,,,,B.A.,Rev.,,,EDC_1917_79
EDCPT_10775,Person,,Ridgway,Bettie,,,,,,,,,,F,,,,,,,Litt. B.,,,,EDC_1920_120
EDCPT_10776,Person,,Rigal,,,,,,,,,,,U,,,,,,,,Rev.,,,EDC_1918_103
EDCPT_10777,Person,,Rigal,,,,,,,,,,,M,,,,,,,,Rev.,,,EDC_1917_79
EDCPT_10778,Person,,Riggs,C. H. {Mrs.},,,,,,,,,,F,,,,,,,,,,,EDC_1920_120
EDCPT_10779,Person,,Riggs,Margaret Hallowell,,,,,,,,,,F,,,,,,,B.A.,,,,EDC_1920_121; EDC_1918_103
EDCPT_10780,Person,,Riley,{Miss},,,,,,,,,,F,,,,,,,,,,,EDC_1917_79
EDCPT_10781,Person,,Rinaldo,P.,,,,,,,,,,U,,,,,,,,,,,EDC_1918_103
EDCPT_10782,Person,,Rist,L. R.,,,,,,,,,,U,,,,,,,,,,,EDC_1920_121
EDCPT_10783,Person,,Ritchey,G. E.,,,,,,,,,,U,,,,,,,,,,,EDC_1920_121
EDCPT_10784,Person,,Ritchie,E. {Mrs.},,,,,,,,,,F,,,,,,,,,,,EDC_1920_121
EDCPT_10785,Person,,Ritter,H.C.,,,,,,,,,,U,,,,,,,,Rev.,,,EDC_1918_103
EDCPT_10786,Person,,Rivenburg,Narolo E. {Miss.},,,,,,,,,,F,,,,,,,B.A.; D.D.,,,,EDC_1920_121; EDC_1918_103
EDCPT_10787,Person,,Rivenbury,Narolo E. {Miss},,,,,,,,,,F,,,,,,,B.A. ; B.D.,,,,EDC_1917_79
EDCPT_10788,Person,,Robb,J. D.,,,,,,,,,,U,,,,,,,B.A.,,,,EDC_1917_79
EDCPT_10789,Person,,Robbins,Katherine,,,,,,,,,,F,,,,,,,,,,,EDC_1920_121; EDC_1918_104
EDCPT_10790,Person,,Robbins,W.,,,,,,,,,,M,,,,,,,M.A.,Rev.,,,EDC_1920_121; EDC_1914_26
EDCPT_10791,Person,,Robbins,Walter,,,,,,,,,,M,,,,,,,B.A.,Rev.,,"Unsure if this is the same person as the previously entered W. Robbins (different role, school, and degree) - however, may be duplicate",EDC_1918_104
EDCPT_10792,Person,,Robbins,Walter,,,,,,,,,,M,,,,,,,B.A.,Rev.,,,EDC_1917_79
EDCPT_10793,Person,,Roberg,David N.,,,,,,,,,,U,,,,,,,B.A.; M.D.,,,,EDC_1914_26
EDCPT_10794,Person,,Roberts,{Miss},,,,,,,,,,F,,,,,,,,,,,EDC_1920_121
EDCPT_10795,Person,,Roberts,Donald,,,,,,,,,,M,,U.S.A.,,,,,B.A.; M.A.,,,,EDC_1920_121; EDC_1918_104
EDCPT_10796,Person,,Roberts,R. C. {Mrs.},,,,,,,,,,F,,,,,,,B.A.,,,,EDC_1920_121; EDC_1918_104
EDCPT_10797,Person,,Roberts,R. P.,,,,,,,,,,U,,,,,,,C.E.,,,,EDC_1914_26
EDCPT_10798,Person,,Roberts,W. P.,,,,,,,,,,M,,,,,,,B.A.; B.D.,Rev,,,EDC_1920_121; EDC_1918_104
EDCPT_10799,Person,,Robertson,D. S.,,,,,,,,,,U,,,,,,,M.A. ; M.B. ; Ch.B,,,,EDC_1917_79
EDCPT_10800,Person,,Robertson,Daniel T.,,,,,,,,,,M,,,,,,,M.A.,Rev.,,,EDC_1920_121; EDC_1918_104;EDC_1917_80; EDC_1914_26
EDCPT_10801,Person,,Robertson,Douglas Swan,,,,,,,,,,M,,U.K.,,,,,M.A.; M.B.; Ch. B.; M.C.,,,,EDC_1920_121; EDC_1918_104; EDC_1914_26
EDCPT_10802,Person,,Robertson,H.D.,,,,,,,,,,M,,Canada,,,,,B.A.,,,,EDC_1917_80; EDC_1918_104
EDCPT_10803,Person,,Robertson,J. {Miss.},,,,,,,,,,F,,,,,,,,,,,EDC_1920_121; EDC_1914_26
EDCPT_10804,Person,,Robertson,K. B. {Miss.},,,,,,,,,,F,,,,,,,M.A.,,,,EDC_1920_121
EDCPT_10805,Person,,Robertson,Oswald G.,,,,,,,,,,M,,,,,,,M.D.,,,,EDC_1920_121
EDCPT_10806,Person,,Robin,E.,,,,,,,,,,U,,,,,,,M.D.,,,,EDC_1917_80; EDC_1918_104; EDC_1914_26
EDCPT_10807,Person,,Robinson,H.W.,,,,,,,,,,U,,,,,,,,,,,EDC_1918_104
EDCPT_10808,Person,,Robinson,Louise,,,,,,,,,,F,,,,,,,B.A.,,,,EDC_1917_80; EDC_1918_104
EDCPT_10809,Person,,Robison,B.E.,,,,,,,,,,U,,,,,,,B.A.; B.D.,Rev.,,,EDC_1914_26
EDCPT_10810,Person,,Robotham,A.R. {Miss.},,,,,,,,,,F,,,,,,,,,,,EDC_1917_80; EDC_1918_104
EDCPT_10811,Person,,Robson,A. {Miss.},,,,,,,,,,F,,,,,,,,,,,EDC_1917_80; EDC_1918_104
EDCPT_10812,Person,,Rodger,Hewit Douglass,,,,,,,,,,U,,,,,,,,,,,EDC_1914_26
EDCPT_10813,Person,,Rodger,James George,,,,,,,,,,U,,,,,,,B.A.; Ph.D.,,,,EDC_1914_26
EDCPT_10814,Person,,Rodger,Jas. G.,,,,,,,,,,M,,U.S.A.,,,,,P.h.D.; F.R.M.S.,,,"Director of American School of
Correspondence - may not be Christianity-related",EDC_1917_80; EDC_1918_104
EDCPT_10815,Person,,Rodrigues,Maria Luiza {Mrs.},Maria Lings {Mrs.},,,,,,,,,F,,,,,,,,,,,EDC_1920_122; EDC_1918_104
EDCPT_10816,Person,,Rodwell,John P.,,,,,,,,,,M,,,,,,,,,,"Exp: Tungchwan School, 1909–1914. Tunghiang Kwang-Ih Day School,1916–1918.",EDC_1920_122
EDCPT_10817,Person,,Roger,D. {Miss.},,,,,,,,,,F,,,,,,,,,,,EDC_1920_122
EDCPT_10818,Person,,Rogers,Jesse M.,,,,,,,,,,M,,,,,,,M.A.; Ph. D.,Rev.,,,EDC_1920_122; EDC_1918_104
EDCPT_10819,Person,,Rogers,Jesse M. {Mrs.},,,,,,,,,,F,,,,,,,,,,,EDC_1920_122; EDC_1918_104
EDCPT_10820,Person,,Rogers,Reginald Arthur,,,,,,,,,,M,,U.K.,,,,,M.A.,,,,EDC_1920_122; EDC_1917_80; EDC_1918_104
EDCPT_10821,Person,,Rogers,W. W.,,,,,,,,,,M,,,,,,,B.A.; L. Th.,Rev.,,,EDC_1920_122; EDC_1918_105
EDCPT_10822,Person,,Rohde,Rose {Mrs.},,,,,,,,,,F,,,,,,,,,,,EDC_1917_80; EDC_1918_105
EDCPT_10823,Person,,Romain,{Fre.},,,,,,,,,,U,,France,,,,,,,,,EDC_1920_122
EDCPT_10824,Person,,,Roman {Brother},,,,,,,,,,M,,,,,,,,Rev.,,,EDC_1920_122
EDCPT_10825,Person,,Rome,F.J. de,,,,,,,,,,U,,,,,,,B.Sc.,,,,EDC_1917_80; EDC_1918_105; EDC_1914_26
EDCPT_10826,Person,,Roots,Logan Herbert,,,,,,,,,,M,,,,,,,D.D.; B.D.,Rt. Rev.,,Absent during all or part of 1920.,EDC_1920_122; EDC_1918_105;EDC_1917_80; EDC_1914_26
EDCPT_10827,Person,,Rosario,De J. C.,,,,,,,,,,U,,Portugal,,,,,,,,,EDC_1920_122; EDC_1918_105
EDCPT_10828,Person,,Rosario,V.,,,,,,,,,,U,,Portugal,,,,,,,,,EDC_1920_122
EDCPT_10829,Person,,Rosbrook,Janette {Miss},,,,,,,,,,F,,,,,,,B.A.,,,,EDC_1917_80; EDC_1914_27
EDCPT_10830,Person,,Rose,Earl B.,,,,,,,,,,M,,,,,,,LL.D.; LL.B,,,,EDC_1917_80; EDC_1918_105
EDCPT_10831,Person,,Rosemary,L. {Brother},,,,,,,,,,M,,,,,,,S.J.,,,,EDC_1920_122
EDCPT_10832,Person,,Roser,Ludwig,,,,,,,,,,U,,,,,,,M.A.,,,,EDC_1914_27
EDCPT_10833,Person,,Ross,E. Denison {Sir.},,,,,,,,,,M,,,,,,,C.I.E.; Ph. D.,,,,EDC_1920_122
EDCPT_10834,Person,,Ross,I. D.,,,,,,,,,,M,,,,,,,B.A.,Rev.,,,EDC_1920_123
EDCPT_10835,Person,,Ross,I.D.,,,,,,,,,,M,,,,,,,B.A.,Rev.,,,EDC_1917_80; EDC_1918_105
EDCPT_10836,Person,,Ross,Robert,,,,,,,,,,M,,,,,,,B.A.,,,,EDC_1920_123; EDC_1918_105;EDC_1917_80
EDCPT_10837,Person,,Rosser,{Miss.},,,,,,,,,,F,,,,,,,,,,,EDC_1920_123
EDCPT_10838,Person,,Rout,{Miss.},,,,,,,,,,F,,,,,,,A. B.,,,,EDC_1920_123; EDC_1918_105;EDC_1917_80
EDCPT_10839,Person,,Rowbotham,{Miss},,,,,,,,,,F,,,,,,,,,,,EDC_1917_80
EDCPT_10840,Person,,Rowbotham,Arnold H.,,,,,,,,,,M,,U.S.A.,,,,,M.A.; B.A.,,,,EDC_1920_123; EDC_1918_105;EDC_1917_80
EDCPT_10841,Person,,Rowe,H.F.,,,,,,,,,,U,,,,,,,B.A. B.D.,Rev.,,"Board of Directors at Nanking Foreign School, Nanking, Kiangsu",EDC_1917_81; EDC_1918_105
EDCPT_10842,Person,,Rowe,John L.,,,,,,,,,,M,,,,,,,,,,,EDC_1920_123; EDC_1918_105;EDC_1917_80
EDCPT_10843,Person,,Rowland,Henry H.,,,,,,,,,,M,,U.S.A.,,,,,B.A.; M.A.; B.D.,Rev.,,,EDC_1920_123; EDC_1918_105;EDC_1917_81
EDCPT_10844,Person,,Rowley,Grace May {Miss.},,,,,,,,,,F,,,,,,,B.A.,,,graduated in 1910 from Occidental College,EDC_1920_123; EDC_1918_105;EDC_1917_81; EDC_1914_27
EDCPT_10845,Person,,Royer,{Miss.},,,,,,,,,,F,,,,,,,M.A.,,,,EDC_1920_123
EDCPT_10846,Person,,Roys,Chas. Kirkland,,,,,,,,,,M,,,,,,,M.A.; M.D.,,,,EDC_1920_123; EDC_1918_105;EDC_1917_81
EDCPT_10847,Person,,Roys,Harvey Curtis,,,,,,,,,,M,,,,,,,B.S.,,,,EDC_1920_123; EDC_1918_105;EDC_1917_81; EDC_1914_27
EDCPT_10848,Person,,Rozoff,Z.,,,,,,,,,,U,,,,,,,,,,,EDC_1920_123
EDCPT_10849,Person,,Ruby,C.G.,,,,,,,,,,U,,,,,,,,,,,EDC_1920_123; EDC_1918_105
EDCPT_10850,Person,,Rudd,Herbert Finley,,,,,,,,,,M,,USA,,,,,P.h.D.,,,,EDC_1917_81; EDC_1918_106
EDCPT_10851,Person,,Rudge,E. {Miss},,,,,,,,,,F,,,,,,,,,,,EDC_1917_81
EDCPT_10852,Person,,Rudge,M. C. {Miss.},,,,,,,,,,F,,,,,,,,,,,EDC_1920_123
EDCPT_10853,Person,,Rudin,H. R.,,,,,,,,,,U,,,,,,,B.A.,,,,EDC_1920_123
EDCPT_10854,Person,,Rudy,S.M. {Miss},,,,,,,,,,F,,,,,,,,,,,EDC_1917_81; EDC_1918_106
EDCPT_10855,Person,,Rugg,G. {Miss},,,,,,,,,,F,,,,,,,,,,,EDC_1914_27
EDCPT_10856,Person,,Ruland,L.S.,,,,,,,,,,U,,,,,,,B.A.; B.D.,Rev.,,,EDC_1918_106
EDCPT_10857,Person,,Rumjahn,A. H.,,,,,,,,,,U,,,,,,,,,,,EDC_1920_123
EDCPT_10858,Person,,Russell,Frances {Miss},,,,,,,,,,F,,,,,,,Pd.B.,,,,EDC_1917_81; EDC_1918_106
EDCPT_10859,Person,,Russell,W.B.,,,,,,,,,,U,,,,,,,M.D.,,,,EDC_1917_81; EDC_1918_106
EDCPT_10860,Person,,Rust,Metta M. {Miss.},,,,,,,,,,F,,,,,,,,,,,EDC_1920_123
EDCPT_10861,Person,,Ryton,R.T. {Mrs},,,,,,,,,,F,,,,,,,,,,,EDC_1917_81; EDC_1918_106;EDC_1917_81
EDCPT_10862,Person,,Saarilahti,K.A.,,,,,,,,,,M,,,,,,,B.A. B.D.,Rev.,,,EDC_1917_81
EDCPT_10863,Person,,Sabattie,G.,,,,,,,,,,U,,,,,,,,,,,EDC_1917_81; EDC_1918_106
EDCPT_10864,Person,,Sailor,H.P.,,,,,,,,,,U,,USA,,,,,M.E.,,,,EDC_1917_81; EDC_1918_106
EDCPT_10865,Person,,Saker,M. {Mrs.},,,,,,,,,,F,,,,,,,,,,,EDC_1918_106
EDCPT_10866,Person,,Salisbury,{Mrs.},,,,,,,,,,F,,,,,,,,,,,EDC_1920_124
EDCPT_10867,Person,,Salisbury,Donald W.,,,,,,,,,,M,,,,,,,,,,,EDC_1920_124
EDCPT_10868,Person,,Sallee,H.F.,,,,,,,,,,F,,U.S.A.,,,,,M.A.,,,,EDC_1920_124; EDC_1918_106;EDC_1917_81
EDCPT_10869,Person,,Sallee,W. E. {Mrs.},,,,,,,,,,F,,,,,,,M. Sc.; B.A.; M.D.,,,,EDC_1920_124; EDC_1918_106;EDC_1917_81
EDCPT_10870,Person,,Sallee,W. Eugene,,,,,,,,,,M,,,,,,,M.A.,Rev.,,,EDC_1920_124; EDC_1918_106;EDC_1917_81
EDCPT_10871,Person,,Salt,A. E. Wrottesiey,,,,,,,,,,U,,,,,,,B.A.; M.A.,,,,EDC_1914_27
EDCPT_10872,Person,,Salvini,L.,,,,,,,,,,U,,,,,,,S.T.,,,,EDC_1917_82; EDC_1918_106
EDCPT_10873,Person,,Sample,J.L.,,,,,,,,,,U,,,,,,,B. S.,,,,EDC_1920_124; EDC_1918_106
EDCPT_10874,Person,,Samuel,Frank Edward,,,,,,,,,,M,,,,,,,B.A.,,,,EDC_1914_27
EDCPT_10875,Person,,Sanford,Edgar L.,,,,,,,,,,M,,,,,,,P.h.B.,,,,EDC_1917_82; EDC_1918_106
EDCPT_10876,Person,,Sanford,H.B.,,,,,,,,,,U,,USA,,,,,B.Sc.,,,,EDC_1917_82; EDC_1914_27
EDCPT_10877,Person,,Sar,Shen,,,,,,,,,,U,,,,,,,,,Attorney,,EDC_1920_124
EDCPT_10878,Person,,Sarvis,Guy Walter,,,,,,,,,,M,,U.S.A.,,,,,M.A.,Rev.,,,EDC_1920_124; EDC_1918_107;EDC_1917_82
EDCPT_10879,Person,,Satomura,H.,,,,,,,,,,U,,Japan,,,,,,,,,EDC_1920_124
EDCPT_10880,Person,,Savage,Loy Jasmine,,,,,,,,,,F,,,,,,,,,,,EDC_1920_124; EDC_1918_106
EDCPT_10881,Person,,Savage,Ruth,,,,,,,,,,F,,U.S.A.,,,,,,,,,EDC_1920_124
EDCPT_10882,Person,,Savio,A.,,,,,,,,,,M,,,,,,,,Rev.,,,EDC_1917_82; EDC_1918_107
EDCPT_10883,Person,,Sawdon,E. W. {Mrs.},,,,,,,,,,F,,U.K.,,,,,B. Sc.,,,,EDC_1920_124
EDCPT_10884,Person,,Sawdon,Ernest W.,,,,,,,,,,M,,U.K.,,,,,B. Sc.,,,,EDC_1920_124; EDC_1918_107;EDC_1917_82; EDC_1914_27
EDCPT_10885,Person,,Sawdon,Margaret {Mrs},,,,,,,,,,F,,UK,,,,,B.Sc.,,,,EDC_1917_82; EDC_1918_107
EDCPT_10886,Person,,Sayer,Mary,,,,,,,,,,F,,,,,,,,,,,EDC_1920_124
EDCPT_10887,Person,,Schab,,,,,,,,,,,M,,,,,,,,Dr.,,,EDC_1917_82
EDCPT_10888,Person,,Schaefer,R.T.,,,,,,,,,,M,,,,,,,B.A.,Rev.,,,EDC_1917_82; EDC_1918_107
EDCPT_10889,Person,,Schaefer,R.T. {Mrs},,,,,,,,,,F,,,,,,,B.A.,,,,EDC_1917_82; EDC_1918_107
EDCPT_10890,Person,,Schaur,Martha,,,,,,,,,,F,,,,,,,"R.N,",,,,EDC_1920_124
EDCPT_10891,Person,,Schneider,F.,,,,,,,,,,U,,,,,,,,,,,EDC_1920_124; EDC_1917_82; EDC_1918_107
EDCPT_10892,Person,,Schuhl,Ferno J.,,,,,,,,,,M,,,,,,,,,,,EDC_1920_124
EDCPT_10893,Person,,Schultz,William Magill,,,,,,,,,,M,,U.S.A.,,,,,B.A.; M.D.,,,,EDC_1920_125; EDC_1917_82; EDC_1918_107; EDC_1914_27
EDCPT_10894,Person,,Scott,Katharine E.,,,,,,,,,,F,,U.S.A.,,,,,B.A.,Deaconess,,,EDC_1920_125; EDC_1918_107
EDCPT_10895,Person,,Scott,Clarles E. {Mrs.},,,,,,,,,,F,,,,,,,,,,,EDC_1920_125; EDC_1918_107
EDCPT_10896,Person,,Scott,Frank D.,,,,,,,,,,M,,,,,,,M.A.; B.D,Rev.,,,EDC_1920_125; EDC_1918_107
EDCPT_10897,Person,,Scott,Lucy M.,,,,,,,,,,F,,,,,,,,,,,EDC_1920_125
EDCPT_10898,Person,,Scott,M. {Miss.},,,,,,,,,,F,,,,,,,,,,"Unsure if this is the same person as the previously entered Mary Scott (different school and location) - however, may be duplicate",EDC_1918_107
EDCPT_10899,Person,,Scott,Mary,,,,,,,,,,F,,,,,,,,,,,EDC_1920_125
EDCPT_10900,Person,,Scott,Roderick,,,,,,,,,,M,,U.S.A.,,,,,M.A.,,,,EDC_1920_125; EDC_1918_107
EDCPT_10901,Person,,Scott,T.A.,,,,,,,,,,M,,U.K.,,,,,M.A.,Rev.,,,EDC_1917_82; EDC_1918_107
EDCPT_10902,Person,,Se,M. Paul,,,,,,,,,,M,,France,,,,,B.A.,,,,EDC_1920_125; EDC_1918_107;EDC_1917_82
EDCPT_10903,Person,,Search,Blanch,,,,,,,,,,U,,,,,,,,,,,EDC_1917_82; EDC_1918_107
EDCPT_10904,Person,,Searles,Clair K.,,,,,,,,,,M,,,,,,,,Rev.,,,EDC_1917_82; EDC_1918_107
EDCPT_10905,Person,,Sears,L.M.,,,,,,,,,,U,,,,,,,,,,,EDC_1920_125
EDCPT_10906,Person,,Sears,William H.,,,,,,,,,,M,,,,,,,,Rev.,,,EDC_1917_82; EDC_1918_107
EDCPT_10907,Person,,Seeck,Margaret,,,,,,,,,,F,,,,,,,B.A.,,,,EDC_1920_125
EDCPT_10908,Person,,Seelye,Katharine Elizabeth {Miss},,,,,,,,,,F,,,,,,,B.A.,,,,EDC_1917_82
EDCPT_10909,Person,,Seeman,{Mrs.},,,,,,,,,,F,,,,,,,,,,,EDC_1920_125
EDCPT_10910,Person,,Seeman,F.J.,,,,,,,,,,U,,,,,,,B.S.,,,,EDC_1917_83
EDCPT_10911,Person,,Seitz,R.W.,,,,,,,,,,U,,U.S.A.,,,,,B.A.,,,,EDC_1920_125
EDCPT_10912,Person,,Semmens,William Herbert,,,,,,,,,,U,,,,,,,A.C.P.; F.R. G.S.; F.R. H.S.,,,,EDC_1914_27
EDCPT_10913,Person,,Sen,{Miss.},,,,,,,,,,F,,,,,,,,,,,EDC_1920_125
EDCPT_10914,Person,,Sen,Clarence H. F.,,,,,,,,,,U,,,,,,,B.A.,,,,EDC_1914_27
EDCPT_10915,Person,,Seng,Samuel T.Y.,Shen Zurong,,,沈,祖榮,,,,,M,,China,1884,,1977,,B.S.,,,"He is considered the ""Father of Library Science in China."" He co-founded the Boone Library School, the first library science educational institute in China.",EDC_1920_125; EDC_1918_108
EDCPT_10916,Person,,Seng,Tok-it,,,,,,,,,,U,,China,,,,,,,,,EDC_1920_126
EDCPT_10917,Person,,Senn,Florence M. {Miss.},,,,,,,,,,F,,U.S.A.,,,,,B.A.,,,,EDC_1918_108
EDCPT_10918,Person,,Sequear,H. R.,,,,,,,,,,U,,,,,,,B.A.,,,,EDC_1914_27
EDCPT_10919,Person,,Service,Charles W.,,,,,,,,,,M,,Canada,,,,,B.A.; M.D.,Rev.,,,EDC_1917_83; EDC_1918_108
EDCPT_10920,Person,,Serviere,J. de la,,,,,,,,,,U,,,,,,,,Rev.,,,EDC_1920_126; EDC_1918_108;EDC_1917_82
EDCPT_10921,Person,,Sethna,D.K.,,,,,,,,,,U,,,,,,,,,,,EDC_1918_108
EDCPT_10922,Person,,Settlemyer,C.S. {Mrs.},,,,,,,,,,F,,U.S.A.,,,,,B.A.,,,,EDC_1918_108;EDC_1917_82; EDC_1914_27
EDCPT_10923,Person,,Settlemyer,Chas. S.,,,,,,,,,,M,,U.S.A.,,,,,M.A.,,,,EDC_1917_83; EDC_1918_108; EDC_1914_27
EDCPT_10924,Person,,Seu,Whei-djen,,,,,,,,,,F,,,,,,,,,,,EDC_1917_83; EDC_1918_108
EDCPT_10925,Person,,Severin,T.,,,,,,,,,,F,,,,,,,,,,,EDC_1920_126
EDCPT_10926,Person,,Severn,Claud,,,,施,勳,,,,,M,,British,09;09;1869,"Adelaide, South Australia",08;04;1933,"Ewelme, South Oxforshire, England",C.M.G.; M.A.; K.B.E.,Hon.,,Sir Claud Severn was a British colonial administrator who was Colonial Secretary of Hong Kong between 1912-1925.,EDC_1920_126; EDC_1917_83; EDC_1918_108
EDCPT_10927,Person,,Seville,G.H. {Mrs.},,,,,,,,,,F,,,,,,,,,,,EDC_1920_126; EDC_1918_108
EDCPT_10928,Person,,Seward,A.E.,,,,,,,,,,M,,,,,,,,Rev.,,,EDC_1917_83; EDC_1918_108
EDCPT_10929,Person,,Seymour,L.D.,,,,,,,,,,U,,,,,,,Litt. B.,,,,EDC_1917_83; EDC_1918_108
EDCPT_10930,Person,,Sha,Z.C.,,,,,,,,,,U,,,,,,,,,,,EDC_1918_108
EDCPT_10931,Person,,Shackleton,Alice {Sr.},,,,,,,,,,F,,,,,,,,,,,EDC_1918_108
EDCPT_10932,Person,,Shah,Ting-hsien,,,,,,,,,,U,,,,,,,,,,,EDC_1917_83
EDCPT_10933,Person,,Shakleton,Alice (Sr),,,,,,,,,,M,,,,,,,,,,,EDC_1917_83
EDCPT_10934,Person,,Shang,Meng-yan,Meng-yen,,,,,,,,,U,,,,,,,,,,,EDC_1917_83; EDC_1918_108
EDCPT_10935,Person,,Shang,Wen-chin,,,,,,,,,,U,,China,,,,,B.A.,,,,EDC_1920_126
EDCPT_10936,Person,,Shanks,D.A.,,,,,,,,,,U,,,,,,,B.Sc. Instructor,,,,EDC_1917_83
EDCPT_10937,Person,,Shann,C.B.,,,,,,,,,,M,,U.K.,,,,,M.A.,Rev.,,,EDC_1920_126;EDC_1917_83; EDC_1918_108; EDC_1914_27
EDCPT_10938,Person,,Shannon,James Vinton,,,,,,,,,,M,,U.S.A.,,,,,B.A.,,,,EDC_1920_126;EDC_1917_83; EDC_1918_108
EDCPT_10939,Person,,Shao,T.S.,,,,,,,,,,U,,,,,,,,,,,EDC_1917_83; EDC_1918_109
EDCPT_10940,Person,,Shao,T.T.,,,,,,,,,,U,,,,,,,,,,,EDC_1920_126
EDCPT_10941,Person,,Sharp,A.B.,,,,,,,,,,U,,U.S.A.,,,,,M.D.,,,,EDC_1918_109
EDCPT_10942,Person,,Sharp,Ernest Hamilton,,,,,,,,,,M,,Britain,1861,United Kingdom,09;02;1922,Hong Kong,K.C.,Hon.,,"Unofficial member of the Executive Council of Hong Kong. Interestingly, he shared a residence with Sir Claud Severn. He was also a Freemason and one of the founders of the Hong Kong University Lodge.",EDC_1918_109
EDCPT_10943,Person,,Sharpe,L. {Miss},,,,,,,,,,F,,,,,,,,,,,EDC_1917_83; EDC_1918_109
EDCPT_10944,Person,,Shaw,Ernest T.,,,,,,,,,,M,,U.S.A.,,,,,B.A.,Rev.,,,EDC_1920_126; EDC_1914_27
EDCPT_10945,Person,,Shaw,Glenn W.,,,,,,,,,,U,,,,,,,B.A.,,,,EDC_1914_28
EDCPT_10946,Person,,Shebbeare,U.K.,,,,,,,,,,F,,,,,,,,,Absent during all or part of 1920,,EDC_1920_126
EDCPT_10947,Person,,Shedd,C.C.,,,,,,,,,,U,,,,,,,B.A.,,,,EDC_1918_109
EDCPT_10948,Person,,Sheffield,Eleanore W.,,,,,,,,,,F,,,,,,,,,,,EDC_1920_126
EDCPT_10949,Person,,Sheldon,Sidney R.,,,,,,,,,,U,,,,,,,B.Sc.,,,,EDC_1917_83; EDC_1914_28
EDCPT_10950,Person,,Shellim,E.,,,,,,,,,,U,,,,,,,,Hon.,,,EDC_1918_109
EDCPT_10951,Person,,Shelton,Mittie J.,,,,,,,,,,F,,U.S.A.,,,,,,,"1903-1909 in USA, present position since 1911",,EDC_1920_127; EDC_1918_109;EDC_1917_84
EDCPT_10952,Person,,Shen,C.T.,,,,,,,,,,U,,China,,,,,B.A.,,,,EDC_1920_127
EDCPT_10953,Person,,Shen,Chuin-ping,,,,,,,,,,U,,China,,,,,,,,,EDC_1920_127
EDCPT_10954,Person,,Shen,Kuen-shan,,,,,,,,,,U,,,,,,,,,,,EDC_1917_84
EDCPT_10955,Person,,Shen,M.T.,,,,,,,,,,U,,,,,,,M.C.E.,,,,EDC_1918_109
EDCPT_10956,Person,,Shen,S.K.,,,,,,,,,,U,,,,,,,,,,,EDC_1917_84
EDCPT_10957,Person,,Shen,S.N.,,,,,,,,,,U,,,,,,,M.D.,,,,EDC_1918_109
EDCPT_10958,Person,,Shen,T.C.,,,,,,,,,,U,,U.S.A.,,,,,M.A.,,,,EDC_1920_127; EDC_1918_109
EDCPT_10959,Person,,Shen,Y.B.,,,,,,,,,,U,,,,,,,,,,,EDC_1918_109
EDCPT_10960,Person,,Shen,Y.H.,,,,,,,,,,U,,,,,,,B.Sc.,,,,EDC_1918_109
EDCPT_10961,Person,,Shen,Yang-bon,,,,,,,,,,F,,,,,,,,,,,EDC_1917_84; EDC_1918_109
EDCPT_10962,Person,,Sheng,Wen-chin,,,,,,,,,,U,,,,,,,,,,,EDC_1917_84; EDC_1918_109
EDCPT_10963,Person,,Sheng,Yung-king,,,,,,,,,,U,,,,,,,B.A.,,,,EDC_1914_28
EDCPT_10964,Person,,Shepherd,Charles R.,,,,,,,,,,M,,,,,,,Th.D.,Rev.,,,EDC_1917_84; EDC_1918_109
EDCPT_10965,Person,,Shepherd,F.E.A.,,,,,,,,,,U,,Britain,,,,,M.A.,Rev.,,,EDC_1918_110
EDCPT_10966,Person,,Sheppard,G.W.,,,,,,,,,,M.,,,,,,,,Rev.,,,EDC_1917_84
EDCPT_10967,Person,,Sherertz,D.L.,,,,,,,,,,M,,,,,,,M.A.,Rev.,,,EDC_1920_127; EDC_1918_110
EDCPT_10968,Person,,Sherman,A.M.,,,,,,,,,,M,,,,,,,B.A.,Rev.,,,EDC_1920_127; EDC_1917_83; EDC_1918_110
EDCPT_10969,Person,,Sherritt,Lydia B. {Miss},,,,,,,,,,F,,,,,,,,,,,EDC_1920_127;EDC_1917_83; EDC_1918_110
EDCPT_10970,Person,,Shi,Fletcher,,,,,,,,,,M,,,,,,,B.A.,,,,EDC_1920_127
EDCPT_10971,Person,,Shi,H.Y.,,,,,,,,,,F,,,,,,,,,,,EDC_1920_127
EDCPT_10972,Person,,Shibata,Sihizuo,,,,,,,,,,U,,,,,,,,,,,EDC_1917_84; EDC_1918_110
EDCPT_10973,Person,,Shibley,G.S.,,,,,,,,,,U,,U.S.A.,,,,,B.A.; M.D.,,,,EDC_1920_127
EDCPT_10974,Person,,Shields,Randolph Tucker,,,,,,,,,,M,,,,,,,B.A.; M.D.,,,,EDC_1920_127;EDC_1917_83; EDC_1918_110
EDCPT_10975,Person,,Shih,Chih-chang,,,,,,,,,,U,,,,,,,,,,,EDC_1917_84; EDC_1918_110
EDCPT_10976,Person,,Shih,Chi-yen,,,,,,,,,,U,,China,,,,,B.S.; M.A.,,,,EDC_1920_128
EDCPT_10977,Person,,Shih,P.Y.,,,,,,,,,,U,,China,,,,,B.S.; M.A.,,,,EDC_1920_128
EDCPT_10978,Person,,Shih,Ting Tung,,,,,,,,,,U,,,,,,,B.A.,,,,EDC_1917_84; EDC_1918_110
EDCPT_10979,Person,,Shinagawa,K.,,,,,,,,,,U,,,,,,,M.D.,,,,EDC_1917_84
EDCPT_10980,Person,,Shipley,Mary Boyd,,,,,,,,,,F,,,,,,,B.A.,,,,EDC_1920_128; EDC_1918_110
EDCPT_10981,Person,,Shoemaker,Arthur,,,,,,,,,,M,,USA,,,,,B.S.,,,,EDC_1917_84; EDC_1914_28
EDCPT_10982,Person,,Shoop,C.W.,,,,,,,,,,M,,,,,,,M.A.,Rev.,,,EDC_1920_128;EDC_1917_84; EDC_1918_110
EDCPT_10983,Person,,Shorrock,A.G.,,,,,,,,,,M,,UK,,,,,B.A.,Rev.,,,EDC_1917_84
EDCPT_10984,Person,,Shorrock,A.G. {Mrs},,,,,,,,,,F,,UK,,,,,B.A.,,,,EDC_1917_84
EDCPT_10985,Person,,Short,S.M.,,,,,,,,,,M,,,,,,,B.S.,Rev.,,,EDC_1920_128; EDC_1918_110
EDCPT_10986,Person,,Short,S.M. {Mrs.},,,,,,,,,,F,,,,,,,,,,,EDC_1920_128
EDCPT_10987,Person,,Short,William,,,,,,,,,,M,,U.K.,,,,,M.A.; B.D.,Rev.,,,EDC_1920_128;EDC_1917_84; EDC_1918_110
EDCPT_10988,Person,,Shove,J.D.,,,,,,,,,,U,,,,,,,B.A.,,,,EDC_1917_84
EDCPT_10989,Person,,Shryrock,John Knight,,,,,,,,,,M,,U.S.A,,,,,B.S. In C.E.,Rev.,,,EDC_1920_128; EDC_1918_110
EDCPT_10990,Person,,Shu,S. K.,,,,,,,,,,U,,,,,,,B.A.,,,,EDC_1914_28
EDCPT_10991,Person,,Shu,Wang-Li,,,,,,,,,,U,,,,,,,B.A.,,,,EDC_1917_84
EDCPT_10992,Person,,Sia,Ruby,,,,,,,,,,F,,U.S.A.,,,,,M.A.; B.A.,,,,EDC_1920_128; EDC_1918_110;EDC_1917_84
EDCPT_10993,Person,,Sibirie,G.,,,,,,,,,,U,,,,,,,M.D.,,,,EDC_1917_84
EDCPT_10994,Person,,Sie,K.S.,,,,,,,,,,F,,,,,,,B.A.,,,,EDC_1920_128
EDCPT_10995,Person,,Siek,Ing-hiong,,,,,,,,,,M,,,,,,,,Rev.,,,EDC_1917_85; EDC_1918_111
EDCPT_10996,Person,,Siek,Zing-jueng {Mrs.},,,,,,,,,,F,,,,,,,,,,,EDC_1918_111
EDCPT_10997,Person,,Sih,T.W.,,,,,,,,,,U,,China,,,,,,,,,EDC_1920_128
EDCPT_10998,Person,,Sih,T.Y.,,,,,,,,,,U,,,,,,,B.A.,,,,EDC_1920_128
EDCPT_10999,Person,,Sih,Van-huang,,,,,,,,,,U,,,,,,,M.S.,,,,EDC_1917_85
EDCPT_11000,Person,,Sihvonen,Erland,,,,,,,,,,M,,,,,,,,Rev.,,,EDC_1920_128;EDC_1917_85; EDC_1918_111
EDCPT_11001,Person,,Silcock,H.T.,,,,,,,,,,U,,U.K.,,,,,M.A.; B.A.,,,,EDC_1920_128;EDC_1917_85; EDC_1918_111; EDC_1914_28
EDCPT_11002,Person,,Silsby,J.A.,,,,,,,,,,M,,,,,,,D.D.,Rev.,,,EDC_1920_128;EDC_1917_85; EDC_1918_111; EDC_1914_28
EDCPT_11003,Person,,Silsby,J.A. {Mrs.},,,,,,,,,,F,,,,,,,,,,,EDC_1920_128;EDC_1917_85; EDC_1918_111
EDCPT_11004,Person,,Silva da,Adelina O.,,,,,,,,,,F,,Portugal,,,,,,,,,EDC_1920_129; EDC_1918_111
EDCPT_11005,Person,,Silva da,H.R.,,,,,,,,,,M,,Portugal,,,,,,,,,EDC_1920_129; EDC_1918_111
EDCPT_11006,Person,,Silva da,Helena,,,,,,,,,,F,,Portugal,,,,,,,,,EDC_1920_129; EDC_1918_111
EDCPT_11007,Person,,Silva,A.O. {Miss},,,,,,,,,,F,,,,,,,,,,,EDC_1917_85
EDCPT_11008,Person,,Silva,B.J. de,,,,,,,,,,U,,Portugal,,,,,,,,,EDC_1918_111
EDCPT_11009,Person,,Silva,M.M.A. da,,,,,,,,,,U,,Portugal,,,,,,,,,EDC_1918_111
EDCPT_11010,Person,,Silva,Pedra N.,,,,,,,,,,F,,,,,,,,,,,EDC_1917_85
EDCPT_11011,Person,,Silva,Pedro Nolasco da,,,,,,,,,,U,,,,,,,,,,,EDC_1918_111
EDCPT_11012,Person,,Silve da,Pedro Nolasco,,,,,,,,,,M,,Portugal,,,,,,,,,EDC_1920_129
EDCPT_11013,Person,,Simkin,Robert Louis,,,,,,,,,,M,,U.S.A.,,,,,M.A.; B.D.,,,,EDC_1920_129EDC_1918_111;EDC_1917_85; EDC-1914_28
EDCPT_11014,Person,,Simmons,George Ernest,,,,,,,,,,M,,Canada,,,,,M.A.,Rev.,,Exp: 6 years in Canada,EDC_1920_129;EDC_1918_112;EDC_1917_85
EDCPT_11015,Person,,Simon,{Superior},,,,,,,,,,F,,,,,,,,Mother St.,,Involved in the Institute of the Holy Family,EDC_1918_111;EDC_1917_85
EDCPT_11016,Person,,Simon,A.G. {Mrs.},,,,,,,,,,F,,England,,,,,M.Sc.,,,,EDC_1918_111;EDC_1917_85
EDCPT_11017,Person,,Simon,Alfred Gordon,,,,,,,,,,M,,England,,,,,M.Sc.,Rev.,,,EDC_1918_111;EDC_1917_85; EDC_1914_28
EDCPT_11018,Person,,Simon,D. {Miss},,,,,,,,,,F,,,,,,,B.A.,,,,EDC_1917_85
EDCPT_11019,Person,,Simpson,B. Lennox,,,,,,,,,,M,,,,,,,,,,,EDC_1920_129; EDC_1918_112
EDCPT_11020,Person,,Simpson,Colin F.,,,,,,,,,,M,,,,,,,M.A.; M.B.; Ch.B; D.T.M & H.,,,,EDC_1920_129;EDC_1918_111;EDC_1917_85; EDC_1914_28
EDCPT_11021,Person,,Sin,Kan,,,,,,,,,,U,,China,,,,,,,,,EDC_1920_129
EDCPT_11022,Person,,Sinclair,G.O.B.,,,,,,,,,,M,,,,,,,,,,,EDC_1917_85
EDCPT_11023,Person,,Sing,Cheng-yung,,,,,,,,,,U,,China,,,,,,,,,EDC_1920_129
EDCPT_11024,Person,,Sing,F.K.,,,,,,,,,,U,,,,,,,,,,,EDC_1917_85
EDCPT_11025,Person,,Sing,Ju-ding,,,,,,,,,,U,,China,,,,,,,,,EDC_1920_129
EDCPT_11026,Person,,Singh,Bhai Gaijan,,,,,,,,,,M,,India,,,,,,,,,EDC_1920_129
EDCPT_11027,Person,,Singh,Bishen,,,,,,,,,,U,,,,,,,,,,,EDC_1917_85
EDCPT_11028,Person,,Sinn,Sak-hong,,,,,,,,,,U,,China,,,,,,,,,EDC_1920_129
EDCPT_11029,Person,,Sites,C.M. Lacey,,,,,,,,,,M,,U.S.A.,,,,,Ph. D.,Rev.,,,EDC_1920_129; EDS_1918_112;EDC_1917_85; EDC_1914_28
EDCPT_11030,Person,,Sites,C.M. Lacey {Mrs.},,,,,,,,,,F,,,,,,,B.A.,,,,EDC_1918_112;EDC_1917_85; EDC_1914_28
EDCPT_11031,Person,,Sites,Evelyn Worthley,,,,,,,,,,F,,U.S.A.,,,,,M.A.,,,,EDC_1920_130
EDCPT_11032,Person,,Skinner,Alice H,,,,,,,,,,F,,,,,,,,,,,EDC_1920_130
EDCPT_11033,Person,,Skinner,H.F. {Miss.},,,,,,,,,,F,,,,,,,,,,,EDC_1918_112
EDCPT_11034,Person,,Skipton,E.D. {Miss.},,,,,,,,,,F,,,,,,,B.A.,,,,EDC_1920_130; EDS_1918_112
EDCPT_11035,Person,,Slichter,M.S.,,,,,,,,,,U,,,,,,,,,,,EDC_1920_130
EDCPT_11036,Person,,Sloan,Thomas Dwight,,,,,,,,,,M,,U.S.A,,,,,M.D.,,,,EDC_1920_130; EDS_1918_112;EDC_1917_86; EDC_1914_28
EDCPT_11037,Person,,Sloane,Margaret,,,,,,,,,,F,,,,,,,,,,,EDC_1920_130; EDS_1918_112;EDC_1917_86
EDCPT_11038,Person,,Sly,E.A.H.,,,,,,,,,,U,,,,,,,District Magistrate,,,,EDC_1917_86
EDCPT_11039,Person,,Small,A.G.,,,,,,,,,,U,,,,,,,M.E.,,,,EDC_1920_130; EDS_1918_112
EDCPT_11040,Person,,Small,Mary Miller,,,,,,,,,,F,,,,,,,,,,,EDC_1917_86
EDCPT_11041,Person,,Smalley,S.E.,,,,,,,,,,U,,,,,,,,,,,EDC_1917_86
EDCPT_11042,Person,,Smart,Richard Davis,,,,,,,,,,M,,U.S.A.,,,,,M.A.,Rev.,,"Exp: Two years High School; one year asTeaching Fellow
in Mathematics, Vanderbilt University, Tenn., Sixteen years inSoochow University, Soochow, Kiangsu.",EDC_1920_130; EDC_1918_112;EDC_1917_86; EDC_1914_28
EDCPT_11043,Person,,Smawley,E.L. {Miss.},,,,,,,,,,F,,,,,,,,,,,EDC_1918_112
EDCPT_11044,Person,,Smith,Frederick N.,,,,,,,,,,M,,,,,,,B.A.,,,,EDC_1920_130;EDC_1917_86
EDCPT_11045,Person,,Smith,A. Lawrie {Miss},,,,,,,,,,F,,,,,,,,,,,EDC_1920_80; EDC_1918_112;EDC_1917_86
EDCPT_11046,Person,,Smith,A.H.,,,,,,,,,,U,,,,,,,D.D.,Rev.,,,EDC_1920_130
EDCPT_11047,Person,,Smith,A.V. {Miss},,,,,,,,,,F,,,,,,,B.A.,,,,EDC_1917_86
EDCPT_11048,Person,,Smith,B.W.,,,,,,,,,,U,,,,,,,B. Sc.,,,,EDC_1920_130
EDCPT_11049,Person,,Smith,C.H.,,,,,,,,,,U,,,,,,,,Rev.,,,EDC_1918_112
EDCPT_11050,Person,,Smith,Cades Alfred Middleton,,,,,,,,,,M,,,,,,,M.Sc.; M.I.M.E.,,,,EDC_1917_86; EDC_1914_28
EDCPT_11051,Person,,Smith,Dansey,,,,,,,,,,M,,,,,,,M.D.,,,,EDC_1920_130
EDCPT_11052,Person,,Smith,Dennis V.,,,,,,,,,,M,,,,,,,M.D.,,,,EDC_1920_130; EDC_1918_112;EDC_1917_86
EDCPT_11053,Person,,Smith,E. Middleton {Miss},,,,,,,,,,F,,,,,,,,,,,EDC_1914_28
EDCPT_11054,Person,,Smith,E.S. {Mrs.},,,,,,,,,,F,,,,,,,,,,,EDC_1918_113
EDCPT_11055,Person,,Smith,Edward H.,,,,,,,,,,M,,,,,,,A.B.; B.D.,Rev.,,,EDC_1918_113;EDC_1917_86
EDCPT_11056,Person,,Smith,Edward H. {Mrs.},,,,,,,,,,F,,,,,,,,,,,EDC_1918_113
EDCPT_11057,Person,,Smith,Elita W.,,,,,,,,,,F,,,,,,,,,,,EDC_1920_130
EDCPT_11058,Person,,Smith,Ernest Ketcham,,,,,,,,,,M,,U.S.A.,,,,,M.A.,,,,EDC_1920_130; EDC_1918_113;EDC_1917_86
EDCPT_11059,Person,,Smith,Ernest Ketchem,,,,,,,,,,U,,,,,,,M.A.,,,,EDC_1914_28
EDCPT_11060,Person,,Smith,Frederick N.,,,,,,,,,,M,,U.S.A.,,,,,B.A.,Rev.,,,EDC_1918_113
EDCPT_11061,Person,,Smith,G. Napier,,,,,,,,,,U,,,,,,,B.A.,Rev.,,,EDC_1918_113;EDC_1917_86
EDCPT_11062,Person,,Smith,Grace T. {Mrs},,,,,,,,,,F,,,,,,,,,,,EDC_1917_87
EDCPT_11063,Person,,Smith,H.F.,,,,,,,,,,U,,U.S.A.,,,,,B.A.; M.A.,,,,EDC_1918_113;EDC_1917_86
EDCPT_11064,Person,,Smith,H.V.,,,,,,,,,,U,,,,,,,M.A.,,,,EDC_1918_113
EDCPT_11065,Person,,Smith,John,,,,,,,,,,M,,,,,,,,,,,EDC_1914_28
EDCPT_11066,Person,,Smith,M.T.{Miss},,,,,,,,,,F,,,,,,,,,,,EDC_1917_87
EDCPT_11067,Person,,Smith,Madorah E. {Miss.},,,,,,,,,,F,,U.S.A.,,,,,B.A.,,,,EDC_1918_113;EDC_1917_86
EDCPT_11068,Person,,Smith,Muriel {Miss.},,,,,,,,,,F,,,,,,,L.R.A.M.,,,L.R.A.M. = Licentiate of the Royal Academy of Music,EDC_1918_113;EDC_1917_86
EDCPT_11069,Person,,Smith,N. {Miss.},,,,,,,,,,F,,,,,,,,,,,EDC_1918_113
EDCPT_11070,Person,,Smith,Percy J.,,,,,,,,,,M,,,,,,,,Rev.,,,EDC_1918_113;EDC_1917_87
EDCPT_11071,Person,,Smith,Wesley Moreland,,,,,,,,,,U,,,,,,,B.A.;B.D.,,,,EDC_1917_87; EDC_1914_28
EDCPT_11072,Person,,Smyly,Henry Jocelyn,,,,,,,,,,M,,Ireland,,,,,M.A.; M.D.; B.Ch.; B.A.O.; F.R.C.S.,,,,EDC_1918_113;EDC_1917_87
EDCPT_11073,Person,,Snell,J.A.,,,,,,,,,,U,,,,,,,M.D.,,,,EDC_1918_113
EDCPT_11074,Person,,Soa,Sheng-hsun,,,,,,,,,,U,,,,,,,B.A.,,,,EDC_1918_113;EDC_1917_87
EDCPT_11075,Person,,Song,C.T.,,,,,,,,,,U,,,,,,,,,,,EDC_1918_113
EDCPT_11076,Person,,Soo,Ngoo-wong {Miss},,,,,,,,,,U,,,,,,,,,,,EDC_1914_29
EDCPT_11077,Person,,Soo,"Ying, Juk",,,,,,,,,,U,,,,,,,,,,,EDC_1914_29
EDCPT_11078,Person,,Soong,Tsung-fang,,,,,,,,,,U,,,,,,,M.A.,,,,EDC_1917_87
EDCPT_11079,Person,,Soper,S.H.,,,,,,,,,,U,,,,,,,,Rev.,,,EDC_1918_113;EDC_1917_87
EDCPT_11080,Person,,Soura,R. de,,,,,,,,,,U,,Portugal,,,,,,,,,EDC_1918_114
EDCPT_11081,Person,,Souron,F.,,,,,,,,,,U,,,,,,,,Rev.,,,EDC_1918_114;EDC_1917_87
EDCPT_11082,Person,,Sousa,Julis de,,,,,,,,,,M,,Portugal,,,,,,,,,EDC_1918_114
EDCPT_11083,Person,,Southerton,R.G.,,,,,,,,,,M,,,,,,,,,,,EDC_1917_87
EDCPT_11084,Person,,Sovik,Edward {Mrs.},,,,,,,,,,F,,,,,,,B.A.,,,,EDC_1918_114
EDCPT_11085,Person,,Sovik,Erik,,,,,,,,,,M,,,,,,,B.A.,Rev.,,,EDC_1918_114;EDC_1917_87
EDCPT_11086,Person,,Sowerby,{Miss},,,,,,,,,,F,,,,,,,,,,,EDC_1917_87
EDCPT_11087,Person,,Sowerby,A.,,,,,,,,,,U,,,,,,,,Rev.,,,EDC_1918_114
EDCPT_11088,Person,,Spencer,Elizabeth {Miss.},,,,,,,,,,F,,,,,,,,,,,EDC_1918_114
EDCPT_11089,Person,,Spencer,"S.P., Jr.",,,,,,,,,,U,,,,,,,M.A.,,,,EDC_1918_114
EDCPT_11090,Person,,Sperry,Edwin A.,,,,,,,,,,M,,,,,,,,,,,EDC_1917_87; EDC_1914_29
EDCPT_11091,Person,,Speyer,Klara {Miss},,,,,,,,,,F,,,,,,,B.A.,,,,EDC_1917_87
EDCPT_11092,Person,,Spurling,E. {Miss.},,,,,,,,,,F,,,,,,,,,,,EDC_1918_114;EDC_1917_87
EDCPT_11093,Person,,Squire,L.O. {Miss.},,,,,,,,,,F,,,,,,,B.A.,,,,EDC_1918_114;EDC_1917_87; EDC_1914_29
EDCPT_11094,Person,,St. Clair,A.E.,,,,,,,,,,U,,,,,,,B.Sc.,,,,EDC_1918_116;EDC_1917_89
EDCPT_11095,Person,,St. John,Burton,,,,,,,,,,U,,,,,,,B.A.; B.D.,Rev.,,,EDC_1914_29
EDCPT_11096,Person,,St. Leon,Sr.,,,,,,,,,,U,,,,,,,,,,,EDC_1918_116
EDCPT_11097,Person,,,St. Mother Patrick,,,,,,,,,,F,,Ireland,,,,,,,,,EDC_1918_96
EDCPT_11098,Person,,Stabb,N.J.,,,,,,,,,,U,,,,,,,,,,,EDC_1920_132; EDC_1918_114
EDCPT_11099,Person,,Stahl,Ruth L.,,,,,,,,,,F,,,,,,,,,,,EDC_1920_132
EDCPT_11100,Person,,Standford,Sue S.,,,,,,,,,,F,,U.S.A.,,,,,B.A,,,Name also spelled as Stanford,EDC_1920_132; EDC_1918_114;EDC_1917_87
EDCPT_11101,Person,,Standring,H.,,,,,,,,,,M,,,,,,,,,,,EDC_1920_132
EDCPT_11102,Person,,Stanislas,Song,,,,,,,,,,U,,,,,,,,,,,EDC_1920_132
EDCPT_11103,Person,,Stanley,Chas A.,,,,,,,,,,M,,,,,,,A.B.; B.D.,Rev.,,,EDC_1918_114;EDC_1917_87
EDCPT_11104,Person,,Stanley,Lena M.,,,,,,,,,,F,,U.S.A.,,,,,,,,Name also spelled as Lenna,EDC_1920_132;EDC_1917_87
EDCPT_11105,Person,,Stark,P.Y. {Mrs.},,,,,,,,,,F,,,,,,,,,,,EDC_1917_87
EDCPT_11106,Person,,Starman,Ethel,,,,,,,,,,F,,,,,,,M.B.; Ch.B.,,,,EDC_1918_114;EDC_1917_87
EDCPT_11107,Person,,Starr,B. {Miss},,,,,,,,,,F,,,,,,,,,,,EDC_1917_87
EDCPT_11108,Person,,Starr,Florence Esther {Miss},,,,,,,,,,F,,,,,,,B.A.,,,,EDC_1914_29
EDCPT_11109,Person,,Starrett,Oscar Garfield,,,,,,,,,,M,,U.S.A.,,,,,B.A.,,,,EDC_1918_114;EDC_1917_88
EDCPT_11110,Person,,Stearn,A. J. S.,,,,,,,,,,M,,U.K.,,,,,M.A.,Rev.,,,EDC_1920_132;EDC_1917_88
EDCPT_11111,Person,,Stearns,M. Mabel {Miss.},,,,,,,,,,F,,,,,,,,,,,EDC_1918_115
EDCPT_11112,Person,,Stearns,Thornton,,,,,,,,,,M,,,,,,,M.A.; M.D.,,,,EDC_1920_132; EDC_1918_115
EDCPT_11113,Person,,Steel,E. F. {Miss},,,,,,,,,,F,,,,,,,,,,,EDC_1914_29
EDCPT_11114,Person,,Steel,F.F. {Miss},,,,,,,,,,F,,,,,,,,,,,EDC_1917_88
EDCPT_11115,Person,,Steele,Uberta F.,,,,,,,,,,F,,Canada,,,,,First class certificate,,,,EDC_1920_132; EDC_1918_114;EDC_1917_88
EDCPT_11116,Person,,Steger,Clara E.,,,,,,,,,,F,,,,,,,B.L.; M.A.,,,,EDC_1920_132; EDC_1918_115;EDC_1917_88
EDCPT_11117,Person,,Steiger,G.N.,,,,,,,,,,U,,U.S.A.,,,,,M.A.,,,,EDC_1920_132; EDC_1918_115;EDC_1917_88
EDCPT_11118,Person,,Stelle,William B. {Mrs.},,,,,,,,,,F,,,,,,,B.A.,,,,EDC_1920_132; EDC_1918_115;EDC_1917_88
EDCPT_11119,Person,,Stenhouse,J.M.,,,,,,,,,,U,,,,,,,B.A.;M.B.B.O.,,,,EDC_1917_88
EDCPT_11120,Person,,Stephens,Peyton {Mrs.},,,,,,,,,,F,,,,,,,,,,,EDC_1918_115
EDCPT_11121,Person,,Stephens,S.Emmet,,,,,,,,,,M,,,,,,,B.A.,Rev.,,,EDC_1917_88
EDCPT_11122,Person,,Stevens,A. {Mrs.},,,,,,,,,,F,,,,,,,,,,,EDC_1920_133
EDCPT_11123,Person,,Stevens,Justina {Mrs.},,,,,,,,,,F,,,,,,,,,,,EDC_1920_133
EDCPT_11124,Person,,Stevens,N.F.U. {Miss},,,,,,,,,,F,,,,,,,,,,,EDC_1917_88
EDCPT_11125,Person,,Stevenson,B.R {Mrs.},,,,,,,,,,F,,,,,,,,,,,EDC_1920_133
EDCPT_11126,Person,,Stevenson,B.R.,,,,,,,,,,M,,,,,,,,,,,EDC_1920_133
EDCPT_11127,Person,,Stevenson,I.N. {Miss},,,,,,,,,,F,,,,,,,,,,,EDC_1917_88
EDCPT_11128,Person,,Stevenson,Richard John,,,,,,,,,,M,,,,,,,,,,,EDC_1917_88; EDC_1914_29
EDCPT_11129,Person,,Stewart,A.D.,,,,,,,,,,M,,,,,,,M.A.,Rev.,,,EDC_1920_133; EDC_1918_115;EDC_1917_88
EDCPT_11130,Person,,Stewart,A.J.,,,,,,,,,,U,,England,,,,,"F.R.S.A., F.R.G.S., F.Z.S.,",,,,EDC_1920_133; EDC_1918_115;EDC_1917_88; EDC_1914_29
EDCPT_11131,Person,,Stewart,E.G.,,,,,,,,,,U,,,,,,,,,,,EDC_1918_115;EDC_1917_88
EDCPT_11132,Person,,Stewart,Gertrude {Deaconess},,,,,,,,,,F,,,,,,,,,,,EDC_1918_115
EDCPT_11133,Person,,Stewart,J.,,,,,,,,,,U,,,,,,,M.A.,Rev.,,,EDC_1918_115
EDCPT_11134,Person,,Stewart,J.L.,,,,,,,,,,U,,,,,,,B.A.; B.D.,Rev.,,,EDC_1918_115;EDC_1917_88; EDC_1914_29
EDCPT_11135,Person,,Stewart,Mary J.,,,,,,,,,,F,,,,,,,,,,,EDC_1920_133
EDCPT_11136,Person,,Stewart,William R.,,,,,,,,,,M,,,,,,,,,,,EDC_1918_115
EDCPT_11137,Person,,Stewart,William R. {Mrs.},,,,,,,,,,F,,,,,,,,,,,EDC_1918_115
EDCPT_11138,Person,,Stifler,W.W,,,,,,,,,,U,,,,,,,Ph. D.,,,,EDC_1920_133
EDCPT_11139,Person,,Stockton,Guy C.,,,,,,,,,,M,,U.S.A.,,,,,M.A.,,,,EDC_1920_133; EDC_1918_115;EDC_1917_88; EDC_1914_29
EDCPT_11140,Person,,Stockton,B. Ilda {Mrs.},,,,,,,,,,F,,,,,,,Pd.B.,,,,EDC_1918_115;EDC_1917_88
EDCPT_11141,Person,,Stockton,Helen I. {Miss.},,,,,,,,,,F,,,,,,,,,,,EDC_1918_115;EDC_1917_88
EDCPT_11142,Person,,Stone,Albert H.,,,,,,,,,,M,,,,,,,M.A.,,,,EDC_1920_133
EDCPT_11143,Person,,Stone,P.K.,,,,,,,,,,U,,,,,,,,,,,EDC_1918_116;EDC_1917_88
EDCPT_11144,Person,,Stone,Robert,,,,,,,,,,M,,,,,,,,,,,EDC_1920_133
EDCPT_11145,Person,,Storr,A.K.,,,,,,,,,,U,,,,,,,,,,,EDC_1920_133; EDC_1914_29
EDCPT_11146,Person,,Storrs,C.L. {Mrs.},,,,,,,,,,F,,,,,,,B.A.; M.A.,,,,EDC_1920_133
EDCPT_11147,Person,,Storrs,Charles Lysander,,,,,,,,,,M,,U.S.A.,,,,,B.A.; B.D,Rev.,,,EDC_1920_133; EDC_1918_116;EDC_1917_89; EDC_1914_29
EDCPT_11148,Person,,Strange,C. F.,,,,,,,,,,U,,,,,,,M.D.,,,,EDC_1914_29
EDCPT_11149,Person,,Strawick,Gertrude {Miss.},,,,,,,,,,F,,,,,,,B.A.,,,,EDC_1918_116
EDCPT_11150,Person,,Stribling,Frances,,,,,,,,,,F,,,,,,,,,,,EDC_1920_134
EDCPT_11151,Person,,Strunk,Elvira,,,,,,,,,,F,,,,,,,M.S.,,,,EDC_1920_134
EDCPT_11152,Person,,Struthers,Ernest B. {Mrs.},,,,,,,,,,F,,,,,,,B.A.,,,,EDC_1918_116
EDCPT_11153,Person,,Struthers,R.G.,,,,,,,,,,U,,U.S.A.,,,,,B.A.,,,,EDC_1920_134
EDCPT_11154,Person,,Stryker,D. M. {Miss},,,,,,,,,,F,,,,,,,M.D.,,,,EDC_1914_29
EDCPT_11155,Person,,Stryker,Minnie,,,,,,,,,,F,,U.S.A.,,,,,M.D.; B.A.,,,,EDC_1920_134; EDC_1918; 116;EDC_1917_89; EDC_1914_29
EDCPT_11156,Person,,Stuart,J. Leighton,,,,,,,,,,U,,,,,,,D.D.,Rev.,,,EDC_1918_116;EDC_1917_89
EDCPT_11157,Person,,Stuart,M.G. {Mrs.},,,,,,,,,,F,,,,,,,,,,,EDC_1920_134; EDC_1918_116;EDC_1917_89
EDCPT_11158,Person,,Stuart,Thomas,,,,,,,,,,M,,Ireland,,,,,M.A.; D.Sc.; M.R.I.A.,,,M.R.I.A. (Member of the Royal Irish Academy),EDC_1918_116;EDC_1917_89; EDC_1914_29
EDCPT_11159,Person,,Stuart,W. H. {Mrs.},,,,,,,,,,F,,U.S.A.,,,,,B.A.; B.D.,,,,EDC_1920_134
EDCPT_11160,Person,,Stuart,Warren Horton,,,,,,,,,,M,,U.S.A.,,,,,M.A.; B.D.,Rev.,,,EDC_1920_134; EDC_1918_116;EDC_1917_89; EDC_1914_29
EDCPT_11161,Person,,Stubbs,C.R. {Mrs.},,,,,,,,,,F,,,,,,,,,,,EDC_1918_116
EDCPT_11162,Person,,Stubbs,Clifford,,,,,,,,,,U,,,,,,,M.A.; M. Sc.,,,,EDC_1914_29
EDCPT_11163,Person,,Stubbs,Clifford Morgan,,,,,,,,,,M,,New Zealand,,,,,M.A.; D. Sc.,,,Absent during all or part of 1920,EDC_1920_134; EDC_1918_116;EDC_1917_89
EDCPT_11164,Person,,Stubbs,Reginald,,,,,,,,,,M,,,,,,,K.C.M.G.,Sir.,,,EDC_1920_134
EDCPT_11165,Person,,Stuckley,Edward Joseph,,,,,,,,,,M,,England,,,,,B.Sc.; M.B.; B.S.; A.I.A.,,,,EDC_1918_116;EDC_1917_89
EDCPT_11166,Person,,Stunkel,Hermann,,,,,,,,,,U,,,,,,,,,,,EDC_1914_29
EDCPT_11167,Person,,Su,C.N.,,,,,,,,,,U,,China,,,,,,,,,EDC_1920_134
EDCPT_11168,Person,,Suen,Silhanus T.,,,,,,,,,,U,,,,,,,B.S.,,,,EDC_1917_89
EDCPT_11169,Person,,Sugimoto,Umenvruke,,,,,,,,,,U,,,,,,,,,,,EDC_1920_134
EDCPT_11170,Person,,Sun,Fung-Chi,,,,,,,,,,U,,,,,,,B.A.,,,,EDC_1917_89
EDCPT_11171,Person,,Sun,Fung-Tsao,,,,,,,,,,U,,,,,,,,,,,EDC_1917_89
EDCPT_11172,Person,,Sun,H.K.,,,,,,,,,,U,,,,,,,,,,,EDC_1918_117;EDC_1917_89
EDCPT_11173,Person,,Sun,Hsian-wen,,,,,,,,,,U,,,,,,,,,,,EDC_1918_117
EDCPT_11174,Person,,Sun,Jui-Lin,,,,,,,,,,U,,,,,,,,,,,EDC_1917_89
EDCPT_11175,Person,,Sun,Jung,,,,,,,,,,U,,,,,,,B.A.,,,,EDC_1917_89
EDCPT_11176,Person,,Sun,Martin V.,,,,,,,,,,M,,,,,,,,,,,EDC_1920_135
EDCPT_11177,Person,,Sun,N.T.,,,,,,,,,,U,,,,,,,,,,,EDC_1917_89
EDCPT_11178,Person,,Sun,S.C.,,,,,,,,,,U,,,,,,,,,,,EDC_1918_117;EDC_1917_89
EDCPT_11179,Person,,Sun,S.Z.,,,,,,,,,,U,,,,,,,,,,,EDC_1918_117
EDCPT_11180,Person,,Sun,Ta-peng,,,,,,,,,,U,,,,,,,,,,,EDC_1917_89
EDCPT_11181,Person,,Sun,Yun-po,,,,,,,,,,U,,China,,,,,B.A.; B.S.,,,,EDC_1920_135; EDC_1918_117
EDCPT_11182,Person,,Sung,Ban-shar,,,,,,,,,,U,,,,,,,,,,,EDC_1914_29
EDCPT_11183,Person,,Sung,Fong-Yah,,,,,,,,,,U,,China,,,,,,,,,EDC_1920_135
EDCPT_11184,Person,,Sung,Josephine,,,,,,,,,,F,,,,,,,,,,,EDC_1920_135
EDCPT_11185,Person,,Sung,Ren-ho,,,,,,,,,,U,,,,,,,B.A.,,,,EDC_1918_117
EDCPT_11186,Person,,Sung,T.N.,,,,,,,,,,U,,,,,,,,,,,EDC_1918_117
EDCPT_11187,Person,,Sung,T.S,,,,,,,,,,U,,,,,,,B.A,,,,EDC_1917_90
EDCPT_11188,Person,,Sung,Vong Tsung {Miss.},,,,,,,,,,F,,,,,,,B.A.,,,,EDC_1918_117
EDCPT_11189,Person,,Sung,W. Y.,,,,,,,,,,U,,,,,,,,,,,EDC_1914_29
EDCPT_11190,Person,,Sung,W.Y.,,,,,,,,,,U,,,,,,,,,,,EDC_1918_117
EDCPT_11191,Person,,Sung,Yu-Shan,,,,,,,,,,U,,,,,,,,,,,EDC_1917_90
EDCPT_11192,Person,,Sung,Z.L.,,,,,,,,,,U,,China,,,,,B.A.,,,,EDC_1920_135; EDC_1918_117
EDCPT_11193,Person,,Sung,Zung,,,,,,,,,,U,,China,,,,,,,,,EDC_1920_135
EDCPT_11194,Person,,Surman,E.J.,,,,,,,,,,U,,,,,,,B.Sc.,,,,EDC_1917_90; EDC_1914_29
EDCPT_11195,Person,,Surtees,B.J.,,,,,,,,,,U,,,,,,,B.A.,Rev.,,,EDC_1918_117
EDCPT_11196,Person,,Surtes,B.,,,,,,,,,,M,,,,,,,,Rev.,,,EDC_1917_90
EDCPT_11197,Person,,Sutherland,A. R.,,,,,,,,,,U,,,,,,,M.A.,,,,EDC_1914_30
EDCPT_11198,Person,,Sutherland,W.J.,,,,,,,,,,U,,,,,,,B.A.,,,,EDC_1917_90
EDCPT_11199,Person,,Suvoong,Mary,,,,,,,,,,F,,,,,,,,,,,EDC_1920_135; EDC_1918_118;EDC_1917_90
EDCPT_11200,Person,,Swan,Alfred H.,,,,,,,,,,M,,U.S.A.,,,,,B.S.; B.P.E.,,,B.P.E. = Bachelors of Physical Education,EDC_1918_117;EDC_1917_90
EDCPT_11201,Person,,Swanson,W.D.,,,,,,,,,,M,,,,,,,,,,,EDC_1920_135
EDCPT_11202,Person,,Swanson,{Mrs.},,,,,,,,,,F,,,,,,,,,,,EDC_1920_135
EDCPT_11203,Person,,Swartout,{Mrs.} H.O.,,,,,,,,,,F,,,,,,,B.A,,,,EDC_1920_135; EDC_1918_117
EDCPT_11204,Person,,Swartout,Herbert Oscar,,,,,,,,,,M,,U.S.A.,,,,,B.A.,,,,EDC_1920_135; EDC_1918_117
EDCPT_11205,Person,,Swartz,{Mrs.},,,,,,,,,,F,,,,,,,,,,,EDC_1920_136
EDCPT_11206,Person,,Swartz,Philip Allen,,,,,,,,,,M,,,,,,,,,,,EDC_1920_136
EDCPT_11207,Person,,Swaun,M {Miss},,,,,,,,,,F,,,,,,,,,,,EDC_1917_90
EDCPT_11208,Person,,Sweet,Lula {Miss.},,,,,,,,,,F,,,,,,,,,,,EDC_1920_136
EDCPT_11209,Person,,Sweet,Lewis,,,,,,,,,,M,,,,,,,,,,,EDC_1917_90
EDCPT_11210,Person,,Sweet,W.S.,,,,,,,,,,M,,,,,,,,Rev.,,,EDC_1917_90
EDCPT_11211,Person,,Swen,Peng-hsiang,,,,,,,,,,U,,China,,,,,,Rev.,,,EDC_1920_136
EDCPT_11212,Person,,Swen,T.Y.,,,,,,,,,,U,,China,,,,,,,,,EDC_1920_136
EDCPT_11213,Person,,Sykes,H.,,,,,,,,,,U,,,,,,,,,,,EDC_1920_136; EDC_1918_118
EDCPT_11214,Person,,Symons,P. {Miss},,,,,,,,,,F,,,,,,,,,,,EDC_1917_90
EDCPT_11215,Person,,Sz,Kin-dzung,,,,,,,,,,U,,,,,,,,,,,EDC_1914_30
EDCPT_11216,Person,,Sze,K.D.,,,,,,,,,,U,,,,,,,,,,,EDC_1918_118
EDCPT_11217,Person,,Sze,Rudolph,,,,,,,,,,M,,,,,,,B.Sc.,,,,EDC_1917_90
EDCPT_11218,Person,,Sze,S.M.,,,,,,,,,,U,,China,,,,,,,,,EDC_1920_136
EDCPT_11219,Person,,Sze,Siang-tse,,,,,,,,,,U,,,,,,,B.A.,,,,EDC_1918_118
EDCPT_11220,Person,,Sze,T. Phillip,,,,,,,,,,M,,,,,,,,,,,EDC_1917_90
EDCPT_11221,Person,,Sz-to,Nettie {Miss.},,,,,,,,,,F,,U.S.A.,,,,,B.A.; M.A.,,,,EDC_1920_136
EDCPT_11222,Person,,Sz-to,Peter,,,,,,,,,,M,,U.S.A.,,,,,B.A.,,,,EDC_1920_136
EDCPT_11223,Person,,Ta,Yoa-wang,,,,,,,,,,U,,,,,,,,,,,EDC_1916_99
EDCPT_11224,Person,,Taam,Sik-hung,,,,,,,,,,U,,China,,,,,B.S.,,,,EDC_1920_136; EDC_1918_118
EDCPT_11225,Person,,Tai,Hsien-ai,,,,,,,,,,U,,,,,,,,,,,EDC_1918_118;EDC_1917_90
EDCPT_11226,Person,,Tai,K. Aramas,,,,,,,,,,U,,,,,,,B.A.,,,,EDC_1918_118;EDC_1917_90; EDC_1914_30
EDCPT_11227,Person,,Tai,K. Aramas,,,,,,,,,,U,,,,,,,B.A.,,,,EDC_1914_30
EDCPT_11228,Person,,Tai,K. Aramas,,,,,,,,,,U,,,,,,,B.A.,,,,EDC_1916_99
EDCPT_11229,Person,,Tai,K.I,,,,,,,,,,U,,China,,,,,B.A.,,,,EDC_1920_136
EDCPT_11230,Person,,Tai,L.P.,,,,,,,,,,U,,,,,,,,,,,EDC_1918_118;EDC_1917_91
EDCPT_11231,Person,,Tai,L.P.,,,,,,,,,,U,,,,,,,,,,,EDC_1916_99
EDCPT_11232,Person,,Tai,Mary F. {Miss},,,,,,,,,,F,,,,,,,M.D.,,,,EDC_1916_99
EDCPT_11233,Person,,Tai,N.G.,,,,,,,,,,U,,,,,,,M.D.,,,,EDC_1917_90
EDCPT_11234,Person,,Tai,N.G.,,,,,,,,,,U,,,,,,,M.D.,,,,EDC_1916_99
EDCPT_11235,Person,,Tai,P.C.,,,,,,,,,,U,,,,,,,,,,,EDC_1917_91
EDCPT_11236,Person,,Tai,P.C.,,,,,,,,,,U,,,,,,,,,,,EDC_1916_99
EDCPT_11237,Person,,Tai,P.C.,,,,,,,,,,U,,,,,,,,,,,EDC_1916_99
EDCPT_11238,Person,,Tai,P.C. {Miss},,,,,,,,,,F,,,,,,,,,,,EDC_1917_90
EDCPT_11239,Person,,Tai,P.C. {Miss},,,,,,,,,,F,,,,,,,,,,,EDC_1916_99
EDCPT_11240,Person,,Tai,Pai-yen,,,,,,,,,,U,,,,,,,,,,,EDC_1914_30
EDCPT_11241,Person,,Tai,Pen-shang,,,,,,,,,,U,,,,,,,,,,,EDC_1917_90
EDCPT_11242,Person,,Tai,Sidney T.H.,,,,,,,,,,M,,U.K.,,,,,B.A.,Rev.,,,EDC_1918_118
EDCPT_11243,Person,,Tai,T.C.,,,,,,,,,,U,,,,,,,,,,,EDC_1918_118;EDC_1917_91
EDCPT_11244,Person,,Tai,T.C.,,,,,,,,,,U,,,,,,,,,,,EDC_1916_99
EDCPT_11245,Person,,Tai,Ts-chien,,,,,,,,,,U,,,,,,,B.A.,,,,EDC_1914_30
EDCPT_11246,Person,,Tai,U.S.,,,,,,,,,,U,,China,,,,,,,,,EDC_1920_136
EDCPT_11247,Person,,Takahashi,N.,,,,,,,,,,U,,,,,,,,,,,EDC_1917_91
EDCPT_11248,Person,,Takahashi,N.,,,,,,,,,,U,,,,,,,,,,,EDC_1916_99
EDCPT_11249,Person,,Takano,E.,,,,,,,,,,U,,U,,,,,,,,,EDC_1920_136
EDCPT_11250,Person,,Takenaka,T.,,,,,,,,,,U,,U,,,,,,,,,EDC_1920_136
EDCPT_11251,Person,,Takikawa,Y.,,,,,,,,,,U,,,,,,,,,,,EDC_1917_91
EDCPT_11252,Person,,Takikawa,Y.,,,,,,,,,,U,,,,,,,,,,,EDC_1916_99
EDCPT_11253,Person,,Talmage,Irma,,,,,,,,,,U,,,,,,,B.A.,,,,EDC_1914_30
EDCPT_11254,Person,,T'an,Ch'in-heng,,,,,,,,,,U,,China,,,,,,,,,EDC_1920_136
EDCPT_11255,Person,,Tan,Hsien-en,,,,,,,,,,U,,China,,,,,,,,,EDC_1920_137
EDCPT_11256,Person,,T'an,Nien-I.,,,,,,,,,,U,,China,,,,,B.A.,,,,EDC_1920_137
EDCPT_11257,Person,,Tan,Kwang-theng,,,,,,,,,,U,,,,,,,,,,,EDC_1914_30
EDCPT_11258,Person,,Tang,Tse-ching,,,,,,,,,,U,,,,,,,,,,,EDC_1917_91
EDCPT_11259,Person,,Tang,Dai Yin,,,,,,,,,,U,,,,,,,B.A.,,,,EDC_1916_99
EDCPT_11260,Person,,Tang,Dseo Chwan,,,,,,,,,,U,,,,,,,,,,,EDC_1916_99
EDCPT_11261,Person,,Tang,Dseo-chwan,,,,,,,,,,U,,,,,,,,,,,EDC_1917_91; EDC_1916_100
EDCPT_11262,Person,,Tang,E.K.,,,,,,,,,,U,,China,,,,,,Clerk,,,EDC_1920_137
EDCPT_11263,Person,,Tang,En-Liang,,,,,,,,,,U,,China,,,,,B.S in Civil Engineering,,,,EDC_1920_137
EDCPT_11264,Person,,Tang,H.T.,,,,,,,,,,U,,,,,,,B.S.,,,,EDC_1916_99
EDCPT_11265,Person,,Tang,Ilien Joyce,,,,,,,,,,F,,China,,,,,Ph.B.,Cen. Wensleyan,,,EDC_1920_137; EDC_1918_118;EDC_1917_91
EDCPT_11266,Person,,Tang,Ilien Joyche {Miss},,,,,,,,,,F,,,,,,,Ph. B. Cen.,,,,EDC_1916_99
EDCPT_11267,Person,,Tang,J.F.,,,,,,,,,,U,,,,,,,,,,,EDC_1916_99
EDCPT_11268,Person,,Tang,Ki-lung,,,,,,,,,,U,,,,,,,,,,,EDC_1918_118; EDC_1914_30
EDCPT_11269,Person,,Tang,Ki-lung,,,,,,,,,,U,,,,,,,,,,,EDC_1914_30
EDCPT_11270,Person,,Tang,Kin-cheung,,,,,,,,,,U,,,,,,,,,,,EDC_1914_30
EDCPT_11271,Person,,Tang,Ko-wa,,,,,,,,,,U,,China,,,,,,,,,EDC_1920_137
EDCPT_11272,Person,,Tang,N.K.,,,,,,,,,,U,,China,,,,,B.A.,,,,EDC_1920_137
EDCPT_11273,Person,,Tang,S.S.,,,,,,,,,,U,,,,,,,B.A.,,,,EDC_1918_119
EDCPT_11274,Person,,Tang,T.H.,,,,,,,,,,U,,,,,,,,,,,EDC_1920_137
EDCPT_11275,Person,,Tang,W.C.,,,,,,,,,,U,,China,,,,,,,,,EDC_1920_137
EDCPT_11276,Person,,Tang,W.N.,,,,,,,,,,U,,,,,,,,,,,EDC_1917_91
EDCPT_11277,Person,,Tang,We'l-tche,,,,,,,,,,U,,,,,,,,,,,EDC_1914_30
EDCPT_11278,Person,,Tang,Wen-Tche,,,,,,,,,,U,,,,,,,,,,,EDC_1917_91; EDC_1916_100
EDCPT_11279,Person,,Tang,Y. L.,,,,,,,,,,U,,China,,,,,B.S.,,,,EDC_1920_137
EDCPT_11280,Person,,Tang,Z.D.,,,,,,,,,,U,,,,,,,,,,,EDC_1918_119
EDCPT_11281,Person,,Tangazzi,Giuseppina,,,,,,,,,,F,,Italy,,,,,,Sister,,,EDC_1920_137
EDCPT_11282,Person,,Tanner,B.,,,,,,,,,,U,,,,,,,,,,,EDC_1917_91; EDC_1914_30
EDCPT_11283,Person,,Tanner,B.,,,,,,,,,,U,,,,,,,F.R. G.S.,,,,EDC_1914_30
EDCPT_11284,Person,,Tao,T.,,,,,,,,,,U,,China,,,,,,,,,EDC_1920_138
EDCPT_11285,Person,,Tao,Clinton L. A.,,,,,,,,,,M,,,,,,,"L.A., B.A.",,,,EDC_1920_137
EDCPT_11286,Person,,Tao,D.C.,,,,,,,,,,U,,China,,,,,,,,,EDC_1920_137
EDCPT_11287,Person,,Tao,J.,,,,,,,,,,U,,China,,,,,,,,,EDC_1920_137
EDCPT_11288,Person,,T'ao,K.C.,,,,,,,,,,U,,China,,,,,,,,,EDC_1920_138
EDCPT_11289,Person,,Tao,Lu-Kung,,,,,,,,,,U,,,,,,,B.Sc.,,,,EDC_1917_91; EDC_1916_100
EDCPT_11290,Person,,Tao,Shih-chieh,,,,,,,,,,U,,China,,,,,,,,,EDC_1920_138
EDCPT_11291,Person,,Tappan,"David S., Jr.",,,,,,,,,,M,,U.S.A.,,,,,M.A.,Rev.,,,EDC_1920_138; EDC_1918_119; EDC_1917_91; EDC_1916_100
EDCPT_11292,Person,,Tarrant,Mary Minor,,,,,,,,,,F,,,,,,,,,,,EDC_1920_138
EDCPT_11293,Person,,Tatchell,W.Arthur,,,,,,,,,,M,,,,,,,M.R.C.S.;L.R.C.P.,Rev.,,,EDC_1917_91; EDC_1916_100
EDCPT_11294,Person,,Tatum,{Miss},,,,,,,,,,F,,,,,,,,,,,EDC_1916_100
EDCPT_11295,Person,,Tatum,E. F.,,,,,,,,,,U,,,,,,,B. Litt.,Rev.,,,EDC_1914_30
EDCPT_11296,Person,,Tatum,E.F.,,,,,,,,,,U,,,,,,,B. Litt,Rev.,,,EDC_1918_119;EDC_1917_91; EDC_1914_30
EDCPT_11297,Person,,Tatum,Joy {Miss},,,,,,,,,,F,,,,,,,B.Litt.,,,,EDC_1917_91
EDCPT_11298,Person,,Taun,Li-shih,,,,,,,,,,U,,,,,,,A.B.,,,,EDC_1917_97
EDCPT_11299,Person,,Taung,Ange,,,,,,,,,,U,,,,,,,,,,,EDC_1918_126;EDC_1917_97
EDCPT_11300,Person,,Tayler,John Bernard,,,,,,,,,,M,,,,,,,M.Sc.,,,,EDC_1918_119; EDC_1916_100
EDCPT_11301,Person,,Taylor,A.,,,,,,,,,,M,,,,,,,,,,,EDC_1920_138; EDC_1918_119;EDC_1917_91
EDCPT_11302,Person,,Taylor,A. {Mrs.},,,,,,,,,,F,,,,,,,B.A.,,,,EDC_1920_138; EDC_1918_119;EDC_1917_91
EDCPT_11303,Person,,Taylor,Adrian S.,,,,,,,,,,M,,,,,,,"M.D,",,,,EDC_1920_138
EDCPT_11304,Person,,Taylor,{Miss},,,,,,,,,,F,,,,,,,M.Sc.,,,,EDC_1917_91
EDCPT_11305,Person,,Taylor,{Miss},,,,,,,,,,F,,,,,,,,,,,EDC_1916_100
EDCPT_11306,Person,,Taylor,A.,,,,,,,,,,U,,,,,,,,,,,EDC_1916_100
EDCPT_11307,Person,,Taylor,A. {Mrs.},,,,,,,,,,F,,,,,,,,,,,EDC_1916_100
EDCPT_11308,Person,,Taylor,A. S. {Mrs.},,,,,,,,,,F,,,,,,,,,,,
EDCPT_11309,Person,,Taylor,Adrian S.,,,,,,,,,,M,,,,,,,M.D.,,,,
EDCPT_11310,Person,,Taylor,Arthur,,,,,,,,,,M,,,,,,,M.A.,,,,EDC_1914_30
EDCPT_11311,Person,,Taylor,Arthur {Mrs.},,,,,,,,,,F,,,,,,,B.A.,,,,EDC_1914_30
EDCPT_11312,Person,,Taylor,B. van Someren,,,,,,,,,,U,,,,,,,M.B; C.M,,,41 years in China as medical missionary teacher,EDC_1920_138; EDC_1916_100
EDCPT_11313,Person,,Taylor,E. Grace {Miss.},,,,,,,,,,F,,,,,,,B.A.,,,,EDC_1918_119; EDC_1917_92; EDC_1916_100
EDCPT_11314,Person,,Taylor,Frances E.,,,,,,,,,,F,,,,,,,,,,,EDC_1920_138
EDCPT_11315,Person,,Taylor,H. Allan,,,,,,,,,,U,,,,,,,Ph.C.,,,,EDC_1914_30
EDCPT_11316,Person,,Taylor,H. B.,,,,,,,,,,U,,U.S.A,,,,,M.D.,,,,EDC_1920_138; EDC_1918_119;EDC_1917_92; EDC_1914_30
EDCPT_11317,Person,,Taylor,H. B.,,,,,,,,,,U,,,,,,,M.D.,,,,EDC_1914_30
EDCPT_11318,Person,,Taylor,H.A.,,,,,,,,,,U,,,,,,,,,,,EDC_1917_92
EDCPT_11319,Person,,Taylor,H.H.,,,,,,,,,,M,,,,,,,B.A.,Rev.,,,EDC_1920_138
EDCPT_11320,Person,,Taylor,J. {Mrs.},,,,,,,,,,F,,,,,,,,,,,EDC_1920_138
EDCPT_11321,Person,,Taylor,J.C. {Mrs.},,,,,,,,,,F,,,,,,,,,,Need to confirm this is a different entry from J. Taylor,EDC_1918_119
EDCPT_11322,Person,,Taylor,Joseph,,,,,,,,,,M,,U.S.A.,,,,,B.A.; D.D,Rev.,,"Previously worked in Boys' School, Yachow",EDC_1920_139; EDC_1918_119;EDC_1917_92
EDCPT_11323,Person,,Taylor,Joseph,,,,,,,,,,U,,,,,,,B.A.,,,,EDC_1914_30
EDCPT_11324,Person,,Taylor,L.M. {Miss},,,,,,,,,,F,,,,,,,,,,,EDC_1917_92; EDC_1916_100
EDCPT_11325,Person,,Taylor,Mary,U.S.A,,,,,,,,,F,,,,,,,B.A.; D.D,,,,EDC_1920_139
EDCPT_11326,Person,,Taylor,R.E.S. {Mrs.},,,,,,,,,,F,,,,,,,,,,,EDC_1920_139
EDCPT_11327,Person,,Taylor,S.E. {Mrs.},,,,,,,,,,F,,,,,,,,,,,EDC_1920_139
EDCPT_11328,Person,,Taylor,Walter Herron,,,,,,,,,,M,,U.S.A.,,,,,B.A.; B.S.,,,,EDC_1920_139; EDC_1918_119;EDC_1917_92
EDCPT_11329,Person,,Tchen,K. C.,,,,,,,,,,U,,,,,,,,,,,EDC_1914_30
EDCPT_11330,Person,,Tchirshoff,N.,,,,,,,,,,U,,,,,,,,,,,EDC_1917_92
EDCPT_11331,Person,,Tchou,Thomas,,,,,,,,,,M,,,,,,,B.S.,,,,EDC_1920_139
EDCPT_11332,Person,,Team,Sih-Hung,,,,,,,,,,U,,,,,,,B.S.,,,,EDC_1917_90
EDCPT_11333,Person,,Teng,H. Y.,,,,,,,,,,U,,China,,,,,,,,,EDC_1920_139
EDCPT_11334,Person,,"Teng,",Ging-swei.,,,,,,,,,,U,,,,,,,,,,,EDC_1914_30
EDCPT_11335,Person,,Teng,C.C.,,,,,,,,,,U,,,,,,,,,,,EDC_1916_100
EDCPT_11336,Person,,Teng,H. H.,,,,,,,,,,U,,China,,,,,,,,,EDC_1920_139; EDC_1918_119
EDCPT_11337,Person,,Teng,H. T.,,,,,,,,,,M,,China,,,,,,Rev.,,,EDC_1920_139
EDCPT_11338,Person,,Teng,P. Y.,,,,,,,,,,U,,China,,,,,,,,,EDC_1920_139; EDC_1918_119;EDC_1917_92
EDCPT_11339,Person,,Tenney,Adelle L. {Miss.},,,,,,,,,,F,,,,,,,,,,,EDC_1918_119
EDCPT_11340,Person,,Terenaka,J.,,,,,,,,,,U,,,,,,,,,,,EDC_1916_101
EDCPT_11341,Person,,Terman,E. L.,,,,,,,,,,M,,,,,,,M.A.,Rev.,,,EDC_1920_139; EDC_1918_120
EDCPT_11342,Person,,Terman,E. L. {Mrs.},,,,,,,,,,F,,,,,,,B.A.,,,,EDC_1920_139; EDC_1918_120
EDCPT_11343,Person,,Terrell,{Miss.},,,,,,,,,,F,,,,,,,,,,,EDC_1920_139; EDC_1918_120;EDC_1917_92
EDCPT_11344,Person,,Terrell,Alice {Miss},,,,,,,,,,F,,,,,,,A.M.,,,,EDC_1917_92
EDCPT_11345,Person,,Terrell,Alice {Miss},,,,,,,,,,F,,,,,,,B.L.; M.A.,,,,EDC_1914_30
EDCPT_11346,Person,,Tewksbury,Elwood G.,,,,,,,,,,M,,,,,,,,Rev.,,Kua,EDC_1920_139; EDC_1918_12;EDC_1917_92
EDCPT_11347,Person,,Thacker,William S.,,,,,,,,,,M,,,,,,,"B.A., M.D., F.R.C.S.",,,,
EDCPT_11348,Person,,Thaker,William S.,,,,,,,,,,M,,,,,,,B.A.;M.D.;F.R.C.S.,,,,EDC_1917_92
EDCPT_11349,Person,,Thaung,Zung-hyi,,,,,,,,,,U,,,,,,,B.A.,,,,EDC_1914_31
EDCPT_11350,Person,,Theodat,Louis {Bro},,,,,,,,,,M,,,,,,,,,,,EDC_1917_92
EDCPT_11351,Person,,Theresa,Sr.,,,,,,,,,,F,,,,,,,,,,"Same as Therese Pera, Sr.? Name recorded two times in 1918, different locations... need to verify if two people",EDC_1918_120;EDC_1917_92
EDCPT_11352,Person,,Thierfelder,Helene {Miss},,,,,,,,,,F,,,,,,,,,,,EDC_1914_31
EDCPT_11353,Person,,Thomas,G. H.,,,,,,,,,,U,,,,,,,B.S.; M.B.,,,,EDC_1920_139; EDC_1918_120; EDC_1917_92; EDC_1916_101
EDCPT_11354,Person,,Thomason,Lilian,,,,,,,,,,F,,,,,,,B.A.,,,,EDC_1920_140; EDC_1918_120;EDC_1917_92
EDCPT_11355,Person,,Thomasson,Leona {Miss.},,,,,,,,,,F,,,,,,,,,,,EDC_1918_120;EDC_1917_92
EDCPT_11356,Person,,Thompson,{Mrs.},,,,,,,,,,F,,,,,,,,,,,EDC_1920_140
EDCPT_11357,Person,,Thompson,{Mrs},,,,,,,,,,F,,,,,,,B.A.;B.Sc.,,,,EDC_1917_92
EDCPT_11358,Person,,Thompson,A.{Mrs},,,,,,,,,,F,,,,,,,,,,,EDC_1917_92
EDCPT_11359,Person,,Thompson,A.E.S.,,,,,,,,,,U,,,,,,,,,,,EDC_1917_92
EDCPT_11360,Person,,Thompson,A.P. {Miss.},,,,,,,,,,F,,,,,,,,,,Same as Thomson A.P.,EDC_1918_120;EDC_1917_93
EDCPT_11361,Person,,Thompson,Bessie {Miss},,,,,,,,,,F,,,,,,,B.A.,,,,EDC_1917_92
EDCPT_11362,Person,,Thompson,E.,,,,,,,,,,M,,,,,,,M.A.; B.D.,Rev.,,,EDC_1918_120;EDC_1917_93
EDCPT_11363,Person,,Thompson,E. {Mrs.},,,,,,,,,,F,,,,,,,,,,,EDC_1918_120
EDCPT_11364,Person,,Thompson,George J.,,,,,,,,,,M,,,,,,,B.S.; LL.B.,,,,EDC_1917_93
EDCPT_11365,Person,,Thompson,J.C.,,,,,,,,,,U,,,,,,,M.Sc.; B.D.; M.D.,,,,EDC_1918_120
EDCPT_11366,Person,,Thompson,K.K.,,,,,,,,,,U,,,,,,,B.A.;B.Sc.,,,,EDC_1917_93
EDCPT_11367,Person,,Thompson,L.G. {Miss.},,,,,,,,,,F,,,,,,,B.Sc.,,,,EDC_1918_120; EDC_1917_93; EDC_1916_101
EDCPT_11368,Person,,Thompson,Maybel B. {Miss.},,,,,,,,,,F,,,,,,,B.A.,,,,EDC_1920_140; EDC_1918_120;EDC_1917_93
EDCPT_11369,Person,,Thompson,T.,,,,,,,,,,U,,,,,,,,,,,EDC_1918_121
EDCPT_11370,Person,,Thomson,A.M.,,,,,,,,,,U,,,,,,,,Hon.,,,EDC_1918_121
EDCPT_11371,Person,,Thomson,Henrietta {Miss.},,,,,,,,,,F,,,,,,,,,,,EDC_1918_121
EDCPT_11372,Person,,Thomson,Herbert F.,,,,,,,,,,M,,,,,,,M.A.,,,,EDC_1920_140;EDC_1917_93
EDCPT_11373,Person,,Thomson,J.C.,,,,,,,,,,U,,,,,,,M.S.,,,,EDC_1920_140
EDCPT_11374,Person,,Thomson,Oscar,,,,,,,,,,M,,,,,,,M.D.,,,,EDC_1918_121;EDC_1917_93
EDCPT_11375,Person,,Thorens,M.,,,,,,,,,,F,,,,,,,,,,,EDC_1920_140
EDCPT_11376,Person,,Thorpe,A.F.,,,,,,,,,,U,,,,,,,B.A.,Rev.,,,EDC_1918_121;EDC_1917_93
EDCPT_11377,Person,,Thorpe,D. {Miss.},,,,,,,,,,F,,,,,,,,,,,EDC_1918_121;EDC_1917_93
EDCPT_11378,Person,,Throop,Montgomery Hunt,,,,,,,,,,M,,U.S.A.,,,,,M.A.,Rev.,,,EDC_1920_140; EDC_1918_121;EDC_1917_93; EDC_1914_31
EDCPT_11379,Person,,Thue,Hans Fredrik Kjerulf,,,,,,,,,,U,,,,,,,M.D.; Ph.D.,,,,EDC_1914_31
EDCPT_11380,Person,,Thurlow,Edward K.,,,,,,,,,,M,,,,,,,,,,,EDC_1917_93
EDCPT_11381,Person,,Thurlow,Edward K.,,,,,,,,,,M,,,,,,,,Rev.,,,EDC_1914_31
EDCPT_11382,Person,,Thurston,J. Lawrence {Mrs.},,,,,,,,,,F,,U.S.A.,,,,,B.S.,,,,EDC_1920_140; EDC_1918_121;EDC_1917_93
EDCPT_11383,Person,,Tickle,A.G.W.,,,,,,,,,,U,,,,,,,"Master of Architectural Design, Building Construction and Perspective",,,,EDC_1920_141
EDCPT_11384,Person,,Tien,Bu-yun,,,,,,,,,,U,,,,,,,,,,,EDC_1918_121;EDC_1917_93
EDCPT_11385,Person,,Tien,H.Y.,,,,,,,,,,U,,,,,,,,,,,EDC_1918_121;EDC_1917_93
EDCPT_11386,Person,,Tien,Hsi-ging,,,,,,,,,,U,,China,,,,,,,,,EDC_1920_141
EDCPT_11387,Person,,Tien,Kung-tao,,,,,,,,,,U,,China,,,,,,,,,EDC_1920_141
EDCPT_11388,Person,,Tien,Lan-fin,,,,,,,,,,U,,,,,,,M.A.,,,,EDC_1918_121;EDC_1917_93
EDCPT_11389,Person,,Tien,Lin-Chao,,,,,,,,,,U,,,,,,,B.A.;LL.B.,,,,EDC_1917_93
EDCPT_11390,Person,,Tien,Lin-chao,,,,,,,,,,U,,,,,,,B.A.; LL.B.,,,,EDC_1914_31
EDCPT_11391,Person,,Tien,T.C.,,,,,,,,,,U,,,,,,,B.A.,,,,EDC_1918_121;EDC_1917_93
EDCPT_11392,Person,,Tien,Yu-ting,,,,,,,,,,U,,,,,,,,,,,EDC_1914_31
EDCPT_11393,Person,,Tin,K.F,,,,,,,,,,U,,China,,,,,,,,,EDC_1920_141
EDCPT_11394,Person,,Tindall,T.P.,,,,,,,,,,M,,,,,,,M.A.,Rev.,,,EDC_1920_141
EDCPT_11395,Person,,Ting,Lien-poh,,,,,,,,,,U,,China,,,,,,,,,EDC_1920_141
EDCPT_11396,Person,,Ting,V.L.,,,,,,,,,,U,,,,,,,,,,,EDC_1917_93
EDCPT_11397,Person,,Ting,V.P.,,,,,,,,,,U,,China,,,,,,,,,EDC_1920_141
EDCPT_11398,Person,,Tipton,W.H.,,,,,,,,,,M,,,,,,,,Rev.,,,EDC_1920_141
EDCPT_11399,Person,,Tjellström,A. P.,,,,,,,,,,U,,,,,,,,Rev.,,,EDC_1920_141; EDC_1918_121
EDCPT_11400,Person,,Tocher,Forbes,,,,,,,,,,M,,,,,,,M.A.; B.D.,Rev.,,,EDC_1918_121;EDC_1917_93; EDC_1914_31
EDCPT_11401,Person,,Todd,A.M. {Miss.},,,,,,,,,,F,,U.S.A.,,,,,,,,"""Normal Graduate""",EDC_1918_121;EDC_1917_94
EDCPT_11402,Person,,Todd,W.,,,,,,,,,,U,,,,,,,R.A.,,,,EDC_1920_141
EDCPT_11403,Person,,Todnem,Lawrence,,,,,,,,,,M,,,,,,,B.A.,,,,EDC_1920_141
EDCPT_11404,Person,,Tomioka,S.,,,,,,,,,,U,,,,,,,,,,,EDC_1917_94
EDCPT_11405,Person,,Tomkinson,Leonard,,,,,,,,,,M,,,,,,,,,,,EDC_1914_31
EDCPT_11406,Person,,Tomkinson,Leonard T.,,,,,,,,,,M,,,,,,,,,,,EDC_1920_141; EDC_1918_122;EDC_1917_94
EDCPT_11407,Person,,Tomlin,O.B. {Miss.},,,,,,,,,,F,,,,,,,B.A.,,,,EDC_1920_141; EDC_1918_122;EDC_1917_94
EDCPT_11408,Person,,Tomlinson,S.C. {Miss},,,,,,,,,,F,,,,,,,R.N.,,,,EDC_1920_141;EDC_1918_123;EDC_1917_94; EDC_1914_31
EDCPT_11409,Person,,Tomono,S.,,,,,,,,,,U,,,,,,,,,,,EDC_1917_94
EDCPT_11410,Person,,Tong,D.C.,,,,,,,,,,U,,,,,,,M.D.,,,,EDC_1917_94
EDCPT_11411,Person,,Tong,D.K.,,,,,,,,,,U,,China,,,,,B.A.,Dean,,,EDC_1920_141; EDC_1918_122;EDC_1917_94
EDCPT_11412,Person,,Tong,Hsioh-wei,,,,,,,,,,U,,China,,,,,,,,,EDC_1920_141;EDC_1918_123;EDC_1917_94
EDCPT_11413,Person,,Tong,S. W. Shee,,,,,,,,,,U,,China,,,,,B.A.,,,,EDC_1920_142
EDCPT_11414,Person,,Tong,Tsing-en,,,,,,,,,,U,,,,,,,,,,,EDC_1918_122
EDCPT_11415,Person,,Tong,Y.,,,,,,,,,,U,,,,,,,,,,,EDC_1917_94
EDCPT_11416,Person,,Tong,Y.L.,,,,,,,,,,U,,,,,,,A.B.;M.A.,,,,EDC_1917_94
EDCPT_11417,Person,,Tong,Zung-yau,,,,,,,,,,U,,,,,,,B.A.,,,,EDC_1918_122
EDCPT_11418,Person,,Toong,S.T.,,,,,,,,,,U,,,,,,,B.Sc.,,,,EDC_1917_94
EDCPT_11419,Person,,Toong,Z.D.,,,,,,,,,,U,,,,,,,,,,,EDC_1918_122
EDCPT_11420,Person,,Toong,Zung-yau,,,,,,,,,,U,,,,,,,B.Sc.,,,,EDC_1917_94
EDCPT_11421,Person,,Tope,S.G.,,,,,,,,,,U,,,,,,,,Rev.,,,EDC_1920_142; EDC_1918_122
EDCPT_11422,Person,,Torrance,Andrew A.,,,,,,,,,,M,,U.S.A.,,,,,B.Sc.,,,,EDC_1920_142; EDC_1918_122;EDC_1917_94; EDC_1914_31
EDCPT_11423,Person,,Torrance,T. {Mrs.},,,,,,,,,,F,,,,,,,,,,,EDC_1920_142
EDCPT_11424,Person,,Torry,Norman L.,,,,,,,,,,M,,,,,,,B.A.,,,,EDC_1917_94
EDCPT_11425,Person,,Tosten,H.,,,,,,,,,,M,,,,,,,,Rev.,,,EDC_1920_142; EDC_1918_122;EDC_1917_94
EDCPT_11426,Person,,Touchstone,Carey,,,,,,,,,,M,,,,,,,"B.A., B.D.",Rev.,,,EDC_1920_142; EDC_1918_122
EDCPT_11427,Person,,Tow,Helen,,,,,,,,,,F,,U.S.A.,,,,,B.A.,,,,EDC_1920_142; EDC_1918_122;EDC_1917_94
EDCPT_11428,Person,,Towner,{Miss},,,,,,,,,,F,,,,,,,,,,,EDC_1914_31
EDCPT_11429,Person,,Trafford,de C.N.,,,,,,,,,,M,,,,,,,,,,,EDC_1920_142
EDCPT_11430,Person,,Trafford,W.P.C.,,,,,,,,,,U,,U.K.,,,,,B.A. {Hons.}; F.R. Hist.S.,,,"F.R. Hist.S. = Fellow, Royal Historical Society",EDC_1918_122;EDC_1917_94
EDCPT_11431,Person,,Trimble,Lydia A.,,,,,,,,,,F,,U.S.A.,,,,,M.A.,,,,EDC_1920_142; EDC_1918_122;EDC_1917_94
EDCPT_11432,Person,,Trindle,J.R. {Mrs.},,,,,,,,,,F,,,,,,,,,,,EDC_1920_142
EDCPT_11433,Person,,Trowitzsch,Kurt,,,,,,,,,,U,,,,,,,,,,,EDC_1914_31
EDCPT_11434,Person,,Troy,Nina {Miss},,,,,,,,,,F,,,,,,,,,,,EDC_1917_94
EDCPT_11435,Person,,Trüdinger,D. {Miss.},,,,,,,,,,F,,,,,,,,,,,EDC_1920_142; EDC_1918_123;EDC_1917_94; EDC_1914_31
EDCPT_11436,Person,,Trueman,Nora {Miss},,,,,,,,,,F,,,,,,,,,,,EDC_1917_95; EDC_1914_31
EDCPT_11437,Person,,Tsa,T.K.,,,,,,,,,,M,,China,,,,,B.A.,Rev.,,,EDC_1920_142
EDCPT_11438,Person,,Tsae,Tsi-tsing,,,,,,,,,,U,,,,,,,,,,,EDC_1918_123;EDC_1917_95
EDCPT_11439,Person,,Tsai,H.,,,,,,,,,,U,,China,,,,,,,,,EDC_1920_142
EDCPT_11440,Person,,Tsai,K. F.,,,,,,,,,,U,,,,,,,,,,,EDC_1914_31
EDCPT_11441,Person,,Tsai,King-faug,,,,,,,,,,U,,,,,,,B.A.,,,,EDC_1918_123;EDC_1917_95
EDCPT_11442,Person,,Tsai,T.Y.,,,,,,,,,,U,,,,,,,,,,,EDC_1917_95
EDCPT_11443,Person,,Tsai,Tien-yei,,,,,,,,,,U,,,,,,,B.A.,,,,EDC_1918_123;EDC_1917_95
EDCPT_11444,Person,,Tsai,Tien-yiu,,,,,,,,,,U,,China,,,,,B.A.,,,,EDC_1920_143
EDCPT_11445,Person,,Tsai,Yan-lam,,,,,,,,,,U,,,,,,,,,,,EDC_1917_95
EDCPT_11446,Person,,Tsai,Yuen-pei (Hanlin),,,,,,,,,,U,,,,,,,,,,,EDC_1917_95
EDCPT_11447,Person,,Tsang,F.,,,,,,,,,,U,,,,,,,,Rev.,,,EDC_1918_123;EDC_1917_95
EDCPT_11448,Person,,Tsang,Foh-nyoen,,,,,,,,,,U,,,,,,,,,,,EDC_1918_123;EDC_1917_95
EDCPT_11449,Person,,Tsang,Grace S.,,,,,,,,,,F,,,,,,,,,,,EDC_1920_143
EDCPT_11450,Person,,Tsang,Hung-yieh,,,,,,,,,,U,,,,,,,,,,,EDC_1917_95
EDCPT_11451,Person,,Tsang,Hung-yih,,,,,,,,,,U,,,,,,,,,,,EDC_1914_31
EDCPT_11452,Person,,Tsang,Oong-hyuen,,,,,,,,,,U,,,,,,,B.S.A.,,,,EDC_1917_95
EDCPT_11453,Person,,Tsang,Pak Yien,,,,,,,,,,U,,China,,,,,,,,,EDC_1920_143
EDCPT_11454,Person,,Tsang,S.L.,,,,,,,,,,U,,,,,,,B.Sc.,,,,EDC_1918_123;EDC_1917_95
EDCPT_11455,Person,,Tsang,Shao-kwan,,,,,,,,,,U,,China,,,,,,,,,EDC_1920_143
EDCPT_11456,Person,,Tsang,T.T.,,,,,,,,,,U,,China,,,,,,,,,EDC_1920_143
EDCPT_11457,Person,,Tsang,"T.U,",,,,,,,,,,U,,China,,,,,,,,,EDC_1920_143
EDCPT_11458,Person,,Tsang,Tao-tsung,,,,,,,,,,U,,,,,,,,,,,EDC_1918_123;EDC_1917_95
EDCPT_11459,Person,,Tsang,Te-hon,,,,,,,,,,U,,,,,,,,,,,EDC_1918_123;EDC_1917_95
EDCPT_11460,Person,,Tsang,Tson-Liang,,,,,,,,,,U,,,,,,,,,,,EDC_1918_123;EDC_1917_95
EDCPT_11461,Person,,Tsang,Ung-sih {Miss},,,,,,,,,,F,,,,,,,,,,,EDC_1914_31
EDCPT_11462,Person,,Tsang,Z.T.,,,,,,,,,,U,,,,,,,,,,,EDC_1918_123
EDCPT_11463,Person,,Tsao,C.K.,,,,,,,,,,U,,,,,,,M.C.S.,,,,EDC_1918_123;EDC_1917_95
EDCPT_11464,Person,,Tsao,Chai Chou,,,,,,,,,,U,,China,,,,,,,,,EDC_1920_143
EDCPT_11465,Person,,Tsao,H.C.,,,,,,,,,,U,,China,,,,,,,,,EDC_1920_143
EDCPT_11466,Person,,Tsao,J.C.,,,,,,,,,,U,,,,,,,B.A.,,,,EDC_1918_123
EDCPT_11467,Person,,Tsao,Jih-sheng,,,,,,,,,,U,,China,,,,,,,,,EDC_1920_143
EDCPT_11468,Person,,Tsao,Li-yuin,Liyuen {Miss.},,,,,,,,,F,,China,,,,,M.D.,,,,EDC_1920_143; EDC_1918_124;EDC_1917_95
EDCPT_11469,Person,,Tsao,S.K.,,,,,,,,,,U,,China,,,,,,,,7 years exp. in Anglo-Chinese College and 2 years exp. in Anglo-Chinese School (Shanghai) as of 1918,EDC_1920_143; EDC_1918_123;EDC_1917_95; EDC_1914_31
EDCPT_11470,Person,,Tsao,T.F.,,,,,,,,,,U,,,,,,,B.A.,,,,EDC_1920_143; EDC_1918_124
EDCPT_11471,Person,,Tsao,T.T.,,,,,,,,,,U,,,,,,,B.A.,,,,EDC_1918_123;EDC_1917_95
EDCPT_11472,Person,,Tsao,Y.H.,,,,,,,,,,U,,China,,,,,,,,,EDC_1920_143; EDC_1918_124
EDCPT_11473,Person,,Tsao,Yue-chuen,,,,,,,,,,U,,,,,,,,,,,EDC_1917_95
EDCPT_11474,Person,,Tsao,Zo-Ming,,,,,,,,,,U,,China,,,,,,,,,EDC_1920_143; EDC_1918_124;EDC_1917_95
EDCPT_11475,Person,,Tsaon,Mou-kwan,,,,,,,,,,U,,,,,,,,,,,EDC_1918_124;EDC_1917_95
EDCPT_11476,Person,,Tsaung,We-tcung,,,,,,,,,,U,,China,,,,,,,,,EDC_1920_144
EDCPT_11477,Person,,Tsay,Q. {Miss.},,,,,,,,,,F,,,,,,,,,,Also known as Tsay Quneeie,EDC_1918_124
EDCPT_11478,Person,,Tse,Iang-kang,,,,,,,,,,U,,,,,,,B.A.,,,,EDC_1918_124;EDC_1917_96; EDC_1914_31
EDCPT_11479,Person,,Tse,V.Y.,,,,,,,,,,U,,,,,,,,,,,EDC_1917_96
EDCPT_11480,Person,,Tsen,Archie Tsung-liang,,,,,,,,,,M,,U.S.A.,,,,,B.S.; Bachelor's Diploma in Education,,,,EDC_1918_124;EDC_1917_96; EDC_1914_31
EDCPT_11481,Person,,Tsen,Djin-dao,,,,,,,,,,U,,,,,,,B.A.;B.D.,,,,EDC_1917_96
EDCPT_11482,Person,,Tsen,Edgar T.H.,,,,,,,,,,M,,,,,,,M.D.,,,,EDC_1918_124;EDC_1917_95
EDCPT_11483,Person,,Tsen,Kong-ih,,,,,,,,,,U,,,,,,,,,,,EDC_1918_124;EDC_1917_96
EDCPT_11484,Person,,Tsen,Kyien,,,,,,,,,,U,,China,,,,,,,,,EDC_1920_144
EDCPT_11485,Person,,Tsen,P. Lindel,,,,,,,,,,,,,,,,,B.A.,Rev.,,,EDC_1914_32
EDCPT_11486,Person,,Tseng,T.H.,,,,,,,,,,U,,,,,,,,,,,EDC_1918_125
EDCPT_11487,Person,,Tseng,Y.T.,,,,,,,,,,U,,,,,,,,,,,EDC_1918_125
EDCPT_11488,Person,,Tseo,C.C.T.,,,,,,,,,,U,,,,,,,B.A.,,,,EDC_1918_124
EDCPT_11489,Person,,Tseo,Peter Poo-lien,,,,,,,,,,,,,,,,,,,,,EDC_1914_32
EDCPT_11490,Person,,Tseu,Yoeh-ziang,,,,,,,,,,U,,China,,,,,B. Sc.,,,,EDC_1920_144;EDC_1917_96
EDCPT_11491,Person,,Tseu,C.Y.,,,,,,,,,,U,,China,,,,,,,,,EDC_1920_144
EDCPT_11492,Person,,Tseu,Yoeh-ziang,,,,,,,,,,U,,,,,,,B.Sc.,,,,EDC_1918_124
EDCPT_11493,Person,,Tsha,K.S.,,,,,,,,,,U,,China,,,,,,,,,EDC_1920_144
EDCPT_11494,Person,,Tsha,T.Y,,,,,,,,,,U,,China,,,,,B. Sc.,,,,EDC_1920_144
EDCPT_11495,Person,,Tshatsung,K.S.,,,,,,,,,,U,,,,,,,,,,,EDC_1918_124;EDC_1917_96; EDC_1914_32
EDCPT_11496,Person,,Tsiang,EDC_1918_118;EDC_1917_90,,,,,,,,,,U,,China,,,,,,,,,EDC_1920_144
EDCPT_11497,Person,,Tsiang,V.D.,,,,,,,,,,U,,China,,,,,,,,,EDC_1920_144
EDCPT_11498,Person,,Tsiang,Zi-dzu,,,,,,,,,,U,,China,,,,,,,,,EDC_1920_145
EDCPT_11499,Person,,Ts'ien,T.H.,,,,,,,,,,U,,China,,,,,M.S.A,,,,EDC_1920_145
EDCPT_11500,Person,,Tsin,H.,,,,,,,,,,U,,China,,,,,,,,,EDC_1920_145
EDCPT_11501,Person,,Tsing,Shih,,,,,,,,,,U,,,,,,,,,,,EDC_1917_96
EDCPT_11502,Person,,Tsiu,Hsi-tseng,,,,,,,,,,U,,,,,,,B.A.,,,,EDC_1918_125;EDC_1917_96
EDCPT_11503,Person,,Tso,C.T.,,,,,,,,,,U,,,,,,,B.A.,,,,EDC_1918_125;EDC_1917_96
EDCPT_11504,Person,,Tso,C.Y.,,,,,,,,,,U,,,,,,,B.A.,,,,EDC_1918_125
EDCPT_11505,Person,,Tso,Fu-yin,,,,,,,,,,U,,China,,,,,M.D.,,,,EDC_1920_145; EDC_1918_125;EDC_1917_96
EDCPT_11506,Person,,Tso,L.H.,,,,,,,,,,U,,China,,,,,B.A.,,,,EDC_1920_145
EDCPT_11507,Person,,Tso,P.,,,,,,,,,,F,,China,,,,,,,,,EDC_1920_145
EDCPT_11508,Person,,Tso,Sun-liang,,,,,,,,,,U,,,,,,,A.B.,,,,EDC_1917_96
EDCPT_11509,Person,,Tso,Te-Ming,,,,,,,,,,U,,,,,,,,,,,EDC_1917_96
EDCPT_11510,Person,,Tsoh,Hoh-sen,,,,,,,,,,,,,,,,,,,,,EDC_1914_32
EDCPT_11511,Person,,Tsong,Li-foo,,,,,,,,,,U,,,,,,,,,,,EDC_1918_125
EDCPT_11512,Person,,Tsong,M.K.,,,,,,,,,,U,,China,,,,,B.A.,,,,EDC_1920_145; EDC_1918_125
EDCPT_11513,Person,,Tsong,V.K.,,,,,,,,,,U,,,,,,,,,,,EDC_1917_96
EDCPT_11514,Person,,Tsoong,Ing-tsoong,,,,,,,,,,U,,,,,,,,,,Also known as Tsoong Ang-tsoong,EDC_1918_125;EDC_1917_96
EDCPT_11515,Person,,Tsoong,Marcellin,,,,,,,,,,U,,,,,,,,,,,EDC_1917_96
EDCPT_11516,Person,,Tsou,P.W.,,,,,,,,,,U,,,,,,,B.S.,,,,EDC_1918_125;EDC_1917_96
EDCPT_11517,Person,,Tsou,Y.H.,,,,,,,,,,U,,U.S.A.,,,,,B.S.; M.S.,,,,EDC_1918_125;EDC_1917_96
EDCPT_11518,Person,,Tsu,A.,,,,,,,,,,U,,,,,,,,Rev.,,,EDC_1918_125;EDC_1917_96
EDCPT_11519,Person,,Tsu,Allan,,,,,,,,,,M,,,,,,,B.A.,,,,EDC_1920_145; EDC_1918_125;EDC_1917_97
EDCPT_11520,Person,,Tsu,Chen-tse,,,,,,,,,,U,,,,,,,B.A.,,,,EDC_1918_125;EDC_1917_96
EDCPT_11521,Person,,Tsu,Che-yune,,,,,,,,,,U,,China,,,,,,,,,EDC_1920_145
EDCPT_11522,Person,,Tsu,E.L.,,,,,,,,,,U,,,,,,,,,,,EDC_1918_125
EDCPT_11523,Person,,Tsu,L.,,,,,,,,,,U,,,,,,,B.A.,,,,EDC_1918_125
EDCPT_11524,Person,,Tsu,Lieh-chow,,,,,,,,,,U,,China,,,,,,,,,EDC_1920_145
EDCPT_11525,Person,,Tsu,Mo-shen,,,,,,,,,,U,,China,,,,,,,,,EDC_1920_145
EDCPT_11526,Person,,Tsu,P.N.,,,,,,,,,,U,,U.S.A.,,,,,M.A.,Rev.,,,EDC_1918_125;EDC_1917_97
EDCPT_11527,Person,,Tsu,P.Y,,,,,,,,,,U,,China,,,,,M.D.,,,Also known as Tsu Pu-ying,EDC_1920_145;EDC_1917_97; EDC_1914_32
EDCPT_11528,Person,,Tsu,R.A.,,,,,,,,,,U,,,,,,,,,,,EDC_1918_125;EDC_1917_97
EDCPT_11529,Person,,Tsu,Shiang-van,,,,,,,,,,U,,China,,,,,,,,,EDC_1920_145; EDC_1918_126;EDC_1917_97
EDCPT_11530,Person,,Tsu,T.Z.,,,,,,,,,,U,,,,,,,B.A.,,,,EDC_1918_126;EDC_1917_97
EDCPT_11531,Person,,Tsu,V.D.,,,,,,,,,,U,,,,,,,,,,,EDC_1918_126
EDCPT_11532,Person,,Tsu,V.D.,,,,,,,,,,U,,,,,,,B.S.,,,*Different entry from a few lines above. Not sure how to enter name to make clear in relationship section of sheets,EDC_1918_126;EDC_1917_97
EDCPT_11533,Person,,Tsu,W.S.,,,,,,,,,,U,,,,,,,B.A.,,,,EDC_1917_97
EDCPT_11534,Person,,Tsu,Y.W.,,,,,,,,,,U,,,,,,,,,,,EDC_1918_126
EDCPT_11535,Person,,Tsu,"Y.Y,",,,,,,,,,,U,,China,,,,,Ph. D.; B.D.,Rev.,,,EDC_1920_145; EDC_1918_126;EDC_1917_97; EDC_1914_32
EDCPT_11536,Person,,Tsu,Y.Z.,,,,,,,,,,U,,,,,,,,,,,EDC_1918_126;EDC_1917_97
EDCPT_11537,Person,,Tsu,Yih-ngon,,,,,,,,,,U,,,,,,,,,,,EDC_1918_126;EDC_1917_97
EDCPT_11538,Person,,Tsu,Zu-jian,,,,,,,,,,,,,,,,,,,,,EDC_1914_32
EDCPT_11539,Person,,Tsu,Zu-jiao,,,,,,,,,,U,,China,,,,,B.A.,,,,EDC_1920_145; EDC_1918_126;EDC_1917_97
EDCPT_11540,Person,,Tsui,H.D.,,,,,,,,,,U,,China,,,,,B.A.,,,,EDC_1920_145
EDCPT_11541,Person,,Tsui,Hsi-tseng,,,,,,,,,,U,,China,,,,,B.A.,,,,EDC_1920_146
EDCPT_11542,Person,,Tsun,Tang-yam,,,,,,,,,,U,,,,,,,,,,,EDC_1918_126;EDC_1917_97
EDCPT_11543,Person,,Tsung,Tse-coong,,,,,,,,,,U,,China,,,,,,,,,EDC_1920_146; EDC_1918_126;EDC_1917_97
EDCPT_11544,Person,,Tsung,Tz-tsun,,,,,,,,,,U,,,,,,,,,,,EDC_1917_97
EDCPT_11545,Person,,Tsuno,S.,,,,,,,,,,U,,,,,,,,,,,EDC_1917_97
EDCPT_11546,Person,,Tsur,Yetsung,,,,,,,,,,,,,,,,,B.A.; M.A.,,,,EDC_1914_32
EDCPT_11547,Person,,Tsur,Yet-sung,,,,,,,,,,U,,,,,,,B.A.;M.A.,,,,EDC_1917_97
EDCPT_11548,Person,,Tu,Y.C.,,,,,,,,,,U,,China,,,,,B.A.,,,,EDC_1920_146
EDCPT_11549,Person,,Tuan,H.B.,,,,,,,,,,U,,,,,,,B.A.,,,,EDC_1918_126
EDCPT_11550,Person,,Tuck,Joseph,,,,,,,,,,M,,,,,,,,,,,EDC_1917_97
EDCPT_11551,Person,,Tucker,A.W.,,,,,,,,,,U,,,,,,,M.D.,,,,EDC_1920_146; EDC_1918_126;EDC_1917_97; EDC_1914_32
EDCPT_11552,Person,,Tucker,Louise {Miss.},,,,,,,,,,F,,,,,,,,,,,EDC_1918_126;EDC_1917_97; EDC_1914_32
EDCPT_11553,Person,,Tulip,W.,,,,,,,,,,U,,,,,,,A.M.I. Mech. E.,,,,EDC_1918_126;EDC_1917_98; EDC_1914_32
EDCPT_11554,Person,,Tung,Hsu-tien,,,,,,,,,,U,,China,,,,,,,,,EDC_1920_146
EDCPT_11555,Person,,Tung,Li-t'ang,,,,,,,,,,,,,,,,,,,,,EDC_1914_32
EDCPT_11556,Person,,Tung,P.T.,,,,,,,,,,U,,China,,,,,,,,,EDC_1920_146
EDCPT_11557,Person,,Tung,S.T.,,,,,,,,,,U,,,,,,,B.Sc.,,,,EDC_1918_127;EDC_1917_98
EDCPT_11558,Person,,Turley,Frances A. {Mrs.},,,,,,,,,,F,,,,,,,,,,Also entered as {Mrs.} R.T. Turley,EDC_1920_146; EDC_1918_127;EDC_1917_98
EDCPT_11559,Person,,Turley,R.T.,,,,,,,,,,M,,,,,,,,,,,EDC_1920_146; EDC_1918_127;EDC_1917_98
EDCPT_11560,Person,,Turnbull,Herbert Westren,,,,,,,,,,,,,,,,,M.A.,,,,EDC_1914_32
EDCPT_11561,Person,,Turner,E.A.,,,,,,,,,,U,,,,,,,M.A.;LL.B.,,,,EDC_1917_98
EDCPT_11562,Person,,Turner,Horatio J.,,,,,,,,,,M,,U.K.,,,,,B. Sc.,,,,EDC_1920_146; EDC_1918_127;EDC_1917_98
EDCPT_11563,Person,,Turner,L.H.,,,,,,,,,,U,,,,,,,,,,,EDC_1917_98; EDC_1914_32
EDCPT_11564,Person,,Tusi,S.S.,,,,,,,,,,U,,,,,,,B.A.,,,,EDC_1920_146
EDCPT_11565,Person,,Tutcher,E. {Miss},,,,,,,,,,F,,,,,,,,,,,EDC_1917_98
EDCPT_11566,Person,,Tuttle,Lelia Judson,,,,,,,,,,F,,,,,,,B.S.,,,Also entered as Tuttle Liela,EDC_1920_146; EDC_1918_127;EDC_1917_98; EDC_1914_32
EDCPT_11567,Person,,Twinem,P.D.,,,,,,,,,,M,,,,,,,M.A.; B.D.,Rev.,,,EDC_1920_147
EDCPT_11568,Person,,Tyau,E.S.,,,,,,,,,,U,,,,,,,M.D.; D.P.H. Penn.,,,,EDC_1920_147; EDC_1918_127;EDC_1917_98
EDCPT_11569,Person,,Tyau,Min-ch'ien,,,,,,,,,,U,,,,,,,LL.B.;LL.D.,,,,EDC_1917_98
EDCPT_11570,Person,,Tyng,Dudley,,,,,,,,,,M,,,,,,,M.A.; B.D.,Rev.,,,EDC_1918_127;EDC_1917_98
EDCPT_11571,Person,,Tyng,E.A. {Mrs.},,,,,,,,,,F,,England,,,,,A.B.,,,,EDC_1918_127;EDC_1917_98
EDCPT_11572,Person,,Tyng,Walworth,,,,,,,,,,M,,U.S.A.,,,,,M.A.; B.D.,Rev.,,Affiliated with the American Church Mission,EDC_1920_14701; EDC_1918_127;EDC_1917_98
EDCPT_11573,Person,,Tyng,Walworth {Mrs.},,,,,,,,,,F,,U.S.A.,,,,,,,,,EDC_1920_147
EDCPT_11574,Person,,U,Chung-saeng {Mrs.},,,,,,,,,,F,,,,,,,,,,,EDC_1918_127;EDC_1917_98
EDCPT_11575,Person,,U,Dek-mung,,,,,,,,,,U,,,,,,,,,,,EDC_1918_127
EDCPT_11576,Person,,Uawin,{Miss},,,,,,,,,,F,,,,,,,,,,,EDC_1917_98
EDCPT_11577,Person,,Ufford,A.F.,,,,,,,,,,M,,,,,,,,Rev.,,,EDC_1920_147;EDC_1917_98
EDCPT_11578,Person,,Ufford,A.F. {Mrs.},,,,,,,,,,F,,,,,,,,,,,EDC_1920_147
EDCPT_11579,Person,,Uh,{Mrs},,,,,,,,,,F,,,,,,,,,,,EDC_1917_98
EDCPT_11580,Person,,Uhlig,"A,",,,,,,,,,,U,,,,,,,,,,,EDC_1918_127;EDC_1917_98
EDCPT_11581,Person,,Underhill,L. Kingsley,,,,,,,,,,U,,U.K.,,,,,B.A.,,,,EDC_1920_147; EDC_1918_127;EDC_1917_98
EDCPT_11582,Person,,Unger,G. {Miss.},,,,,,,,,,F,,,,,,,,,,,EDC_1918_128;EDC_1917_99
EDCPT_11583,Person,,Unwin,Gertrude Mary {Miss},,,,,,,,,,,,,,,,,,,,,EDC_1914_32
EDCPT_11584,Person,,Uong,Diong-hung,,,,,,,,,,U,,,,,,,,,,,EDC_1918_128;EDC_1917_99
EDCPT_11585,Person,,Uong,Do-chuang,,,,,,,,,,U,,China,,,,,,,,,EDC_1920_147;EDC_1917_99
EDCPT_11586,Person,,Uong,Gang-huo,,,,,,,,,,U,,,,,,,B.A.,,,,EDC_1918_128;EDC_1917_99; EDC_1914_32
EDCPT_11587,Person,,Uong,Keng-hang,,,,,,,,,,U,,,,,,,,,,,EDC_1918_128;EDC_1917_99
EDCPT_11588,Person,,Upham,F.S.,,,,,,,,,,U,,,,,,,M.A.,,,,EDC_1920_147; EDC_1918_128
EDCPT_11589,Person,,Upsdell,G.E.S.,,,,,,,,,,U,,,,,,,B.A.,Rev.,,,EDC_1920_147; EDC_1918_128;EDC_1917_99
EDCPT_11590,Person,,Upsdell,M. {Miss},,,,,,,,,,F,,,,,,,,,,,EDC_1918_128;EDC_1917_99
EDCPT_11591,Person,,Upward,Bernard,,,,,,,,,,M,,,,,,,,Rev.,,,EDC_1920_147; EDC_1918_128;EDC_1917_99; EDC_1914_32
EDCPT_11592,Person,,Ure,J. {Miss.},,,,,,,,,,F,,,,,,,,,,,EDC_1918_128
EDCPT_11593,Person,,Urquhart,{Mrs.},,,,,,,,,,F,,,,,,,,,,,EDC_1918_128;EDC_1917_99
EDCPT_11594,Person,,Uyeda,M.,,,,,,,,,,U,,Japan,,,,,,,,,EDC_1920_147
EDCPT_11595,Person,,Uyeda,R.,,,,,,,,,,U,,Japan,,,,,,,,,EDC_1920_147
EDCPT_11596,Person,,Valentin,Fr.,,,,,,,,,,U,,France,,,,,,,,,EDC_1920_148;EDC_1917_99
EDCPT_11597,Person,,Van,Evera,,,,,,,,,,U,,,,,,,B.A.,,,,EDC_1920_148
EDCPT_11598,Person,,Van,T.K.,,,,,,,,,,U,,,,,,,B.A.,,,,EDC_1920_148
EDCPT_11599,Person,,Van,Y.T.,,,,,,,,,,U,,,,,,,B.S.,,,,EDC_1920_148; EDC_1918_128
EDCPT_11600,Person,,Vanara,C.,,,,,,,,,,U,,,,,,,,Rev.,,,EDC_1918_128;EDC_1917_99
EDCPT_11601,Person,,Vanderbeek,Horace Anderson,,,,,,,,,,M,,,,,,,C.E.;M.C.E.,,,,EDC_1917_99
EDCPT_11602,Person,,Vanderbeer,Horace Anderson,,,,,,,,,,,,,,,,,C.E.,,,,EDC_1914_32
EDCPT_11603,Person,,Vanderslice,Mary E. {Miss},,,,,,,,,,,,,,,,,,,,,EDC_1914_32
EDCPT_11604,Person,,Vane,Charles James,,,,,,,,,,,,,,,,,,,,,EDC_1914_33
EDCPT_11605,Person,,Vanoli,Paola,,,,,,,,,,F,,Italy,,,,,,Mother,,,EDC_1920_148; EDC_1918_128;EDC_1917_99
EDCPT_11606,Person,,Vardon,Edward B.,,,,,,,,,,M,,,,,,,,,,,EDC_1918_128;EDC_1917_99
EDCPT_11607,Person,,Vardon,Edward B. {Mrs.},,,,,,,,,,F,,,,,,,,,,,EDC_1918_128;EDC_1917_99
EDCPT_11608,Person,,Varney,Elizabeth W. {Miss.},,,,,,,,,,F,,U.S.A.,,,,,,,,,EDC_1918_128;EDC_1917_99
EDCPT_11609,Person,,Vauthier,Georges,,,,,,,,,,M,,,,,,,I.C.N.,,,,EDC_1920_148
EDCPT_11610,Person,,Vautria,Minnie {Miss},,,,,,,,,,F,,,,,,,B.A.,,,,EDC_1917_99
EDCPT_11611,Person,,Veigor,Lencastre Alfrado,,,,,,,,,,M,,,,,,,LL.D.,,,,EDC_1918_129;EDC_1917_99
EDCPT_11612,Person,,Ven,To-ling,,,,,,,,,,U,,China,,,,,,,,,EDC_1920_148
EDCPT_11613,Person,,Venable,W.H.,,,,,,,,,,U,,,,,,,M.D.,,,,EDC_1920_148
EDCPT_11614,Person,,Verevkin,T.,,,,,,,,,,U,,,,,,,,,,,EDC_1917_99
EDCPT_11615,Person,,Vernon,Marie,,,,,,,,,,F,,,,,,,,,,,EDC_1920_148
EDCPT_11616,Person,,Vickers,Douglas,,,,,,,,,,,,,,,,,,,,,EDC_1914_33
EDCPT_11617,Person,,,Victor {Brother},,,,,,,,,,M,,,,,,,,"Rev,",,,EDC_1918_129
EDCPT_11618,Person,,,Victoric {Brother},,,,,,,,,,M,,,,,,,,"Rev,",,,EDC_1917_100; EDC_1918_129
EDCPT_11619,Person,,Victorin,Fr.,,,,,,,,,,U,,France,,,,,,,,Also known as Victorine Fr.,EDC_1920_148; EDC_1918_129;EDC_1917_99
EDCPT_11620,Person,,Vincent,J.,,,,,,,,,,M,,,,,,,B.A.; A.C.P,Rev.,,,EDC_1917_100; EDC_1918_129
EDCPT_11621,Person,,Vittrant,R.M.,,,,,,,,,,U,,,,,,,,Rev.,,S.J. and search what it means,EDC_1920_148; EDC_1917_100; EDC_1918_129
EDCPT_11622,Person,,Vogt,G.,,,,,,,,,,,,,,,,,,Rev.,,,EDC_1914_33
EDCPT_11623,Person,,Vong,Mai-nyie {Miss},,,,,,,,,,,,,,,,,,,,,EDC_1914_33
EDCPT_11624,Person,,Voong,Y.K.,,,,,,,,,,U,,China,,,,,,,,,EDC_1917_100; EDC_1918_129
EDCPT_11625,Person,,Vorys,J.M.,,,,,,,,,,U,,,,,,,B.A.,,,,EDC_1920_148
EDCPT_11626,Person,,Waddington,{Miss.},,,,,,,,,,F,,America,,,,,,,,,EDC_1917_100
EDCPT_11627,Person,,Waddington,Constance E.,,,,,,,,,,F,,England,,,,,,,,,EDC_1920_148; EDC_1918_129
EDCPT_11628,Person,,Wagensperg,{Sister},,,,,,,,,,F,,,,,,,,,,,EDC_1918_129; EDC_1914_33
EDCPT_11629,Person,,Wagner,{Miss.},,,,,,,,,,F,,,,,,,,,,,EDC_1918_129
EDCPT_11630,Person,,Wai,Shu-tung,,,,,,,,,,U,,China,,,,,,,,,EDC_1920_148
EDCPT_11631,Person,,Wai,Sze-to,,,,,,,,,,U,,China,,,,,,,,,EDC_1920_149
EDCPT_11632,Person,,Wakefield,Paul,,,,,,,,,,M,,,,,,,,,,,EDC_1920_149
EDCPT_11633,Person,,Wales,G.M. {Mrs.},,,,,,,,,,F,,England,,,,,,,,,EDC_1917_100; EDC_1918_129
EDCPT_11634,Person,,Walker,Alfred J.,,,,,,,,,,M,,U.K.,,,,,M.A.,Rev.,,,EDC_1918_129; EDC_1914_33
EDCPT_11635,Person,,Walker,E.,,,,,,,,,,F,,,,,,,,,,,EDC_1920_149; EDC_1918_129
EDCPT_11636,Person,,Walker,Edward,,,,,,,,,,M,,America,,,,,M.A.,Rev.,,,EDC_1920_149; EDC_1917_100; EDC_1914_33
EDCPT_11637,Person,,Walker,J.E.,,,,,,,,,,M,,England,,,,,M.A.; D.D.,Rev.,,,EDC_1917_100; EDC_1918_130; EDC_1914_33
EDCPT_11638,Person,,Walker,M. Penderell,,,,,,,,,,M,,,,,,,M.E.,,,,EDC_1920_149; EDC_1917_100; EDC_1918_129; EDC_1914_33
EDCPT_11639,Person,,Walker,S.B.,,,,,,,,,,F,,,,,,,,,,,EDC_1920_149; EDC_1918_130
EDCPT_11640,Person,,Wall,Edward Barry,,,,,,,,,,M,,America,,,,,Litt. B.,,,,EDC_1917_100; EDC_1918_130
EDCPT_11641,Person,,Wallace,Edward Wilson,,,,,,,,,,M,,Canada,,,,,B.A.; B.D.,Rev,,,EDC_1920_149; eDC_1917_101; EDC_1918_130; EDC_1914_33
EDCPT_11642,Person,,Wallace,H.F.,,,,,,,,,,M,,China,,,,,M.A.; B.D.,Rev,,,EDC_1920_149; EDC_1917_100; EDC_1918_130; EDC_1914_33
EDCPT_11643,Person,,Wallace,L. Ethel,,,,,,,,,,F,,,,,,,B.A.,,,"In ""Christian Schools"" doc. I could find the ""Foochow Woman's Biblical Institute"", but in ""Institutions"" I wasn't able to find it, so I didn't know what to type down. — In 1918 EDC she was in ""Women's College of South China"" in Foochow, might be the same institution you are referring to",EDC_1920_149; EDC_1917_100; EDC_1918_130
EDCPT_11644,Person,,Waller,Rosamond M.,,,,,,,,,,F,,China,,,,,,,,,EDC_1920_149; EDC_1917_101; EDC_1918_130
EDCPT_11645,Person,,Walter,{Mrs.},,,,,,,,,,F,,,,,,,,,,"different location as E. Walter, need to confirm if married",EDC_1918_130
EDCPT_11646,Person,,Walter,Ernst,,,,,,,,,,M,,,,,,,,Rev.,,,EDC_1918_130
EDCPT_11647,Person,,Wan,Shao-Tung,,,,,,,,,,M,,China,,,,,,,,,EDC_1920_149
EDCPT_11648,Person,,Wan,Ting,,,,,,,,,,M,,China,,,,,,,,,EDC_1917_102
EDCPT_11649,Person,,Wang,{Miss.},,,,,,,,,,F,,China,,,,,,,,,EDC_1920_149
EDCPT_11650,Person,,Wang,Bay-sung,,,,,,,,,,U,,,,,,,,,,,EDC_1918_130
EDCPT_11651,Person,,Wang,Bu-yien,,,,,,,,,,M,,China,,,,,,,,,EDC_1920_149; EDC_1917_101; EDC_1918_130
EDCPT_11652,Person,,Wang,C.H.,,,,,,,,,,M,,China,,,,,,,,,EDC_1920_149; EDC_1917_101; EDC_1918_130
EDCPT_11653,Person,,Wang,C.K. (Nanking),,,,,,,,,,M,,China,,,,,B.A.,,,,EDC_1920_150
EDCPT_11654,Person,,Wang,C.K. (Tientsin),,,,,,,,,,M,,China,,,,,M.D.,,,,EDC_1920_150
EDCPT_11655,Person,,Wang,C.L.,,,,,,,,,,M,,China,,,,,B.A.,,,,EDC_1920_150
EDCPT_11656,Person,,Wang,C.L. (Hangchow),,,,,,,,,,M,,China,,,,,,,,,EDC_1920_150
EDCPT_11657,Person,,Wang,C.L. (Nanking),,,,,,,,,,M,,China,,,,,B. Com.,,,,EDC_1920_150
EDCPT_11658,Person,,Wang,C.P. (Hunan),,,,,,,,,,M,,China,,,,,Ph.D.,,,,EDC_1920_150; EDC_1917_101
EDCPT_11659,Person,,Wang,C.P. (Nanking),,,,,,,,,,M,,China,,,,,Ph.D.,,,,EDC_1920_150;
EDCPT_11660,Person,,Wang,C.T.,,,,,,,,,,M,,China,,,,,,Rev.,,,EDC_1917_101; EDC_1918_130
EDCPT_11661,Person,,Wang,Chee-hua,,,,,,,,,,M,,China,,,,,B.A.,,,,EDC_1917_101; EDC_1918_130
EDCPT_11662,Person,,Wang,Chi-chow,,,,,,,,,,M,,China,,,,,,,,Couldn't find the institution,EDC_1920_149
EDCPT_11663,Person,,Wang,Ching Wen,,,,,,,,,,M,,China,,,,,,,,,EDC_1920_150
EDCPT_11664,Person,,Wang,Ching-he,,,,,,,,,,M,,China,,,,,B.A,,,,EDC_1917_101
EDCPT_11665,Person,,Wang,Ching-ho,,,,,,,,,,U,,,,,,,B.A.,,,,EDC_1918_131
EDCPT_11666,Person,,Wang,Cho-pin,,,,,,,,,,M,,China,,,,,,,,,EDC_1920_150
EDCPT_11667,Person,,Wang,Chung-hui,,,,,,,,,,U,,China,,,,,D.C.L,Vice-President,,,EDC_1920_150
EDCPT_11668,Person,,Wang,Da-tsong,,,,,,,,,,M,,China,,,,,,,,,EDC_1920_150
EDCPT_11669,Person,,Wang,Dzo-bing,,,,,,,,,,M,,China,,,,,B.A.,,,,EDC_1917_101; EDC_1918_131
EDCPT_11670,Person,,Wang,Fu-hsi,,,,,,,,,,M,,China,,,,,,,,,EDC_1920_150
EDCPT_11671,Person,,Wang,G.D.,,,,,,,,,,U,,China,,,,,B.A.; B.D.,,,,EDC_1917_101; EDC_1918_131; EDC_1914_33
EDCPT_11672,Person,,Wang,Gi-tsai,,,,,,,,,,M,,China,,,,,B.A.,,,,EDC_1920_150; EDC_1917_101; EDC_1918_131
EDCPT_11673,Person,,Wang,H.,,,,,,,,,,U,,China,,,,,A.R.S.M.,,,,EDC_1920_150
EDCPT_11674,Person,,Wang,H.C.,,,,,,,,,,U,,China,,,,,B.A.,,,,EDC_1917_101; EDC_1918_131
EDCPT_11675,Person,,Wang,Hsi-en,,,,,,,,,,M,,China,,,,,,,,,EDC_1920_150
EDCPT_11676,Person,,Wang,Hsin-gi,,,,,,,,,,M,,China,,,,,B.A.,,,,EDC_1917_101; EDC_1918_131
EDCPT_11677,Person,,Wang,Hsin-ming,,,,,,,,,,U,,,,,,,,,,,EDC_1918_131
EDCPT_11678,Person,,Wang,Hung-chun,,,,,,,,,,U,,,,,,,,,,,EDC_1920_150
EDCPT_11679,Person,,Wang,Hwei-wen,,,,,,,,,,M,,China,,,,,,,,,EDC_1920_150
EDCPT_11680,Person,,Wang,J.C.,,,,,,,,,,U,,,,,,,B.A.,,,,EDC_1918_131
EDCPT_11681,Person,,Wang,Ju cheng,,,,,,,,,,U,,,,,,,,,,,EDC_1920_150
EDCPT_11682,Person,,Wang,K.,,,,,,,,,,U,,China,,,,,,,,,EDC_1920_150
EDCPT_11683,Person,,Wang,K.F.,,,,,,,,,,U,,China,,,,,,,,,EDC_1920_150
EDCPT_11684,Person,,Wang,Kwok-chiang,,,,,,,,,,M,,China,,,,,,,,,EDC_1917_101; EDC_1918_131
EDCPT_11685,Person,,Wang,L.C.,,,,,,,,,,U,,China,,,,,A.T.E.C.,,,,EDC_1917_102; EDC_1914_33
EDCPT_11686,Person,,Wang,L.H.,,,,,,,,,,U,,China,,,,,B. Sc.,,,,EDC_1920_151
EDCPT_11687,Person,,Wang,L.T.,,,,,,,,,,U,,China,,,,,,,,,EDC_1920_151
EDCPT_11688,Person,,Wang,Li-kin,,,,,,,,,,U,,,,,,,,,,,EDC_1914_33
EDCPT_11689,Person,,Wang,Lin-chiin,,,,,,,,,,U,,,,,,,,,,,EDC_1914_33
EDCPT_11690,Person,,Wang,Lung Hsiang,,,,,,,,,,M,,China,,,,,,,,,EDC_1920_151
EDCPT_11691,Person,,Wang,Lung-kiang,,,,,,,,,,M,,China,,,,,,,,,EDC_1920_151
EDCPT_11692,Person,,Wang,M.,,,,,,,,,,U,,China,,,,,,,,,EDC_1920_151
EDCPT_11693,Person,,Wang,Moo-kiah,,,,,,,,,,M,,China,,,,,,,,,EDC_1920_151
EDCPT_11694,Person,,Wang,P.C.,,,,,,,,,,U,,China,,,,,,,,,EDC_1920_151
EDCPT_11695,Person,,Wang,Pa-ling,,,,,,,,,,M,,China,,,,,,,,,EDC_1920_151
EDCPT_11696,Person,,Wang,Pao-chen,,,,,,,,,,M,,China,,,,,,,,,EDC_1917_101; EDC_1918_131
EDCPT_11697,Person,,Wang,Pei-cbeng,,,,,,,,,,M,,China,,,,,B.A.,,,,EDC_1917_102
EDCPT_11698,Person,,Wang,R.F.,,,,,,,,,,U,,China,,,,,,,,,EDC_1920_151
EDCPT_11699,Person,,Wang,Rufus,,,,,,,,,,M,,China,,,,,B.S.,,,,EDC_1920_151; EDC_1918_132
EDCPT_11700,Person,,Wang,S.C.,,,,,,,,,,U,,China,,,,,,,,,EDC_1917_102; EDC_1918_132
EDCPT_11701,Person,,Wang,S.E.,,,,,,,,,,U,,China,,,,,B.A.,,,,EDC_1917_102; EDC_1918_132
EDCPT_11702,Person,,Wang,S.K.,,,,,,,,,,U,,China,,,,,,,,,EDC_1920_151
EDCPT_11703,Person,,Wang,S.Y.,,,,,,,,,,U,,China,,,,,,,,,EDC_1920_151
EDCPT_11704,Person,,Wang,Seh-chin,,,,,,,,,,M,,China,,,,,,,,,EDC_1920_151
EDCPT_11705,Person,,Wang,Shoh-lian,,,,,,,,,,U,,,,,,,,,,,EDC_1914_33
EDCPT_11706,Person,,Wang,Show-ching,Shou-ching,,,,,,,,,M,,China,,,,,,,,,EDC_1920_151; EDC_1917_102; EDC_1918_132
EDCPT_11707,Person,,Wang,Shwei-teo,,,,,,,,,,U,,China,,,,,R.N.,,,,EDC_1920_151
EDCPT_11708,Person,,Wang,Siu-gi,,,,,,,,,,M,,China,,,,,B.A.,,,,EDC_1920_151
EDCPT_11709,Person,,Wang,Su-i,,,,,,,,,,F,,China,,,,,B.A.; M.A.,,,,EDC_1920_151; EDC_1917_102; EDC_1918_132
EDCPT_11710,Person,,Wang,T.,,,,,,,,,,M,,China,,,,,,,,,EDC_1920_151
EDCPT_11711,Person,,Wang,T.C.,,,,,,,,,,U,,,,,,,,,,,EDC_1914_33
EDCPT_11712,Person,,Wang,T.L.,,,,,,,,,,U,,China,,,,,B.A.,,,,EDC_1920_151; EDC_1917_102
EDCPT_11713,Person,,Wang,T.L.,,,,,,,,,,U,,China,,,,,,,,,EDC_1917_102
EDCPT_11714,Person,,Wang,T.Z.,,,,,,,,,,U,,China,,,,,,,,,EDC_1917_102
EDCPT_11715,Person,,Wang,Te-yuen,,,,,,,,,,M,,China,,,,,,,,,EDC_1917_102; EDC_1918_132
EDCPT_11716,Person,,Wang,Tien-gang,,,,,,,,,,F,,China,,,,,,,,,EDC_1920_151
EDCPT_11717,Person,,Wang,Ting,,,,,,,,,,U,,,,,,,,,,,EDC_1918_132
EDCPT_11718,Person,,Wang,To-fu,,,,,,,,,,U,,,,,,,B.A.,,,,EDC_1918_132
EDCPT_11719,Person,,Wang,Tsai-nan,,,,,,,,,,M,,China,,,,,,,,,EDC_1917_102; EDC_1918_132; EDC_1918_132
EDCPT_11720,Person,,Wang,Tsan-ch'ing,,,,,,,,,,M,,China,,,,,,,,,EDC_1920_151
EDCPT_11721,Person,,Wang,Tseh-sien,,,,,,,,,,U,,,,,,,,,,,EDC_1914_33
EDCPT_11722,Person,,Wang,Tzu.,,,,,,,,,,U,,,,,,,,,,,EDC_1914_33
EDCPT_11723,Person,,Wang,Wen-ping,,,,,,,,,,M,,China,,,,,B.A.,M.E.F.B,,M.E.F.B. is the mission board the school is connected to - Board of Foreign Missions of the Methodist Episcopal Church.,EDC_1920_152; EDC_1917_102; EDC_1918_132; EDC_1914_33
EDCPT_11724,Person,,Wang,Wenpo C.,,,,,,,,,,M,,China,,,,,,,,,EDC_1920_152
EDCPT_11725,Person,,Wang,Y.C.,,,,,,,,,,M,,China,,,,,,,,,EDC_1920_152
EDCPT_11726,Person,,Wang,Y.S.,,,,,,,,,,U,,China,,,,,B.A.,,,,EDC_1920_152
EDCPT_11727,Person,,Wang,Yen-chang,,,,,,,,,,U,,,,,,,,,,,EDC_1914_34
EDCPT_11728,Person,,Ward,Edwin Beecher,,,,,,,,,,M,,U.S.A.,,,,,B.A.,Rev.,,,EDC_1917_102; EDC_1918_132
EDCPT_11729,Person,,Ward,N. Lascelles,,,,,,,,,,M,,,,,,,M.A.,Rev.,,,EDC_1917_102
EDCPT_11730,Person,,Ware,G.M.,,,,,,,,,,F,,China,,,,,B.A.,,,,EDC_1920_152
EDCPT_11731,Person,,Warner,F.M.,,,,,,,,,,F,,China,,,,,,,,,EDC_1920_152; EDC_1918_132
EDCPT_11732,Person,,Warner,Frank B.,,,,,,,,,,F,,China,,,,,B.A.,,,,EDC_1920_152; EDC_1917_102; EDC_1918_132
EDCPT_11733,Person,,Warnshuis,A.L.,,,,,,,,,,U,,,,,,,M.A.,Rev.,,,EDC_1914_34
EDCPT_11734,Person,,Warnshuis,A.L. {Mrs.},,,,,,,,,,U,,,,,,,,,,,EDC_1914_34
EDCPT_11735,Person,,Warren,A.G.,,,,,,,,,,U,,U.S.A.,,,,,B.Sc.; A.M.I.E.E.; E.P.S.L,,,E.P.S.L also listed as F.P.S.L.?,EDC_1920_152; EDC_1917_103; EDC_1918_132; EDC_1914_33
EDCPT_11736,Person,,Warren,Blanche {Miss},,,,,,,,,,U,,,,,,,,,,,EDC_1914_34
EDCPT_11737,Person,,Warton,Anne {Miss.},,,,,,,,,,F,,,,,,,,,,,EDC_1918_134
EDCPT_11738,Person,,Wassell,C.,,,,,,,,,,U,,,,,,,Mc.A.; M.D.,,,,EDC_1918_132
EDCPT_11739,Person,,Wasson,Julia A.,,,,,,,,,,F,,U.S.A.,,,,,B.A.,,,,EDC_1920_152; EDC_1917_103; EDC_1918_133; EDC_1914_33
EDCPT_11740,Person,,Waterman,Helena,,,,,,,,,,F,,U.S.A.,,,,,,,,,EDC_1920_152
EDCPT_11741,Person,,Waters,Alice G. {Miss.},,,,,,,,,,F,,,,,,,,,,,EDC_1918_133
EDCPT_11742,Person,,Waters,B. Curtis,,,,,,,,,,M,,,,,,,,,,,EDC_1917_103; EDC_1918_133
EDCPT_11743,Person,,Watkins,Janie H. {Miss.},,,,,,,,,,F,,America,,,,,,,,,EDC_1917_103; EDC_1918_133
EDCPT_11744,Person,,Watkins,Mildred C.,,,,,,,,,,F,,U.S.A.,,,,,B.A.,,,,EDC_1920_152
EDCPT_11745,Person,,Watous,M. {Miss.},,,,,,,,,,F,,America,,,,,,,,,EDC_1917_103
EDCPT_11746,Person,,Watrous,M.,,,,,,,,,,F,,U.S.A.,,,,,,,,,EDC_1920_152; EDC_1918_133
EDCPT_11747,Person,,Watson,A. {Miss.},,,,,,,,,,F,,,,,,,,,,,EDC_1918_133
EDCPT_11748,Person,,Watson,E. {Mrs.},,,,,,,,,,F,,England,,,,,,,,,EDC_1920_152
EDCPT_11749,Person,,Watson,Edward,,,,,,,,,,M,,England,,,,,,,,,EDC_1920_152; EDC_1917_103
EDCPT_11750,Person,,Watt,Frederick John,,,,,,,,,,M,,America,,,,,B.Sc.,Rev.,,"From England? 8 years teaching in England, degree from London",EDC_1917_103; EDC_1918_133
EDCPT_11751,Person,,Watt,Iu-hung,,,,,,,,,,M,,America,,,,,C.T.,,,Formerly in Ellis Kadoorie College,EDC_1917_103; EDC_1918_133
EDCPT_11752,Person,,Waung,Aung-chung,,,,,,,,,,U,,,,,,,,,,,EDC_1918_133
EDCPT_11753,Person,,Waung,Dzung Ji,,,,,,,,,,M,,China,,,,,,,,,EDC_1920_152
EDCPT_11754,Person,,Waung,K.K.,,,,,,,,,,U,,,,,,,B.Sc.,,,,EDC_1918_133
EDCPT_11755,Person,,Waung,K.N.,,,,,,,,,,U,,,,,,,B.A.,,,,EDC_1918_133
EDCPT_11756,Person,,Waung,Ts Doong,,,,,,,,,,M,,China,,,,,,,,,EDC_1920_152
EDCPT_11757,Person,,We,Kyung Ling,,,,,,,,,,U,,China,,,,,,,,,EDC_1920_153
EDCPT_11758,Person,,Wear,Robert B.,,,,,,,,,,U,,China,,,,,M.A.,,,,EDC_1920_153; EDC_1917_103; EDC_1918_133
EDCPT_11759,Person,,Weaver,L. {Miss.},,,,,,,,,,F,,,,,,,,,,,EDC_1920_153
EDCPT_11760,Person,,Webster,Alexander,,,,,,,,,,M,,U.S.A.,,,,,B.Sc,,,,EDC_1920_153
EDCPT_11761,Person,,Webster,Bessie {Miss.},,,,,,,,,,F,,England,,,,,,,,"From New Zealand? 13 years teaching in New Zealand, degree from New Zealand",EDC_1917_103; EDC_1918_133
EDCPT_11762,Person,,Webster,J.,,,,,,,,,,M,,England,,,,,,Rev.,,,EDC_1917_103; EDC_1918_133
EDCPT_11763,Person,,Webster,James Benjamin,,,,,,,,,,M,,,,,,,B.A.; D.D.,Rev.,,Postgraduate Bachelor of Divinity,EDC_1918_133; EDC_1914_33
EDCPT_11764,Person,,Webster,James Benjamin,,,,,,,,,,M,,U.S.A.,,,,,B.A.; Ph.D.,Rev.,,"I think ""Sunday School Pedagogy"" to be a Catholic Institution but I haven't been able to find it among the institutions.",EDC_1920_153
EDCPT_11765,Person,,Weed,Charles Jason,,,,,,,,,,M,,U.S.A.,,,,,,,,,EDC_1920_153; EDC_1917_103; EDC_1914_33
EDCPT_11766,Person,,Weekes (U.K.),E.J.,,,,,,,,,,M,,England,,,,,M.A.,Rev.,,Name entered w/ nationality b/c of different individual w/ same initials,EDC_1920_153; EDC_1917_103
EDCPT_11767,Person,,Weekes (U.S.A.),E.J.,,,,,,,,,,U,,U.S.A.,,,,,M.A.; B.D.,,,Name entered w/ nationality b/c of different individual w/ same initials,EDC_1918_134; EDC_1914_34
EDCPT_11768,Person,,Weekes,E.J. {Mrs.},,,,,,,,,,F,,England,,,,,,,,,EDC_1920_153
EDCPT_11769,Person,,Weersing,F.W.,,,,,,,,,,U,,,,,,,M.A.,,,,EDC_1918_134
EDCPT_11770,Person,,Weersing,Frederick J.,,,,,,,,,,M,,U.S.A.,,,,,B.A.,,,,EDC_1917_103; EDC_1918_134
EDCPT_11771,Person,,Wei,F.Y.,,,,,,,,,,U,,China,,,,,,,,,EDC_1920_153
EDCPT_11772,Person,,Wei,Fah-Yung,,,,,,,,,,U,,China,,,,,,,,,EDC_1920_153
EDCPT_11773,Person,,Wei,Francis C,,,,,,,,,,U,,,,,,,B.A.,,,,EDC_1914_34
EDCPT_11774,Person,,Wei,Francis C.M.,,,,,,,,,,M,,China,,,,,M.A.,,,,EDC_1920_153; EDC_1917_103; EDC_1918_134
EDCPT_11775,Person,,Wei,H.W.,,,,,,,,,,U,,,,,,,B.Sc.,,,,EDC_1918_134
EDCPT_11776,Person,,Wei,Yuk.,,,,,,,,,,M,,China,,,,,C.M.G.,Hon.,,,EDC_1917_103; EDC_1918_134
EDCPT_11777,Person,,Weigel,W.H.,,,,,,,,,,U,,Germany,,,,,B.S.,,,,EDC_1920_153; EDC_1918_134
EDCPT_11778,Person,,Weightman,J {Miss.},,,,,,,,,,F,,,,,,,M.A.,,,,EDC_1918_134
EDCPT_11779,Person,,Wein,Shiou-tsu,,,,,,,,,,U,,,,,,,B.A.,,,,EDC_1914_34
EDCPT_11780,Person,,Weir,Andrew,,,,,,,,,,M,,,,,,,B.A.,Rev.,,,EDC_1918_134
EDCPT_11781,Person,,Weller,Harold A.,,,,,,,,,,M,,,,,,,,,,,EDC_1920_153; EDC_1917_104; EDC_1918_134
EDCPT_11782,Person,,Wells,H.R.,,,,,,,,,,M,,England,,,,,,Rev.,,,EDC_1920_153; EDC_1914_34
EDCPT_11783,Person,,Wells,Ralph C. {Mrs.},,,,,,,,,,F,,,,,,,B.A.,,,,EDC_1917_104; EDC_1918_134; EDC_1914_34
EDCPT_11784,Person,,Wells,Ralph Crane,,,,,,,,,,M,,England,,,,,B.Sc,,,"From USA? Taught in Denver, CO. and degree from CO. -- Associate Superintendent of 57 Primary Schools",EDC_1920_153; EDC_1917_104; EDC_1918_134; EDC_1914_34
EDCPT_11785,Person,,Wen,Ih-Ting,,,,,,,,,,M,,China,,,,,M.A.,,,,EDC_1917_104
EDCPT_11786,Person,,Wen,Pang Yen,,,,,,,,,,M,,China,,,,,,,,,EDC_1920_154
EDCPT_11787,Person,,Weng,Kwei-yun,,,,,,,,,,M,,China,,,,,,,,,EDC_1920_154
EDCPT_11788,Person,,Wenham,H. V.,,,,,,,,,,U,,,,,,,B.S.,,,,EDC_1914_34
EDCPT_11789,Person,,Wennborg,F. A.,,,,,,,,,,U,,,,,,,,Rev.,,,EDC_1920_154
EDCPT_11790,Person,,Westbrook,C.H.,,,,,,,,,,M,,America,,,,,M.A.,Rev.,,,EDC_1917_104; EDC_1914_34
EDCPT_11791,Person,,Westcott,Pauline E. {Miss.},,,,,,,,,,F,,,,,,,,,,,EDC_1917_104; EDC_1918_134
EDCPT_11792,Person,,Wharton,Ann L.,,,,,,,,,,F,,,,,,,R.N.,,,,EDC_1920_154
EDCPT_11793,Person,,Wharton,Joseph,,,,,,,,,,M,,,,,,,,,,,EDC_1920_154; EDC_1917_104; EDC_1918_134; EDC_1914_34
EDCPT_11794,Person,,Wheeler,E.R.,,,,,,,,,,M,,,,,,,M.R.C.S.; L.R.C.P.; M.B.; B.S.,,,,EDC_1920_154; EDC_1917_104; EDC_1918_135; EDC_1914_34
EDCPT_11795,Person,,Wheeler,W.R.,,,,,,,,,,M,,,,,,,B.A.; B.D.; M.A.,,,,EDC_1920_154; EDC_1918_135
EDCPT_11796,Person,,Wheldon,D.,,,,,,,,,,U,,,,,,,,,,,EDC_1918_135
EDCPT_11797,Person,,Whitcher,Harold,,,,,,,,,,U,,,,,,,B.Sc.,,,,EDC_1914_35
EDCPT_11798,Person,,Whitcher,"Harold, G.",,,,,,,,,,M,,,,,,,B. Sc.,,,,EDC_1920_154; EDC_1917_104; EDC_1918_135
EDCPT_11799,Person,,White,A.V.,,,,,,,,,,U,,England,,,,,,,,,EDC_1917_104
EDCPT_11800,Person,,White,Anne C.,,,,,,,,,,F,,England,,,,,,,,,EDC_1920_154
EDCPT_11801,Person,,White,B.H. {Mrs.},,,,,,,,,,F,,England,,,,,B.Litt; M.A.,,,,EDC_1917_104
EDCPT_11802,Person,,White,Francis Johnston,,,,,,,,,,F,,England,,,,,M.A.; D.D.,Rev.,,,; EDC_1917_104; EDC_1918_135; EDC_1914_35
EDCPT_11803,Person,,White,L. {Miss.},,,,,,,,,,F,,England,,,,,,,,,EDC_1917_105; EDC_1918_135
EDCPT_11804,Person,,White,Laura {Miss},,,,,,,,,,F,,England,,,,,,,,,EDC_1917_105; EDC_1918_135
EDCPT_11805,Person,,White,Mary Louisa,,,,,,,,,,F,,England,,,,,B.A.,,,,EDC_1920_154
EDCPT_11806,Person,,White,R.M.,,,,,,,,,,M,,England,,,,,B.A.,,,"From USA? State Certificate from Missouri, involved with the American Northern Presbyterian Mission",EDC_1920_154; EDC_1917_105; EDC_1918_135
EDCPT_11807,Person,,White,R.M. {Mrs.},,,,,,,,,,F,,England,,,,,M.A.,,,,EDC_1920_154; EDC_1917_105; EDC_1918_135
EDCPT_11808,Person,,White,W. C.,,,,,,,,,,U,,,,,,,D.D.,Rt. Rev.,,,EDC_1920_155; EDC_1917_105; EDC_1918_135
EDCPT_11809,Person,,White,W.C. {Mrs.},,,,,,,,,,F,,England,,,,,,,,,EDC_1917_105; EDC_1918_135
EDCPT_11810,Person,,Whiteside,Joseph,,,,,,,,,,M,,U.S.A.,,,,,B.A.; B.D.,Rev.,,,EDC_1920_154; EDC_1917_105; EDC_1918_135; EDC_1914_35
EDCPT_11811,Person,,Whitewright,J.S.,,,,,,,,,,M,,America,,,,,,Rev.,,,EDC_1917_105; EDC_1918_136
EDCPT_11812,Person,,Whitman,George E.,,,,,,,,,,M,,,,,,,B.A.,Rev.,,,EDC_1920_154; EDC_1918_135
EDCPT_11813,Person,,Whitney,{Mrs.},,,,,,,,,,F,,America,,,,,,,,,EDC_1917_105; EDC_1918_136
EDCPT_11814,Person,,Whitney,Henry T.,,,,,,,,,,M,,America,,,,,A.B.; M.D.,,,,EDC_1917_105; EDC_1918_136
EDCPT_11815,Person,,Whittick,Frederick George,,,,,,,,,,U,,,,,,,,,,,EDC_1914_35
EDCPT_11816,Person,,Wickes,Dean R.,,,,,,,,,,M,,,,,,,M.A.; B.D.; Ph.D.,Rev.,,,EDC_1917_105; EDC_1918_136
EDCPT_11817,Person,,Wicks,Charles H.,,,,,,,,,,U,,,,,,,B.A.,,,,EDC_1914_35
EDCPT_11818,Person,,Wigham,L.,,,,,,,,,,M,,,,,,,B.A.,,,"Prior experience as Superintendant of Friends' High School, Chungking, Szechwan",EDC_1920_155; EDC_1917_105; EDC_1918_136
EDCPT_11819,Person,,Wigham,L. {Miss.},,,,,,,,,,U,,,,,,,,,,,EDC_1917_105; EDC_1918_136
EDCPT_11820,Person,,Wigham,L. {Mrs.},,,,,,,,,,F,,,,,,,,,,,EDC_1920_155
EDCPT_11821,Person,,Wilcox,F.C.,,,,,,,,,,M,,,,,,,"B.A., B.D.",Rev.,,,EDC_1920_155; EDC_1917_105; EDC_1918_136
EDCPT_11822,Person,,Wilcox,F.C. {Mrs.},,,,,,,,,,F,,U.S.A.,,,,,B.A.,,,,EDC_1920_155; EDC_1917_105; EDC_1918_136
EDCPT_11823,Person,,Wilcox,Vella M.,,,,,,,,,,F,,,,,,,,,,,EDC_1920_155; EDC_1917_105; EDC_1918_136
EDCPT_11824,Person,,Wilder,George D.,,,,,,,,,,M,,,,,,,"M.A., D.D.",Rev.,,,EDC_1920_155; EDC_1917_106; EDC_1918_136; EDC_1914_35
EDCPT_11825,Person,,Wilder,George D. {Mrs},,,,,,,,,,F,,,,,,,,,,,EDC_1918_136
EDCPT_11826,Person,,Wiley,Martha {Miss.},,,,,,,,,,F,,England,,,,,,,,,EDC_1917_106; EDC_1918_136
EDCPT_11827,Person,,Wilkinson,George {Mrs.},,,,,,,,,,F,,,,,,,,,,,EDC_1918_136
EDCPT_11828,Person,,Wilkinson,Lydia A.,,,,,,,,,,F,,U.S.A.,,,,,"B.A., Ph.M.",,,,EDC_1920_155; EDC_1917_106; EDC_1918_136
EDCPT_11829,Person,,Wilkinson,T.M {Mrs.},,,,,,,,,,F,,America,,,,,B.A.,,,,EDC_1917_106; EDC_1918_136
EDCPT_11830,Person,,Wilkinson,Wenona,,,,,,,,,,F,,U.S.A.,,,,,B.A.,,,,EDC_1920_155; EDC_1918_136
EDCPT_11831,Person,,Willeford,May D. {Miss.},Mary D. {Miss.},,,,,,,,,F,,America,,,,,,,,,EDC_1917_106; EDC_1918_136
EDCPT_11832,Person,,Williams,A.J.,,,,,,,,,,M,,U.S.A.,,,,,B.D.,Rev.,,,EDC_1920_155; EDC_1917_106; EDC_1918_137
EDCPT_11833,Person,,Williams,E.A.M,,,,,,,,,,U,,U.S.A.,,,,,A.S.A.A.; A.I.S.,,,,EDC_1920_155; EDC_1917_106; EDC_1918_137
EDCPT_11834,Person,,Williams,Elrick,,,,,,,,,,U,,,,,,,M.A.,,,,EDC_1914_35
EDCPT_11835,Person,,Williams,F.S.,,,,,,,,,,F,,U.S.A.,,,,,,,,,EDC_1920_155; EDC_1917_106; EDC_1914_35
EDCPT_11836,Person,,Williams,Frank S.,,,,,,,,,,M,,,,,,,B.S.,,,,EDC_1918_137
EDCPT_11837,Person,,Williams,H.R.,,,,,,,,,,M,,America,,,,,B.D.,,,,EDC_1917_106
EDCPT_11838,Person,,Williams,J.T.,,,,,,,,,,U,,U.S.A.,,,,,B.A.; Th.M.,Rev.,,,EDC_1918_137
EDCPT_11839,Person,,Williams,J.W.,,,,,,,,,,M,,America,,,,,M.A.,,,,EDC_1917_106; EDC_1918_137
EDCPT_11840,Person,,Williams,James Willard,,,,,,,,,,M,,,,,,,B.A.,,,,EDC_1920_155
EDCPT_11841,Person,,Williams,John Elias,,,,,,,,,,M,,U.S.A.,,,,,D.D.; B.A.,Rev.,,,EDC_1920_156; EDC_1917_106; EDC_1918_137; EDC_1914_35
EDCPT_11842,Person,,Williams,Maynard Owen,,,,,,,,,,M,,America,,,,,Ph.B.,,,,EDC_1917_106
EDCPT_11843,Person,,Williams,W.P.W.,,,,,,,,,,M,,England,,,,,M.A.; T.C.D.,Rev.,,,EDC_1920_156; EDC_1917_106; EDC_1918_137; EDC_1914_35
EDCPT_11844,Person,,Williams,Walter R.,,,,,,,,,,M,,U.S.A.,,,,,,Rev.,,,EDC_1918_137
EDCPT_11845,Person,,Williams,Walter R. {Mrs.},,,,,,,,,,F,,,,,,,B.A.,,,,EDC_1918_137
EDCPT_11846,Person,,Williamson,Henry Raymond,,,,,,,,,,M,,England,,,,,B.A.; B.D.,Rev,,,EDC_1920_156; EDC_1917_107; EDC_1918_137
EDCPT_11847,Person,,Willifred,May D. {Miss.},,,,,,,,,,F,,America,,,,,,,,,EDC_1917_107; EDC_1918_137
EDCPT_11848,Person,,Willis,Katherine,,,,,,,,,,F,,England,,,,,,,,,EDC_1920_156; EDC_1917_106; EDC_1918_137
EDCPT_11849,Person,,Willis,W.A. {Mrs.},,,,,,,,,,F,,,,,,,,,,,EDC_1918_137
EDCPT_11850,Person,,Williston,W.B.,,,,,,,,,,M,,America,,,,,,,,,EDC_1917_107; EDC_1918_137
EDCPT_11851,Person,,Williston,W.B. {Mrs.},,,,,,,,,,F,,America,,,,,,,,,EDC_1917_107; EDC_1918_137
EDCPT_11852,Person,,Willough,S.,,,,,,,,,,U,,America,,,,,B.S.,,,,EDC_1917_107
EDCPT_11853,Person,,Wilson,A.,,,,,,,,,,F,,U.S.A.,,,,,,,,,EDC_1920_156
EDCPT_11854,Person,,Wilson,E.H.,,,,,,,,,,F,,U.S.A.,,,,,,,,,EDC_1920_156
EDCPT_11855,Person,,Wilson,J. Morrison,,,,,,,,,,M,,U.S.A.,,,,,C.E.,,,,EDC_1920_156; EDC_1918_138
EDCPT_11856,Person,,Wilson,"John A., Jr.",,,,,,,,,,M,,U.S.A.,,,,,,,,,EDC_1920_156; EDC_1918_138
EDCPT_11857,Person,,Wilson,Minnie E.,,,,,,,,,,F,,U.S.A.,,,,,,,,,EDC_1920_156; EDC_1917_107; EDC_1918_138
EDCPT_11858,Person,,Wilson,Stanley D.,,,,,,,,,,M,,,,,,,Ph.D,,,,EDC_1920_156
EDCPT_11859,Person,,Wilson,W.F.,,,,,,,,,,M,,,,,,,B.A.,Rev.,,,EDC_1920_156; EDC_1917_107; EDC_1918_138
EDCPT_11860,Person,,Wilson,A.A. {Miss.},,,,,,,,,,F,,America,,,,,,,,,EDC_1917_107; EDC_1914_35
EDCPT_11861,Person,,Wilson,Alex B.,,,,,,,,,,M,,,,,,,,,,,EDC_1918_137
EDCPT_11862,Person,,Wilson,D.M.,,,,,,,,,,F,,U.S.A.,,,,,,,,,EDC_1920_156; EDC_1917_107; EDC_1918_137
EDCPT_11863,Person,,Wilson,F.R. {Miss.},,,,,,,,,,F,,America,,,,,,,,,EDC_1917_107; EDC_1918_138
EDCPT_11864,Person,,Wilson,George G.,,,,,,,,,,M,,America,,,,,,,,,EDC_1917_107; EDC_1918_138
EDCPT_11865,Person,,Wilson,J. M.,,,,,,,,,,U,,,,,,,C.E.,,,,EDC_1914_35
EDCPT_11866,Person,,Wilson,J.C.,,,,,,,,,,M,,America,,,,,C.E.,,,,EDC_1917_107
EDCPT_11867,Person,,Wilson,L. C.,,,,,,,,,,U,,,,,,,B.A.,,,,EDC_1914_35
EDCPT_11868,Person,,Wilson,W. F.,,,,,,,,,,U,,,,,,,B.A.,,,,EDC_1914_35
EDCPT_11869,Person,,Winans,E.J.,,,,,,,,,,M,,,,,,,B.A.,Rev.,,,EDC_1920_156; EDC_1914_35
EDCPT_11870,Person,,Winans,E.J. {Mrs.},,,,,,,,,,F,,,,,,,,,,,EDC_1920_157
EDCPT_11871,Person,,Winans,J.F. {Mrs.},,,,,,,,,,F,,,,,,,,,,,EDC_1917_107; EDC_1918_138
EDCPT_11872,Person,,Winfield,{Mrs.},,,,,,,,,,F,,,,,,,,,,,EDC_1920_157; EDC_1917_107; EDC_1918_138
EDCPT_11873,Person,,Winter,,,,,,,,,,,M,,,,,,,,Rt. Rev.,,,EDC_1917_107
EDCPT_11874,Person,,Wishart,{Mrs.},,,,,,,,,,F,,,,,,,,,,,EDC_1917_107
EDCPT_11875,Person,,Witmore,Ralph Delano,,,,,,,,,,U,,,,,,,B.Sc.,,,,EDC_1914_35
EDCPT_11876,Person,,Witt,Johannes Chistian William,,,,,,,,,,M,,Denmark,,,,,,Cand. Polyt.,,,EDC_1920_157; eDC_1917_107; EDC_1918_138; EDC_1914_35
EDCPT_11877,Person,,Wixon,Adelaide M.,,,,,,,,,,F,,U.S.A.,,,,,,,,,EDC_1920_157; EDC_1917_108; EDC_1918_138
EDCPT_11878,Person,,Wo,A.C.,,,,,,,,,,U,,,,,,,B.A.,,,,EDC_1918_138
EDCPT_11879,Person,,Wo,Kwan-seung,,,,,,,,,,M,,China,,,,,M.D,,,,EDC_1917_108; EDC_1918_138
EDCPT_11880,Person,,Wolcott,Roger B.,,,,,,,,,,M,,U.S.A.,,,,,B.A.,,,,EDC_1917_108; EDC_1918_138
EDCPT_11881,Person,,Wold,Oscar Rudolph,,,,,,,,,,M,,U.S.A.,,,,,B.D.,Rev.,,,EDC_1920_157; EDC_1917_108; EDC_1918_138; EDC_1914_35
EDCPT_11882,Person,,Wold,P. T.,,,,,,,,,,U,,,,,,,B.Sc.,,,,EDC_1914_35
EDCPT_11883,Person,,Wolf,Anna D.,,,,,,,,,,F,,,,,,,,,,,EDC_1920_157
EDCPT_11884,Person,,Wolfe,Clara Husted {Mrs.},,,,,,,,,,F,,U.S.A.,,,,,B.A.,,,Need to check if I found the right institution,EDC_1920_157; EDC_1917_108; EDC_1918_139
EDCPT_11885,Person,,Wolfe,Jesse B.,,,,,,,,,,M,,U.S.A.,,,,,B.A.,,,,EDC_1918_138; EDC_1914_36
EDCPT_11886,Person,,Wolferz,Louis Ernest,,,,,,,,,,M,,,,,,,Ph.D.,,,,EDC_1920_157; EDC_1917_108
EDCPT_11887,Person,,Wong,Basung,,,,,,,,,,U,,,,,,,,,,,EDC_1914_36
EDCPT_11888,Person,,Wong,Bu-vien,,,,,,,,,,U,,,,,,,,,,,EDC_1914_36
EDCPT_11889,Person,,Wong,C.H.,,,,,,,,,,U,,,,,,,B.A.,,,,EDC_1918_139
EDCPT_11890,Person,,Wong,C.T.,,,,,,,,,,U,,,,,,,B.A.,,,,EDC_1918_139
EDCPT_11891,Person,,Wong,Chin,,,,,,,,,,M,,China,,,,,B.Sc.,,,,EDC_1918_139
EDCPT_11892,Person,,Wong,H.E.,,,,,,,,,,U,,China,,,,,,,,,EDC_1920_157
EDCPT_11893,Person,,Wong,H.K.,,,,,,,,,,U,,China,,,,,B.A.,,,,EDC_1920_157
EDCPT_11894,Person,,Wong,H.P.,,,,,,,,,,U,,China,,,,,,,,,EDC_1920_157
EDCPT_11895,Person,,Wong,Hin,,,,,,,,,,F,,China,,,,,B.Sc,,,,EDC_1920_157; EDC_1917_108; EDC_1918_139
EDCPT_11896,Person,,Wong,Hwa-ung,,,,,,,,,,M,,China,,,,,,,,,EDC_1920_157
EDCPT_11897,Person,,Wong,John,,,,,,,,,,M,,China,,,,,M.A.,,,,EDC_1920_157
EDCPT_11898,Person,,Wong,K.C.,,,,,,,,,,M,,China,,,,,M.D.,,,,EDC_1920_157; EDC_1917_108; EDC_1918_139
EDCPT_11899,Person,,Wong,K.M.,,,,,,,,,,U,,China,,,,,B.S.; M.A.,,,,EDC_1920_157; EDC_1917_108; EDC_1918_139
EDCPT_11900,Person,,Wong,Kya-mao,,,,,,,,,,U,,,,,,,,,,,EDC_1914_36
EDCPT_11901,Person,,Wong,Kya-sung,,,,,,,,,,U,,,,,,,,,,Graduate of Shanghai Baptist Academy,EDC_1918_139
EDCPT_11902,Person,,Wong,Kyi-mai,,,,,,,,,,M,,China,,,,,,,,,EDC_1920_158
EDCPT_11903,Person,,Wong,L.T.,,,,,,,,,,U,,China,,,,,B.A.,,,,EDC_1917_108; EDC_1918_139
EDCPT_11904,Person,,Wong,N.M.,,,,,,,,,,U,,,,,,,,,,,EDC_1918_141
EDCPT_11905,Person,,Wong,S. Z.,,,,,,,,,,U,,,,,,,M.A.,,,,EDC_1914_36
EDCPT_11906,Person,,Wong,S.K.,,,,,,,,,,U,,China,,,,,,,,,EDC_1920_158
EDCPT_11907,Person,,Wong,S.O.,,,,,,,,,,U,,,,,,,,,,,EDC_1918_139
EDCPT_11908,Person,,Wong,Shun-him,,,,,,,,,,M,,China,,,,,,,,,EDC_1920_158
EDCPT_11909,Person,,Wong,Sih-chi,,,,,,,,,,U,,China,,,,,,,,,EDC_1920_158
EDCPT_11910,Person,,Wong,Suet-ching {Miss.},,,,,,,,,,F,,China,,,,,M.D.,,,,EDC_1917_110; EDC_1918_141
EDCPT_11911,Person,,Wong,T.H.,,,,,,,,,,U,,China,,,,,B.Sc.,,,,EDC_1920_158
EDCPT_11912,Person,,Wong,Tai-cho,,,,,,,,,,M,,China,,,,,B.Sc.,,,,EDC_1920_158
EDCPT_11913,Person,,Wong,W.E.,,,,,,,,,,U,,China,,,,,B.A.,,,,EDC_1917_110; EDC_1918_139
EDCPT_11914,Person,,Wong,Yaseh Victor,,,,,,,,,,M,,China,,,,,,,,,EDC_1920_158
EDCPT_11915,Person,,Wong,Yoh-yoong,,,,,,,,,,M,,China,,,,,S.M.,,,,EDC_1920_158; EDC_1917_110
EDCPT_11916,Person,,Wong,Z.L.,,,,,,,,,,U,,,,,,,,,,,EDC_1918_141
EDCPT_11917,Person,,Wong-Quincey,J.,,,,,,,,,,U,,China,,,,,B.A. Lond; M.J.I.,,,,EDC_1920_158
EDCPT_11918,Person,,Wong-Quincey,V.T.S.,,,,,,,,,,U,,China,,,,,,,,,EDC_1920_158
EDCPT_11919,Person,,Woo,C.Y.,,,,,,,,,,M,,China,,,,,M.D.,,,,EDC_1917_109; EDC_1918_139
EDCPT_11920,Person,,Woo,Chao-hsing,,,,,,,,,,U,,,,,,,,,,,EDC_1918_140
EDCPT_11921,Person,,Woo,Coong-tse,,,,,,,,,,M,,China,,,,,,,,,EDC_1920_158; EDC_1917_108; EDC_1918_139
EDCPT_11922,Person,,Woo,F.K.,,,,,,,,,,M,,China,,,,,B.A.,Rev.,,,EDC_1917_109; EDC_1918_139; EDC_1914_36
EDCPT_11923,Person,,Woo,Fi-ching,,,,,,,,,,F,,China,,,,,,,,,EDC_1920_158
EDCPT_11924,Person,,Woo,Foh-kyi,,,,,,,,,,M,,China,,,,,B.A.,Rev.,,,EDC_1917_109
EDCPT_11925,Person,,Woo,L.S.,,,,,,,,,,M,,China,,,,,M.D.,,,,EDC_1920_158; EDC_1918_140
EDCPT_11926,Person,,Woo,N.S.,,,,,,,,,,U,,China,,,,,,,,,EDC_1917_109
EDCPT_11927,Person,,Woo,P.Y.,,,,,,,,,,U,,China,,,,,,,,,EDC_1917_109; EDC_1918_140; EDC_1914_36
EDCPT_11928,Person,,Woo,S.S.,,,,,,,,,,U,,China,,,,,B.S.; C.E.,,,,EDC_1920_159; EDC_1917_109
EDCPT_11929,Person,,Woo,Sheo-dao,,,,,,,,,,M,,China,,,,,B.A.,,,,EDC_1917_109
EDCPT_11930,Person,,Woo,Shio-dao,,,,,,,,,,M,,China,,,,,B.A.,,,,EDC_1917_109
EDCPT_11931,Person,,Woo,Soo-lien,,,,,,,,,,M,,China,,,,,,,,,EDC_1920_159
EDCPT_11932,Person,,Woo,Tsoh-yuin,,,,,,,,,,U,,,,,,,,,,,EDC_1914_36
EDCPT_11933,Person,,Woo,Tuan-ying,,,,,,,,,,M,,China,,,,,B.S.,,,,EDC_1920_159
EDCPT_11934,Person,,Woo,Wallace F.M.,,,,,,,,,,M,,China,,,,,B.A.,,,,EDC_1917_109
EDCPT_11935,Person,,Woo,Yee-ming,,,,,,,,,,M,,China,,,,,,,,,EDC_1920_159
EDCPT_11936,Person,,Woo,Yoong-chong,,,,,,,,,,F,,China,,,,,,,,,EDC_1920_159
EDCPT_11937,Person,,Wood,C.C.,,,,,,,,,,U,,England,,,,,,,,,EDC_1920_159
EDCPT_11938,Person,,Wood,M.,,,,,,,,,,F,,England,,,,,,,,,EDC_1920_159
EDCPT_11939,Person,,Wood,M.E.,,,,,,,,,,F,,England,,,,,,,,,EDC_1920_159
EDCPT_11940,Person,,Wood,T.Y.,,,,,,,,,,M,,,,,,,,,,,EDC_1920_159; eDC_1917_109; EDC_1918_140; EDC_1914_36
EDCPT_11941,Person,,Woodall,Emery J.,,,,,,,,,,M,,,,,,,B.A.; B.D.,,,,EDC_1920_159; EDC_1917_109; EDC_1918_140
EDCPT_11942,Person,,Woodberry,Ora F.,,,,,,,,,,F,,U.S.A.,,,,,,,,,EDC_1920_159; EDC_1917_109; EDC_1918_140
EDCPT_11943,Person,,Woodberry,Earle J.,,,,,,,,,,M,,U.S.A.,,,,,B.A.,,,,EDC_1918_140
EDCPT_11944,Person,,Woodberry,Ethel May,,,,,,,,,,F,,U.S.A.,,,,,B.A.,,,,EDC_1920_159; EDC_1917_109; EDC_1918_140
EDCPT_11945,Person,,Woodberry,Fthel {Miss},,,,,,,,,,U,,,,,,,B. A.,,,,EDC_1914_36
EDCPT_11946,Person,,Woodberry,J.,,,,,,,,,,M,,U.S.A.,,,,,,Rev.,,,EDC_1918_140; EDC_1914_36
EDCPT_11947,Person,,Woodberry,J. {Mrs.},,,,,,,,,,F,,,,,,,,,,,EDC_1918_140
EDCPT_11948,Person,,Woods,A.G. {Miss.},,,,,,,,,,F,,,,,,,,,,,EDC_1918_141
EDCPT_11949,Person,,Woods,Andrew H.,,,,,,,,,,M,,U.S.A.,,,,,M.D.; B.A.,,,"Experience in Canton Christian College and Hackett Medical College, Canton",EDC_1920_159; EDC_1917_110; EDC_1918_141
EDCPT_11950,Person,,Woods,Andrew H.,,,,,,,,,,U,,,,,,,B.A.; M.D.,,,,EDC_1914_36
EDCPT_11951,Person,,Woods,F. Lindsay,,,,,,,,,,F,,England,,,,,M.D.; B.A.; B.C.; D.P.H.,,,,EDC_1920_159; EDC_1918_141
EDCPT_11952,Person,,Woods,M. Daisy {Miss.},,,,,,,,,,F,,,,,,,,,,,EDC_1918_141
EDCPT_11953,Person,,Woods,Velma E.,,,,,,,,,,F,,,,,,,B.A.,,,,EDC_1920_160
EDCPT_11954,Person,,Woodward,L. R.,,,,,,,,,,U,,,,,,,B.Sc.,,,,EDC_1914_36
EDCPT_11955,Person,,Worthington,Hattie E. {Miss.},,,,,,,,,,F,,America,,,,,,,,,EDC_1917_110
EDCPT_11956,Person,,Wren,Jing-tsiang,,,,,,,,,,M,,China,,,,,B.A.,,,,EDC_1917_110
EDCPT_11957,Person,,Wright,John V.,,,,,,,,,,M,,,,,,,B.D.,Rev.,,,EDC_1920_160
EDCPT_11958,Person,,Wright,Joseph Delver,,,,,,,,,,M,,,,,,,M.A.,,,,EDC_1920_160; EDC_1917_110; EDC_1918_141
EDCPT_11959,Person,,Wright,M.E.,,,,,,,,,,F,,,,,,,R.N.,,,,EDC_1920_160; EDC_1917_110
EDCPT_11960,Person,,Wright,Harrison King,,,,,,,,,,M,,,,,,,M.A.; B.D.,Rev.,,Superintendent of Presbyterian Day School in 1918 (also absent in 1918) — need to identify institution and record,EDC_1917_110; EDC_1918_141; EDC_1914_36
EDCPT_11961,Person,,Wright,Joseph Delves,,,,,,,,,,U,,,,,,,B.A.,,,,EDC_1914_36
EDCPT_11962,Person,,Wu,Andrew Veeteh,,,,,,,,,,U,,,,,,,,,,,EDC_1914_36
EDCPT_11963,Person,,Wu,B.K.,,,,,,,,,,U,,China,,,,,B.A.,,,,EDC_1917_110; EDC_1918_141
EDCPT_11964,Person,,Wu,C.,,,,,,,,,,U,,China,,,,,,,,,EDC_1917_110; EDC_1918_141
EDCPT_11965,Person,,Wu,C.C.,,,,,,,,,,U,,China,,,,,M.A.; S.C.,,,,EDC_1920_160
EDCPT_11966,Person,,Wu,C.F.,,,,,,,,,,U,,China,,,,,M.A.,,,,EDC_1920_160
EDCPT_11967,Person,,Wu,C.K.,,,,,,,,,,U,,China,,,,,B.A.,,,,EDC_1920_160; eDC_1917_110
EDCPT_11968,Person,,Wu,Chao-shang,,,,,,,,,,U,,,,,,,,,,,EDC_1918_141
EDCPT_11969,Person,,Wu,Chen,,,,,,,,,,U,,,,,,,A.B.,,,,EDC_1918_142
EDCPT_11970,Person,,Wu,Chin-shui,,,,,,,,,,U,,,,,,,,,,,EDC_1918_142
EDCPT_11971,Person,,Wu,D.W.,,,,,,,,,,U,,China,,,,,,,,,EDC_1920_160
EDCPT_11972,Person,,Wu,Djao-siang,,,,,,,,,,U,,China,,,,,,,,,EDC_1920_160
EDCPT_11973,Person,,Wu,F.K.,,,,,,,,,,M,,China,,,,,,,,,EDC_1920_160
EDCPT_11974,Person,,Wu,Gi-mo,Gi-me,,,,,,,,,M,,China,,,,,,,,,EDC_1920_160; EDC_1918_142
EDCPT_11975,Person,,Wu,H.C.,,,,,,,,,,U,,China,,,,,B.S.,,,,EDC_1920_160
EDCPT_11976,Person,,Wu,Hsien-shu,,,,,,,,,,M,,China,,,,,B.A.,,,,EDC_1920_160; eDC_1917_110; EDC_1918_142
EDCPT_11977,Person,,Wu,K.Y.,,,,,,,,,,M,,China,,,,,B.A.,,,,EDC_1917_111
EDCPT_11978,Person,,Wu,Kee-mo,,,,,,,,,,M,,China,,,,,M.A.,,,,EDC_1917_110
EDCPT_11979,Person,,Wu,Kih-fu,,,,,,,,,,M,,China,,,,,,,,,EDC_1917_110; EDC_1918_142
EDCPT_11980,Person,,Wu,Kwong-ming,,,,,,,,,,M,,China,,,,,,,,,EDC_1920_160
EDCPT_11981,Person,,Wu,Lien-teh,,,,,,,,,,U,,,,,,,M.A.; M.D.,,,,EDC_1914_36
EDCPT_11982,Person,,Wu,M.,,,,,,,,,,M,,China,,,,,,,,,EDC_1920_161; EDC_1917_111
EDCPT_11983,Person,,Wu,M.,,,,,,,,,,U,,,,,,,M.A.,,,,EDC_1918_142
EDCPT_11984,Person,,Wu,M.K.,,,,,,,,,,M,,China,,,,,,,,,EDC_1920_161; EDC_1918_142
EDCPT_11985,Person,,Wu,N.C.,,,,,,,,,,M,,China,,,,,C.E.,,,,EDC_1920_161; EDC_1917_111
EDCPT_11986,Person,,Wu,Ngen-gying,,,,,,,,,,M,,China,,,,,,,,,EDC_1920_161
EDCPT_11987,Person,,Wu,S.S.,,,,,,,,,,U,,China,,,,,,,,,EDC_1920_161
EDCPT_11988,Person,,Wu,S.Y.,,,,,,,,,,U,,,,,,,B.A.,,,,EDC_1918_142; EDC_1914_36
EDCPT_11989,Person,,Wu,Sing-fu,,,,,,,,,,M,,China,,,,,,,,,EDC_1920_161
EDCPT_11990,Person,,Wu,T.C.,,,,,,,,,,U,,China,,,,,,,,,EDC_1920_161
EDCPT_11991,Person,,Wu,T.S.,,,,,,,,,,U,,China,,,,,,,,,EDC_1917_110; EDC_1918_142
EDCPT_11992,Person,,Wu,T.S.,,,,,,,,,,U,,China,,,,,,,,,EDC_1917_111
EDCPT_11993,Person,,Wu,Teh-bing,,,,,,,,,,U,,,,,,,B.A.,Rev.,,,EDC_1918_142
EDCPT_11994,Person,,Wu,Toh-bing,,,,,,,,,,M,,China,,,,,B.A.,Rev.,,,EDC_1917_111
EDCPT_11995,Person,,Wu,Tong-choh,,,,,,,,,,U,,,,,,,B.A.,,,,EDC_1918_142
EDCPT_11996,Person,,Wu,Vi-teh,,,,,,,,,,U,,,,,,,B.A.,,,,EDC_1914_36
EDCPT_11997,Person,,Wu,Y.,,,,,,,,,,U,,China,,,,,,,,,EDC_1920_161
EDCPT_11998,Person,,Wu,Yu-hun,,,,,,,,,,M,,China,,,,,B.A.,,,,EDC_1920_161
EDCPT_11999,Person,,Wunderli,E.,,,,,,,,,,U,,,,,,,,Rev.,,,EDC_1917_111; EDC_1918_142
EDCPT_12000,Person,,Wycoff,Alice Gertrude,,,,,,,,,,F,,England,,,,,,,,,EDC_1920_161
EDCPT_12001,Person,,Wye,P. {Miss.},,,,,,,,,,F,,China,,,,,,,,,EDC_1917_111; EDC_1918_143
EDCPT_12002,Person,,Wyman,Margaret,,,,,,,,,,F,,U.S.A.,,,,,B.A.,,,,EDC_1920_161
EDCPT_12003,Person,,Ya,H.,,,,,,,,,,U,,China,,,,,,,,,EDC_1920_161
EDCPT_12004,Person,,Yah,Sin-eng,,,,,,,,,,M,,China,,,,,,,,,EDC_1920_161
EDCPT_12005,Person,,Yamamoto,T.,,,,,,,,,,M,,Japan,,,,,,,,,EDC_1920_161
EDCPT_12006,Person,,Yamasaki,T.,,,,,,,,,,M,,Japan,,,,,,,,,EDC_1920_161
EDCPT_12007,Person,,Yan,Li-pak,,,,,,,,,,M,,China,,,,,,,,,EDC_1920_161
EDCPT_12008,Person,,Yang,{Miss.},,,,,,,,,,F,,China,,,,,,,,,EDC_1920_161
EDCPT_12009,Person,,Yang,Bon-shen,,,,,,,,,,M,,China,,,,,,,,,EDC_1920_162; EDC_1917_111; EDC_1918_143
EDCPT_12010,Person,,Yang,C.,,,,,,,,,,U,,China,,,,,M.A.,,,,EDC_1920_162
EDCPT_12011,Person,,Yang,C.Z.,,,,,,,,,,U,,,,,,,B.A.; B.S.,,,Formerly Instructor in Shanghai Baptist College,EDC_1918_143
EDCPT_12012,Person,,Yang,Che,,,,,,,,,,M,,China,,,,,,,,,EDC_1920_162
EDCPT_12013,Person,,Yang,Chen-z,,,,,,,,,,M,,China,,,,,B.A.; B.S.,,,,EDC_1920_162; EDC_1917_111; EDC_1918_143
EDCPT_12014,Person,,Yang,Chin-ching,,,,,,,,,,M,,China,,,,,,,,,EDC_1917_111; EDC_1918_143
EDCPT_12015,Person,,Yang,Ch'ing-k'uei,,,,,,,,,,M,,China,,,,,B.A.,,,,EDC_1920_162; EDC_1917_111; EDC_1918_143
EDCPT_12016,Person,,Yang,David King,,,,,,,,,,M,,China,,,,,B.A.,,,,EDC_1920_162; EDC_1917_111; EDC_1918_143; EDC_1914_37
EDCPT_12017,Person,,Yang,F.L.,,,,,,,,,,M,,China,,,,,,,,,EDC_1920_162
EDCPT_12018,Person,,Yang,Fen-hyuin,,,,,,,,,,M,,China,,,,,B.A.,,,,EDC_1920_162; EDC_1917_111; EDC_1918_143
EDCPT_12019,Person,,Yang,He-ming,,,,,,,,,,M,,China,,,,,,,,,EDC_1917_112; EDC_1918_143
EDCPT_12020,Person,,Yang,Hsin-li,,,,,,,,,,F,,China,,,,,,,,,EDC_1920_162
EDCPT_12021,Person,,Yang,Hsi-yun,,,,,,,,,,F,,China,,,,,,,,,EDC_1920_162
EDCPT_12022,Person,,Yang,King-dok,,,,,,,,,,U,,,,,,,A.T.E.C.,,,"(Arts, Tech., and Emerging Communiication?) Formerly Professor at Chung Hwa Girls' Normal College, Shanghai",EDC_1918_143
EDCPT_12023,Person,,Yang,L.F.,,,,,,,,,,U,,China,,,,,,,,,EDC_1920_162; EDC_1918_143
EDCPT_12024,Person,,Yang,L.T.,,,,,,,,,,U,,China,,,,,,,,,EDC_1920_162; EDC_1917_112; EDC_1918_143
EDCPT_12025,Person,,Yang,M.T.,,,,,,,,,,U,,China,,,,,,,,,EDC_1920_162
EDCPT_12026,Person,,Yang,P.C.,,,,,,,,,,U,,China,,,,,,,,,EDC_1920_162
EDCPT_12027,Person,,Yang,Pin-yu,,,,,,,,,,M,,China,,,,,,,,,EDC_1920_162
EDCPT_12028,Person,,Yang,Ren-dao,,,,,,,,,,U,,,,,,,D.C.L.,,,,EDC_1914_37
EDCPT_12029,Person,,Yang,S.C.,,,,,,,,,,U,,China,,,,,,,,,EDC_1920_162
EDCPT_12030,Person,,Yang,Shao-kwan,,,,,,,,,,M,,China,,,,,R.N.,,,,EDC_1917_112
EDCPT_12031,Person,,Yang,Shiao-chuen,,,,,,,,,,M,,China,,,,,,,,,EDC_1917_112
EDCPT_12032,Person,,Yang,T.P.,,,,,,,,,,M,,China,,,,,B.A.,Rev.,,,EDC_1920_163
EDCPT_12033,Person,,Yang,T.Y.,,,,,,,,,,U,,China,,,,,B.A.,,,,EDC_1920_163; EDC_1917_112; EDC_1918_143
EDCPT_12034,Person,,Yang,Thomas Shiao-chuen,,,,,,,,,,M,,,,,,,,,,,EDC_1918_143
EDCPT_12035,Person,,Yang,Tse-sien,,,,,,,,,,U,,,,,,,,,,,EDC_1918_143
EDCPT_12036,Person,,Yang,Tsung Yok,,,,,,,,,,M,,China,,,,,,,,,EDC_1920_163
EDCPT_12037,Person,,Yang,W.C.,,,,,,,,,,U,,,,,,,,,,,EDC_1918_143
EDCPT_12038,Person,,Yang,W.T.,,,,,,,,,,U,,China,,,,,,,,,EDC_1917_112; EDC_1918_144
EDCPT_12039,Person,,Yang,Win-ping,,,,,,,,,,M,,China,,,,,B.A.,,,,EDC_1917_112; EDC_1918_144
EDCPT_12040,Person,,Yang,Z.H.,,,,,,,,,,U,,China,,,,,B.A.,,,,EDC_1920_163
EDCPT_12041,Person,,Yann,Charles H.,,,,,,,,,,M,,China,,,,,,,,,EDC_1917_112; EDC_1918_144
EDCPT_12042,Person,,Yao,T.C.,,,,,,,,,,U,,China,,,,,,,,,EDC_1917_112; EDC_1918_144
EDCPT_12043,Person,,Yao,C.F.,,,,,,,,,,U,,China,,,,,,,,,EDC_1917_112; EDC_1918_144
EDCPT_12044,Person,,Yao,Foh-dzeu,,,,,,,,,,M,,China,,,,,B.A.,,,,EDC_1920_163; EDC_1917_112; EDC_1918_144
EDCPT_12045,Person,,Yao,Jurn-fah,,,,,,,,,,M,,China,,,,,,,,,EDC_1920_163
EDCPT_12046,Person,,Yao,Paul S.N.,,,,,,,,,,M,,China,,,,,,,,,EDC_1917_112
EDCPT_12047,Person,,Yao,S.J.,,,,,,,,,,U,,China,,,,,,,,,EDC_1917_112
EDCPT_12048,Person,,Yao,T.S.,,,,,,,,,,U,,,,,,,B.A.,,,,EDC_1918_144
EDCPT_12049,Person,,Yao,Y.F.,,,,,,,,,,U,,China,,,,,,,,,EDC_1917_112; EDC_1918_144
EDCPT_12050,Person,,Yao,Y.Y.,,,,,,,,,,M,,China,,,,,,Rev.,,,EDC_1920_163
EDCPT_12051,Person,,Yard,James M.,,,,,,,,,,U,,,,,,,B.A.; B.D.,,,,EDC_1917_112; EDC_1918_144
EDCPT_12052,Person,,Yates,H.,,,,,,,,,,F,,England,,,,,,,,,EDC_1920_163
EDCPT_12053,Person,,Yau,Tsit-law,,,,,,,,,,U,,X,,,,,M.A.,,,,EDC_1920_163
EDCPT_12054,Person,,Ye,Holin,,,,,,,,,,M,,X,,,,,B.A.,,,,EDC_1920_163
EDCPT_12055,Person,,Ye,Ignace,,,,,,,,,,M,,China,,,,,,,,,EDC_1917_112; EDC_1918_144
EDCPT_12056,Person,,Yee,Hsing-lin,,,,,,,,,,M,,Japan,,,,,B.D.,,,,EDC_1920_163
EDCPT_12057,Person,,Yee,P.S.,,,,,,,,,,U,,Japan,,,,,,,,,EDC_1920_163
EDCPT_12058,Person,,Yee,Tang-hong,,,,,,,,,,M,,Japan,,,,,B.S.,,,,EDC_1920_163
EDCPT_12059,Person,,Yeh,C.,,,,,,,,,,U,,X,,,,,,,,,EDC_1920_163; EDC_1917_112
EDCPT_12060,Person,,Yeh,Chien-k'uei,,,,,,,,,,M,,China,,,,,,,,,EDC_1917_112
EDCPT_12061,Person,,Yeh,Ignace,,,,,,,,,,M,,X,,,,,,,,,EDC_1920_163
EDCPT_12062,Person,,Yeh,Mo-chun,,,,,,,,,,U,,,,,,,,,,,EDC_1918_144
EDCPT_12063,Person,,Yeh,T.C.,,,,,,,,,,U,,China,,,,,,,,,EDC_1917_112; EDC_1918_144
EDCPT_12064,Person,,Yelton,E.O.,,,,,,,,,,U,,,,,,,,,,,EDC_1917_113; EDC_1918_144
EDCPT_12065,Person,,Yen,C.A.,,,,,,,,,,U,,China,,,,,B.A.,,,,EDC_1917_113; EDC_1918_144
EDCPT_12066,Person,,Yen,David W.C.,,,,,,,,,,M,,China,,,,,,,,,EDC_1920_163; EDC_1918_144
EDCPT_12067,Person,,Yen,F. C.,,,,,,,,,,U,,,,,,,"M.D., D.T.M., C.P.H.",,,,EDC_1920_163; EDC_1918_144
EDCPT_12068,Person,,Yen,Hawkling,,,,,,,,,,M,,China,,,,,B.A.; M.A.; Ph.D.,,,,EDC_1920_163
EDCPT_12069,Person,,Yen,Hunter,,,,,,,,,,M,,China,,,,,,Rev.,,,EDC_1920_164
EDCPT_12070,Person,,Yen,Lu Chen,,,,,,,,,,U,,,,,,,,,,,EDC_1918_144
EDCPT_12071,Person,,Yen,Luh-sui,,,,,,,,,,M,,China,,,,,,,,,EDC_1920_164; EDC_1917_113; EDC_1918_145
EDCPT_12072,Person,,Yen,Timour W.,,,,,,,,,,M,,China,,,,,,,,,EDC_1920_164
EDCPT_12073,Person,,Yen,Tse-vee,,,,,,,,,,U,,,,,,,D.C.L.,,,,EDC_1914_37
EDCPT_12074,Person,,Yeo,Dudjeon H.,Dudgeon H.,,,,,,,,,M,,China,,,,,,,,7 years experience in Beulah Academy,EDC_1920_164; EDC_1917_113; EDC_1918_145
EDCPT_12075,Person,,Yeung,A.F.,,,,,,,,,,U,,,,,,,,,,,EDC_1918_145
EDCPT_12076,Person,,Yeung,C.C.,,,,,,,,,,U,,China,,,,,,,,,EDC_1917_113; EDC_1918_145
EDCPT_12077,Person,,Yeung,Chung-kwong,,,,,,,,,,F,,China,,,,,,,,,EDC_1920_164
EDCPT_12078,Person,,Yeung,Fong,,,,,,,,,,M,,China,,,,,,,,,EDC_1917_113; EDC_1918_145
EDCPT_12079,Person,,Yeung,Seung-po,,,,,,,,,,M,,China,,,,,,Rev.,,,EDC_1917_113
EDCPT_12080,Person,,Yi,T.S.,,,,,,,,,,U,,China,,,,,B.A.,,,,EDC_1920_164
EDCPT_12081,Person,,Yiang,Bang,,,,,,,,,,M,,China,,,,,,,,,EDC_1920_164; EDC_1917_113
EDCPT_12082,Person,,Yiao,Pan-kyien,,,,,,,,,,M,,China,,,,,,,,,EDC_1917_113; EDC_1918_145
EDCPT_12083,Person,,Yiao,Z.V.,,,,,,,,,,F,,China,,,,,,,,,EDC_1920_164; EDC_1917_113
EDCPT_12084,Person,,Yih,C.V.,,,,,,,,,,U,,,,,,,B.S.,,,,EDC_1918_145
EDCPT_12085,Person,,Yih,Ho-lien,,,,,,,,,,M,,China,,,,,,,,,EDC_1917_113
EDCPT_12086,Person,,Yih,Norman Pu-kung,,,,,,,,,,U,,,,,,,,,,,EDC_1914_37
EDCPT_12087,Person,,Yih,Ping-fu,,,,,,,,,,F,,China,,,,,,,,,EDC_1920_164
EDCPT_12088,Person,,Yih,T.T.,,,,,,,,,,U,,China,,,,,,,,,EDC_1920_164
EDCPT_12089,Person,,Yih,Tae-sung,,,,,,,,,,U,,,,,,,,,,,EDC_1918_145
EDCPT_12090,Person,,Yih,You-seng,,,,,,,,,,M,,China,,,,,,,,,EDC_1920_164
EDCPT_12091,Person,,Yih,Yu-ling,,,,,,,,,,U,,,,,,,B.A.,,,,EDC_1918_145
EDCPT_12092,Person,,Yih,Z.V.,,,,,,,,,,F,,China,,,,,,,,,EDC_1920_164
EDCPT_12093,Person,,Yih,Ze-tsen,,,,,,,,,,U,,,,,,,,,,,EDC_1918_145
EDCPT_12094,Person,,Yim,D.,,,,,,,,,,F,,China,,,,,,,,,EDC_1920_164; EDC_1917_113; EDC_1918_145
EDCPT_12095,Person,,Yin,Bing-wen,,,,,,,,,,M,,China,,,,,,,,,EDC_1917_113; EDC_1918_145; EDC_1914_37
EDCPT_12096,Person,,Yin,Ding-zau,,,,,,,,,,U,,,,,,,,,,,EDC_1914_37
EDCPT_12097,Person,,Yin,S.P.,,,,,,,,,,U,,,,,,,,,,,EDC_1918_145
EDCPT_12098,Person,,Ying,C.H,,,,,,,,,,U,,China,,,,,B.A.,,,,EDC_1920_164
EDCPT_12099,Person,,Ying,Chih-heng,,,,,,,,,,M,,China,,,,,,,,,EDC_1920_164
EDCPT_12100,Person,,Ying,H.K.,,,,,,,,,,U,,China,,,,,B.A.,,,,EDC_1920_164
EDCPT_12101,Person,,Yoen,Y.S.,,,,,,,,,,U,,China,,,,,,,,,EDC_1920_164
EDCPT_12102,Person,,Yoh,S.,,,,,,,,,,U,,China,,,,,,,,,EDC_1920_164
EDCPT_12103,Person,,Yoh,Shwei-chin {Miss},,,,,,,,,,U,,,,,,,M.D.,,,,EDC_1914_37
EDCPT_12104,Person,,Yoshioka,A.,,,,,,,,,,U,,Japan,,,,,,,,,EDC_1920_164
EDCPT_12105,Person,,Yoshitoshi,Heiziro,,,,,,,,,,M,,Japan,,,,,B.L.,,,,EDC_1920_164; EDC_1917_113
EDCPT_12106,Person,,Young,Alex Russell,,,,,,,,,,M,,United Kingdom,,,,,L.R.C.P. & S.,Dr.,,,EDC_1920_165; EDC_1917_113; EDC_1918_145
EDCPT_12107,Person,,Young,C.W. {Mrs.},,,,,,,,,,F,,United Kingdom,,,,,,,,,EDC_1920_165
EDCPT_12108,Person,,Young,Charles W.,,,,,,,,,,M,,United Kingdom,,,,,B. Sc. M.D.,,,,EDC_1920_165; EDC_1917_113; EDC_1918_145; EDC_1914_37
EDCPT_12109,Person,,Young,D.,,,,,,,,,,U,,,,,,,,,,,EDC_1918_146; EDC_1914_37
EDCPT_12110,Person,,Young,F.A.M. {Miss.},,,,,,,,,,F,,,,,,,,,,,EDC_1918_145
EDCPT_12111,Person,,Young,Q.W.,,,,,,,,,,U,,,,,,,M.C.E.,,,,EDC_1918_146
EDCPT_12112,Person,,Young,Sois {Miss.},,,,,,,,,,F,,,,,,,M.A.,,,,EDC_1918_146
EDCPT_12113,Person,,Young,William Alexander,,,,,,,,,,M,,England,,,,,M.B.; C.M.; D.P.H.,,,,EDC_1917_113; EDC_1918_146
EDCPT_12114,Person,,Youngston,Y.L.,,,,,,,,,,U,,,,,,,,,,,EDC_1918_146
EDCPT_12115,Person,,Youtsey,Edith {Miss.},,,,,,,,,,F,,,,,,,B.A.,,,,EDC_1918_146; EDC_1914_37
EDCPT_12116,Person,,Yu,An-lo,,,,,,,,,,U,,,,,,,,,,,EDC_1918_146
EDCPT_12117,Person,,Yu,Bai-yun,,,,,,,,,,M,,China,,,,,,,,,EDC_1920_165
EDCPT_12118,Person,,Yu,Bing-Ching,,,,,,,,,,M,,China,,,,,B.A.,,,,EDC_1920_165; EDC_1917_113; EDC_1918_146
EDCPT_12119,Person,,Yu,Chao-chih,,,,,,,,,,M,,China,,,,,,,,,EDC_1920_165
EDCPT_12120,Person,,Yu,Che-tai,,,,,,,,,,M,,China,,,,,B. Sc; A.M.A.M.E.,,,,EDC_1920_165
EDCPT_12121,Person,,Yu,Deh-tsuen,,,,,,,,,,M,,China,,,,,,,,,EDC_1917_113; EDC_1918_146
EDCPT_12122,Person,,Yu,E. {Miss.},,,,,,,,,,F,,,,,,,,,,,EDC_1918_146
EDCPT_12123,Person,,Yu,Gyi,,,,,,,,,,M,,China,,,,,,,,,EDC_1920_165
EDCPT_12124,Person,,Yu,"H.C., Thomas",,,,,,,,,,M,,China,,,,,,,,,EDC_1920_165
EDCPT_12125,Person,,Yu,Kin-chen,,,,,,,,,,M,,China,,,,,,,,,EDC_1917_114; EDC_1918_146
EDCPT_12126,Person,,Yu,Kung-chang,,,,,,,,,,M,,China,,,,,,,,,EDC_1917_114
EDCPT_12127,Person,,Yu,P.,,,,,,,,,,M,,China,,,,,S.J.,Rev.,,,EDC_1917_114; EDC_1918_146
EDCPT_12128,Person,,Yu,P. {Miss.},,,,,,,,,,F,,,,,,,S.J.,,,S.J. - Society of Jesus (Jesuits),EDC_1918_146
EDCPT_12129,Person,,Yu,Shih-fan,,,,,,,,,,U,,,,,,,,,,,EDC_1918_146
EDCPT_12130,Person,,Yu,Shih-lin,,,,,,,,,,M,,China,,,,,,,,,EDC_1920_165
EDCPT_12131,Person,,Yu,Shufen Y.,,,,,,,,,,M,,China,,,,,M.D.,,,,EDC_1920_165
EDCPT_12132,Person,,Yu,T.K.,,,,,,,,,,U,,China,,,,,,,,,EDC_1920_165
EDCPT_12133,Person,,Yu,T.M.,,,,,,,,,,U,,China,,,,,B.S.,,,,EDC_1920_165
EDCPT_12134,Person,,Yu,Thomas H.,,,,,,,,,,M,,China,,,,,B.A.,,,,EDC_1920_165
EDCPT_12135,Person,,Yu,Tsong Li,,,,,,,,,,U,,,,,,,,,,,EDC_1918_147
EDCPT_12136,Person,,Yu,Tsuyi,,,,,,,,,,U,,,,,,,,,,,EDC_1918_147
EDCPT_12137,Person,,Yu,Tuk-tsing,,,,,,,,,,U,,,,,,,,,,,EDC_1914_37
EDCPT_12138,Person,,Yu,Tung-kwei,,,,,,,,,,M,,China,,,,,"B. Sc, M. Sc.",,,,EDC_1920_165
EDCPT_12139,Person,,Yu,Yang,,,,,,,,,,M,,China,,,,,,,,,EDC_1920_166
EDCPT_12140,Person,,Yuan,C.C.,,,,,,,,,,U,,China,,,,,,,,,EDC_1920_166; EDC_1917_114
EDCPT_12141,Person,,Yuan,Chien-tsung,,,,,,,,,,U,,,,,,,B.Sc.,,,,EDC_1914_37
EDCPT_12142,Person,,Yuan,G.T.,,,,,,,,,,U,,China,,,,,,,,,EDC_1920_166; EDC_1917_114
EDCPT_12143,Person,,Yuan,Ging-tang,,,,,,,,,,U,,,,,,,,,,,EDC_1918_147
EDCPT_12144,Person,,Yuan,P.J. {Miss.},,,,,,,,,,F,,,,,,,,,,,EDC_1918_147
EDCPT_12145,Person,,Yuan,S.D.,,,,,,,,,,U,,China,,,,,Dipl. Ing.,,,,EDC_1920_166
EDCPT_12146,Person,,Yuan,T.L.,,,,,,,,,,U,,China,,,,,Graduate,,,,EDC_1920_166; EDC_1917_114
EDCPT_12147,Person,,Yuan,Yi,,,,,,,,,,U,,,,,,,,,,,EDC_1918_147
EDCPT_12148,Person,,Yuan,Yue-hien,Yua-hien,,,,,,,,,M,,China,,,,,B.A.,,,,EDC_1917_114; EDC_1918_147
EDCPT_12149,Person,,Yue,Hsing-wu,,,,,,,,,,M,,China,,,,,,,,,EDC_1917_114; EDC_1918_147
EDCPT_12150,Person,,Yue,Y.T.,,,,,,,,,,U,,China,,,,,,,,,EDC_1920_166
EDCPT_12151,Person,,Yuen,C.C.,,,,,,,,,,U,,China,,,,,B.S.,,,,EDC_1920_166
EDCPT_12152,Person,,Yuen,C.K.,,,,,,,,,,U,,China,,,,,,,,,EDC_1920_166
EDCPT_12153,Person,,Yuen,K.T.,,,,,,,,,,U,,China,,,,,B.S.,,,,EDC_1917_114; EDC_1918_147
EDCPT_12154,Person,,Yuen,Kwai Sun {Miss.},,,,,,,,,,F,,China,,,,,,,,,EDC_1920_166
EDCPT_12155,Person,,Yuen,Liang-tsai,,,,,,,,,,U,,China,,,,,M.A.,,,"1 year in Wei Huei Middle School, 1 year in Kuang Chow Middle School",EDC_1918_147
EDCPT_12156,Person,,Yuen,S.C.,,,,,,,,,,U,,China,,,,,,,,,EDC_1920_166
EDCPT_12157,Person,,Yui,David Z. T.,,,,,,,,,,M,,China,,,,,M.A.,,,,EDC_1920_166; EDC_1917_114; EDC_1918_147
EDCPT_12158,Person,,Yui,Dzeu-tseng,,,,,,,,,,M,,China,,,,,B.A.,,,,EDC_1920_166
EDCPT_12159,Person,,Yui,Longfellow C.J.,,,,,,,,,,M,,China,,,,,B.A.,,,,EDC_1920_166
EDCPT_12160,Person,,Yui,M.T.,,,,,,,,,,U,,China,,,,,A.T.E.C.,,,,EDC_1917_114; EDC_1918_147
EDCPT_12161,Person,,Yui,Stewart,,,,,,,,,,M,,China,,,,,M.A.,,,,EDC_1920_166
EDCPT_12162,Person,,Yui,T.Y.,,,,,,,,,,U,,China,,,,,,,,,EDC_1920_166
EDCPT_12163,Person,,Yui,Y.T.,,,,,,,,,,U,,,,,,,,,,,EDC_1918_147
EDCPT_12164,Person,,Yuin,F.S.,,,,,,,,,,U,,China,,,,,,,,,EDC_1920_166
EDCPT_12165,Person,,Yuk,Boshan Wei {Sir.},,,,,,,,,,M,,,,,,,C.M.G.,,,,EDC_1920_166
EDCPT_12166,Person,,Yuk,Wei,,,,,,,,,,U,,,,,,,M.G.,,,,EDC_1914_37
EDCPT_12167,Person,,Yun,Cheng-lin,,,,,,,,,,U,,,,,,,M.A.,,,,EDC_1918_147
EDCPT_12168,Person,,Yun,Freeman,,,,,,,,,,M,,Belgium,,,,,B.A.,,,,EDC_1920_166
EDCPT_12169,Person,,Yung,Kwang-pi,,,,,,,,,,M,,China,,,,,M. Sc.,,,,EDC_1920_165
EDCPT_12170,Person,,Yung,Sung,,,,,,,,,,U,,,,,,,,,,,EDC_1918_147
EDCPT_12171,Person,,Zang,Zee Seng,,,,,,,,,,U,,,,,,,,,,,EDC_1918_148
EDCPT_12172,Person,,Zao,Zi-se,,,,,,,,,,U,,,,,,,,,,,EDC_1918_148
EDCPT_12173,Person,,Zau,E-tsong,,,,,,,,,,U,,,,,,,,,,,EDC_1918_148
EDCPT_12174,Person,,Zau,S. T.,,,,,,,,,,U,,,,,,,,,,,EDC_1914_37
EDCPT_12175,Person,,Zee,C.J.,,,,,,,,,,U,,China,,,,,M.A.,,,,EDC_1920_167
EDCPT_12176,Person,,Zee,Ing-tsung,,,,,,,,,,U,,,,,,,,,,,EDC_1918_148
EDCPT_12177,Person,,Zee,James John,,,,,,,,,,M,,China,,,,,B.S.,,,,EDC_1920_167
EDCPT_12178,Person,,Zee,K.S.,,,,,,,,,,U,,China,,,,,,,,,EDC_1917_115
EDCPT_12179,Person,,Zee,Kwang-Turk Irving,,,,,,,,,,M,,China,,,,,B.S.,,,,EDC_1920_167
EDCPT_12180,Person,,Zee,S.C.,,,,,,,,,,U,,China,,,,,B.A.,,,,EDC_1920_167
EDCPT_12181,Person,,Zee,S.K.,,,,,,,,,,U,,China,,,,,,,,,EDC_1920_167
EDCPT_12182,Person,,Zee,Z.Z.,,,,,,,,,,U,,China,,,,,M.A.; Ph.B.,,,,EDC_1920_167; EDC_1918_148
EDCPT_12183,Person,,Zen,Kya-s,,,,,,,,,,U,,,,,,,,,,,EDC_1914_37
EDCPT_12184,Person,,Zi,Joseph,,,,,,,,,,M,,China,,,,,,Rev.,,,EDC_1917_115; EDC_1918_148
EDCPT_12185,Person,,Zi,K.E.,,,,,,,,,,U,,China,,,,,,,,,EDC_1920_167
EDCPT_12186,Person,,Zi,Mann Li,,,,,,,,,,U,,,,,,,,,,,EDC_1918_148
EDCPT_12187,Person,,Zi,T. P.,,,,,,,,,,U,,,,,,,,,,,EDC_1914_37
EDCPT_12188,Person,,Zi,Vincent,,,,,,,,,,M,,China,,,,,,Rev.,,,EDC_1917_115; EDC_1918_148
EDCPT_12189,Person,,Zia,Francis,,,,,,,,,,M,,,,,,,,,,,EDC_1920_167
EDCPT_12190,Person,,Zia,K.D.,,,,,,,,,,U,,China,,,,,,,,,EDC_1917_115
EDCPT_12191,Person,,Zia,V.M.,,,,,,,,,,U,,,,,,,,,,,EDC_1920_167
EDCPT_12192,Person,,Zia,Ven-tsiu {Miss.},,,,,,,,,,F,,,,,,,,,,,EDC_1920_167
EDCPT_12193,Person,,Zia,W.H.,,,,,,,,,,U,,,,,,,,,,,EDC_1920_167; EDC_1918_148
EDCPT_12194,Person,,Zia,W.Y.,,,,,,,,,,U,,,,,,,,,,,EDC_1920_167; EDC_1917_115; EDC_1918_148
EDCPT_12195,Person,,Zia,Y.C.,,,,,,,,,,U,,,,,,,,,,,EDC_1920_167
EDCPT_12196,Person,,Zia,Y.J.,,,,,,,,,,U,,,,,,,,,,,EDC_1920_167
EDCPT_12197,Person,,Zia,Yuen-ding,,,,,,,,,,U,,,,,,,,,,,EDC_1914_37
EDCPT_12198,Person,,Ziang,Kyoong-zan,,,,,,,,,,M,,China,,,,,B.A.,,,,EDC_1920_167
EDCPT_12199,Person,,Zien,Z.P.,,,,,,,,,,U,,China,,,,,B.S.,,,,EDC_1920_167
EDCPT_12200,Person,,Zimmer,W.,,,,,,,,,,U,,,,,,,,Rev.,,,EDC_1914_37
EDCPT_12201,Person,,Zimmerman,Dora I. {Miss.},,,,,,,,,,F,,Germany,,,,,B.A.,,,,EDC_1920_168; EDC_1918_148
EDCPT_12202,Person,,Zimmerman,Karl,,,,,,,,,,M,,Germany,,,,,,Dr.,,,EDC_1917_115; EDC_1918_148; EDC_1914_37
EDCPT_12203,Person,,Zucker,Adolph E.,,,,,,,,,,M,,Germany,,,,,Ph.D.,,,,EDC_1920_168
EDCPT_12204,Person,,Zun,,,,,,,,,,,U,,,,,,,,Dr.,,"Recorded in ""Maternity Training College"", need to confirm if this is the same as ""Medical Training College"" Hanchow",EDC_1918_148
EDCPT_12205,Person,,Zung,K.,,,,,,,,,,U,,China,,,,,,,,,EDC_1920_168
EDCPT_12206,Person,,Zung,K.L.,,,,,,,,,,U,,China,,,,,,,,,EDC_1920_168
EDCPT_12207,Person,,Zung,Ke-zung,,,,,,,,,,U,,,,,,,,,,,EDC_1918_148
EDCPT_12208,Person,,Zung,Kung-bing,,,,,,,,,,M,,China,,,,,,,,,EDC_1917_115
EDCPT_12209,Person,,Zung,Ling-sun,,,,,,,,,,M,,China,,,,,B.A.,,,,EDC_1920_168
EDCPT_12210,Person,,Zung,M. U.,,,,,,,,,,U,,,,,,,B.Sc.,,,,EDC_1914_37
EDCPT_12211,Person,,Zung,M.F.,,,,,,,,,,U,,,,,,,,,,,EDC_1918_148
EDCPT_12212,Person,,Zung,Pah-gwae,,,,,,,,,,M,,China,,,,,,,,,EDC_1917_115
EDCPT_12213,Person,,Zung,Pah-yuan,,,,,,,,,,M,,China,,,,,,,,,EDC_1920_168
EDCPT_12214,Person,,Zung,S.,,,,,,,,,,U,,China,,,,,,,,,EDC_1917_115
EDCPT_12215,Person,,Zung,Singhung,,,,,,,,,,M,,China,,,,,M.A.,,,,EDC_1920_168; EDC_1917_115
EDCPT_12216,Person,,Zung,T. Z.,,,,,,,,,,U,,,,,,,B.A.,,,,EDC_1914_37
EDCPT_12217,Person,,Zung,T.H.,,,,,,,,,,U,,,,,,,B.A.,,,,EDC_1918_149
EDCPT_12218,Person,,Zung,Tsao-sin,,,,,,,,,,M,,China,,,,,,,,,EDC_1920_168
EDCPT_12219,Person,,Zung,V.L.,,,,,,,,,,U,,China,,,,,,,,,EDC_1917_115
EDCPT_12220,Person,,Zung,Y.C.,,,,,,,,,,U,,,,,,,M.A.,,,,EDC_1918_149
EDCPT_12221,Person,,Zung,Yien-chung,,,,,,,,,,M,,China,,,,,B.A.; M.A.,,,,EDC_1920_168
EDCPT_12222,Person,,Zung,Z.N.,,,,,,,,,,U,,China,,,,,,,,,EDC_1920_168; EDC_1918_149
EDCPT_12223,Person,,Zung,Z.N.,,,,,,,,,,U,,China,,,,,M.A.,,,,EDC_1917_115; EDC_1918_149
EDCPT_12224,Person,,Zung,Zeh-en,,,,,,,,,,M,,China,,,,,B.A.,,,,EDC_1920_168
EDCPT_12225,Person,,Zwemer,Cynthia {Mrs.},,,,,,,,,,F,,,,,,,,,,,EDC_1920_168
EDCPT_12226,Person,,Henderson,A.V. {Miss},,,,,,,,,,F,,,,,,,,,,,EDC_1916_43
EDCPT_12227,Person,,Adam,James,,,,,,,,,,M,,,,,,,,,,,
EDCPT_12228,Person,,Earp,,,,,,,,,,,M,,,,,,,,,,,
EDCPT_12229,Person,,Evans,G.,,,,,,,,,,M,,,,,,,,,,,
EDCPT_12230,Person,,Fisk,George,,,,,,,,,,M,,,,,,,,,,,
EDCPT_12231,Person,,Ford,E. I. {Rev.},,,,,,,,,,M,,,,,,,,,,,
EDCPT_12232,Person,,Foster,Arnold {Mrs.},,,,,,,,,,F,,,,,,,,,,,
EDCPT_12233,Person,,Frank,Marian Field {Miss},,,,,,,,,,F,,,,,,,,,,,
EDCPT_12234,Person,,Fullerton,E. C. {Miss},,,,,,,,,,F,,,,,,,,,,,
EDCPT_12235,Person,,Fulton,T. C. {Rev.},,,,,,,,,,M,,,,,,,,,,,
EDCPT_12236,Person,,Fung,Lin-yuen {Rev.},,,,,,,,,,M,,,,,,,,,,,
EDCPT_12237,Person,,Fuson,Chester. G.,,,,,,,,,,M,,,,,,,,,,,
EDCPT_12238,Person,,Gage,Brownell {Rev.},,,,,,,,,,M,,,,,,,,,,,
EDCPT_12239,Person,,Galler,Kourav,,,,,,,,,,M,,,,,,,,,,,
EDCPT_12240,Person,,Galt,Howard. S. {Rev.},,,,,,,,,,M,,,,,,,,,,,
EDCPT_12241,Person,,Griffin,Winifre {Miss},,,,,,,,,,F,,,,,,,,,,,
EDCPT_12242,Person,,Hazard,Alice M.,,,,,,,,,,F,,,,,,,,,,,
EDCPT_12243,Person,,Hoodless,E. A.,,,,,,,,,,M,,,,,,,,,,,
EDCPT_12244,Person,,Hu,C.P,,,,,,,,,,M,,China,,,,,,,,,
EDCPT_12245,Person,,Hu,T.K,,,,,,,,,,M,,China,,,,,,,,,
EDCPT_12246,Person,,Hunter,Joseph Walter,,,,,,,,,,M,,,,,,,,,,,
EDCPT_12247,Person,,Johns,Alfred Edward,,,,,,,,,,M,,,,,,,,,,,
EDCPT_12248,Person,,Kelly,W.,,,,,,,,,,M,,,,,,,,,,,
EDCPT_12249,Person,,Kember,A.,,,,,,,,,,M,,,,,,,,,,,
EDCPT_12250,Person,,King,Harry Edwin,,,,,,,,,,M,,,,,,,,,,,
EDCPT_12251,Person,,Kulp,Daniel Harrison,,,,,,,,,,M,,,,,,,,,,,
EDCPT_12252,Person,,Lewis,C.,,,,,,,,,,M,,,,,,,,,,,
EDCPT_12253,Person,,Lowry,George,,,,,,,,,,M,,,,,,,,,,,
EDCPT_12254,Person,,Lyon,Bayard,,,,,,,,,,M,,,,,,,,,,,
EDCPT_12255,Person,,Hummel,William Frederick,,,,,,,,,,M,,,,,,,,,,,
EDCPT_12256,Person,,Mead,Lucy I. {Miss},,,,,,,,,,F,,,,,,,,,,,
EDCPT_12257,Person,,Miske,Louise E. {Miss},,,,,,,,,,F,,,,,,,,,,,
EDCPT_12258,Person,,Hu,Yu,,,,,,,,,,M,,China,,,,,,,,,
EDCPT_12259,Person,,Harker,A.J.,,,,,,,,,,M,,,,,,,,,,,
EDCPT_12260,Person,,Malone,Carrol B.,,,,,,,,,,M,,,,,,,,,,,
EDCPT_12261,Person,,Hsu,Watt,,,,,,,,,,M,,,,,,,,,,,
EDCPT_12262,Person,,Henry,J.M.,,,,,,,,,,M,,,,,,,,,,,
EDCPT_12263,Person,,Hogg,Grace {Miss},,,,,,,,,,F,,,,,,,,,,,
EDCPT_12264,Person,,Hoh,Ka-cheuk,,,,,,,,,,M,,China,,,,,,,,,
EDCPT_12265,Person,,Tomlinson,S.C. {Miss},,,,,,,,,,F,,,,,,,,,,,
EDCPT_12266,Person,,Hartwell,Charles N.,,,,,,,,,,M,,,,,,,,,,,
EDCPT_12267,Person,,Hasenpflug,M.T. {Miss},,,,,,,,,,F,,,,,,,,,,,
EDCPT_12268,Person,,Castleton,A.G.,,,,,,,,,,M,,,,,,,,,,,
EDCPT_12269,Person,,Cline,Jno. W.,,,,,,,,,,M,,,,,,,,,,,
EDCPT_12270,Person,,Cline,Jno. W. {Mrs.},,,,,,,,,,F,,,,,,,,,,,
EDCPT_12271,Person,,Harker,A.J.,,,,,,,,,,M,,,,,,,,,,,
EDCPT_12272,Person,,Hipps,J.B. {Rev.},,,,,,,,,,M,,,,,,,,,,,
EDCPT_12273,Person,,Tomlinson,S.C. {Miss},,,,,,,,,,F,,,,,,,,,,,
EDCPT_12274,Person,,Boynton,Grace {Miss},,,,,,,,,,F,,,,,,,,,,,
EDCPT_12275,Person,,Fabre,R.F. {Rev.},,,,,,,,,,M,,,,,,,,,,,
EDCPT_12276,Person,,Fairfield,Wynn C. {Rev.},,,,,,,,,,M,,,,,,,,,,,
EDCPT_12277,Person,,Fenn,Courtenay H. {Rev.},,,,,,,,,,M,,,,,,,,,,,
EDCPT_12278,Person,,Harmon,F. {Rev.},,,,,,,,,,M,,,,,,,,,,,
EDCPT_12279,Person,,Henry,J.M.,,,,,,,,,,M,,,,,,,,,,,
EDCPT_12280,Person,,Kom,Yi-tang,,,,,,,,,,M,,China,,,,,,,,,
EDCPT_12281,Person,,Lacy,Carleton {Rev.},,,,,,,,,,M,,,,,,,,,,,
EDCPT_12282,Person,,Lester,Emma {Miss},,,,,,,,,,F,,,,,,,,,,,
EDCPT_12283,Person,,McMillan,[Mrs.],,,,,,,,,,F,,,,,,,,,,,
EDCPT_12284,Person,,McMillan,Eva,,,,,,,,,,F,,,,,,,,,,,
EDCPT_12285,Person,,Young,A. Russell,,,,,,,,,,M,,,,,,,,,,,
EDCPT_12286,Person,,Hopkins,Nehemiah S. {Rev.},,,,,,,,,,M,,,,,,,,,,,
EDCPT_12287,Person,,Beer,H.L.,,,,,,,,,,M,,,,,,,,,,,
EDCPT_12288,Person,,Beer,H.L. {Mrs.},,,,,,,,,,F,,,,,,,,,,,
EDCPT_12289,Person,,Broomhall,Benjamin,,,,,,,,,,M,,,,,,,B.A.,,,,
EDCPT_12290,Person,,Broomhall,Marshall,,,,,,,,,,M,,,,,,,,,,,
EDCPT_12291,Person,,Cable,Alice Mildred,,,,,,,,,,F,,,,,,,,,,,
EDCPT_12292,Person,,Cassels,William Wharton,,,,,,,,,,M,,,,,,,,,,,
EDCPT_12293,Person,,Hinkey,P.,,,,,,,,,,M,,,,,,,,,,,
EDCPT_12294,Person,,Cochrane,Thomas,,,,,,,,,,M,,,,,,,,,,,
EDCPT_12295,Person,,Burns,William Chalmers,,,,,,,,,,M,,,,,,,,,,,
EDCPT_12296,Person,,Ching,T'ien-Yin,,,,,,,,,,M,,,,,,,,,,,
EDCPT_12297,Person,,Chalmers,John,,,,,,,,,,M,,,,,,,,,,,
EDCPT_12298,Person,,Brockman,Fletcher Sims,,,,,,,,,,M,,,,,,,,,,,
EDCPT_12299,Person,,Chen,Wen-Yuan,,,,,,,,,,M,,,,,,,,,,,
EDCPT_12300,Person,,Candidius,Georgius,,,,,,,,,,M,,,,,,,,Rev.,,,EDC_1920_109
EDCPT_12301,Person,,Chang,Barnabas,,,,,,,,,,M,,,,,,,,,,,EDC_1920_109
EDCPT_12302,Person,,Buck,John Lossing,,,,,,,,,,M,,,,,,,,,,,EDC_1920_109
EDCPT_12303,Person,,Chao,T. C.,,,,,,,,,,M,,,,,,,,,,,EDC_1920_109
EDCPT_12304,Person,,Wang,C. T.,,,,,,,,,,M,,,,,,,,,,,EDC_1920_109
EDCPT_12305,Person,,Buglio,Lodovico,,,,,,,,,,M,,,,,,,,,,,EDC_1920_109
EDCPT_12306,Person,,Cabral,Francisco,,,,,,,,,,M,,,,,,,,,,,
EDCPT_12307,Person,,Carneiro,Leitao Melchior Miguel,,,,,,,,,,M,,,,,,,,,,,
EDCPT_12308,Person,,Castiglione,Giuseppe,,,,,,,,,,M,,,,,,,,,,,
EDCPT_12309,Person,,Chapdelaine,Auguste,,,,,,,,,,M,,,,,,,,,,,
EDCPT_12310,Person,,Capillas,Francisco de,,,,,,,,,,M,,,,,,,,,,,
EDCPT_12311,Person,,Ch'eng,Ching-Yi,,,,,,,,,,M,,,,,,,,,,,
EDCPT_12312,Person,,Coe,Shoki,,,,,,,,,,M,,,,,,,,,,,
HBLA_001,Person,,Lacy,Carleton,,,,,,,,,,M,,United States of America,,,,,,Dr.,,,HB_1936_198
HBLA_002,Person,,Yu,E. S.,,,,,,,,,,M,,China,,,,,,Rev.,,,HB_1936_198
HBLA_003,Person,,Bau,T. C.,,,,,,,,,,M,,China,,,,,,Rev.,,,HB_1936_198
HBLA_004,Person,,Adam,Black,,,,,,,,,,M,,United States of America,,,,,J.D.,,,,HB_1936_198
HBLA_005,Person,,Chu,T. F.,,,,,,,,,,M,,China,,,,,,,,,HB_1936_200
HBLA_006,Person,,Norris,F.L.,,,,,,,,,,M,,United States of America,,,,,D.D.,Rt. Rev.,,,HB_1936_200
HBLA_007,Person,,Jolliffe,R.O.,,,,,,,,,,M,,Canada,,,,,,Rev.,,,HB_1936_200
HBLA_008,Person,,Hudspeth,W.H.,,,,,,,,,,M,,United Kingdom,,,,,,Rev.,,,HB_1936_201
HBLA_009,Person,,William,J.T.,,,,,,,,,,M,,United Kingdom,,,,,,Dr.,,,HB_1936_202
HBLA_010,Person,,Garnier,A.J.,,,,,,,,,,M,,United Kingdom,,,,,,Rev.,,,HB_1936_202
HBLA_011,Person,,Zia,Z.K.,,,,,,,,,,M,,China,,,,,,Rev.,,,HB_1936_202
HBLA_012,Person,,Millican,F.R.,,,,,,,,,,M,,United Kingdom,,,,,,Rev.,,,HB_1936_202
HBLA_013,Person,,E. Terry,Myron,,,,,,,,,,M,,United Kingdom,,,,,,Rev.,,,HB_1936_202
HBLA_014,Person,,T.Y. Chow,Alfred,,,,,,,,,,M,,China,,,,,,Mr.,,,HB_1936_203
HBLA_015,Person,,McNeely,M.Verne,,,,,,,,,,F,,United Kingdom,,,,,,Miss,,,HB_1936_204
HBLA_016,Person,,Mortensen,Ralph,,,,,,,,,,M,,United Kingdom,,,,,,Dr.,,,HB_1936_204
HBLA_017,Person,,Mortensen,Ralph,,,,,,,,,,M,,United Kingdom,,,,,,Dr.,,,HB_1936_204
HBLA_018,Person,,Y. Lee,John,,,,,,,,,,M,,United Kingdom ,,,,,Ph.D,Dr.,,,HB_1936_204
HBLA_019,Person,,Fong,F.,,,,,,,,,,M,,China,,,,,J.D.,LL.D,,Sec.,HB_1936_205
HBLA_020,Person,,Hang,Fang Nui,,,,,,,,,,M,,China,,,,,,,,,HB_1936_206
HBLA_021,Person,,Y. Tsu,Y.,,,,,,,,,,M,,China,,,,,Ph.D.,Rev.,,,HB_1936_205
HBLA_022,Person,,Cheng,C.Y.,,,,,,,,,,M,,China,,,,,D.D.,Rev.,,,HB_1936_205
HBLA_023,Person,,Hsia,C.L.,,,,,,,,,,M,,China,,,,,Ph.D.,,,,HB_1936_205
HBLA_024,Person,,Willard,Lyon,,,,,,,,,,M,,United Kingdom,,,,,D.D.,Rev.,,D.,HB_1936_205
HBLA_025,Person,,H.Roots,Logan,,,,,,,,,,M,,United Kingdom,,,,,D.D.,Rt.,,,HB_1936_205
HBLA_026,Person,,Wu,Yi-fang,,,,,,,,,,F,,China,,,,,Ph.D.,Sc.D.,,Miss,HB_1936_205
HBLA_027,Person,,Boynton,C.L.,,,,,,,,,,M,,United Kingdom,,,,,,Rev.,,,HB_1936_205
HBLA_028,Person,,Milward,Walter,,,,,,,,,,M,,United Kingdom,,,,,,Mr.,,,HB_1936_205
HBLA_029,Person,,M'Gavin,David,,,,,,,,,,M,,United Kingdom,,,,,,Mr.,,,HB_1936_205
HBLA_030,Person,,Baker,W.J.,,,,,,,,,,M,,United Kingdom,,,,,,Rev.,,,HB_1936_205
HBLA_031,Person,,Hendersoon,George,,,,,,,,,,M,,United Kingdom,,,,,,Mr.,,,HB_1936_206
HBLA_032,Person,,Findlay,Ian H.D.,,,,,,,,,,M,,United Kingdom,,,,,,Mr.,,,HB_1936_206
HBLA_033,Person,,Hallock,H.G.C.,,,,,,,,,,M,,United Kingdom,,,,,Ph.D.,Rev.,,,HB_1936_206
HBLA_034,Person,,Onley,F.G,,,,,,,,,,M,,United Kingdom,,,,,,Rev.,,Rapresentative of RTS in London,HB_1936_207
HBLA_035,Person,,Tang,Y.H.,,,,,,,,,,M,,China,,,,,,Mr.,,,HB_1936_207
HBLA_036,Person,,Mortensen,Ralph,,,,,,,,,,M,,United Kingdom,,,,,Ph.D.,Rev.,,,HB_1936_207
HBLA_037,Person,,Dreyer,F.C.H.,,,,,,,,,,M,,United Kingdom,,,,,,Rev.,,,HB_1936_207
HBLA_038,Person,,Pickens,C.L.,,,,,,,,,,M,,United Kingdom,,,,,,Rev.,,,HB_1936_207
HBLA_039,Person,,Gooch,F.E.,,,,,,,,,,F,,United Kingdom,,,,,,Miss.,,,HB_1936_207
HBLA_040,Person,,Lutley,A.L.,,,,,,,,,,M,,United Kingdom,,,,,,Rev.,,,HB_1936_207
HBLA_041,Person,,Brown,F.C.,,,,,,,,,,M,,United Kingdom,,,,,,Mr.,,1934-1937,HB_1936_207
HBLA_042,Person,,Gould,R.J.,,,,,,,,,,M,,United Kingdom,,,,,,Rev.,,,HB_1936_207
HBLA_043,Person,,Hansen,A.J.,,,,,,,,,,M,,United Kingdom,,,,,,Rev.,,,HB_1936_207
HBLA_044,Person,,Jones,Lewis,,,,,,,,,,M,,United Kingdom,,,,,,Mr.,,,HB_1936_207
HBLA_045,Person,,Lee,C.K.,,,,,,,,,,M,,United Kingdom,,,,,,Rev.,,,HB_1936_207
HBLA_046,Person,,Heady,J.J.,,,,,,,,,,M,,United Kingdom,,,,,,Rev.,,1933-1936,HB_1936_207
HBLA_047,Person,,Kanger,G.,,,,,,,,,,M,,United Kingdom,,,,,,Rev.,,1933-1936,HB_1936_207
HBLA_048,Person,,Keller,P.E.,,,,,,,,,,M,,United Kingdom,,,,,D.D.,Rev.,,1933-1936,HB_1936_207
HBLA_049,Person,,Withers Green,S.,,,,,,,,,,M,,United Kingdom,,,,,,Rev.,,1933-1936,HB_1936_207
HBLA_050,Person,,Rowley,W.,,,,,,,,,,M,,United Kingdom,,,,,,Rev.,,1934-1937,HB_1936_207
HBLA_051,Person,,Webster,J.,,,,,,,,,,M,,United Kingdom,,,,,,Rev.,,1934-1937,HB_1936_207
HBLA_052,Person,,Chen,C.H.,,,,,,,,,,M,,China,,,,,,Mr.,,1934-1937,HB_1936_207
HBLA_053,Person,,Clark,J.,,,,,,,,,,M,,United Kingdom,,,,,,Deaconnes,,1935-1938,HB_1936_207
HBLA_054,Person,,Gillison,T.,,,,,,,,,,M,,United Kingdom,,,,,,Dr.,,1935-1938,HB_1936_207
HBLA_055,Person,,Tsang,Stephen,,,,,,,,,,M,,China,,,,,,Rev.,,1935-1938,HB_1936_207
HBLA_056,Person,,Yang,K.L.,,,,,,,,,,M,,China,,,,,,Mr.,,1935-1938,HB_1936_207
HBLA_057,Person,,Djuh-an,Bao,,,,,,,,,,M,,China,,,,,,Mr.,,,HB_1936_207
HBLA_058,Person,,Cheng,S.C.,,,,,,,,,,M,,China,,,,,,Rev.,,,HB_1936_207
HBLA_059,Person,,Daehlin,I.,,,,,,,,,,M,,China,,,,,,Rev.,,,HB_1936_207
HBLA_060,Person,,Li,Jung-fang,,,,,,,,,,M,,China,,,,,,Prof.,,,HB_1936_207
HBLA_061,Person,,Syrdal,R.,,,,,,,,,,M,,United Kingdom,,,,,,Rev.,,,HB_1936_207
HBLA_062,Person,,Gwoh,C.Y.,,,,,,,,,,M,,China,,,,,,Rev.,,,HB_1936_208
HBLA_063,Person,,MacKenzie,H.,,,,,,,,,,M,,United Kingdom,,,,,Esq.,,,,HB_1936_208
HBLA_064,Person,,Howard Smith,D.,,,,,,,,,,M,,United Kingdom,,,,,,Rev.,,,HB_1936_208
HBLA_065,Person,,Grimes,A.C.,,,,,,,,,,M,,United Kingdom,,,,,,Mr.,,,HB_1936_208
HBLA_066,Person,,Dawson,W.F.,,,,,,,,,,M,,United Kingdom,,,,,,Rev.,,,HB_1936_208
HBLA_067,Person,,Mcdouall,C.,,,,,,,,,,M,,United Kingdom,,,,,,Rev.,,,HB_1936_208
HBLA_068,Person,,Henderson,George,,,,,,,,,,M,,United Kingdom,,,,,,Mr.,,,HB_1936_208
HBLA_069,Person,,Kaung,Z.T.,,,,,,,,,,M,,China,,,,,,Rev.,,,HB_1936_208
HBLA_070,Person,,Sydney,T.H Tai,,,,,,,,,,M,,China,,,,,,Rev.,,,HB_1936_208
HBLA_071,Person,,Hawk,J.C.,,,,,,,,,,M,,United Kingdom,,,,,D.D.,Rev.,,,HB_1936_208
HBLA_072,Person,,Rawlinson,F.,,,,,,,,,,M,,United Kingdom,,,,,D.D.,Rev.,,,HB_1936_208
HBLA_073,Person,,Li,Hengtseng,,,,,,,,,,M,,China,,,,,,Rev.,,,HB_1936_208
HBLA_074,Person,,Li,Foh-Kwang,,,,,,,,,,M,,China,,,,,,Rev.,,,HB_1936_208
HBLA_075,Person,,Evans,K.B.,,,,,,,,,,F,,United Kingdom,,,,,,Miss.,,,HB_1936_208
HBLA_076,Person,,Vee-Wai,Zee,,,,,,,,,,M,,China,,,,,,Mr.,,,HB_1936_208
HBLA_077,Person,,Chow,B.Y.,,,,,,,,,,M,,China,,,,,,Mr.,,,HB_1936_208
HBLA_078,Person,,Warren,W.H.,,,,,,,,,,M,,United Kingdom,,,,,,Rev.,,,HB_1936_208
HBLA_079,Person,,Milward,W.,,,,,,,,,,M,,United Kingdom,,,,,,Mr.,,,HB_1936_208
HBLA_080,Person,,Anderson ,G.,,,,,,,,,,M,,United Kingdom,,,,,,Mr.,,,HB_1936_208
HBLA_081,Person,,MacNaughtan,W.,,,,,,,,,,M,,United Kingdom,,,,,M.A.,Rev.,,,HB_1936_208
HBLA_082,Person,,Robertson,J.C.F.,,,,,,,,,,M,,United Kingdom,,,,,,Mr.,,,HB_1936_208
HBLA_083,Person,,McCammon,J.,,,,,,,,,,M,,United Kingdom,,,,,M.A.,Rev.,,,HB_1936_208
HBLA_084,Person,,McKillop,Young,,,,,,,,,,M,,United Kingdom,,,,,,Dr.,,,HB_1936_208
HBLA_085,Person,,Thiele,E.R.,,,,,,,,,,M,,United Kingdom,,,,,,,,,HB_1936_208
HBLA_086,Person,,Canner,W.,,,,,,,,,,M,,United Kingdom,,,,,,Rev.,,,HB_1936_226
HBLA_087,Person,,Moritz,S.,,,,,,,,,,F,,Germany,,,,,,Miss.,,,HB_1936_226
HBLA_088,Person,,Freyer ,Gorge B.,,,,,,,,,,M,,United Kingdom,,,,,,,,,HB_1936_227
HBLA_089,Person,,Freyer ,John,,,,,,,,,,M,,United Kingdom,,,,,,Dr.,,Founder of the ICB ,HB_1936_227
HBLA_090,Person,,Freyer ,Gorge B.,,,,,,,,,,M,,United Kingdom,,,,,,,,,HB_1936_227
HBCSP_001,Person,,Broomhall,Benjamin,,,,,,,,,,,,,,,,,,,,,
HBCSP_002,Person,,Broomhall,Marshall,,,,,,,,,,,,,,,,,,,,,
HBCSP_003,Person,,Cable,Alice Mildred,,,,,,,,,,,,,,,,,,,,,
HBCSP_004,Person,,Cassels,William Wharton,,,,,,,,,,,,,,,,,,,,,
HBCSP_005,Person,,Cochrane,Thomas,,,,,,,,,,,,,,,,,,,,,
HBCSP_006,Person,,Burns,William Chalmers,,,,,,,,,,,,,,,,,,,,,
HBCSP_007,Person,,Ching,T'ien-Yin,,,,,,,,,,,,,,,,,,,,,
HBCSP_008,Person,,Chalmers,John,,,,,,,,,,,,,,,,,,,,,
HBCSP_009,Person,,Brockman,Fletcher Sims,,,,,,,,,,,,,,,,,,,,,
HBCSP_010,Person,,Chen,Wen-Yuan,,,,,,,,,,,,,,,,,,,,,
HBCSP_011,Person,,Candidius,Georgius,,,,,,,,,,,,,,,,,,,,,
HBCSP_012,Person,,Chang,Barnabas,,,,,,,,,,,,,,,,,,,,,
HBCSP_013,Person,,Buck,John Lossing,,,,,,,,,,,,,,,,,,,,,
HBCSP_014,Person,,Christie,Dugald,,,,,,,,,,,,,,,,,,,,,EDC_1917_80
HBCSP_015,Person,,Wang,C. T.,,,,,,,,,,U,,,,,,,,,,,
HBCSP_016,Person,,Chao,T. C.,,,,,,,,,,,,,,,,,,,,,EDC_1917_89
HBCSP_017,Person,,Buglio,Lodovico,,,,,,,,,,,,,,,,,,,,,EDC_1917_91
HBCSP_018,Person,,Cabral,Francisco,,,,,,,,,,,,,,,,,,,,,
HBCSP_019,Person,,Carneiro Leitao,Melchior Miguel,,,,,,,,,,U,,,,,,,,,,,
HBCSP_020,Person,,Castiglione,Giuseppe,,,,,,,,,,,,,,,,,,,,,
HBCSP_021,Person,,Chapdelaine,Auguste,,,,,,,,,,,,,,,,,,,,,
HBCSP_022,Person,,Capillas,Francisco de,,,,,,,,,,,,,,,,,,,,,
HBCSP_023,Person,,Ch'eng,Ching-Yi,,,,,,,,,,,,,,,,,,,,,
HBCSP_024,Person,,Coe,Shoki,,,,,,,,,,,,,,,,,,,,,
HBLP_300,Person,,Penn,Kan-liu,,,,,,,,,,U,,China,,,,,,,,,HB_1936_219
HBLP_301,Person,,Chin,Yun-ming,,,,,,,,,,U,,China,,,,,,,,,HB_1936_219
HBLP_302,Person,,Liang,Jen-fang,,,,,,,,,,U,,China,,,,,,,,,HB_1936_219
HBLP_303,Person,,Tien,Hung-tu,,,,,,,,,,U,,China,,,,,,,,,HB_1936_219
HBLP_304,Person,,Liang,Shui-san,,,,,,,,,,U,,China,,,,,,,,,HB_1936_219
HBLP_305,Person,,Chao,Ti-chen,,,,,,,,,,U,,China,,,,,,,,,HB_1936_219
HBLP_306,Person,,Seng,T.Y.,,,,,,,,,,U,,,,,,,,,,,HB_1936_219
HBLP_307,Person,,Wong,Yun-yao,,,,,,,,,,U,,China,,,,,,,,,HB_1936_219
HBLP_308,Person,,Liu,Kwoh-chuin,,,,,,,,,,U,,China,,,,,,,,,HB_1936_219
HBLP_309,Person,,Wang,V.L.,,,,,,,,,,U,,,,,,,,,,,HB_1936_219
HBLP_310,Person,,Tu,You-sin,,,,,,,,,,U,,China,,,,,,,,,HB_1936_219
HBLP_311,Person,,Yang,Si-chang,,,,,,,,,,U,,,,,,,,,,,HB_1936_219
HBLP_312,Person,,Thomason,Lillian,,,,,,,,,,F,,,,,,,,,,,HB_1936_220
HBLP_313,Person,,Penn,Shen-i,,,,,,,,,,U,,China,,,,,,,,,HB_1936_220
HBLP_314,Person,,Tan,Cho-yuan,,,,,,,,,,U,,China,,,,,,,,,HB_1936_220
HBLP_315,Person,,Fu,Kwang-tsing,,,,,,,,,,U,,China,,,,,,,,,HB_1936_220
HBLP_316,Person,,Chen,Tze-shun,,,,,,,,,,U,,China,,,,,,,,,HB_1936_220
HBLP_317,Person,,Lo,Chen-tsing,,,,,,,,,,U,,China,,,,,,,,,HB_1936_220
HBLP_318,Person,,Sun,Tsui-lin,,,,,,,,,,U,,China,,,,,,,,,HB_1936_220
HBLP_319,Person,,Tsien,Mei-te,,,,,,,,,,U,,China,,,,,,,,,HB_1936_220
HBLP_320,Person,,Chang,Ying,,,,,,,,,,U,,China,,,,,,,,,HB_1936_220
HBLP_321,Person,,Chu,Tien-lin,,,,,,,,,,U,,China,,,,,,,,,HB_1936_220
HBLP_322,Person,,Hsu,Tzu-I,,,,,,,,,,U,,China,,,,,,,,,HB_1936_220
HBLP_323,Person,,Chao,Ching-en,,,,,,,,,,U,,China,,,,,,,,,HB_1936_221
HBLP_324,Person,,Wang,Liang-kang,,,,,,,,,,U,,China,,,,,,,,,HB_1936_221
HBLP_325,Person,,Liu,Ti-tsiu,,,,,,,,,,U,,China,,,,,,,,,HB_1936_221
HBLP_326,Person,,Kuo,Chang-sheng,,,,,,,,,,U,,China,,,,,,,,,HB_1936_221
HBLP_327,Person,,Lin,Hui-ken,,,,,,,,,,U,,China,,,,,,,,,HB_1936_221
HBLP_328,Person,,Shih,Shu-hsien,,,,,,,,,,U,,China,,,,,,,,,HB_1936_221
HBLP_329,Person,,Shao,Shih-ying,,,,,,,,,,U,,China,,,,,,,,,HB_1936_221
HBLP_330,Person,,Huang,Ju-hen,,,,,,,,,,U,,China,,,,,,,,,HB_1936_221
HBLP_331,Person,,Yang,Cheng-i,,,,,,,,,,U,,China,,,,,,,,,HB_1936_221
HBLP_332,Person,,Longman,Charles Herbert Bell,,,,,,,,,,M,,England,,,,,,,,"Renowned Chinese-to-English literary translator Yang Xianyi, born and raised in Tianjin, was a student of Longman's according to his autobiography. Yang writes about going on a boat trip to England and touring Japan and the US along the way, Longman being one of his fellow travelers. In fact, the travel group got into a ""quarrel"" during their trip, as Longman didn't approve of the immorality of the United States but other members of the group wanted to visit American casinos and cabarets to see them. ""I flared up and openly denounced him as a despot,"" said Yang, and even after they finally got to England and parted ways they were not on good terms, which Yang regrets.",HB_1936_221
HBLP_333,Person,,Li,Ya-siao,,,,,,,,,,U,,China,,,,,,,,,HB_1936_221
HBLP_334,Person,,Pu,Han-chang,,,,,,,,,,U,,China,,,,,,,,,HB_1936_221
HBLP_335,Person,,Li,Chang-shu,,,,,,,,,,U,,China,,,,,,,,,HB_1936_221
HBLP_336,Person,,Chu,Sheng-yang,,,,,,,,,,U,,China,,,,,,,,,HB_1936_221
HBLP_337,Person,,Tien,Ching-hsiang,,,,,,,,,,U,,China,,,,,,,,,HB_1936_221
HBLP_338,Person,,Wu,Chiao-tung,,,,,,,,,,U,,China,,,,,,,,,HB_1936_221
HBLP_339,Person,,Yang,Te-sheng,,,,,,,,,,U,,China,,,,,,,,,HB_1936_222
HBLP_340,Person,,Ngai,Wei-sheng,,,,,,,,,,U,,China,,,,,,,,,HB_1936_222
HBLP_341,Person,,Sich,Hsien-ni,,,,,,,,,,U,,China,,,,,,,,,HB_1936_222
HBLP_342,Person,,Chang,Heng-sung,,,,,,,,,,U,,China,,,,,,,,,HB_1936_222
HBLP_343,Person,,Chu,Yung-chen,,,,,,,,,,U,,China,,,,,,,,,HB_1936_222
HBLP_344,Person,,Wang,Pao-chen,,,,,,,,,,U,,China,,,,,,,,,HB_1936_222
HBLP_345,Person,,Wu,Wei-hsing,,,,,,,,,,U,,China,,,,,,,,,HB_1936_222
HBLP_346,Person,,Lu,Mu-hsuan,,,,,,,,,,U,,China,,,,,,,,,HB_1936_222
HBLP_347,Person,,Sung,Ching-chi,,,,,,,,,,U,,China,,,,,,,,,HB_1936_222
HBLP_348,Person,,Chiang,Mei-chuan,,,,,,,,,,U,,China,,,,,,,,,HB_1936_222
HBLP_349,Person,,Liu,Yuan-chen,,,,,,,,,,U,,China,,,,,,,,,HB_1936_222
HBLP_350,Person,,Liang,Yu-chai,,,,,,,,,,U,,China,,,,,,,,,HB_1936_222
HBLP_351,Person,,Yuan,Kuan-sheng,,,,,,,,,,U,,China,,,,,,,,,HB_1936_222
HBLP_352,Person,,Ku,Hou-ting,,,,,,,,,,U,,China,,,,,,,,,HB_1936_222
HBLP_353,Person,,Hu,Shao-mei,,,,,,,,,,U,,China,,,,,,,,,HB_1936_222
HBLP_354,Person,,Ma,Chih-sin,,,,,,,,,,U,,China,,,,,,,,,HB_1936_222
HBLP_355,Person,,Yang,Chih-ming,,,,,,,,,,U,,China,,,,,,,,,HB_1936_223
HBLP_356,Person,,Chen,Shih-ying,,,,,,,,,,U,,China,,,,,,,,,HB_1936_223
HBLP_357,Person,,Liu,Wei-han,,,,,,,,,,U,,China,,,,,,,,,HB_1936_223
HBLP_358,Person,,Siao,Wei-yuan,,,,,,,,,,U,,China,,,,,,,,,HB_1936_223
HBLP_359,Person,,Huang,Pai-yen,,,,,,,,,,U,,China,,,,,,,,,HB_1936_223
HBLP_360,Person,,Cheng,Chao-jan,,,,,,,,,,U,,China,,,,,,,,,HB_1936_223
HBLP_361,Person,,Ting,Mu-ying,,,,,,,,,,U,,China,,,,,,,,,HB_1936_223
HBLP_362,Person,,Lo,Tao-hua,,,,,,,,,,U,,China,,,,,,,,,HB_1936_223
HBLP_363,Person,,Cheng,Chi-nung,,,,,,,,,,U,,China,,,,,,,,,HB_1936_223
HBLP_364,Person,,Kao,Yung-yang,,,,,,,,,,U,,China,,,,,,,,,HB_1936_223
HBLP_365,Person,,Liu,Hao-lin,,,,,,,,,,U,,China,,,,,,,,,HB_1936_223
HBLP_366,Person,,Wang,Hsin-ju,,,,,,,,,,U,,China,,,,,,,,,HB_1936_223
HBLP_367,Person,,Yun,Siang-heng,,,,,,,,,,U,,China,,,,,,,,,HB_1936_223
HBLP_368,Person,,Chiu,Yung-tsung,,,,,,,,,,U,,China,,,,,,,,,HB_1936_223
HBLP_369,Person,,Wu,Shun-liang,,,,,,,,,,U,,China,,,,,,,,,HB_1936_224
HBLP_370,Person,,Shih,Sheng-ho,,,,,,,,,,U,,China,,,,,,,,,HB_1936_224
HBLP_371,Person,,Tsai,Chih-chuan,,,,,,,,,,U,,China,,,,,,,,,HB_1936_224
HBLP_372,Person,,Chien,Si-ling,,,,,,,,,,U,,China,,,,,,,,,HB_1936_224
HBLP_373,Person,,Wong,Chien-hsien,,,,,,,,,,U,,China,,,,,,,,,HB_1936_224
HBLP_374,Person,,Chang,Pao-chen,,,,,,,,,,U,,China,,,,,,,,,HB_1936_224
HBLP_375,Person,,Tong,I.K.,,,,,,,,,,U,,China,,,,,,,,,HB_1936_224
HBLP_376,Person,,Van Etten,Albert Henry,,,,,,,,,,M,,United States,,,,,,,,"Of note: ""When, due to war conditions, the Seung Kan University (now called the Man Lei Hok University) moved from Canton to Tung Pei, Christian members of the faculty became interested in the chapel library. They asked Mr. Van Etten to help plan a reading room in the University. This was opened on September 22nd and Mr. Van Etten was to have assisted in the exercises but he was far too ill to go. """,HB_1936_224
HBLP_377,Person,,Tien ,Chin-fo,,,,,,,,,,U,,China,,,,,,,,,HB_1936_224
HBLP_378,Person,,Ngai,Tsun-chih,,,,,,,,,,U,,China,,,,,,,,,HB_1936_224
HBLP_379,Person,,Chung,Fa-tsun,,,,,,,,,,U,,China,,,,,,,,,HB_1936_224
HBLP_380,Person,,Wong,Yao-ting,,,,,,,,,,U,,China,,,,,,,,,HB_1936_225
HBLP_381,Person,,Li,Ming-tao,,,,,,,,,,U,,China,,,,,,,,,HB_1936_225
HBLP_382,Person,,Lu,Kwan-ya,,,,,,,,,,U,,China,,,,,,,,,HB_1936_225
HBLP_383,Person,,Smith,Charles Stanley,,,,,,,,,,M,,,,,,,,,,Helped found the Foundation for Theological Education in Southeast Asia.,HB_1936_225
EDCT_894,Institution,St. Paul's School (Hankow),,,,,,,,,Education,School,,,,,,,,,,,,,EDC_1918_138
EDCT_283,Institution,Kwang-Ih Senior and Junior Primary School for Boys,,,,廣益,,,,,Education,School,,,M,,,,,,,,,"May be the same as the ""Kwang I"" in Chongqing mentioned in the 1936 Handbook (same Chinese name and both are in Sichuan) but not 100% sure.",EDC_1920_98
EDCT_284,Institution,Kwang-Ih Senior and Junior Primary School for Girls,,,,廣益,,,,,Education,School,,,F,,,,,,,,,,EDC_1920_98
EDCT_322,Institution,Friends' High School,,,Friends Boys' High School,,,,,,Education,School,,,M,,,,,,,,,,EDC_1920_97; EDC_1918_123
EDCT_692,Institution,China Medical Missionary Association {Shanghai},,,,,,,,,Ecclesial,Mission,,,,,,,,,,,,,EDC_1917_30
EDCT_416,Institution,John D. Wells School,,,,,,,,,Education,School,,,,,,,,,,,,This source I found online confirms that the school belonged to the PN and was eventually sold by them. The EDC 1920 only attests it in Mrs. W.H. Lingle's past employers.,EDC_1920_88 (Teachers' section)
EDCT_238,Institution,Moukden Medical College,,,,,,,,,Education,Nursing School,,,M,,,,,,,,,"""A Union College of three Missions [...] It also acts in co-operation with the Provincial Government.""",EDC_1920_83-84
EDCT_845,Institution,Presbyterian Mission Girls' School,,,True Light Seminary,,,,,,Education,School,,,F,,,,,,,,,,EDC_1917_71; EDC_1916_79
EDCT_392,Institution,St. Peter's Parish School,,,,,,,,,Education,School,,,M,,,,,,,,,,EDC_1920_60
EDCT_683,Institution,China Christian Educational Association,,,,,,,,,Ecclesial,School,,,,,,,,,,,,,EDC_1917_30
EDCT_038,Institution,Ying Wa College,,,Anglo-Chinese College (Hong Kong_,,,,,,Education,School,,,M,,,,,,,,,,EDC_1920_76
EDCT_068,Institution,YMCA Evening School (Hangzhou),,,,,,,,,Education,Night School,,,M,,,,,,,,,,EDC_1920_7
EDCT_110,Institution,YMCA English Night School (Jinan),,,,,,,,,Education,Night School,,,M,,,,,,,,,,EDC_1920_92
EDCT_113,Institution,YMCA Night School (Xi'an),,,,,,,,,Education,Night School,,,,,,,,,,,,,EDC_1920_94
EDCT_155,Institution,YMCA Evening School (Kunming),,,,,,,,,Education,Night School,,,M,,,,,,,,,,EDC_1920_100
EDCT_160,Institution,YMCA English Night School (Kaifeng),,,,,,,,,Education,School,,,M,,,,,,,,,Couldn't find the street so geocode for Kaifeng is given.,EDC_1920_30
EDCT_162,Institution,YMCA Commercial School (Beijing),,,Peking School of Commerce and Finance,財政（北京）,北京基督教青年會財政商業專門學校,,,,Education,School,,,M,,,,,,,,,,EDC_1920_15; HB_1936_184-276; ZUO_2004
EDCT_181,Institution,Chinese YMCA Evening School of Commerce (Shanghai),,,,,,,,,Education,School,,,M,,,,,,,,,,EDC_1920_49
EDCT_196,Institution,YMCA College (Fuzhou),,,,,,,,,Education,School,,,M,,,,,,,,,,EDC_1920_26
EDCT_199,Institution,Chinese YMCA High School (Shanghai),,,Chinese Y.M.C.A. Hour-a-da School; YMCA Day School (Shanghai),,,,,,Education,School,,,M,,,,,,,,,Need to confirm name,EDC_1920_49-50; EDC_1918_117; EDC_1916_64
EDCT_220,Institution,YMCA Evening School (Ningbo),,,,,,,,,Education,Night School,,,M,,,,,,,,,,EDC_1920_10
EDCT_247,Institution,YMCA Commercial School (Baoding),,,,,,,,,Education,School,,,M,,,,,,,,,,EDC_1920_12
EDCT_323,Institution,Tsingtao College,,,,,,,,,Education,School,,,M,,,,,,,,,"Location given by its Baidu page. I wanted to ignore this school on the assumption that it was solely from the Japanese government, but the Baidu page actually claims it was established by the ""Qingdao YMCA of Japan"" so there is at least a tenuous Christian connection.",EDC_1920_92
EDCT_340,Institution,YMCA School of Commerce and Finance (Wuhan),,,"Hankow School of Commerce,",,,,,,Education,School,,,,,,,,,,,,,EDC_1920_37
EDCT_341,Institution,YMCA Evening School (Wuhan),,,,,,,,,Education,School,,,,,,,,,,,,,EDC_1920_54 (Teachers section)
EDCT_520,Institution,"Y.M.C.A. Commercial Middle School {Tientsin, Chihli}",,,,,,,,,Education,School,,,M,,,,,,,,,,EDC_1917_4
EDCT_529,Institution,YMCA Evening School (Tientsin),,,YMCA School (Tientsin),,,,,,Education,Night School,,,M,,,,,,,,,,EDC_1918_47
EDCT_530,Institution,YMCA Evening School (Tientsin),,,,,,,,,Education,School,,,X,,,,,,,,,,EDC_1918_47
EDCT_533,Institution,Chengtu YMCA,,,,,,,,,Education,School,,,X,,,,,,,,,,EDC_1918_49
EDCT_537,Institution,YMCA and Higher Normal College,,,,,,,,,Education,School,,,X,,,,,,,,,,EDC_1918_50
EDCT_601,Institution,Y.M.C.A. Night School (Wuchang),,,,,,,,,Education,Night School,,,X,,,,,,,,,,EDC_1918_63
EDCT_602,Institution,Y.M.C.A. {Shanghai},,,,,,,,,Education,School,,,X,,,,,,,,,,EDC_1917_20
EDCT_604,Institution,YMCA Practical Science School,,,,,,,,,Education,School,,,X,,,,,,,,,,EDC_1918_65
EDCT_950,Institution,Y.M.C.A. Commercial Middle School {Hankow},,,,,,,,,Education,School,,,,,,,,,,,,,EDC_1918_124
EDCT_961,Institution,YMCA Evening School of Commerce (Hankow),,,,,,,,,Education,School,,,,,,,,,,,,,EDC_1918_138
EDCT_962,Institution,YMCA School (Kirin),,,,,,,,,Education,School,,,X,,,,,,,,,,EDC_1917_59
EDCT_453,Institution,St. Andrew's School,,,St. Andrew's School and College; St. Andrew's Anglo-Chinese School,,,,,,Education,School,,,X,,,,,,,,,,EDC_1920_129
EDCT_492,Institution,American Church Mission Higher Primary Day School,,,,,,,,,Education,School,,,X,,,,,,,,,,EDC_1920_118
EDCT_134,Institution,Wuhu Academy,,,Wuhu Union Academy,萃文,,,,,Education,School,,,,,,,,,,,,Also run by FCMS (EDC_1920_137),EDC_1920_3; EDC_1918_134
EDCT_439,Institution,Advent Christian Boys' School (Nanking),,,,,,,,,Education,School,,,M,,,,,,,,,,EDC_1920_45;
EDCT_534,Institution,Advent Christian Girls' School (Nanking),,,,,,,,,Education,School,,,F,,,,,,,,,,EDC_1917_38
EDCT_769,Institution,Hong Uen Hsioh Hsiao,,,,,,,,,Education,School,,,,,,,,,,,,,EDC_1918_145; EDC_1918_148
EDCT_036,Institution,Anglo-Chinese College (Xiamen),,,,英華（廈門）,,,,,Education,School,,,M,,,,,,,,,,HB_1936_178; EDC_1920_24
EDCT_053,Institution,Hongkong University,,,The University,,,,,,Education,Higher Education,,,M,,,,,,,,,,EDC_1920_75-76
EDCT_095,Institution,T'sui Wen Middle School,,,Tsin Wen Middle School,,,,,,Education,School,,,M,,,,,,,,,,EDC_1920_9; EDC_1916_65
EDCT_102,Institution,London Mission Girls' Boarding School,,,,,,,,,Education,School,,,F,,,,,,,,,,EDC_1920_39
EDCT_109,Institution,Griffith John School,,,Griffith John College,博學,,,,,Education,School,,,M,,,,,,,,,,EDC_1920_37; HB_1936_31-179
EDCT_272,Institution,Anglo-Chinese (Tianjin),,,,新學（天津）,,,,,Education,School,,,M,,,,,,,,,,EDC_1920_22; HB_1936_178
EDCT_280,Institution,Medhurst Girls' Primary School,,,,,,,,,Education,School,,,F,,,,,,,,,,EDC_1920_53
EDCT_281,Institution,Medhurst College,,,,麥倫,,,,,Education,School,,,M,,,,,,,,,,EDC_1920_53; HB_1936_181-280
EDCT_315,Institution,London Mission School,,,,,,,,,Education,School,,,M,,,,,,,,,,EDC_1920_28
EDCT_325,Institution,London Mission Boys' School,,,,,,,,,Education,School,,,M,,,,,,,,,,EDC_1920_38
EDCT_027,Institution,China Inland Mission Boys' School,,,,,,,,,Education,School,,,M,,,,,,,,,Unsure which CIM school on the other spreadsheet-if any-this is.,EDC_1920_87
EDCT_028,Institution,China Inland Mission Preparatory School,,,,,,,,,Education,School,,,X,,,,,,,,,"This school is for the children of missionaries, it explains",EDC_1920_88
EDCT_032,Institution,China Inland Mission Hospital Medical School,,,,,,,,,Education,Nursing School,,,M,,,,,,,,,,EDC_1920_10
EDCT_042,Institution,Anglo-Chinese School (Lanzhou),,,,,,,,,Education,School,,,M,,,,,,,,,,EDC_1920_41
EDCT_108,Institution,China Inland Mission Girls' School (Ganzhou),,,Mrs. Carver Memorial Girls' School,,,,,,Education,School,,,F,,,,,,,,,"""Mrs. Carver"" alternate name only given on EDC 1920 p.11 in the teachers section.",EDC_1920_42
EDCT_123,Institution,Shansi Bible Institute,,,EDC_1920_141,,,,,,Education,School,,,M,,,,,,,,,,EDC_1920_85; HB_1936_166
EDCT_129,Institution,Boys' Boarding School (Senior and Junior Primary) (Langzhong),,,,,,,,,Education,School,,,M,,,,,,,,,,EDC_1920_97-98
EDCT_150,Institution,China Inland Mission School (Guiyang),,,,,,,,,Education,School,,,,,,,,,,,,"Only mentioned in the teachers section, not the schools section.",EDC_1920_17 (Teachers section)
EDCT_259,Institution,Bible Training Institute,,,CIM Training Home for Newly-Arrived Lady Missionaries,,,,,,Education,Missionary Training Institute,,,F,,,,,,,,,,EDC_1920_101; CM_1912_38
EDCT_334,Institution,China Inland Mission School (Kunming),,,,,,,,,Education,School,,,,,,,,,,,,"Nowhere in the schools section, only the teachers section for one man. May be one of the CIM's short-term (a month, a few weeks, a season, etc.) ""Bible Schools"" rather than a permanent institution",EDC_1920_52 (Teachers section)
EDCT_342,Institution,Junior and Senior Primary Boys' School (Dali),,,,,,,,,Education,School,,,M,,,,,,,,,,EDC_1920_99
EDCT_343,Institution,Girls' Junior Primary School (Dali),,,,,,,,,Education,School,,,F,,,,,,,,,,EDC_1920_99
EDCT_346,Institution,China Inland Mission Girls' School (Yantai),,,,,,,,,Education,School,,,F,,,,,,,,,,EDC_1920_88
EDCT_355,Institution,CIM Honan Provincial School,,,,,,,,,Education,School,,,M,,,,,,,,,,EDC_1920_29; CM_1917_129
EDCT_399,Institution,China Inland Mission Day School,,,C.I.M. Middle School (Laohokow),,,,,,Education,School,,,M,,,,,,,,,,EDC_1920_38
EDCT_456,Institution,China Inland Mission Boys' School (Anshunfu),,,,,,,,,Education,School,,,M,,,,,,,,,,EDC_1920_130
EDCT_472,Institution,China Inland Mission Provincial School (Hungtung),,,,,,,,,Education,School,,,X,,,,,,,,,,EDC_1920_106
EDCT_509,Institution,China Inland Mission Boys' School (Ganzhou),,,,,,,,,Education,School,,,M,,,,,,,,,,EDC_1920_123
EDCT_554,Institution,China Inland Mission Boys' School (Wenzhou),,,,,,,,,Education,School,,,M,,,,,,,,,,EDC_1918_58
EDCT_595,Institution,China Inland Mission School,,,,,,,,,Education,School,,,X,,,,,,,,,,EDC_1917_19
EDCT_623,Institution,China Inland Mission Girls' School (Wenchow),,,,,,,,,Education,School,,,F,,,,,,,,,,EDC_1918_108
EDCT_627,Institution,"""Mustard Seed"" School",,,,,,,,,Education,School,,,,,,,,,,,,,EDC_1918_137
EDCT_670,Institution,C.I.M. Boys' School,,,,,,,,,Education,School,,,M,,,,,,,,,,EDC_1916_70
EDCT_672,Institution,C.I.M. Charity School,,,,,,,,,Education,School,,,X,,,,,,,,,Founded in 1890,EDC_1895_68
EDCT_684,Institution,China Inland Mission Boys' School (Paoningfu),,,,,,,,,Education,School,,,M,,,,,,,,,,EDC_1916_58
EDCT_690,Institution,China Inland Mission School (Honan),,,,,,,,,Education,School,,,X,,,,,,,,,,EDC_1916_77
EDCT_078,Institution,Foochow College,,,,格致,,,,,Education,Higher Education,,,M,,,,,,,,,"The acronym A.B.C.F.M. stands for American Board of Commissioners for Foreign Missions, therefore this can be regarded as a christian institution",EDC_1920_25; HB_1936_179
EDCT_103,Institution,Han Mei Middle and Higher Primary Schools,,,,,,,,,Education,School,,,M,,,,,,,,,,EDC_1920_28
EDCT_117,Institution,Tung Jen School (Baoding),,,T'ung Jen School,同仁（保定）,,,,,Education,School,,,M,,,,,,,,,,EDC_1920_12; HB_1936_183-275
EDCT_141,Institution,Porter-Wyckoff Middle School,,,Porter Academy,博文,,,,,Education,School,,,,,,,,,,,,,EDC_1920_90; HB_1936_182-292
EDCT_239,Institution,Yu Ying School (Linqing),,,,育英,,,,,Education,School,,,M,,,,,,,,,Distinct from the *other* ABCFM Yu Ying School in Beijing.,EDC_1920_89
EDCT_271,Institution,Bridgeman (Beijing),,,Bridgman Academy,,,,,,Education,School,,,F,,,,,,,,,,EDC_1920_12; HB_1936_178
EDCT_278,Institution,South China Girls' School,,,,,,,,,Education,School,,,F,,,,,,,,,,EDC_1920_71
EDCT_285,Institution,Oberlin-Shansi Memorial Schools,,,,銘賢,,,,,Education,School,,,,,,,,,,,,,EDC_1920_85; HB_1936_181-290
EDCT_297,Institution,Boys' Boarding School (Yongtai),,,,,,,,,Education,School,,,M,,,,,,,,,"May be the same as Tung Jen Middle School (Yongtai) from the 1936 Handbook, but it has a different Chinese name so I can't be sure.",EDC_1920_27
EDCT_363,Institution,Ming I Middle School,,,Fenchow Middle School,銘義,,,,,Education,School,,,,,,,,,,,,,EDC_1920_85; HB_1936_181-253
EDCT_366,Institution,Jefferson Academy,,,,潞河,,,,,Education,School,,,M,,,,,,,,,,EDC_1920_23; HB_1936_180-297
EDCT_444,Institution,Yu Ying School (Beijing),,,Yu Ing School,育英,,,,,,,,,M,,,,,,,,,,EDC_1920_19; HB_1936_184-275
EDCT_525,Institution,Science College {A.B.C.F.M.},,,,,,,,,Education,School,,,,,,,,,,,,,
EDCT_835,Institution,Oberlin-Shansi Memorial Academy,,,,,,,,,Education,Higher Education,,,X,,,,,,,,,,EDC_1917_54
EDCT_046,Institution,Jenshow Industrial School,,,Canadian Methodist Boys' School,,,,,,Education,School,,,M,,,,,,,,,"Probably the same as--or a precursor to--the ""Hwa Yin"" UCC boys' school mentioned in the 1936 Handbook, but can't be sure",EDC_1920_97
EDCT_308,Institution,Canadian Methodist Girls' School (Renshou),,,,,,,,,Education,School,,,F,,,,,,,,,,EDC_1920_97
EDCT_309,Institution,Gin Teh Girls' School,,,Canadian Methodist Girls' School (Leshan),,,,,,Education,School,,,F,,,,,,,,,,EDC_1920_42 (teachers section); HB_1936_179-262
EDCT_107,Institution,Norman McPhee Boarding School for Boys,,,,,,,,,Education,,,,M,,,,,,,,,,EDC_1920_29
EDCT_222,Institution,Girls' Primary School,,,,,,,,,Education,School,,,F,,,,,,,,,,EDC_1920_31
EDCT_435,Institution,M. Maxwell High and Normal School,,,,,,,,,Education,School,,,M,,,,,,,,,,EDC_1920_31
EDCT_522,Institution,Canadian Presbyterian Mission School,,,Canadian Presbyterian Primary School,,,,,,Education,School,,,X,,,,,,,,,,EDC_1920_105; EDC_1916_62
EDCT_556,Institution,Canadian Presbyterian Mission Girls' School,,,,,,,,,Education,School,,,F,,,,,,,,,,EDC_1918_78
EDCT_357,Institution,Christian's Mission School,,,,,,,,,Education,School,,,,,,,,,,,,,EDC_1920_9
EDCT_121,Institution,Shanghai Missionary College of Seventh Day Adventists,,,,,,,,,Education,School,,,X,,,,,,,,,,EDC_1920_57
EDCT_358,Institution,Union Normal School for Young Women (Chengdu),,,,协和（成都）,,,,,Education,School,,,F,,,,,,,,,,EDC_1920_96; HB_1936_183-249
EDCT_393,Institution,United Brethren Boys' School,,,Honaam Pui Ying Higher Primary School,,,,,,Education,School,,,M,,,,,,,,,,EDC_1920_71
EDCT_063,Institution,Luchowfu Christian Boys' School,,,Christian High school (for boys),,,,,,Education,School,,,M,,,,,,,,,also under hsuchowfu,EDC_1920_3; EDC_1916_39
EDCT_208,Institution,Christian Higher Primary and Middle School (Chuzhou),,,,,,,,,Education,School,,,M,,,,,,,,,,EDC_1920_2
EDCT_260,Institution,Luchowfu Christian Girls' School,,,,,,,,,Education,School,,,F,,,,,,,,,,EDC_1920_3
EDCT_371,Institution,Christian Girls' School (Nanjing),,,,,,,,,Education,School,,,F,,,,,,,,,,EDC_1920_45
EDCT_408,Institution,Christian Girls' School (Chuzhou),,,,,,,,,Education,School,,,,,,,,,,,,,EDC_1920_2
EDCT_079,Institution,Kaying Baptist Academy,,,,,,,,,Education,School,,,M,,,,,,,,,,EDC_1920_76
EDCT_142,Institution,Swatow Academy,,,,,,,,,Education,School,,,,,,,,,,,,"I was unsure if this was an alternate name for one of the several Baptist schools in Swatow listed in the 1936 Handbook, but I found one source online that explains Swatow Academy merged with a girls' school in 1928, hence why it isn't in the Handbook. I also found a 1922 letter from the same Randall Capen about a typhoon that struck the Baptist buildings at Swatow.",EDC_1920_79
EDCT_151,Institution,Chao Kwong,,,"Chaokwang Grammar School, Chaoyang Grammar School",潮光,,,,,Education,School,,,M,,,,,,,,,,EDC_1920_71; HB_1936_178; EDC_1916_39
EDCT_195,Institution,Wayland Academy,,,,蕙蘭,,,,,Education,School,,,M,,,,,,,,,"According to Wayland Academy's Baidu page, the school's original site is in modern-day Shangcheng District, at 71 Jianguo Middle Road. This corresponds with the location given in the Directory (only in Chinese, a practice that I've never seen before--no romanization) which is Chunyou Bridge a little ways down the road.",EDC_1920_7; HB_1936_183-255
EDCT_236,Institution,Harris Ayer Wells Memorial School,,,,,,,,,Education,School,,,M,,,,,,,,,,EDC_1920_7
EDCT_267,Institution,Mizpah Bible Training School for Women,,,,,,,,,Education,Bible School,,,F,,,,,,,,,"According to this source the Salt Gate was also known as Heyi Gate, whose former location is now commemorated by a monument and road in Haishu District.",EDC_1920_9
EDCT_268,Institution,Tinghai Baptist Girls' Higher Primary School,,,,,,,,,Education,School,,,F,,,,,,,,,,EDC_1920_11
EDCT_269,Institution,Tsoh Sing School,,,Baptist Higher Primary and Middle School,作新,,,,,Education,School,,,M,,,,,,,,,,EDC_1920_8; HB_1936_183-263
EDCT_319,Institution,Yachow School for Boys,,,,,,,,,Education,School,,,M,,,,,,,,,,EDC_1920_99
EDCT_338,Institution,Yui Dzae Boys' School,,,Yuih Dzae Boys' School; Shaohing Boys' Academy,越材,,,,,Education,School,,,M,,,,,,,,,,EDC_1920_10; HB_1936_184-283
EDCT_368,Institution,Tinghai Boys' School,,,Chowsan; Tinghai Baptist Higher Primary School,,,,,,Education,School,,,M,,,,,,,,,,EDC_1920_10; HB_1936_179-293
EDCT_421,Institution,Baptist Higher Primary and Middle School,,,,,,,,,Education,School,,,U,,,,,,,,,,EDC_1920_137
EDCT_523,Institution,Munroe Academy,,,,,,,,,Education,School,,,,,,,,,,,,,EDC_1917_40
EDCT_081,Institution,Eastview Boys' School,Adventist,,Eastview Schools,,,,,,Education,School,,,M,,,,,,,,,,EDC_1920_34-35; HB_1936_179-284; EDC_1916_39
EDCT_114,Institution,Pei Hua School,,,Pei Hwa School; P'ei Hua Girls' School,培華,,,,,Education,School,,,F,,,,,,,,,,EDC_1920_14; HB_1936_182-276
EDCT_137,Institution,Anglican Mission School,,,Anglo-Chinese School,育華,,,,,Education,School,,,M,,,,,,,,,"Called the ""Anglo-Chinese School"" in the EDC but almost definitely the Anglican Mission School from the Handbook considering the location and SPG affiliation.",EDC_1920_92; HB_1936_178
EDCT_450,Institution,St. Faith's School (Peking),,,,,,,,,Education,School,,,,,,,,,,,,,EDC_1920_126
EDCT_106,Institution,David Hill Memorial Girls' Boarding School,,,,,,,,,Education,School,,,F,,,,,,,,,,EDC_1920_38
EDCT_116,Institution,Haigh College,,,Hwa Ying,華英（男校）（佛山）,,,,,Education,Bible School,,,M,,,,,,,,,,EDC_1920_72; HB_1936_180-252
EDCT_124,Institution,Hwa Yin Girls' School,,,The Evelyn School,華英（女校）（佛山）,,,,,Education,School,,,X,,,,,,,,,,EDC_1920_72; HB_1936_180-252
EDCT_154,Institution,Mitchil Schools (Lower Primary Boys and Girls),,,,,,,,,Education,School,,,X,,,,,,,,,,EDC_1920_35
EDCT_186,Institution,Boys' Boarding School (Wuchang),,,,,,,,,Education,School,,,M,,,,,,,,,,EDC_1920_39
EDCT_214,Institution,Wesley College,,,,,,,,,Education,School,,,M,,,,,,,,,"At least related to the Wesley Middle School from the 1936 Handbook, but unclear if they are the same school with different names or just affiliated. Assuming Great East Gate = Dadongmen/大东门, the school was in modern-day Wuchang District.",EDC_1920_40
EDCT_303,Institution,Wesleyan Girls' Boarding School (Guangzhou),,,,,,,,,Education,School,,,F,,,,,,,,,,EDC_1920_71
EDCT_335,Institution,Yiyang Wesleyan Methodist Missionary Society Girls' Boarding School,,,,,,,,,Education,School,,,F,,,,,,,,,,EDC_1920_35; HB_1936_180-263
EDCT_359,Institution,Wesleyan Boys' Boarding School (Pingjiang),,,,,,,,,Education,School,,,M,,,,,,,,,,EDC_1920_34
EDCT_440,Institution,Wesleyan Mission Boys' School (Cangwu),,,,,,,,,Education,School,,,M,,,,,,,,,,EDC_1920_67
EDCT_441,Institution,Wesleyan Mission Girls' School (Cangwu),,,,,,,,,Education,School,,,F,,,,,,,,,,EDC_1920_67
EDCT_442,Institution,Kindergarten School,,,,,,,,,Education,School,,,X,,,,,,,,,,EDC_1920_67
EDCT_052,Institution,St. Stephen's Girls College,,,,,,,,,Education,School,,,F,,,,,,,,,Address also recorded as 27 Caine Road Hongkong. Need to verify,EDC_1920_74; HB_1936_182; EDC_1916_39
EDCT_087,Institution,St. Hilda's Girls' School (Guangzhou),,,,,,,,,Education,School,,,F,,,,,,,,,,EDC_1920_71
EDCT_091,Institution,St. Stephen's College,,,,,,,,,Education,Higher Education,,,M,,,,,,,,,,EDC_1920_74; EDC_1918_134
EDCT_213,Institution,Holy Trinity,,,Holy Trinity School,聖三一,,,,,Education,School,,,M,,,,,,,,,,EDC_1920_70; HB_1936_179
EDCT_219,Institution,Trinity College (Fuzhou),,,,三一（福州）,,,,,Education,School,,,M,,,,,,,,,,EDC_1920_25; HB_1936_183-253
EDCT_225,Institution,Victoria Home and Orphanage,,,,,,,,,Education,Orphanage,,,F,,,,,,,,,,EDC_1920_77
EDCT_231,Institution,Anglo-Chinese School (Shaoxing),,,,,,,,,Education,School,,,,,,,,,,,,Not in the schools section anywhere; only mentioned as the past experience of one person.,EDC_1920_27 (Teachers section)
EDCT_232,Institution,Anglo-Chinese School (Shanghai),,,,,,,,,Education,School,,,M,,,,,,,,,,EDC_1920_48
EDCT_253,Institution,St. Catherine Girls' School (Ningbo),,,,仁德（寧波）,,,,,Education,School,,,F,,,,,,,,,,EDC_1920_9; HB_1936_182-273
EDCT_291,Institution,Hing-hiong CMS School,,,,,,,,,Education,School,,,F,,,,,,,,,,EDC_1920_27
EDCT_292,Institution,All Saints' Higher Primary and Middle School,,,,,,,,,Education,School,,,M,,,,,,,,,,EDC_1920_34
EDCT_330,Institution,Anglo-Chinese (Fuzhou),,,,英華（福州）,,,,,Education,School,,,M,,,,,,,,,,EDC_1920_24; HB_1936_178
EDCT_369,Institution,St. Paul's School (Xiangtan),,,,,,,,,Education,School,,,M,,,,,,,,,,EDC_1920_35
EDCT_377,Institution,Church Missionary Society Hostel,,,,,,,,,Education,Missionary Hostel,,,,,,,,,,,,,EDC_1920_68 (teachers section)
EDCT_381,Institution,Girls' Boarding School (Mianyang),,,,,,,,,Education,School,,,F,,,,,,,,,,EDC_1920_97
EDCT_391,Institution,Trinity Higher Elementary School,,,,,,,,,Education,School,,,M,,,,,,,,,"""For the sons of Christians only""",EDC_1920_10
EDCT_402,Institution,CMS Girls' School (Taizhou),,,,,,,,,Education,School,,,F,,,,,,,,,,EDC_1920_10
EDCT_433,Institution,Chekiang Third Middle School,,,,,,,,,Education,School,,,X,,,,,,,,,,EDC_1920_141
EDCT_438,Institution,Upper and Lower Primary School (Putian),,,,,,,,,Education,School,,,M,,,,,,,,,,EDC_1920_27
EDCT_443,Institution,St. John's Hall,,,,,,,,,Education,Residence,,,M,,,,,,,,,"""Hostel"" but I think for Chinese rather than missionaries",EDC_1920_74
EDCT_446,Institution,St. Paul's College (Hongkong),,,St. Paul's Anglo-Chinese College,,,,,,Education,School,Protestant,,M,,,,,,,,,"name on p. 258 is ""St. Paul's College""; short name on p. 182 is ""St. Paul's Anglo-Chinese""",EDC_1920_147
EDCT_457,Institution,Hangchow Christian Boys' School,,,,,,,,,Education,School,,,M,,,,,,,,,,EDC_1920_161
EDCT_459,Institution,Trinity College (Ningbo),,,,,,,,,Education,School,,,X,,,,,,,,,,EDC_1920_163
EDCT_521,Institution,St. Faith's Christian Girls' School,,,,,,,,,Education,School,,,F,,,,,,,,,,EDC_1920_105
EDCT_524,Institution,C.M.S. School for Boys,,,,,,,,,Education,School,,,M,,,,,,,,,,EDC_1917_41
EDCT_605,Institution,Hangchow Medical College,,,C.M.S. Medical Training College (Hangchow),,,,,,Education,Nursing School,,,X,,,,,,,,,,EDC_1918_66; EDC_1916_55
EDCT_608,Institution,Church Missionary Society's Boys School,,,,,,,,,Education,School,,,M,,,,,,,,,,EDC_1917_83
EDCT_674,Institution,C.M.S. Divinity School,,,,,,,,,Education,School,,,X,,,,,,,,,,EDC_1916_70
EDCT_675,Institution,C.M.S. Training School for Nurses,,,,,,,,,Education,Nursing School,,,,,,,,,,,,,EDC_1918_124
EDCT_808,Institution,Mary Vaughan High School for Girls,,,,,,,,,Education,School,,,F,,,,,,,,,,EDC_1918_134
EDCT_815,Institution,Middle School (C.M.S.),,,,,,,,,Education,School,,,X,,,,,,,,,,EDC_1916_78
EDCT_149,Institution,Kwang Pei Higher Primary School,,,,,,,,,Education,School,,,M,,,,,,,,,,EDC_1920_88
EDCT_275,Institution,English Baptist Girls' High School,,,,,,,,,Education,School,,,F,,,,,,,,,,EDC_1920_94
EDCT_310,Institution,English Baptist Higher Primary School,,,English Baptist Mission Middle School,,,,,,Education,School,,,M,,,,,,,,,,EDC_1920_90; EDC_1916_39
EDCT_603,Institution,"Grace High School, Seventh Day Baptist Mission",Baptist,,,,,,,,Education,School,,,X,,,,,,,,,,EDC_1917_20
EDCT_010,Institution,Ts'un Shih School,,,Hardy School; Hardy Training School,崇實,,,,,Education,School,,,M,,,,,,,,,This is the Hardy School from the 1936 Handbook.,EDC_1920_23; HB_1936_179-302
EDCT_033,Institution,Westminster College,,,,培元,,,,,Education,School,,,M,,,,,,,,,,EDC_1920_24; HB_1936_182-251
EDCT_198,Institution,Anglo-Chinese College (Shantou),,,,,,,,,Education,School,,,M,,,,,,,,,,EDC_1920_79
EDCT_452,Institution,Iok-hien Higher Primary School,,,,,,,,,Education,School,,,X,,,,,,,,,,EDC_1920_128
EDCT_339,Institution,Bridgman (Shanghai),,,Bridgman Memorial School,,,,,,Education,School,,,F,,,,,,,,,"It's difficult to pinpoint where exactly ""West Gate"" is, but we do know that ""New West Gate"" in this document and ""Old West Gate"" in modern-day Shanghai both refer to Huangpu District, so I have put the geocode for that district here.",EDC_1920_48; HB_1936_178; EDC_1916_40
EDCT_373,Institution,Women's Bible School (Shanghai),,,,,,,,,Education,Bible School,,,F,,,,,,,,,"Only in teachers section, not the school section",EDC_1920_67 (Teachers' section)
EDCT_374,Institution,Alliance Bible School,,,,,,,,,Education,School,,,M,,,,,,,,,,EDC_1920_67
EDCT_536,Institution,CMA Bible School,,,,,,,,,Education,Bible School,,,X,,,,,,,,,,EDC_1918_50
EDCT_384,Institution,Lo Yu Middle School,,,Loh Yu Middle School; Basel Mission Middle and Normal School,樂育（古竹）,,,,,Education,School,,,,,,,,,,,,,EDC_1920_78; HB_1936_180-265
EDCT_336,Institution,Loa Chi Tang Mission School,,,,,,,,,Education,School,,,F,,,,,,,,,,EDC_1920_98; EDC_1916_39
EDCT_582,Institution,Blindenheim,,,,,,,,,Education,School,,,X,,,,,,,,,,EDC_1918_103
EDCT_469,Institution,Morning Star School,,,,启明女校,,,,,Education,School,Catholic,,F,,,,,,,,,"徐汇区徐家汇街道天钥桥路100号; Built in 1917. It was taken over by the Chinese government in 1951, and in 1952 changed its name to 上海市第四女子中学. Since 1966, it expanded to accepting male students and changed its name to 上海市第四中学",EDC_1918_3; https://zh.m.wikipedia.org/zh-hans/%E5%90%AF%E6%98%8E%E5%A5%B3%E6%A0%A1%E6%97%A7%E5%9D%80
EDCT_131,Institution,Hsin I Boys' School,,,Middle School of the Norwegian Missionary Society,信義（男校）,,,,,Education,School,,,M,,,,,,,,,,EDC_1920_35; HB_1936_179-301
EDCT_035,Institution,Pei Dao,,,"Pooi To Academy, Pei Tao",培道,,,,,Education,School,,,F,,,,,,,,,"The EDC only says ""Pooi To,"" but I put the Chinese name of the SBC's ""Pei Dao"" (and we know that Pooi To is an SBC school) into a Cantonese text-to-speech website and it is pronounced pui-dou, so I'm fairly confident Pooi To here and Pei Dao in the Handbook are the same. ",EDC_1920_70; HB_1936_182
EDCT_158,Institution,Laichowfu Boys' Academy,,,,,,,,,Education,School,,,M,,,,,,,,,,EDC_1920_89
EDCT_188,Institution,Chefoo Boys' Academy,,,,,,,,,Education,School,,,M,,,,,,,,,,EDC_1920_87
EDCT_240,Institution,Ming Tsi Boys' School,,,,,,,,,Education,School,,,M,,,,,,,,,,EDC_1920_44
EDCT_317,Institution,Ming Jang Academy,,,Ming Jang Boys' Intermediate School,民強,,,,,Education,School,,,M,,,,,,,,,,EDC_1920_53; HB_1936_181-282
EDCT_318,Institution,Pei Chun Middle School,,,Pui Ching Baptist Academy,培正（廣州）,,,,,Education,School,,,M,,,,,,,,,,EDC_1920_70; HB_1936_181-215
EDCT_344,Institution,Baptist College (Kaifeng),,,,,,,,,Education,School,,,M,,,,,,,,,,EDC_1920_30
EDCT_345,Institution,Annie Jenkins Sallee School,,,,,,,,,Education,School,,,F,,,,,,,,,,EDC_1920_30
EDCT_348,Institution,Hwanghsien Boys' Academy,,,,,,,,,Education,School,,,M,,,,,,,,,,EDC_1920_89
EDCT_351,Institution,Laiyang Boys' Academy,,,,,,,,,Education,School,,,M,,,,,,,,,,EDC_1920_89
EDCT_352,Institution,Laiyang Baptist Girls' School,,,,,,,,,Education,School,,,F,,,,,,,,,,EDC_1920_89
EDCT_365,Institution,Carter Girls' School,,,,,,,,,Education,School,,,F,,,,,,,,,,EDC_1920_88
EDCT_380,Institution,Eliza Yates Bible School,,,Eliza Yates Memorial School,晏慕氏,,,,,Education,Bible School,,,F,,,,,,,,,,EDC_1920_50; EDC_1918_118
EDCT_389,Institution,Baptist Church Evening School,,,,,,,,,Education,School,,,M,,,,,,,,,"Old North Gate = Laobeimen/老北门 (source), a neighborhood in modern-day Huangpu District. ",EDC_1920_48
EDCT_400,Institution,Whitsell J. Means Girls' School,,,Wei Ling Girls' School; We Ling Girls School; Soochow Baptist Girls' Academy,慧靈,,,,,Education,School,,,F,,,,,,,,,,EDC_1920_62; HB_1936_183-287
EDCT_412,Institution,Yu Ying Girls' School (Tengzhou),,,,,,,,,Education,School,,,F,,,,,,,,,"this Yu Ying school (there are others in other locations) is only attested in the teachers' section, not the schools section.",EDC_1920_86 (Teachers' section)
EDCT_413,Institution,Yu Ling Normal School for Women,,,,,,,,,Education,School,,,F,,,,,,,,,,EDC_1920_89
EDCT_423,Institution,Yates Academy,,,Yates Memorial Academy,晏成,,,,,Education,School,,,M,,,,,,,,,,EDC_1920_64; EDC_1918_125
EDCT_434,Institution,Anglo-Chinese School (Wuchow),,,,,,,,,Education,School,,,X,,,,,,,,,,EDC_1920_141
EDCT_478,Institution,Light Doctrine Women and Girls' Boarding School,,,,,,,,,Education,School,,,F,,,,,,,,,,EDC_1920_108
EDCT_532,Institution,Girls' Boarding School (Yintak),,,,,,,,,Education,School,,,F,,,,,,,,,,EDC_1918_48
EDCT_580,Institution,S.B.C Girls and Normal School,Baptist,,,,,,,,Education,School,,,F,,,,,,,,,,EDC_1918_102
EDCT_878,Institution,Smith Bible School,,,,,,,,,Education,Bible School,,,X,,,,,,,,,,EDC_1916_52
EDCT_394,Institution,Yunlan Lower and Higher Primary Schools,,,Yung-lan School; Yunglaw School,,,,,,Education,School,,,M,,,,,,,,,,EDC_1920_35; EDC_1916_54; EDC_1916_72
EDCT_911,Institution,Tsinglan Higher Primary School for Girls,Lutheran,,Jinlan Girls School (津兰),,,,,,Education,School,,,F,,,,,,,,,"津市市，位于（旧城) 澧州, 湖南",EDC_1917_56; Juntunen_XVI&202
EDCT_112,Institution,Collegiate and Normal School for Girls,,,,,,,,,Education,School,,,F,,,,,,,,,,EDC_1920_38
EDCT_104,Institution,Swedish Mission Bible Training School,,,Yuncheng Theological Seminary and Normal School,,,,,,Education,Bible School,,,M,,,,,,,,,"""Swedish Mission Bible Training School"" was the name given in China's Millions; Yuncheng seminary is the name in EDC.",EDC_1920_86; CM_1910_7
EDCT_026,Institution,Davidson Girls' School,,,Davidson Memorial Girls' School,英華,,,,,Education,School,,,F,,,,,,,,,,EDC_1920_62
EDCT_094,Institution,Soochow University,,,,東吳附中（蘇州）,,,,,Education,Higher Education,,,M,,,,,,,,,,HB_1936_182
EDCT_099,Institution,Virginia School for GIrls,,,Virginia High School for Girls,湖郡,,,,,Education,School,,,F,,,,,,,,,,EDC_1920_8; HB_1936_183-259
EDCT_122,Institution,Soochow University Middle School No. 2,,,,,,,,,Education,School,,,M,,,,,,,,,,EDC_1920_57; EDC_1918_117
EDCT_207,Institution,Laura Haygood Normal School,,,Laura Haygood Memorial School; Laura Haygood High School,景海,,,,,Education,School,,,F,,,,,,,,,,HB_1936_179; EDC_1918_133; EDC_1916_61
EDCT_249,Institution,McTyeire High School,,,,,,,,,Education,School,,,F,,,,,,,,,,EDC_1920_53
EDCT_250,Institution,McTyeire School,,,McTyeire Girls' School,,,,,,Education,School,,,F,,,,,,,,,,EDC_1920_53; HB_1936_181-281; EDC_1918_127
EDCT_302,Institution,Susan B. Wilson School,,,,松江,,,,,Education,School,,,F,,,,,,,,,,EDC_1920_64; HB_1936_184-289
EDCT_307,Institution,Anglo-Chinese Academy (Suzhou),,,,,,,,,Education,School,,,M,,,,,,,,,,EDC_1920_62
EDCT_313,Institution,Soochow University - Huchow,,,Soochow University Middle School No. 3,東吳吳興附中（湖州）,,,,,Education,School,,,M,,,,,,,,,,EDC_1920_62-63; HB_1936_182
EDCT_153,Institution,Rhenish Mission Middle School,,,,,,,,,Education,School,,,M,,,,,,,,,,EDC_1920_79
EDCT_599,Institution,Lanhsien Middle School,,,,,,,,,Education,School,,,X,,,,,,,,,,EDC_1917_49
EDCT_765,Institution,Hinghwa Biblical School,,,,,,,,,Education,Bible School,,,X,,,,,,,,,,EDC_1918_121
EDCT_048,Institution,William Nast Academy,,,William Nast College,同文,,,,,Education,School,,,M,,,,,,,,,,EDC_1920_42
EDCT_073,Institution,Mary Porter Gamewell School for Girls,,,,慕貞,,,,,Education,School,,,F,,,,,,,,,"That is page 6 in the teachers section, not the schools section--the schools section seems not to have the Gamewell school?",HB_1936_179; EDC_1920_6
EDCT_080,Institution,Peking Higher Primary School,,,,,,,,,Education,School,,,M,,,,,,,,,"This source attests that Ma Pi Chang is in the ""East City"" i.e. Dongcheng.",EDC_1920_14-15
EDCT_089,Institution,Nanchang Academy,,,Nanchang Intermediate Grammar School,豫章,,,,,Education,School,,,M,,,,,,,,,,EDC_1920_43; HB_1936_181
EDCT_093,Institution,The Comparative Law School of China,,,,,,,,,Education,School,,,M,,,,,,,,,"""Law department of Soochow University""",EDC_1920_60; EDC_1916_69
EDCT_128,Institution,Paoling School,,,Baldwin School for Girls; Po Ling School,葆靈,,,,,Education,School,,,F,,,,,,,,,,EDC_1920_43; HB_1936_178; EDC_1916_39
EDCT_145,Institution,Biblical School (Putian),,,,,,,,,Education,Bible School,,,M,,,,,,,,,,EDC_1920_26
EDCT_147,Institution,Tientsin Intermediate School,,,,,,,,,Education,School,,,M,,,,,,,,,,EDC_1920_22
EDCT_192,Institution,Intermediate School (Xintai),,,,,,,,,Education,School,,,M,,,,,,,,,"Ankiachwang=安家庄, in modern-day Xintai City. Chinese name found via the Gazetteer.",EDC_1920_87
EDCT_218,Institution,Shanhaikuan Mission Lower Primary School,,,,,,,,,Education,School,,,M,,,,,,,,,,EDC_1920_20
EDCT_226,Institution,Shanhaikuan City Mission Girls' Lower and Higher Primary School,,,,,,,,,Education,School,,,F,,,,,,,,,,EDC_1920_19
EDCT_229,Institution,Taianfu Intermediate School,,,,,,,,,Education,School,,,M,,,,,,,,,,EDC_1920_90
EDCT_230,Institution,Changli Middle and Higher Primary School,,,,,,,,,Education,School,,,M,,,,,,,,,,EDC_1920_12
EDCT_261,Institution,Schell Cooper Boys' School,,,Kutien Boys' Academy,超古,,,,,Education,School,,,M,,,,,,,,,"""Kutien Boys' Academy"" is the only name given here, but using this source and the 1936 Handbook I think it's safe to assume Schel-Cooper Academy is the same institution under a different name--both are boys' schools operated by the Methodist Episcopal Church in Gutian.",EDC_1920_27; HB_1936_182-266
EDCT_270,Institution,Shanghai Girls' High School,,,,,,,,,Education,School,,,F,,,,,,,,,,EDC_1920_44
EDCT_288,Institution,Nathan Sites Memorial Academy,,,,,,,,,Education,School,,,M,,,,,,,,,,EDC_1920_28
EDCT_290,Institution,Johnson Boys' School,,,Carolyn Johnson Memorial Institute,融美,,,,,Education,School,,,M,,,,,,,,,,EDC_1920_27; HB_1936_180-271
EDCT_311,Institution,Methodist Episcopal Girls' High School (Chengdu),,,,,,,,,Education,School,,,F,,,,,,,,,,EDC_1920_96
EDCT_372,Institution,Guthrie Boys' School,,,Guthrie Memorial High School,哲理,,,,,Education,School,,,M,,,,,,,,,,EDC_1920_26; HB_1936_179-257
EDCT_382,Institution,Chungking Boarding School,,,Su Deh,淑德,,,,,Education,School,,,F,,,,,,,,,,HB_1936_183; EDC_1920_97
EDCT_388,Institution,Shanhaikuan City Mission Higher Primary School,,,,,,,,,Education,School,,,M,,,,,,,,,,EDC_1920_19-20
EDCT_398,Institution,Higher Primary School for Boys (Minqing),,,,,,,,,Education,School,,,M,,,,,,,,,"The 1936 Handbook attests a ""Tien Ju"" MEFB boys' school in Minqing, but I have no way of telling if that is the same as this one or not.",EDC_1920_27
EDCT_409,Institution,Shanhaikuan City Middle School,,,,,,,,,Education,School,,,M,,,,,,,,,"""Union of Mission and City Board of Education""",EDC_1920_19
EDCT_411,Institution,Taianfu Middle School,,,,,,,,,Education,School,,,M,,,,,,,,,"Both this and the other Taianfu school from the MEC look like they have the same Chinese name as one in the Handbook--萃英--but two schools with only one name later is a weird situation. Also not 100% sure if the characters are the same. This and the Taianfu Intermediate School also overlap a lot in terms of staff, but not entirely somehow.",EDC_1920_90
EDCT_436,Institution,Higher Primary School for Girls (Minqing),,,,,,,,,Education,School,,,X,,,,,,,,,,EDC_1920_27
EDCT_569,Institution,M.E.F.B. Higher Primary School,,,,,,,,,Education,Higher Education,,,X,,,,,,,,,,
EDCT_618,Institution,Mary Black Hospital,Methodist,,,,,,,,Medical,Hospital,,,F,,,,,,,,,,EDC_1917_22
EDCT_626,Institution,Methodist Episcopal Girls' School,,,,,,,,,Education,School,,,F,,,,,,,,,,EDC_1917_26
EDCT_739,Institution,Girls' Day Schools (Fukien),Methodist,,,,,,,,Education,School,,,F,,,,,,,,,,EDC_1918_128
EDCT_059,Institution,Rulison Fish Girls' High School,,,Rulison High School,儒勵,,,,,Education,School,,,F,,,,,,,,,,EDC_1920_5; HB_1936_182-264
EDCT_276,Institution,Talmage College,,,,尋源,,,,,Education,School,,,M,,,,,,,,,,EDC_1920_24; HB_1936_183
EDCT_426,Institution,St. Joseph's School (Wuhan),,,,,,,,,Education,School,,,X,,,,,,,,,,EDC_1920_37
EDCT_031,Institution,Mahan School,,,,美漢,,,,,Education,School,,,M,,,,,,,,,,EDC_1920_65; HB_1936_181-300; EDC_1916_39
EDCT_060,Institution,St. Mary's Hall,,,,聖瑪利亞,,,,,Education,School,,,F,,,,,,,,,The address within Shanghai given here is different than the one given in the 1936 Handbook.,EDC_1920_60; EDC_1916_38
EDCT_085,Institution,St. John's University,,,,約大附中,,,,,Education,Higher Education,,,M,,,,,,,,,,EDC_1920_58; HB_1936_182-278; EDC_1916_38
EDCT_120,Institution,St. Faith's School for Girls (Yangzhou),,,,,,,,,Education,School,,,F,,,,,,,,,"The 1936 Handbook says there is a St. Faith's girls' school in Beijing, not Yangzhou. Unrelated? Related and relocated?",EDC_1920_65
EDCT_161,Institution,St. James' Hospital Nurses' Training Schools,,,,,,,,,Education,Nursing School,,,M,,,,,,,,,,EDC_1920_2
EDCT_165,Institution,St. John's Alumni School,,,,,,,,,Education,School,,,M,,,,,,,,,"According to this article, the New North Gate is also known as Guangfu Gate, and although it was demolished in '49 it was rebuilt on the same site, which falls in Liangxi District, the geocode given.",EDC_1920_65
EDCT_180,Institution,Soochow Academy,,,,桃塢,,,,,Education,School,,,M,,,,,,,,,,EDC_1920_62; HB_1936_182
EDCT_204,Institution,St. James' High School,,,,,,,,,Education,School,,,M,,,,,,,,,"According to the Chinese Wikipedia page for the former site of St. James' school, it is located at 153 Zhongshan N Road, which is in Jinghu District. The campus is now adjacent to the Wang Jiaxiang Memorial Park. Wang, an Anhui native, was a high-ranking Communist Party official, at Yan'an with Mao, and a St. James School alumnus! I was wondering why ""Lion Hill"" couldn't help me find the school--maybe the nearby Zheshan Park used to be Lion Hill(/Shan) park or something like that?)",EDC_1920_3
EDCT_262,Institution,Huntington School,,,,,,,,,Education,School,,,M,,,,,,,,,,EDC_1920_38
EDCT_264,Institution,St. Phoebe's Training School for Deaconesses and Other Church Workers,,,,,,,,,Education,Missionary Training Institute,,,F,,,,,,,,,,EDC_1920_37-38
EDCT_266,Institution,Noyes Memorial School,,,Henry V. Noyes Memorial College,,,,,,Education,School,,,M,,,,,,,,,"Fati refers to Huadi (花地), a subdistrict of Liwan District in Guangzhou. (via WorldPostmarks)",EDC_1920_70; EDC_1918_134
EDCT_304,Institution,St. Mark's School,,,St. Mark's Anglo-Chinese School,,,,,,Education,School,,,M,,,,,,,,,"A school for ""poor Christian boys,"" their admission cost paid by the Board of Missions.",EDC_1920_65; EDC_1918_137
EDCT_305,Institution,St. Agnes Girls' Boarding School,,,,,,,,,Education,School,,,F,,,,,,,,,,EDC_1920_1-2
EDCT_324,Institution,St. Hilda's School (Wuchang),,,,聖希理達,,,,,Education,School,,,F,,,,,,,,,,EDC_1920_39; HB_1936_182-298
EDCT_331,Institution,St. Paul's High School (Anqing),,,St. Paul's High and Normal Schools,,,,,,Education,School,,,M,,,,,,,,,,EDC_1920_2; EDC_1916_70
EDCT_403,Institution,St. Paul's School (Shanghai),,,,,,,,,Education,School,,,,,,,,,,,,Barchet Road = Xinxiang Road which seems to be in Hongkou district today.,EDC_1920_60
EDCT_414,Institution,St. James' School (Changsha),,,,,,,,,Education,School,,,M,,,,,,,,,,EDC_1920_32
EDCT_415,Institution,Cathedral Choir School,,,,,,,,,Education,School,,,M,,,,,,,,,,EDC_1920_36
EDCT_194,Institution,United Methodist College,,,,,,,,,Education,School,,,M,,,,,,,,,,EDC_1920_11
EDCT_353,Institution,Chaotung Mission Boys' School,,,,,,,,,Education,School,,,M,,,,,,,,,,EDC_1920_99
EDCT_332,Institution,Canadian Methodist Girls' Middle School (Chengdu),,,,,,,,,Education,School,,,F,,,,,,,,,,EDC_1920_95
EDCT_333,Institution,Canadian Methodist Girls' Primary School (Chengdu),,,,,,,,,Education,School,,,F,,,,,,,,,,EDC_1920_95
EDCT_390,Institution,Hwa Yin School (Chengdu),,,Hua Yin School,華英（成都）,,,,,Education,School,,,M,,,,,,,,,"Says here that Hua Yin only had boys attending, but the 1936 Handbook said it was a girls' school. I don't know if that's a clerical error or an actual change over time.",EDC_1920_96; HB_1936_180
EDCT_424,Institution,Boys' Christian School,,,,,,,,,Education,School,,,M,,,,,,,,,,EDC_1920_97
EDCT_487,Institution,Higher Primary Boys’ Boarding School,,,,,,,,,Education,School,,,M,,,,,,,,,,EDC_1920_116; EDC_1918_117
EDCT_607,Institution,School for Children of Missionaries,,,,,,,,,Education,School,,,X,,,,,,,,,,EDC_1917_51
EDCT_012,Institution,Church of Scotland Boys' Boarding School,,,,,,,,,Education,School,,,M,,,,,,,,,,EDC_1920_38
EDCT_105,Institution,Lutheran Middle School for Boys,,,Lutheran Normal School,,,,,,Education,School,,,M,,,,,,,,,"Probably evolved into the ""Lena Dahl Middle School"" of the Lutheran United Mission, attested in the 1936 Handbook, but I can't be certain.",EDC_1920_31
EDCT_329,Institution,Friends' Seminary for Girls,,,Friends' School for Girls,,,,,,Education,School,,,F,,,,,,,,,,EDC_1920_45; EDC_1916_72
EDCT_360,Institution,Albright Preparatory School in China,,,,,,,,,Education,School,,,M,,,,,,,,,,EDC_1920_34
EDCT_349,Institution,U.E. Girls' Boarding School,,,,,,,,,Education,School,,,F,,,,,,,,,,EDC_1920_33
EDCT_625,Institution,U.E. Boys School,,,,,,,,,Education,School,,,M,,,,,,,,,,EDC_1917_24
EDCT_933,Institution,Upper and Lower Primary Girls' School,,,,,,,,,Education,School,,,,,,,,,,,,U.E.M.,EDC_1917_37
EDCT_025,Institution,Hackett Medical College,,,Hackett Medical College for Women and Turner Training School for Nurses,,,,,,Education,Nursing School,,,,,,,,,,,,,EDC_1920_69; EDC_1916_40
EDCT_051,Institution,True Light Middle School,,,,真光（廣州）,,,,,Education,School,,,F,,,,,,,,,,EDC_1920_71; HB_1936_183-245
EDCT_111,Institution,Temple Hill English School,,,,,,,,,Education,School,,,M,,,,,,,,,,EDC_1920_88
EDCT_132,Institution,Truth Hall Academy,,,Presbyterian Academy,崇實,,,,,Education,Children's Work,,,M,,,,,,,,,"Alternate name given: ""Presbyterian Academy."" The description also recounts: ""There are 35 poor boys in the Self Help Department who work two hours per day making Peking rugs. The boys also conduct a litbographic printing press. The School also has a Troop of Boy Scouts.""",EDC_1920_17; HB_1936_183-276; EDC_1916_40
EDCT_146,Institution,School for the Deaf (Yantai),,,Charles Rogers Mills Memorial School for Chinese Deaf,,,,,,Education,School,,,X,,,,,,,,,"The EDC only uses the ""Charles Rogers Mills"" name, but this is definitely the same school for the deaf in Chefoo attested by the Handbook because both say Anita E. Carter works there and both say it is Presbyterian. As for the location, I did a full write-up on the Location List google doc but finding out what district of Yantai the ""East Beach"" falls under took a lot of investigating online.",EDC_1920_87; HB_1936_229
EDCT_200,Institution,Hwaiyuan Academy,,,Hwai Yuen Boys' School,含美學校,,,,,Education,School,,,M,,,,,,,,,Was unsure if this was just another name for an already-recorded Presbyterian school in Huaiyuan but this seems to be separate. Baidu page here.,EDC_1920_2-3
EDCT_217,Institution,John Miller School,,,,,,,,,Education,School,,,M,,,,,,,,,,EDC_1920_34
EDCT_258,Institution,Mary Farnham School,,,Mary Farnham Girls' School,清心,,,,,Education,School,,,F,,,,,,,,,,EDC_1920_52
EDCT_265,Institution,Ching Kwong School,,,,,,,,,Education,School,,,M,,,,,,,,,,EDC_1920_79
EDCT_277,Institution,Kiungchow Higher Primary School,,,,,,,,,Education,School,,,,,,,,,,,,,EDC_1920_77
EDCT_286,Institution,Kashing High School,,,,秀州,,,,,Education,School,,,M,,,,,,,,,"The affiliation is the Northern Presbyterians here but the Southern ones in the 1936 Handbook, for some reason.",EDC_1920_35; HB_1936_180-263
EDCT_287,Institution,Ideh Girls' Boarding School,,,,,,,,,Education,School,,,F,,,,,,,,,,EDC_1920_34
EDCT_293,Institution,Kwang Wen Middle School,,,Point Breeze Academy,廣文,,,,,Education,School,,,,,,,,,,,,,EDC_1920_98; HB_1936_180-298
EDCT_294,Institution,Hamilton Memorial Academy,,,Clara Linton Hamilton Memorial Academy,,,,,,Education,School,,,M,,,,,,,,,,EDC_1920_90
EDCT_295,Institution,Hwaiyuan Girls' School,,,,,,,,,Education,School,,,F,,,,,,,,,,EDC_1920_3
EDCT_296,Institution,Kenarden Girls' Junior High School,,,Kenarden School,育才,,,,,Education,School,,,F,,,,,,,,,,EDC_1920_92
EDCT_301,Institution,New China Academy,,,,,,,,,Education,School,,,M,,,,,,,,,,EDC_1920_34
EDCT_306,Institution,Nantao Christian Institute,,,,,,,,,Education,School,,,,,,,,,,,,"Affiliation is given here as APM (presumably ""American Presbyterian Mission""); wasn't exactly sure what org that was but this source claims the Nantao Institute is sponsored by the Northern Presbyterians, which I believe.",EDC_1920_54; EDC_1918_125
EDCT_312,Institution,Lowrie Institute,,,Lowrie High School,清心,,,,,Education,School,,,M,,,,,,,,,,EDC_1920_52; EDC_1916_75
EDCT_316,Institution,Laughlin Academy,,,,,,,,,Education,School,,,M,,,,,,,,,,EDC_1920_92; EDC_1918_147
EDCT_350,Institution,Vincent Miller Academy,,,,萃英,,,,,Education,School,,,M,,,,,,,,,,EDC_1920_64
EDCT_362,Institution,Ningpo Presbyterian Boys' Academy,,,,,,,,,Education,School,,,M,,,,,,,,,,EDC_1920_9
EDCT_376,Institution,Yuen Nan Boys' Academy,,,Taoyuen Academy,,,,,,Education,School,,,X,,,,,,,,,,EDC_1920_35; EDC_1916_51
EDCT_378,Institution,"Hugh O'Neill, Jr. Memorial Academy (Xingtai)",,,,,,,,,Education,School,,,,,,,,,,,,"May have relocated to Qingdao, as an O'Neill academy in Xingtai is only attested for one couple (the Jenness family)'s location and the only O'Neill academy in the schools section is in Qingdao.",EDC_1920_68 (teachers section)
EDCT_379,Institution,"Hugh O'Neill, Jr. Boys' High School (Qingdao)",,,,,,,,,Education,School,,,M,,,,,,,,,,EDC_1920_92
EDCT_386,Institution,"""Light Loving"" Girls' School",,,,,,,,,Education,School,,,F,,,,,,,,,,EDC_1920_79
EDCT_387,Institution,"""Light Loving"" Branch School",,,,,,,,,Education,School,,,F,,,,,,,,,"Not listed separately, only mentioned offhand. Name is made up by me and the location is an educated guess--""the city"" could technically not refer to the city of Yangjiang/Yeungkong but I'm assuming that it does because what else could it be?",EDC_1920_79
EDCT_396,Institution,Sunnyside School for Girls,,,,,,,,,Education,School,,,F,,,,,,,,,Not in the schools section anywhere. Found the PN affiliation from sources online.,EDC_1920_75 (Teachers' section)
EDCT_397,Institution,People Hope School,,,,民望高等小學,,,,,Education,School,,,M,,,,,,,,,,EDC_1920_78
EDCT_405,Institution,Leng Koang Boys' School,,,,,,,,,Education,School,,,M,,,,,,,,,,EDC_1920_78
EDCT_410,Institution,Women's Bible School (Changsha),,,Tuan Pen Women's Bible Training School,,,,,,Education,School,,,F,,,,,,,,,,EDC_1920_32
EDCT_417,Institution,Cheng Chi School for Boys,,,,,,,,,Education,School,,,M,,,,,,,,,,EDC_1920_32
EDCT_418,Institution,I Siang School,,,,,,,,,Education,School,,,F,,,,,,,,,"Was wondering if this was the Fuhsiang School from the Handbook, but it isn't (the Baidu page for the Fuxiang School has a different founding year).",EDC_1920_32
EDCT_425,Institution,Hainan Christian and middle school,,,,,,,,,Education,School,,,X,,,,,,,,,,EDC_1920_138
EDCT_437,Institution,Wukingfu Theological College,,,,,,,,,Education,Bible School,,,M,,,,,,,,,,EDC_1920_79
EDCT_575,Institution,Tsingtau Station {American Presbyterian Mission},Presbyterian,,,,,,,,Education,School,,,X,,,,,,,,,,EDC_1917_12
EDCT_926,Institution,Union Theological Seminary,,,,,,,,,Education,Seminary,,,X,,,,,,,,,,EDC_1917_71
EDCT_024,Institution,James Sprunt Academy,,,,勵實,,,,,Education,School,,,M,,,,,,,,,,EDC_1920_45; HB_1936_182-262
EDCT_244,Institution,Presbyterian High School,,,,,,,,,Education,School,,,M,,,,,,,,,,EDC_1920_44
EDCT_274,Institution,George C. Smith Girls' School,,,,,,,,,Education,School,,,F,,,,,,,,,,EDC_1920_62
EDCT_404,Institution,Luola Sprunt School,,,Lulu Sprunt School; Luola Murchison Sprunt Academy,輔實,,,,,Education,School,,,F,,,,,,,,,,EDC_1920_45; EDC_1918_147
EDCT_606,Institution,McCormick Boys' School,,,,,,,,,Education,School,,,M,,,,,,,,,,EDC_1917_51
EDCT_621,Institution,A.P.M. Day School,Presbyterian,,,,,,,,Ecclesial,School,,,X,,,,,,,,,I'm not sure about the meaning of A.P.M.,EDC_1917_22
EDCT_327,Institution,Irish Presbyerian Church Mission School,,,Higher and Lower Primary School,,,,,,Education,School,,,M,,,,,,,,,,EDC_1920_83
EDCT_364,Institution,High School for Girls,,,,,,,,,Education,School,,,F,,,,,,,,,,EDC_1920_83
EDCT_367,Institution,High School for Boys,,,,,,,,,Education,School,,,M,,,,,,,,,,EDC_1920_83
EDCT_574,Institution,P.C.I. Middle School,Presbyterian,,,,,,,,Education,School,,,X,,,,,,,,,,EDC_1917_12
EDCT_698,Institution,Christian Mission Middle School,Presbyterian,,,,,,,,Education,School,,,X,,,,,,,,,,EDC_1917_72; EDC_1916_79
EDCT_282,Institution,Hulan Middle School,,,,,,,,,Education,School,,,M,,,,,,,,,,EDC_1920_82
EDCT_298,Institution,Moukden Christian Middle School,,,UFCS Middle School,,,,,,Education,School,,,M,,,,,,,,,"Geocode is just for all of Shenyang because it's really impossible to narrow ""East Suburb"" down to a specific district--the modern-day area sometimes called the East Suburb is cut pretty evenly between two districts, I think.",EDC_1920_83
EDCT_299,Institution,Liaoyang Christian High School,,,,,,,,,Education,School,,,M,,,,,,,,,,EDC_1920_83
EDCT_300,Institution,Wen De Middle School,,,,,,,,,Education,School,,,,,,,,,,,,,EDC_1920_39
EDCT_571,Institution,Girls' Normal School (Moukden),,,,,,,,,Education,School,,,F,,,,,,,,,,EDC_1918_59
EDCT_115,Institution,Hunan Yale School of Nursing,,,Hunan-Yale College of Medicine,,,,,,Education,Nursing School,,,,,,,,,,,,,EDC_1920_32-33; HB_1936_160
EDCT_427,Institution,Sallie and Stewart Day School and Anglo-Chinese Academy,,,,,,,,,Education,School,,,X,,,,,,,,,,EDC_1920_138
EDCT_001,Institution,King's Heralds' Intermediate School,Methodist,,,,,,,,Education,School,Protestant,,F,,,,,,,,,,EDC_1920_57
EDCT_002,Institution,Ecole Municipale Francaise (Wuhan),,,,,,,,,Education,School,,,M,,,,,,,,,,EDC_1920_36
EDCT_003,Institution,Miss Jewell's Private Day and Boarding School,,,,,,,,,Education,School,,,X,,,,,,,,,,EDC_1920_53; EDC_1917_1; EDC_1916_51
EDCT_004,Institution,Shanghai American School,,,,,,,,,Education,School,,,X,,,,,,,,,,EDC_1920_56
EDCT_005,Institution,National University,,,,,,,,,Education,Higher Education,,,M,,,,,,,,,,EDC_1920_13-14
EDCT_006,Institution,Escola Central do Sexo Masculino,,,,,,,,,Education,School,Catholic,,M,,,,,,,,,,EDC_1920_78
EDCT_007,Institution,Public School for Chinese,,,,,,,,,Education,School,,,M,,,,,,,,,Shanghai Municipal Council,EDC_1920_55
EDCT_008,Institution,Shantung Christian University,Interdenominational,,,,,,,,Education,Higher Education,,,M,,,,,,,,,,EDC_1920_90-91
EDCT_009,Institution,Ecole Municipale Franco-Chinoise (Shanghai),,,,,,,,,Education,School,,,M,,,,,,,,,,EDC_1920_50
EDCT_011,Institution,Government Institute of Technology,,,Nanyang College,,,,,,Education,Higher Education,,,M,,,,,,,,,,EDC_1920_51
EDCT_013,Institution,St. Joseph's English College (Hong Kong),,,,,,,,,Education,School,,,M,,,,,,,,,the part of Kennedy Road that St. Joseph's is on is in Central District.,EDC_1920_74
EDCT_014,Institution,Nieh Chih Kuei Public School for Chinese,,,,,,,,,Education,School,,,M,,,,,,,,,"Location is clarified in the teacher roster as the corner of Baikal and ""Kinchow"" roads. Baikal Road = Huimin Road according to Road Names of Old Shanghai; assuming that Kinchow = Jingzhou Rd, it was in modern-day Yangpu District.",EDC_1920_54
EDCT_015,Institution,St. Francis Xavier's Roman Catholic College,,,,,,,,,Education,School,Catholic,,,,,,,,,,,,EDC_1920_58
EDCT_016,Institution,Tung Chi Medical and Engineering College,,,,,,,,,Education,School,,,M,,,,,,,,,,EDC_1920_64-65
EDCT_017,Institution,Sacred Heart College,,,,,,,,,Education,School,,,M,,,,,,,,,,EDC_1920_70
EDCT_018,Institution,St. Paul's Institution,,,,,,,,,Education,School,,,X,,,,,,,,,Not the same as St. Paul's College.,EDC_1920_74
EDCT_019,Institution,Municipal Library,,,,,,,,,Other,Library,,,,,,,,,,,,Unclear if this is Chinese gov't or the foreign groups like the Municipal Council.,EDC_1920_2
EDCT_020,Institution,Town Hall,,,,,,,,,Other,Governmental,,,,,,,,,,,,Unclear if this is Chinese gov't or the foreign groups like the Municipal Council.,EDC_1920_2
EDCT_021,Institution,Diocesan Girls' School,Anglican,,,,,,,,Education,School,,,F,,,,,,,,,,EDC_1920_72
EDCT_022,Institution,Thomas Hanbury School for Girls,,,,,,,,,Education,School,,,F,,,,,,,,,,EDC_1920_61
EDCT_023,Institution,Tung Wen Institute,,,,,,,,,Education,School,,,M,,,,,,,,,"The Tung Wen Institute was deliberately nonreligious, as the source quoted here attests.",EDC_1920_24
EDCT_029,Institution,Collège Français,,,French Municipal School,,,,,,Education,School,Catholic,,,,,,,,,,,"If ""Nan T'ang"" refers to the Cathedral of the Immaculate Conception, known to locals as the Nan Tang (south church), which I believe it does, then the location of the College can be narrowed down to Xicheng District, the geocode given.",EDC_1920_13
EDCT_030,Institution,St. Joseph's School,,,,,,,,,Education,School,,,F,,,,,,,,,,EDC_1920_22; EDC_1916_38
EDCT_034,Institution,University of Shanghai,Baptist,,Shanghai College and Theological Seminary; Shanghai College; Shanghai Baptist Theological Seminary,,,,,,Education,Higher Education,,,,,,,,,,,,"“During the Boxer Rebellion in 1900, the Central China Mission of the American Southern Baptist Convention and the East China Mission of the American Baptist Missionary Union (Northern Baptists) gathered in Shanghai. The two missions collaborated for higher education, establishing the Shanghai Baptist Theological Seminary in 1906 and Shanghai Baptist College in 1909. The two were combined in 1911 to form ""Shanghai Baptist College and Theological Seminary"" (上海浸會大學). The name ""University of Shanghai"" (滬江大學) was adopted when it was registered with the Chinese Government in 1929”",EDC_1920_56-57; HB_1936_150-158; HB_1936_163; https://en.wikipedia.org/wiki/University_of_Shanghai
EDCT_037,Institution,North China Union Language School,,,North China Union Mandarin Language School,,,,,,Education,Language School,,,X,,,,,,,,,"The only location given in this source is Peking, but I know from prior research that the N.C. Language School is more specifically in Dongcheng District (geocode given).",EDC_1920_101
EDCT_039,Institution,Thomas Hanbury School for Boys,,,,,,,,,Education,School,,,M,,,,,,,,,,EDC_1920_61
EDCT_040,Institution,Roman Catholic Clerical Seminary,,,,,,,,,Education,School,Catholic,,M,,,,,,,,,,EDC_1920_55
EDCT_041,Institution,Aurora University,,,,,,,,,Education,School,Catholic,,,,,,,,,,,,EDC_1920_48; EDC_1918_122
EDCT_043,Institution,Union Bible Institute,,,,,,,,,Education,Bible School,,,M,,,,,,,,,"Page number is actually 3 in the teachers section, not the school section",EDC_1920_3
EDCT_044,Institution,Peiping Union Bible Training School for Women,,,Union Bible Training School for Women,,,,,,Education,Bible School,,,F,,,,,,,,,,EDC_1920_3
EDCT_045,Institution,Ecole Municipale Francaise (Shanghai),,,French Municipal School,,,,,,Education,School,Catholic,,X,,,,,,,,,,EDC_1920_50
EDCT_047,Institution,Marist Brothers' College,,,,,,,,,Education,School,Catholic,,M,,,,,,,,,"According to the wikipedia page, the school was in China until 1951, when they had been forced to leave St. Louis International School in Tientsin, China, because of pressure from communist authorities.",EDC_1920_20-21
EDCT_049,Institution,St. Dominic's College,,,,,,,,,Education,School,Catholic,,M,,,,,,,,,"Affil.= ""Catholic Mission""",EDC_1920_25
EDCT_050,Institution,Queen's College,,,,,,,,,Education,School,,,M,,,,,,,,,,"EDC_1920_73, EDC_1916_38"
EDCT_054,Institution,Canton Christian College,,,Lingnan University,,,,,,Education,School,,,X,,,,,,,,,,EDC_1920_68-69; EDC_1916_38-39
EDCT_055,Institution,French Municipal School (Tianjin),,,,,,,,,Education,School,Catholic,,M,,,,,,,,,"Probably in the French Concession but I couldn't find any definitive proof online of that. Religious affiliation is specifically listed as ""Marist Brothers.""",EDC_1920_20
EDCT_056,Institution,Shansi Government University,,,,,,,,,Education,Higher Education,,,M,,,,,,,,,Government-affiliated,EDC_1920_86
EDCT_057,Institution,Tsinghua University,,,Tsing Hua College,,,,,,Education,Higher Education,,,M,,,,,,,,,"Tsinghua U's campus seems to be basically entirely in Haidian District, hence the geocode given.",EDC_1920_17-18
EDCT_058,Institution,Church of England Mission Girls' School,,,Chung Hua Sheng Keng Hui,,,,,,Education,School,,,F,,,,,,,,,,EDC_1920_90
EDCT_061,Institution,University of Nanking,,,,,,,,,Education,School,,,M,,,,,,,,,,EDC_1920_47
EDCT_062,Institution,Shanghai Municipal Normal School,,,,,,,,,Education,School,,,,,,,,,,,,,EDC_1920_54
EDCT_064,Institution,Public School for Girls,,,,,,,,,Education,School,,,F,,,,,,,,,"Shanghai Municipal Council, for ""foreign girls only."" The main school is on Boone Road, but it adds that there are branch schools on Kungping Rd and Avenue Rd",EDC_1920_55
EDCT_065,Institution,Hangchow Chung Hwa English School,,,,,,,,,Education,School,,,M,,,,,,,,,"Secular, nat'l affiliation unknown or nonexistent. Chen-tsan is probably Chengzhan Residential District in Hangzhou, since it uses the same Chinese characters as the district.",EDC_1920_6
EDCT_066,Institution,Pei Yang University,,,Peiyang University,,,,,,Education,Higher Education,,,M,,,,,,,,,,EDC_1920_21
EDCT_067,Institution,Manchuria Christian College,,,,,,,,,Education,School,,,M,,,,,,,,,,EDC_1920_83
EDCT_069,Institution,Cathedral School for Boys,,,,,,,,,Education,School,,,M,,,,,,,,,"Assuming that Kiukiang Road is modern-day Jijujiang Road in Shanghai, this location is in Huangpu District today.",EDC_1920_19
EDCT_070,Institution,Ellis Kadoorie Public School for Chinese,,,,,,,,,Education,School,,,M,,,,,,,,,Shanghai Municipal Council,EDC_1920_50-51
EDCT_071,Institution,Union Medical College for Women,,,,,,,,,Education,Nursing School,,,F,,,,,,,,,"""American Presbyterian Mission (North)"" is part of the address. Don't know if that's a typo, an affiliation, or just a location without showing affiliation.",EDC_1920_19
EDCT_072,Institution,British School,,,,,,,,,Education,School,,,X,,,,,,,,,,EDC_1920_36
EDCT_074,Institution,Peiping Union Medical College,,,,,,,,,Education,Nursing School,,,X,,,,,,,,,"This source says “Hatamen Street” is Chongwenmen today, which is in Dongcheng",EDC_1920_16
EDCT_075,Institution,West China Union University,,,West China Christian Educational Union,,,,,,Education,Higher Education,,,M,,,,,,,,,,EDC_1920_96-97
EDCT_076,Institution,Union Normal Training School,,,,,,,,,Education,School,,,M,,,,,,,,,,EDC_1920_26
EDCT_077,Institution,North China American School,,,,,,,,,Education,School,,,X,,,,,,,,,Was a school for the children of missionaries and therefore presumably at least somewhat Christian. (source),EDC_1920_14
EDCT_082,Institution,Fukien Christian University,,,,,,,,,Education,Higher Education,,,,,,,,,,,,"Same as Fukien Union College? (Foochow, Fukien)",EDC_1920_25; HB_1936_150-154
EDCT_083,Institution,Weihaiwei School,,,,,,,,,Education,School,,,M,,,,,,,,,"Secular, but unclear if the British government is actually involved. ""For British boys"" only as far as students go.",EDC_1920_98
EDCT_084,Institution,China Inland Mission Boys' Primary School (Liangzhou),,,,,,,,,Education,School,,,M,,,,,,,,,,EDC_1920_41
EDCT_086,Institution,Pearl River Academy,,,,,,,,,Education,School,,,M,,,,,,,,,,EDC_1920_70
EDCT_088,Institution,Victoria British School,,,,,,,,,Education,School,,,X,,,,,,,,,,EDC_1920_76
EDCT_090,Institution,Public School for Boys,,,,,,,,,Education,School,,,M,,,,,,,,,"Shanghai Municipal Council. ""For foreign boys only""",EDC_1920_55
EDCT_092,Institution,Customs College,,,,,,,,,Education,School,,,M,,,,,,,,,"""A Training School for Chinese members of the staff of the Chinese Maritime Customs.""",EDC_1920_13
EDCT_096,Institution,Peking University,,,,,,,,,Education,Higher Education,,,M,,,,,,,,,,EDC_1920_16-17
EDCT_097,Institution,Union Vernacular Middle School,,,,,,,,,Education,School,,,M,,,,,,,,,,EDC_1920_26
EDCT_098,Institution,Ellis Kadoorie Public School for Indians,,,English School for Indians,,,,,,Education,School,,,M,,,,,,,,,,EDC_1920_73; EDC_1918_112
EDCT_100,Institution,Hangchow Christian College,Presbyterian,,Presbyterian Christian College,,,,,,Education,Higher Education,,,X,,,,,,,,,"Looking on Wikipedia, it seems like Hangchow Christian College's campus is now the ""Zhijiang Campus"" of Zhejiang University, which is close to Zakow (the location given in the 1936 Handbook) but actually not technically in it--it's in Xihu. But Xihu District of Hangzhou isn't on the geocode spreadsheet anywhere?",EDC_1920_6; EDC_1916_70
EDCT_101,Institution,Hangchow Union Girls' School,,,,弘道,,,,,Education,School,,,F,,,,,,,,,"Where specifically this is in Hangzhou is beyond me as someone who doesn't speak Chinese. Chinese characters for this location are given, but I couldn't effectively scan them and find out where this was. Hangzhou geocode given as placeholder.",EDC_1920_6
EDCT_118,Institution,Union Middle School (Chengdu),,,,,,,,,Education,School,,,,,,,,,,,,These schools are part of WCUU and are lumped into it entirely in the list of schools (whereas in the list of teachers they are sometimes separate),"EDC_1920_12 (Teachers section, not schools section)"
EDCT_119,Institution,Union Bible School (Chengdu),,,,,,,,,Education,Bible School,,,,,,,,,,,,These schools are part of WCUU and are lumped into it entirely in the list of schools (whereas in the list of teachers they are sometimes separate),"EDC_1920_12 (Teachers section, not schools section)"
EDCT_125,Institution,Cathedral School for Girls,,,Holy Trinity Cathedral School,,,,,,Education,School,,,X,,,,,,,,,"Road Names of Old Shanghai says Yates Rd is now Shimen #1 Rd, which is in Jing'an District (geocode given). Also, despite the name the school actually does educate boys, just young ones (up to age 9, whereas girls go until age 17)",EDC_1920_49
EDCT_126,Institution,Vincent's College,,,Vincent's High School,,,,,,Education,School,,,M,,,,,,,,,"Secular but no governmental affiliation, I think. See this source (Wensheng = Vincent i think)",EDC_1920_61
EDCT_127,Institution,Ginling College,,,,,,,,,Education,Higher Education,,,F,,,,,,,,,This document only says Nanking but I know from my extensive research on Ginling that its location can be narrowed down to Gulou District (C747),EDC_1920_45-46; HB_1936_150-155; EDC_1916_38
EDCT_130,Institution,Baptist Normal School,,,,,,,,,Education,School,,,,,,,,,,,,"Miss Catharine F. Bryan's teacher listing is the only place in the entire text that attests to a ""Baptist Normal School"" in Shanghai. Her name doesn't appear anywhere else, nor does that school name or anything similar. This could be a school that's already in the document, but if so I have no way to connect the dots.",EDC_1920_14 (Teachers section)
EDCT_133,Institution,School for American Children (Peking),,,,,,,,,Education,School,,,M,,,,,,,,,"Like the Baptist Normal School in row 132, this is only mentioned in one person's teacher description and never the schools section. Unclear if this is a separate school that is undocumented, or just a weird name for one that's already on the document.",EDC_1920_14 (teachers section)
EDCT_135,Institution,Soochow University Bible Training School,Methodist,,Methodist Bible School,,,,,,Education,Bible School,,,,,,,,,,,,,EDC_1920_62-63; EDC_1918_142
EDCT_136,Institution,Pui Ying Middle School,,,Pei Ying; Union Middle School,培英（男校）（廣州）,,,,,Education,School,,,M,,,,,,,,,"This is only referred to as the Union Middle School in the EDC but it says that the school magazine is the ""Pui Ying"" magazine, so I knew this was the same as the Pui Ying/Pei Ying middle school from the 1936 Handbook.",EDC_1920_71; HB_1936_182-245
EDCT_138,Institution,Ming Lih High School,,,Shanghai High School; Min Li High School,,,,,,Education,School,,,M,,,,,,,,,"Secular but private. ""Chung Hwa Road"" isn't even on Road Names of Old Shanghai, but I eventually found a Baidu page for the school which I think says the school was in Nanshi District until 1937 (i.e. still in Nanshi when this source was written). Nanshi was later merged into Huangpu District so the geocode given is for Huangpu. The school also seems to have a pretty interesting history, moved to an important historical building during the 2nd Sino-Japanese War and the alma mater of Longhua martyr Yin Fu.",EDC_1920_57
EDCT_139,Institution,Kuling School,,,,,,,,,Education,School,,,X,,,,,,,,,"""This School follows the standard American curriculum as far as possible, and is for American or European children only.""",EDC_1920_42-43
EDCT_140,Institution,Bible School (Huozhou),,,Miss Cable's School; Girls' High and Normal Schools,,,,,,Education,Bible School,,,F,,,,,,,,,"Alternate names given by China's Millions. This source actually only calls it ""The Girls' High and Normal Schools"" in Hwochow.",EDC_1920_85; CM_1908_94; CM_1912_111; CM_1917_129
EDCT_143,Institution,St. Lewis' Industrial School,,,West Point Orphanage,,,,,,Education,Children's Work,,,M,,,,,,,,,,EDC_1920_74
EDCT_144,Institution,Methodist Girls' High School,,,Hwei Wen Girls' High School; Methodist Girls' Boarding School,滙文,,,,,Education,School,,,F,,,,,,,,,,EDC_1920_46; HB_1936_181-272
EDCT_148,Institution,Diocesan Training Institute,,,Diocesan Theological College,,,,,,Education,School,,,M,,,,,,,,,"The ""Diocesan Theological College"" name is the only one used by the EDC, but this is definitely the same as the ""Diocesan Training Institute"" in the same location (Sintientsi/Paoning) referenced in China's Millions.",EDC_1920_98; CM_1903_170; CM_1904_77
EDCT_152,Institution,Nanking University Hospital,,,,,,,,,Education,Hospital,,,,,,,,,,,,,EDC_1920_47
EDCT_156,Institution,Kwangtung Higher Normal School,,,,,,,,,Education,School,,,M,,,,,,,,,"""Government"" and therefore secular",EDC_1920_70
EDCT_157,Institution,Wantsai English Government School,,,Yuamati Government School,,,,,,Education,School,,,M,,,,,,,,,,EDC_1920_76
EDCT_159,Institution,Nantung Textile College,,,,,,,,,Education,School,,,M,,,,,,,,,"Secular but private. The Baidu page for the Nantong Textile College gives the name of the cotton mill associated with the college, the Dasheng Spinning Mill (called the “Da Sun Cotton Mill” in the 1920 EDC) (大生紗廠). This turns up this site on Google Maps, which seems to even be a museum for the factory and college. It is in modern-day Chongchuan District.",EDC_1920_47
EDCT_163,Institution,Government Teachers' College,,,,,,,,,Education,Higher Education,,,M,,,,,,,,,,EDC_1920_46
EDCT_164,Institution,School of Fisheries,,,,,,,,,Education,School,,,M,,,,,,,,,"Secular; unclear if private or public. According to a 1913 issue of The Far Eastern Review, what used to be called the Tientsin City Station was renamed to the Tientsin Central station as more train stations were constructed; according to this US military map the Central Station is in a location that falls under Hebei District today.",EDC_1920_22
EDCT_166,Institution,Third Normal School of Kwangsi,,,,,,,,,Education,School,,,M,,,,,,,,,,EDC_1920_67
EDCT_167,Institution,Union Normal School (Wuchang),,,,,,,,,Education,School,,,M,,,,,,,,,,EDC_1920_40
EDCT_168,Institution,Yale College in China,,,,,,,,,Education,Higher Education,,,M,,,,,,,,,"The Baidu page for Yale-in-China explains that in 1919 it moved to ""Mayuanling outside the North Gate."" 'North Gate' on its own didn't help me, but 'Mayuanling' (麻园岭) turned up a street name and several institutions in Kaifu District; I think it is safe to guess Yale-in-China was there.",EDC_1920_33
EDCT_169,Institution,Naval Medical College,,,,,,,,,Education,Nursing School,,,M,,,,,,,,,"Was part of/affiliated with Pei Yang U., therefore Chinese gov't-affiliated. (source)",EDC_1920_21
EDCT_170,Institution,Riverside Academy,,,Presbyterian Girls' School,,,,,,Education,School,,,F,,,,,,,,,"Wasn't sure if the ""Presbyterian Girls' School"" in the EDC was the same as Riverside Aacademy, because although they were both ABFMS girls' schools in Ningpo they had different names in both Chinese and English. However, one search online turned up this PDF, which attests Esther Gauss as an employee of Riverside--the same Esther Gauss listed here as an employee of the Presbyterian Girls' School.",EDC_1920_9; HB_1936_182-274
EDCT_171,Institution,Honan Government Preparatory School,,,,,,,,,Education,School,,,M,,,,,,,,,,EDC_1920_30
EDCT_172,Institution,Fu-tan University,,,Tuh-tan College?; Fuh-tan College,,,,,,Education,School,,,M,,,,,,,,,"According to Wikipedia, Fudan University was private at the time of the EDC 1920 but was public before and became public again some years later.",EDC_1920_51; EDC_1916_60
EDCT_173,Institution,St. John's YMCA School,,,,約翰清中,,,,,Education,School,,,M,,,,,,,,,,EDC_1920_60
EDCT_174,Institution,Hsing Hua Anglo-Chinese Girls' School,,,Hing Hua,,,,,,Education,School,,,X,,,,,,,,,,EDC_1920_52
EDCT_175,Institution,Government Free School,,,,,,,,,Education,School,,,M,,,,,,,,,"""The capital [of British Weihaiwei] was Port Edward, which lay in what is now the centre of Huancui District in the city of Weihai"" (Wikipedia)",EDC_1920_92
EDCT_176,Institution,First Middle School,,,,,,,,,Education,School,,,,,,,,,,,,,EDC_1920_86
EDCT_177,Institution,Lin Nan Middle School,,,,,,,,,Education,School,,,M,,,,,,,,,Seems secular but governmental affiliation unclear. Also seems unrelated to Lingnan University in Guangzhou even though its Chinese name is technically the same,EDC_1920_52
EDCT_178,Institution,Nankai University,,,Nan Kai College,南開大學,,,,,Education,Higher Education,,,M,,,,,,,,,Was private but secular at the time. I was able to narrow its location down to Nankai District of Tianjin (the geocode given) using info from its Baidu page and Google Maps.,EDC_1920_21
EDCT_179,Institution,St. Joseph's Seminary,,,,,,,,,Education,Seminary,,,M,,,,,,,,,"Affiliation is given as ""Portugese Mission in China""--do I add that to the list? It's probably Catholic or otherwise not Protestant",EDC_1920_78
EDCT_182,Institution,Nanyang Commercial Academy,,,,,,,,,Education,School,,,M,,,,,,,,,"Secular, government affiliation unknown.",EDC_1920_54
EDCT_183,Institution,Chinese Government Engineering College,,,Engineering College of the Ministry of Communications,,,,,,Education,Higher Education,,,M,,,,,,,,,,EDC_1920_20
EDCT_184,Institution,Chekiang Provincial Commercial College,,,,,,,,,Education,Higher Education,,,M,,,,,,,,,,EDC_1920_5
EDCT_185,Institution,Soochow University Middle School,,,,,,,,,Education,School,,,M,,,,,,,,,,EDC_1920_62-63
EDCT_187,Institution,Ch'en Tien Anglo-Chinese College,,,,,,,,,Education,School,Anglican,,M,,,,,,,,,"{You can also find it as ""Chen Tien Anglo-Chinese College"", without the apostrophe} Proof of religious affiliation here. Woosung Road is in Hongkou District so it's safe to assume Thorne Rd is too.",EDC_1920_49
EDCT_189,Institution,Second Provincial Normal School of Kiangsu,,,,,,,,,Education,School,,,M,,,,,,,,,"According to its Baidu page this school is in modern-day Huangpu district. Funnily enough, the neighborhood it's in is now called Laoximen (老西门) or Old West Gate.",EDC_1920_56
EDCT_190,Institution,Chinan Institute,,,,,,,,,Education,School,,,M,,,,,,,,,,EDC_1920_45
EDCT_191,Institution,Government Normal School (Dali),,,,,,,,,Education,School,,,M,,,,,,,,,,EDC_1920_100
EDCT_193,Institution,Albert J. Pitkin Memorial School,,,A.J. Pitkin Memorial School for Girls,匹瑾,,,,,Education,School,,,F,,,,,,,,,,EDC_1920_77; HB_1936_182-264
EDCT_197,Institution,Pootung Middle School,,,Putung Middle School,浦東中學,,,,,Education,School,,,M,,,,,,,,,"Secular and private according to its Baidu page. Found the school's location using its Chinese name, which must be the correct one because it is near a bridge called ""Liuli Bridge.""",EDC_1920_47
EDCT_201,Institution,Hunan Commercial College,,,,,,,,,Education,Higher Education,,,M,,,,,,,,,,EDC_1920_32
EDCT_202,Institution,Peking Normal College,,,,,,,,,Education,School,,,M,,,,,,,,,,EDC_1920_15
EDCT_203,Institution,Tso Pin College,,,,,,,,,Education,School,,,,,,,,,,,,No idea what this is. Only attested as one of Chen Pao-chuan's employers; completely absent from the schools list elsewhere in the Directory. A local dialect version of another school's name? A typo?,EDC_1920_23 (Teachers section)
EDCT_205,Institution,Kiangsu Fifth Middle School,,,,,,,,,Education,School,,,M,,,,,,,,,,EDC_1920_44
EDCT_206,Institution,Nanyang Railway and Mining College,,,,,,,,,Education,Higher Education,,,M,,,,,,,,,"Secular, unclear if it was gov't-affiliated or not.",EDC_1920_54
EDCT_209,Institution,First Kiangsu Provincial School of Agriculture and Forestry,,,,,,,,,Education,School,,,M,,,,,,,,,"Secular, almost definitely gov't affiliated.",EDC_1920_62
EDCT_210,Institution,Y.S. Chen's School,,,,,,,,,Education,Language School,,,,,,,,,,,,"Stroke of luck: I found an advertisement for Y.S. Chen's school in this pdf, which gives the location in Chinese; the Hutong and Xiaoguan neighborhoods are right near each other even in today's Tianjin, and both in Hebei District. It is a secular, private school.",EDC_1920_22
EDCT_211,Institution,Chekiang First Normal School,,,,,,,,,Education,School,,,M,,,,,,,,,Location might be here in Xiacheng District but because this is a secular gov't school I'm not going to spend too much time hunting down the location.,EDC_1920_5
EDCT_212,Institution,Peking Fine Arts School,,,,,,,,,Education,School,,,,,,,,,,,,"Only given as a teacher's employer, nowhere in the schools section.",EDC_1920_24 (Teachers section)
EDCT_215,Institution,Chekiang Second Middle School,,,,,,,,,Education,School,,,M,,,,,,,,,Government-affiliated,EDC_1920_8
EDCT_216,Institution,Baptist Academy,,,,,,,,,Education,School,,,M,,,,,,,,,,EDC_1920_9
EDCT_221,Institution,Law College (Taiyuan),,,,,,,,,Education,School,,,,,,,,,,,,Government-affiliated,EDC_1920_86
EDCT_223,Institution,Army Medical College,,,,,,,,,Education,Military,,,M,,,,,,,,,"""This School is under the direct control of the Army Board, Peking.""",EDC_1920_12
EDCT_224,Institution,Ming Sung Public School,,,,,,,,,Education,School,,,,,,,,,,,,Presumably secular but governmental affiliation unknown.,EDC_1920_53
EDCT_227,Institution,Fu Teh School,,,,,,,,,Education,School,,,M,,,,,,,,,Just giving the geocode for Hankow here because there is almost no information on the Fu Teh School that I can find and its location is therefore not possible to find,EDC_1920_36-37
EDCT_228,Institution,Paoting Middle School,,,,,,,,,Education,School,,,M,,,,,,,,,,EDC_1920_12
EDCT_233,Institution,World's Chinese Students' Federation Day and Evening Schools,,,,,,,,,Education,School,,,M,,,,,,,,,,EDC_1920_61
EDCT_234,Institution,An Ding Middle School,,,,,,,,,Education,School,,,M,,,,,,,,,"Secular but private. According to its Chinese Wikipedia page, a modern-day middle school is located at the original site of Anding Middle School, which is in Shangcheng District. ""Kwei Hang"" refers to a nearby side street called Kui Lane by the Wikipedia page.",EDC_1920_4
EDCT_235,Institution,Kiangsu Ninth Middle School,,,,,,,,,Education,School,,,,,,,,,,,,,EDC_1920_27 (Teachers section)
EDCT_237,Institution,Shanghai First District School,,,,,,,,,Education,School,,,M,,,,,,,,,,EDC_1920_57
EDCT_241,Institution,Chinese National Institute,,,,,,,,,Education,School,,,M,,,,,,,,,"Sounds government-affiliated but not 100% sure. Location: Weihaiwei Road is in Jing'an and Huangpu districts, but low house numbers are in Huangpu (geocode given.)",EDC_1920_49
EDCT_242,Institution,Wan Tso Primary School,,,,,,,,,Education,School,,,X,,,,,,,,,"Listed as affiliated with the ""Shanghai Nantao Council."" Not sure where Kiu Mer Road is, but because this doesn't seem to be a missionary or Christian school I am leaving its location simply at Shanghai for now,",EDC_1920_61
EDCT_243,Institution,French Mission Seminary,,,,,,,,,Education,Seminary,,,M,,,,,,,,,"Affil.: ""Mission Etrangeres""",EDC_1920_69
EDCT_245,Institution,Fengyang Fourth Middle School,,,,,,,,,Education,School,,,M,,,,,,,,,,EDC_1920_2
EDCT_246,Institution,College of Posts and Telegraphs,,,,,,,,,Education,School,,,M,,,,,,,,,,EDC_1920_13
EDCT_248,Institution,Chihli Provincial College,,,,,,,,,Education,School,,,,,,,,,,,,Probably gov't affiliated but no way of knowing.,EDC_1920_30 (Teachers section)
EDCT_251,Institution,Shanghai Jewish School,,,,,,,,,Education,School,Jewish,,X,,,,,,,,,"Road Names of Old Shanghai indicates that Whangpoo Road is now Zhongshan East Road 1, in Huangpu District.",EDC_1920_57
EDCT_252,Institution,Kowloon British School,,,Kowloon School for European Children,,,,,,Education,School,,,X,,,,,,,,,"Students are only ""European"" boys and girls. Hongkong gov't affiliated.",EDC_1920_77; EDC_1916_78
EDCT_254,Institution,Belilios Public School for Girls,,,,,,,,,Education,School,,,F,,,,,,,,,"""In 1890, the Hong Kong Government set up the Central School for Girls at Old Bailey Street. Mr. Emanual R. Belilios, a Jewish philanthropist donated HK$ 25 000 for a new building for the Central School for Girls in 1893, at the old site of Central School where a three-storeyed building was erected between Hollywood Road and Gough Street.The school was renamed Belilios Public School in honour of Mr. Belilios.""",EDC_1920_72: Wikipedia; EDC_1916_38
EDCT_255,Institution,Diocesan Boys' School,,,,,,,,,Education,School,,,M,,,,,,,,,"""Founded for Eurasians; Chinese received only full fees.""",EDC_1920_72
EDCT_256,Institution,Canton Union Theological College,,,,,,,,,Education,Seminary,,,M,,,,,,,,,"The Directory adds: ""This College is the Theological College of the Kwangtung System of Christian Schools."" (whatever that means!)",EDC_1920_69
EDCT_257,Institution,Blind Girls' Industrial Home,,,St. Nicholas' School and Industrial Home for Blind Girls,,,,,,Education,School,,,F,,,,,,,,,"This source identifies ""Hsiao Ho Yen"" as a dated romanization of ""Xiaoheyan"" (小河沿). Searching in Shenyang, I found a street bearing the same name in Dadong District. I am guessing that St. Nicholas' was there.",
EDCT_263,Institution,Union Medical College (Fuzhou),,,,,,,,,Education,Nursing School,,,M,,,,,,,,,,EDC_1920_25-26
EDCT_273,Institution,Nanking Foreign School,,,,,,,,,Education,School,,,,,,,,,,,,"Don't know where Hillcrest is, and I won't pry deeply into it because I doubt this school is religious. Geocode given is for Nanking.",EDC_1920_46
EDCT_279,Institution,Union Training School for Nurses,,,,,,,,,Education,Nursing School,,,F,,,,,,,,,,EDC_1920_19
EDCT_289,Institution,Hwa Nan College,,,Women's College of South China,華南,,,,,Education,School,,,F,,,,,,,,,"According to its Baidu page, Hwa Nan was located in Cangshan District specifically of Fuzhou.",EDC_1920_26; HB_1936_150-180
EDCT_314,Institution,Central China College,,,Hua Chung; Boone University,文華,,,,,Education,School,,,M,,,,,,,,,"According to this gov't website the street it was on was called Tanhualin, which is in Wuchang District of Wuhan (the geocode given).",EDC_1920_39; HB_1936_150-154
EDCT_320,Institution,North China Women's College,,,North China Union Women's College,,,,,,Education,School,,,F,,,,,,,,,"According to its Baidu page, the former site of the college is in modern-day Dongcheng District.",EDC_1920_14; EDC_1916_39
EDCT_321,Institution,Institution for the Chinese Blind,,,,,,,,,Education,School,,,M,,,,,,,,,,EDC_1920_52; HB_1936_228
EDCT_326,Institution,Peking American School,,,,,,,,,Education,School,,,,,,,,,,,,"Was a school for the children of missionaries and therefore at least somewhat Christian, presumably. (source)",EDC_1920_14
EDCT_328,Institution,Escola Central do Sexo Feminino,,,,,,,,,Education,School,Catholic,,F,,,,,,,,,,EDC_1920_78
EDCT_337,Institution,Lutheran Theological Seminary,Lutheran,,Central China Union Lutheran Theological Seminary,,,,,,Education,School,,,M,,,,,,,,,,EDC_1920_38; HB_1936_150-163
EDCT_347,Institution,Tsinan Institute,,,,,,,,,Education,School,,,,,,,,,,,,"""Extension Department"", whatever that means, of Shantung Christian University.",EDC_1920_92
EDCT_354,Institution,Sarah Batchelor Memorial School for Girls,,,,,,,,,Education,School,,,F,,,,,,,,,"Only attested as teachers' employers, not in the schools section. I wonder why?",EDC_1920_58 (Teachers' section)
EDCT_356,Institution,Huchow Union Hospital Nurses' Training School,,,,,,,,,Education,Nursing School,,,,,,,,,,,,,EDC_1920_7
EDCT_361,Institution,Chaokiang Middle School,,,,,,,,,Education,School,,,,,,,,,,,,Only attested as B.Y. Hsu's past employer; no other information is given elsewhere in the text.,EDC_1920_62 (Teachers' section)
EDCT_370,Institution,St. Joseph's College (Ningbo),,,,,,,,,Education,School,,,M,,,,,,,,,,EDC_1920_9
EDCT_375,Institution,St. Joseph's Reformed Church Institute,,,St. Joseph's Institution,,,,,,Education,School,,,X,,,,,,,,,Rue Montauban is in Huangpu District according to Road Names of Old Shanghai,EDC_1920_60
EDCT_383,Institution,Huchow Woman's School,,,,,,,,,Education,School,,,F,,,,,,,,,,EDC_1920_8
EDCT_385,Institution,Chun Hwa University,,,,,,,,,Education,School,,,M,,,,,,,,,"Eventually merged with Boone, according to Wikipedia.",EDC_1920_39
EDCT_395,Institution,Industrial Institution for the Blind,,,,,,,,,Education,School,,,F,,,,,,,,,,HB_1936_228; EDC_1920_75 (Teachers' section)
EDCT_401,Institution,Medical Training College,,,,,,,,,Education,School,,,M,,,,,,,,,"Same as ""Maternity Training College""?, Likely same as Hangchow Medical College / CMS Medical Training College (Hangchow) —confirm",EDC_1920_7; EDC_1918_148
EDCT_406,Institution,Keen School,,,,中西,,,,,Education,School,,,F,,,,,,,,,,EDC_1920_83 (teachers' section); HB_1936_180
EDCT_407,Institution,Union Missionary Training School,,,,,,,,,Education,School,,,,,,,,,,,,"The Directory notes that the ""spoken language of Western China"" (Sichuan dialect?) is so different from Mandarin that this school was necessary for properly training missionaries to the region.",EDC_1920_100
EDCT_419,Institution,Andrew's Academy,,,On Tak,,,,,,Education,School,,,,,,,,,,,,"Fengyuan is also the name of a neighborhood in Guangzhou, with several streets within it bearing the same name. All of this is in Liwan District.",EDC_1920_68
EDCT_420,Institution,Wuchang Higher Normal College,,,,,,,,,Education,School,,,U,,,,,,,,,,EDC_1920_137
EDCT_422,Institution,Praya East School,,,,,,,,,Education,School,,,M,,,,,,,,,Wantsai = Wan Chai District,EDC_1920_73
EDCT_428,Institution,Union Normal School for Women (Guangzhou),,,,协和（广州）,,,,,Education,School,,,F,,,,,,,,,"Not attested in the school section, only the teachers' section. Is in the 1936 Handbook, however.",EDC_1920_92 (Teachers' section); HB_1936_183-246
EDCT_429,Institution,English Methodist College,,,,,,,,,Education,School,,,X,,,,,,,,,,EDC_1920_139
EDCT_430,Institution,China Sunday School Union,,,,,,,,,Education,School,,,X,,,,,,,,,,EDC_1920_139
EDCT_431,Institution,Chinkiang Girls' High School,,,,,,,,,Education,School,,,F,,,,,,,,,,EDC_1920_140
EDCT_432,Institution,Tsunhwa Provincial Middle Shool,,,,,,,,,Education,School,,,X,,,,,,,,,,EDC_1920_141
EDCT_445,Institution,Church of England Mission School (Yongqing),,,,,,,,,,,,,,,,,,,,,,,EDC_1920_97 (Teachers' section)
EDCT_447,Institution,Peking Union Medical College,,,,,,,,,Education,School,,,,,,,,,,,,British Legation,EDC_1920_152; EDC_1916_38
EDCT_448,Institution,Baptist Missionary Society's Middle School,,,Taiyuanfu Middle School; B.M. Socy's Middle School,,,,,,Education,School,,,X,,,,,,,,,,EDC_1920_156; EDC_1918_137
EDCT_449,Institution,Juliet Turner Bible Training School for Women,,,Juliet Turner Memorial Women's Training School,,,,,,Education,School,,,F,,,,,,,,,,EDC_1920_156
EDCT_451,Institution,Mary S. Black Seminary,,,,Mary S. Black Seminary,,,,,Education,School,,,X,,,,,,,,,Affiliated with Beulah Academy,EDC_1920_159
EDCT_454,Institution,Tung Lin School,,,,,,,,,Education,School,,,X,,,,,,,,,,EDC_1920_129
EDCT_455,Institution,Woman's Bible School,,,,,,,,,Education,Bible School,,,F,,,,,,,,,,EDC_1920_130
EDCT_458,Institution,College of Arts and Science for Women,,,,,,,,,Education,School,,,F,,,,,,,,,,EDC_1920_131
EDCT_460,Institution,Cathedral School,,,,,,,,,Education,School,,,X,,,,,,,,,,EDC_1920_164
EDCT_461,Institution,Union Girls' High School,,,Hunan Union Girls High and Normal Training School,,,,,,Education,School,,,F,,,,,,,,,,EDC_1920_134; EDC_1916_64
EDCT_462,Institution,Kaiyuan public School,,,,,,,,,Education,School,,,X,,,,,,,,,,EDC_1920_134
EDCT_463,Institution,Fengtien Higher Normal College,,,,,,,,,Education,School,,,X,,,,,,,,,,EDC_1920_134
EDCT_464,Institution,French Municipal School (Peking),,,,,,,,,Education,School,,,X,,,,,,,,,,EDC_1918_1
EDCT_465,Institution,Government University (Peking),,,,,,,,,Education,School,,,X,,,,,,,,,,EDC_1918_1
EDCT_466,Institution,Van Kirk Women's Industrial School,,,,,,,,,Education,School,,,F,,,,,,,,,,EDC_1918_1
EDCT_467,Institution,Union High School,,,Chungking Union High School,,,,,,Education,School,,,X,,,,,,,,,,EDC_1918_1
EDCT_468,Institution,Soochow University School of Law,,,,,,,,,Education,School,,,,,,,,,,,,,EDC_1918_2
EDCT_470,Institution,Chefoo Orphanage,,,,,,,,,Rescue,Orphanage,,,X,,,,,,,,,,EDC_1920_100
EDCT_471,Institution,Lun Ts'ai Middle School,,,,,,,,,Education,School,,,X,,,,,,,,,,EDC_1920_100
EDCT_474,Institution,Kingchow Theological Seminary and Middle School,,,,,,,,,Education,School,,,X,,,,,,,,,,EDC_1920_107
EDCT_475,Institution,Szechwan College of Foreign Languages,,,Higher Normal School and College of Foreign Languages,,,,,,Education,School,,,,,,,,,,,,,EDC_1920_141
EDCT_476,Institution,Hankow Intermediate School,,,,,,,,,Education,School,,,X,,,,,,,,,,EDC_1920_135
EDCT_477,Institution,YMCA Night School (Moukden),,,,,,,,,Education,School,,,X,,,,,,,,,,EDC_1920_108
EDCT_479,Institution,Roman Catholic Orphanage for Chinese,,,,,,,,,Ecclesial,School,,,X,,,,,,,,,,EDC_1918_7
EDCT_480,Institution,Higher Primary School for Boys (Henan),,,,,,,,,Education,School,,,M,,,,,,,,,,EDC_1920_110
EDCT_481,Institution,Male Nurses’ Training School,,,,,,,,,Education,School,,,M,,,,,,,,,,EDC_1920_113
EDCT_482,Institution,Diocesan School and Orphanage,,,,,,,,,Education,School,,,X,,,,,,,,,,EDC_1918_10
EDCT_483,Institution,Pingtu Christian Institute,,,,,,,,,Education,School,,,X,,,,,,,,,,EDC_1918_12
EDCT_484,Institution,Union Normal School (Peking),,,,,,,,,Education,School,,,X,,,,,,,,,,EDC_1920_114
EDCT_485,Institution,Russian Municipal School,,,,,,,,,Education,School,,,X,,,,,,,,,,EDC_1920_114
EDCT_486,Institution,Miller Seminary,,,,,,,,,Education,Seminary,,,X,,,,,,,,,,EDC_1920_116
EDCT_488,Institution,Baptist Day School and Kindergarten,,,,,,,,,Education,School,,,X,,,,,,,,,,EDC_1920_117
EDCT_489,Institution,Williams Memorial School,,,,,,,,,Education,School,,,X,,,,,,,,,,EDC_1920_117
EDCT_490,Institution,Tientsin Grammar School,,,British Municipal Council,,,,,,Education,School,,,X,,,,,,,,,,EDC_1920_118
EDCT_491,Institution,Louise Henderson Girls' Boarding,,,,,,,,,Education,School,,,F,,,,,,,,,,EDC_1920_118
EDCT_493,Institution,Wen Mei Girls' High School,,,,,,,,,Education,School,,,F,,,,,,,,,,EDC_1920_118
EDCT_494,Institution,Paxton Training School for Christian Workers,,,,,,,,,Education,School,,,X,,,,,,,,,,
EDCT_495,Institution,Pukow Christian School,,,,,,,,,Education,School,,,X,,,,,,,,,,
EDCT_496,Institution,David Hill School for the Blind,,,,,,,,,Education,School,,,X,,,,,,,,,We don't know if this institution and David Hill Memorial Girls' Boarding School are the same.,EDC_1920_101
EDCT_497,Institution,Nanking School of Theology,,,,,,,,,Education,School,,,X,,,,,,,,,O17,
EDCT_498,Institution,Christian Grammar School,,,,,,,,,Education,School,,,X,,,,,,,,,,EDC_1918_19
EDCT_499,Institution,Methodist Episcopal Boys' School,,,,,,,,,Education,School,,,M,,,,,,,,,,
EDCT_500,Institution,Grace Baptist Church Day and Evening Schools,,,,,,,,,,School,,,X,,,,,,,,,,EDC_1920_119
EDCT_501,Institution,Christian Literature Society,,,,,,,,,Education,School,,,X,,,,,,,,,,EDC_1920_120
EDCT_502,Institution,Women's Bible School,,,,,,,,,Education,Bible School,,,F,,,,,,,,,,EDC_1920_120
EDCT_503,Institution,Christian Elementary School,,,,,,,,,Education,School,,,X,,,,,,,,,,EDC_1920_121
EDCT_504,Institution,Baptist Theological Seminary,,,,,,,,,Education,School,,,X,,,,,,,,,,EDC_1920_153
EDCT_505,Institution,French Municipal School for Chinese (Shanghai),,,Ecole Municipale Franco-Chinoise,,,,,,Education,School,,,X,,,,,,,,,,EDC_1920_110; EDC_1916_38
EDCT_506,Institution,Morrison Hall,,,,,,,,,Education,School,,,X,,,,,,,,,In connection with the Hongkong University,EDC_1920_113; EDC_1916_75
EDCT_507,Institution,Kwang-Ih Anglo-Chinese School,,,,,,,,,Education,School,,,X,,,,,,,,,,EDC_1920_122
EDCT_508,Institution,University Aurore,,,,,,,,,Education,School,,,X,,,,,,,,,,EDC_1920_122
EDCT_510,Institution,The Provincial Third Middle School of Anhwei,,,,,,,,,Education,School,,,X,,,,,,,,,,EDC_1920_45
EDCT_511,Institution,Graves Theological Seminary {Canton},,,,,,,,,Education,Seminary,,,X,,,,,,,,,,EDC_1917_2
EDCT_512,Institution,Lutheran Middle School for Girls,,,,,,,,,Education,School,,,F,,,,,,,,,,EDC_1917_2
EDCT_513,Institution,Baptist Mission Girls' School,,,,,,,,,Education,School,,,F,,,,,,,,,,EDC_1917_2
EDCT_514,Institution,La Akademio Utopia,,,,,,,,,Education,School,,,X,,,,,,,,,Affiliated to Tsinghua College. Source: https://archive.org/stream/whoswhochineses00amergoog/whoswhochineses00amergoog_djvu.txt,EDC_1920_63
EDCT_515,Institution,St. Louis School,,,,,,,,,Education,School,,,X,,,,,,,,,,EDC_1917_2
EDCT_516,Institution,West China Union Bible Training School,,,,,,,,,Education,Bible School,,,X,,,,,,,,,,EDC_1918_28
EDCT_517,Institution,Union Theological College,,,,,,,,,Education,School,,,X,,,,,,,,,,EDC_1918_29
EDCT_518,Institution,Union Theological School,,,,,,,,,Education,School,,,X,,,,,,,,,,EDC_1918_30
EDCT_519,Institution,St. Ignatius College,,,St. Ignatus Roman Catholic Seminary,,,,,,Education,School,Catholic,,X,,,,,,,,,,
EDCT_526,Institution,Nurse training School,,,Instructor Training School for Nurses,,,,,,Medical,School,,,X,,,,,,,,,,EDC_1917_41
EDCT_528,Institution,West Soochow Kindergarten Training School,,,,,,,,,Education,School,,,X,,,,,,,,,,EDC_1918_46
EDCT_531,Institution,Kaiser Wilhelm Realschule and Kindergraten,,,,,,,,,Education,School,,,X,,,,,,,,,,EDC_1918_48
EDCT_535,Institution,Cheng Ting Middle School,,,,,,,,,Education,School,,,X,,,,,,,,,,EDC_1918_50
EDCT_538,Institution,Kwongtung College,,,,,,,,,Education,School,,,X,,,,,,,,,,EDC_1918_51
EDCT_539,Institution,Honan Agricultural College,,,,,,,,,Education,School,,,X,,,,,,,,,,EDC_1918_51
EDCT_540,Institution,Boone University,,,,,,,,,Education,School,,,X,,,,,,,,,,EDC_1917_42
EDCT_541,Institution,North China Union College (Tungchow),,,North China Union College of Arts,,,,,,Education,School,,,X,,,,,,,,,,EDC_1917_42; EDC_1918_140
EDCT_542,Institution,Kwangtung College,,,,,,,,,Education,School,,,X,,,,,,,,,,EDC_1918_52
EDCT_543,Institution,Lakeside School,,,,,,,,,Education,School,,,X,,,,,,,,,,EDC_1918_54
EDCT_544,Institution,Girls' School (Yiyang),,,,,,,,,Education,School,,,F,,,,,,,,,,EDC_1918_54
EDCT_545,Institution,Simachi School for English,,,,,,,,,Education,School,,,X,,,,,,,,,,EDC_1918_55
EDCT_546,Institution,Fauson's English Language Institute,,,,,,,,,Education,School,,,X,,,,,,,,,,EDC_1918_55
EDCT_547,Institution,Fei Hung School,,,,,,,,,Education,School,,,X,,,,,,,,,,EDC_1918_56
EDCT_548,Institution,Danish Mission Middle School,,,,,,,,,Education,School,,,X,,,,,,,,,,EDC_1917_8
EDCT_549,Institution,Chung Hua Engineering College,,,Chung Hwa Engineering College,,,,,,Education,School,,,X,,,,,,,,,,EDC_1918_57
EDCT_550,Institution,Nanking Theological Seminary,,,,,,,,,Education,School,,,X,,,,,,,,,,
EDCT_551,Institution,Laichowfu Girls' School,,,,,,,,,Education,School,,,F,,,,,,,,,,EDC_1918_57
EDCT_552,Institution,National Normal School of Physical Education,,,,,,,,,Education,School,,,X,,,,,,,,,,EDC_1918_57
EDCT_553,Institution,Ankiu Middle School,,,,,,,,,Education,School,,,X,,,,,,,,,,EDC_1918_57
EDCT_555,Institution,Girls' Boarding School (Lungtien),,,,,,,,,Education,School,,,F,,,,,,,,,,EDC_1918_58
EDCT_557,Institution,St. Ignatius Roman Catholic College,,,,,,,,,Education,School,,,X,,,,,,,,,,EDC_1918_78
EDCT_558,Institution,Country Schools,,,,,,,,,Education,School,,,X,,,,,,,,,,EDC_1917_9
EDCT_559,Institution,Day Schools,,,,,,,,,Education,School,,,X,,,,,,,,,,EDC_1917_9
EDCT_560,Institution,McPherson Academy for Boys,Presbyterian,,,,,,,,Education,School,,,M,,,,,,,,,,EDC_1917_9
EDCT_561,Institution,C.M.S. Boarding School,,,,,,,,,Education,School,,,X,,,,,,,,,,EDC_1917_9
EDCT_562,Institution,C.I.M Girls School,,,,,,,,,Education,School,,,F,,,,,,,,,,EDC_1917_80
EDCT_563,Institution,Church of England Mission School,,,,,,,,,Education,School,,,X,,,,,,,,,,EDC_1917_10
EDCT_564,Institution,London Mission City School,,,,,,,,,Education,School,,,X,,,,,,,,,,
EDCT_565,Institution,Women's College of South China,,,Foochow Women's College,,,,,,Education,Higher Education,,,F,,,,,,,,,,EDC_1917_44
EDCT_566,Institution,Peking Christian University,,,,,,,,,Education,School,,,X,,,,,,,,,,EDC_1918_79
EDCT_567,Institution,Tsinglan Middle School,,,,,,,,,Education,School,,,X,,,,,,,,,,EDC_1917_81
EDCT_568,Institution,Colegio de Sante Roza de Lina,,,,,,,,,Education,School,,,X,,,,,,,,,"The Franciscan Missionaries of Mary (FMM) came to Macau in 1903 to take charge of Colegio de Santa Rosa de Lima, but then in 1910, all religious were obliged to leave Macau. They returned in 1932.",EDC_1917_10
EDCT_570,Institution,Peking School of Commerce and Finance,,,,,,,,,Education,School,,,X,,,,,,,,,,EDC_1917_11
EDCT_572,Institution,Lyceu National de Macao,,,Liceu National (Macao),,,,,,Education,School,,,X,,,,,,,,,,EDC_1918_59; EDC_1916_73
EDCT_573,Institution,Baptist Higher Primary and Junior Academy,,,,,,,,,Education,School,,,X,,,,,,,,,,EDC_1918_80
EDCT_576,Institution,Baptist Theological College,Baptist,,,,,,,,Education,school,,,X,,,,,,,,,,EDC_1917_13
EDCT_577,Institution,Union School of Theology,,,,,,,,,Education,School,,,X,,,,,,,,,,EDC_1917_15
EDCT_578,Institution,Second Provincial Agricultural School of Kiangsu,,,,,,,,,Education,School,,,X,,,,,,,,,,EDC_1917_15
EDCT_579,Institution,YMCA Evening School (Shanghai),,,,,,,,,Education,School,,,X,,,,,,,,,,EDC_1917_15
EDCT_581,Institution,Shanghai Baptist College,Baptist,,,,,,,,Education,School,,,X,,,,,,,,,May be alternative name for Universitty of Shanghai,EDC_1918_102
EDCT_583,Institution,Ebenezer School for Blind Girls,,,,,,,,,Education,School,,,F,,,,,,,,,,EDC_1918_103; EDC_1916_40
EDCT_584,Institution,Roman Catholic Seminary,,,,,,,,,Education,School,,,X,,,,,,,,,,
EDCT_585,Institution,The Sacred Heart (R.C.),,,,,,,,,Education,School,,,X,,,,,,,,,,
EDCT_586,Institution,Basel Mission Middle and Normal Schools,,,,,,,,,Education,School,,,X,,,,,,,,,,EDC_1917_82
EDCT_587,Institution,Intermediate School (Changli),,,,,,,,,Education,School,,,X,,,,,,,,,,EDC_1917_82
EDCT_588,Institution,Effie Sears Memorial Girls' School,,,,,,,,,Education,School,,,,,,,,,,,,,
EDCT_589,Institution,Day Schools,Methodist,,Nanchang Kindergarten and Day Schools,,,,,,Education,School,,,X,,,,,,,,,,EDC_1917_45
EDCT_590,Institution,Italian Convent School including St. Agnes College,,,,,,,,,Education,School,,,X,,,,,,,,,,EDC_1918_97
EDCT_591,Institution,Convent School and Kindergarten,,,,,,,,,Education,School,,,X,,,,,,,,,,EDC_1918_99
EDCT_592,Institution,St. Mary's School and Kindergarten,,,St. Mary's School,,,,,,Education,School,,,X,,,,,,,,,,EDC_1918_120
EDCT_593,Institution,Day Schools of Pinghai and Hankong,,,,,,,,,Education,School,,,X,,,,,,,,,,EDC_1917_19
EDCT_594,Institution,YMCA School {Yunnanfu},,,,,,,,,Education,School,,,X,,,,,,,,,,EDC_1917_19
EDCT_596,Institution,Kutien Higher Primary School,,,,,,,,,Education,School,,,X,,,,,,,,,,EDC_1917_19
EDCT_597,Institution,Ecole Franco-Chinoise {Yunnanfu},,,,,,,,,Education,School,,,X,,,,,,,,,,EDC_1917_19
EDCT_598,Institution,Women's Bible School (Nanchang),,,,,,,,,Education,School,,,F,,,,,,,,,,EDC_1917_49
EDCT_600,Institution,Presbyterian Mission School,,,,,,,,,Education,School,,,X,,,,,,,,,,EDC_1917_50
EDCT_609,Institution,Langhsien Higher Primary School,,,,,,,,,Education,School,,,X,,,,,,,,,,EDC_1917_83
EDCT_610,Institution,Peking Higher Middle School,,,,,,,,,Education,School,,,X,,,,,,,,,,EDC_1917_83
EDCT_611,Institution,Pui Ching Baptist Academy,,,,,,,,,Education,School,,,X,,,,,,,,,,EDC_1917_83
EDCT_612,Institution,Seitou Primary School,,,,,,,,,Education,School,,,X,,,,,,,,,,EDC_1917_83
EDCT_613,Institution,United Brethern Mission Boys School,,,,,,,,,Education,School,,,X,,,,,,,,,,EDC_1917_84
EDCT_614,Institution,Girls' High School,,,,,,,,,Education,School,,,F,,,,,,,,,,EDC_1917_84
EDCT_615,Institution,English Baptist Theological School,,,,,,,,,Education,School,,,X,,,,,,,,,,EDC_1917_84
EDCT_616,Institution,Anglo-Chinese College (Fukien),,,,,,,,,Education,School,,,X,,,,,,,,,,EDC_1917_84
EDCT_617,Institution,Foreign Christian Mission Boys' School,,,,,,,,,Education,School,,,M,,,,,,,,,,
EDCT_619,Institution,Hunan Theological School,,,,,,,,,Education,School,,,X,,,,,,,,,,EDC_1917_103
EDCT_620,Institution,Chung Te High School,Anglican,,Chun Te School,,,,,,Education,School,,,X,,,,,,,,,"Church of England Mission, need to verify.Mentioned in 1999 interview: https://oac.cdlib.org/view?docId=kt4w1003s9;NAAN=13030&doc.view=frames&chunk.id=d0e883&toc.depth=1&toc.id=d0e307&brand=oac4",EDC_1918_107
EDCT_622,Institution,Canadian Mission Boys School,,,,,,,,,Education,School,,,M,,,,,,,,,,EDC_1917_22
EDCT_624,Institution,Peak School,,,,,山頂小學,,,,Education,School,,,X,,,,,,,,,Unsure if the school has Christian ties,EDS_1918_112
EDCT_628,Institution,A.S.B.M. Academy,,,,,,,,,Education,School,,,X,,,,,,,,,,EDC_1916_68
EDCT_629,Institution,Advent Christian Girls School,,,,,,,,,Education,School,,,X,,,,,,,,,,EDC_1914_13
EDCT_630,Institution,American Church Mission,,,,,,,,,Education,School,,,X,,,,,,,,,,EDC_1914_7
EDCT_631,Institution,American Protestant Episcopal Mission Orphanage,,,,,,,,,Education,School,,,X,,,,,,,,,,EDC_1914_10
EDCT_632,Institution,Amoy Girl's High and Normal School,,,,,,,,,Education,School,,,X,,,,,,,,,,EDC_1914_4
EDCT_633,Institution,Anglo Chinese College,,,,,,,,,Education,School,,,X,,,,,,,,,,EDC_1914_16
EDCT_634,Institution,Anglo-Chinese College,,,,,,,,,Education,School,,,X,,,,,,,,,,EDC_1914_12
EDCT_635,Institution,Anglo-Chinese College,,,,,,,,,Education,School,,,,,,,,,,,,,EDC_1914_30
EDCT_636,Institution,Anglo-Chinese College (Foochow),,,,,,,,,Education,School,,,,,,,,,,,,,EDC_1917_85; EDC_1916_38
EDCT_637,Institution,Anglo-Chinese College (Soochow),,,,,,,,,Education,School,,,X,,,,,,,,,,EDC_1918_120
EDCT_638,Institution,Anglo-Chinese College (Tientsin),,,,,,,,,Education,School,,,X,,,,,,,,,,EDC_1917_69
EDCT_639,Institution,"Anglo-Chinese College, Kulangsu",,,,,,,,,Education,School,,,X,,,,,,,,,,EDC_1914_1
EDCT_640,Institution,Anglo-Chinese Methodist School,,,,,,,,,Education,School,,,X,,,,,,,,,,EDC_1914_24
EDCT_641,Institution,Anglo-Chinese School,,,,,,,,,Education,School,,,X,,,,,,,,,,EDC_1914_12
EDCT_642,Institution,Anglo-Chinese School (Mienchow),,,,,,,,,Education,School,,,X,,,,,,,,,,EDC_1917_68
EDCT_643,Institution,Anglo-Chinese School (Yunnanfu),,,,,,,,,,,,,,,,,,,,,,,EDC_1916_22
EDCT_644,Institution,Anhwei Fourth Provincial Normal School,,,,,,,,,Education,School,,,,,,,,,,,,,EDC_1918_131
EDCT_645,Institution,Arts College,,,,,,,,,Education,School,,,X,,,,,,,,,,EDC_1914_18
EDCT_646,Institution,Arts College (Tsinan),,,,,,,,,Education,School,,,X,,,,,,,,,,EDC_1916_67
EDCT_647,Institution,Arts College of the Shantung Christian University,,,,,,,,,Education,School,,,X,,,,,,,,,,EDC_1914_4
EDCT_648,Institution,Asile de la St. Enfance,,,,,,,,,Education,School,,,F,,,,,,,,,"The Asile de la Sainte Enfancewas an institution established by the Sisters of St Paul de Chartres for the care and education of orphan girls, elderly women and those with disabilities.",EDC_1917_27
EDCT_649,Institution,Austin College; Boone Univ.,,,,,,,,,Education,School,,,X,,,,,,,,,,EDC_1914_19
EDCT_650,Institution,Baptist Boys' Intermediate School,Baptist,,,,,,,,Education,School,,,M,,,,,,,,,,EDC_1918_129
EDCT_651,Institution,Baptist College,,,,,,,,,Education,School,,,X,,,,,,,,,,EDC_1914_17
EDCT_652,Institution,Baptist Mission High School,,,,,,,,,Education,School,,,X,,,,,,,,,,EDC_1914_16
EDCT_653,Institution,Basel Mission Middle School,,,,,,,,,Education,School,,,X,,,,,,,,,,EDC_1917_68
EDCT_654,Institution,Berlin Missionary School,,,,,,,,,Education,School,,,X,,,,,,,,,,EDC_1917_87
EDCT_655,Institution,Besilios Public School,,,,,,,,,Education,School,,,X,,,,,,,,,,EDC_1914_13
EDCT_656,Institution,Beulah Academy,,,Beulah Schools,,,,,,Education,School,,,,,,,,,,,,C. & M. Mission,EDC_1918_140
EDCT_657,Institution,Bishop Coxe Memorial School,,,,,,,,,Education,School,,,X,,,,,,,,,,EDC_1916_72
EDCT_658,Institution,Blindenheim (Mission for the Blind),,,,,,,,,Education,School,,,X,,,,,,,,,,EDC_1914_9
EDCT_659,Institution,Boarding School for Girls (Haitang),,,,,,,,,Education,School,,,F,,,,,,,,,May be the same institution as King's Heralds Intermediate School... need to confirm,EDC_1916_53
EDCT_660,Institution,Boone University,,,,,,,,,Education,School,,,X,,,,,,,,,,EDC_1914_14
EDCT_661,Institution,Boone University School of Arts and Science,,,,,,,,,Education,School,,,X,,,,,,,,,,EDC_1914_10
EDCT_662,Institution,Boys High School,,,,,,,,,Education,School,,,X,,,,,,,,,,EDC_1914_13
EDCT_663,Institution,Boys' High School (Kiangsu),,,,,,,,,Education,School,,,M,,,,,,,,,,EDC_1916_72
EDCT_664,Institution,Boys' Primary School,,,,,,,,,Education,School,,,M,,,,,,,,,,
EDCT_665,Institution,Bridgman Academy,,,,,,,,,Education,School,,,X,,,,,,,,,,EDC_1914_13
EDCT_666,Institution,C. I. M. Boys School,,,,,,,,,Education,School,,,X,,,,,,,,,,EDC_1914_13
EDCT_667,Institution,C. I. M. Prep School,,,,,,,,,Education,School,,,X,,,,,,,,,,EDC_1914_18
EDCT_668,Institution,C. I. M. Preparatory School,,,,,,,,,Education,School,,,X,,,,,,,,,,EDC_1914_7
EDCT_669,Institution,C. M. S. Anglo-Chinese School,,,,,,,,,Education,School,,,X,,,,,,,,,,EDC_1914_6
EDCT_671,Institution,"C.I.M. Boys School, Chefoo",,,,,,,,,Education,School,,,X,,,,,,,,,,EDC_1914_1
EDCT_673,Institution,C.M.S. College,,,,,,,,,Education,School,,,X,,,,,,,,,,
EDCT_676,Institution,Cathedral School,,,,,,,,,Education,,,,,,,,,,,,,,EDC_1916_05
EDCT_677,Institution,Catholic Mission College,,,,,,,,,Education,School,Catholic,,X,,,,,,,,,,EDC_1917_79
EDCT_678,Institution,Central High School,,,,,,,,,Education,School,,,X,,,,,,,,,,EDC_1914_9
EDCT_679,Institution,Chants Academy,,,,,,,,,Education,School,,,,,,,,,,,,,EDC_1918_125
EDCT_680,Institution,Chen Tien English school,,,,,,,,,Education,School,,,,,,,,,,,,,EDC_1917_91
EDCT_681,Institution,Chi Hsien Middle School,,,,,,,,,Education,School,,,,,,,,,,,,,EDC_1918_142
EDCT_682,Institution,Chihli GIrls' Normal School,,,,,,,,,Education,School,,,F,,,,,,,,,,EDC_1916_61
EDCT_685,Institution,China Inland Mission Girls' School (Chefoo),,,,,,,,,Education,School,,,F,,,,,,,,,,
EDCT_686,Institution,China Inland Mission Girls School (Yangchow),,,,,,,,,,,,,F,,,,,,,,,,EDC_1916_21
EDCT_687,Institution,China Inland Mission Preparatory School For English Children,,,,,,,,,Education,School,,,,,,,,,,,,,EDC_1917_99
EDCT_688,Institution,"China Inland Mission Preparatory School, Kuling",,,,,,,,,Education,School,,,X,,,,,,,,,,EDC_1914_1
EDCT_689,Institution,China Inland Mission School,,,,,,,,,Education,School,,,X,,,,,,,,,,EDC_1914_10
EDCT_691,Institution,China Inland Mission School (Hwangyen),,,,,,,,,Education,School,,,,,,,,,,,,,EDC_1917_55
EDCT_693,Institution,China Mission Training School,,,,,,,,,Education,School,,,X,,,,,,,,,One of the China Missions (S.D.A.) but not sure which,EDC_1918_117
EDCT_694,Institution,Chinese Govt. 2nd. Military Cadets School,,,,,,,,,Education,School,,,X,,,,,,,,,,EDC_1914_12
EDCT_695,Institution,Chinese Y. M. C. A. School,,,,,,,,,Education,School,,,X,,,,,,,,,,EDC_1914_6
EDCT_696,Institution,Chinese YMCA Evening and Hour-a-day Schools,,,,,,,,,Education,School,,,X,,,,,,,,,,EDC_1914_10
EDCT_697,Institution,Ching Chong School,,,,,,,,,Education,School,,,,,,,,,,,,,EDC_1918_124
EDCT_699,Institution,Christian School,,,,,,,,,Education,School,,,X,,,,,,,,,,EDC_1914_8
EDCT_700,Institution,"Christian School, F.C.M.S., Chuchow",,,,,,,,,Education,School,,,X,,,,,,,,,,EDC_1914_1
EDCT_701,Institution,Church General Hospital,,,,,,,,,Medical,Hospital,,,X,,,,,,,,,Affiliated with the Boone University School of Medicine,EDC_1916_51
EDCT_702,Institution,Church of England Mission School (Tatanfu,,,,,,,,,,,,,,,,,,,,,,,
EDCT_703,Institution,Citizen School {Shanghai},,,,,,,,,Education,School,,,X,,,,,,,,,Unsure if Christian institution,EDC_1918_118
EDCT_704,Institution,Clara Linton Hamilton Memorial Academy,,,,,,,,,Education,School,,,X,,,,,,,,,,EDC_1914_5
EDCT_705,Institution,"College of Arts and Science, Shantung Christian University",,,,,,,,,Education,School,,,X,,,,,,,,,,EDC_1914_13
EDCT_706,Institution,"College of Science, West China Union University",,,,,,,,,Education,School,,,X,,,,,,,,,,EDC_1914_15
EDCT_707,Institution,Commercial School (Manchuria),,,,,,,,,Education,School,,,,,,,,,,,,Need to confirm if Christian-affiliated,EDC_1918_147
EDCT_708,Institution,Court of The University,,,,,,,,,Education,School,,,X,,,,,,,,,,EDC_1914_14
EDCT_709,Institution,David Gregg Hospital,Presbyterian,,David Gregg Hospital for Women and Children,,,,,,Medical,Hospital,,,X,,,,,,,,,,EDC_1918_115
EDCT_710,Institution,David Hill Memorial Girls School,,,,,,,,,Education,School,,,X,,,,,,,,,,EDC_1914_8
EDCT_711,Institution,"David-Hill Memorial Girls School, W. M. S.",,,,,,,,,Education,School,,,X,,,,,,,,,,EDC_1914_13
EDCT_712,Institution,Diocesan Girls School,,,,,,,,,Education,School,,,X,,,,,,,,,,EDC_1914_8
EDCT_713,Institution,Ecole Franco-Chinoise,,,,,,,,,Education,School,,,X,,,,,,,,,,EDC_1914_7
EDCT_714,Institution,Ecole Municipale Francaise,,,,,,,,,Education,School,,,X,,,,,,,,,,EDC_1914_8
EDCT_715,Institution,Ecole Municipale Franco-Chinoise,,,,,,,,,Education,School,,,X,,,,,,,,,,EDC_1914_10
EDCT_716,Institution,Ellis Kadoorie College,,,,,,,,,Education,School,,,X,,,,,,,,,,EDC_1914_4
EDCT_717,Institution,Ellis Kadoorie Honam College,,,,,,,,,Education,School,,,X,,,,,,,,,,EDC_1916_75
EDCT_718,Institution,English Presbyterian Mission School,,,,,,,,,Education,School,,,X,,,,,,,,,,EDC_1914_9
EDCT_719,Institution,Escola de Inglez Pratico,,,,,,,,,Education,Language School,,,X,,,,,,,,,,EDC_1916_78
EDCT_720,Institution,Fairlea School,,,,,,,,,Education,School,,,X,,,,,,,,,,EDC_1914_8
EDCT_721,Institution,Fee Hung School,,,,,,,,,Education,School,,,X,,,,,,,,,Unsure if Christian institution,EDC_1918_117
EDCT_722,Institution,Fenyang Middle School,,,,,,,,,Education,School,,,X,,,,,,,,,,EDC_1916_67
EDCT_723,Institution,First Middle School (Moukden),,,,,,,,,Education,School,,,X,,,,,,,,,,EDC_1916_62
EDCT_724,Institution,First Provincial Technical School,,,,,,,,,Education,School,,,X,,,,,,,,,,EDC_1916_66
EDCT_725,Institution,Foochow College,,,,,,,,,Education,School,,,X,,,,,,,,,,EDC_1914_6
EDCT_726,Institution,Foochow Higher Primary School,,,,,,,,,Education,School,,,X,,,,,,,,,,EDC_1916_59
EDCT_727,Institution,Foochow Union Theological School,,,,,,,,,Education,School,,,X,,,,,,,,,,EDC_1914_8
EDCT_728,Institution,French Municipal School,,,,,,,,,Education,School,,,X,,,,,,,,,,EDC_1914_1
EDCT_729,Institution,Friends' Academy for Boys (Luho),,,,,,,,,Education,School,,,M,,,,,,,,,,EDC_1918_137
EDCT_730,Institution,Friends' Mission High School,,,,,,,,,Education,School,,,X,,,,,,,,,,EDC_1914_8
EDCT_731,Institution,Friends Primary School for Boys,,,,,,,,,Education,School,,,M,,,,,,,,,,EDC_1918_121
EDCT_732,Institution,Fuh-tan College,,,,,,,,,Education,School,,,X,,,,,,,,,,EDC_1914_13
EDCT_733,Institution,German Engineering and Medical School for Chinese,,,"German Medical School for Chinese, German Engineering School for Chinese",,,,,,Education,School,,,X,,,,,,,,,Christian-affiliated?,EDC_1916_57
EDCT_734,Institution,German-Chinese School,,,,,,,,,Education,School,,,X,,,,,,,,,,EDC_1914_14
EDCT_735,Institution,Girls' Academy (A.P.M.),,,,,,,,,Education,School,,,F,,,,,,,,,APM meaning... American Protestant Mission?,EDC_1916_55
EDCT_736,Institution,Girls Boarding School,,,,,,,,,Education,School,,,X,,,,,,,,,,EDC_1914_3
EDCT_737,Institution,Girls Boarding School (Kingtao),,,,,,,,,Education,School,,,F,,,,,,,,,,EDC_1916_71
EDCT_738,Institution,Girls' Boarding school {Szechuan},,,,,,,,,Education,School,,,,,,,,,,,,,EDC_1917_98
EDCT_740,Institution,Girls High and Normal School (Amoy),,,,,,,,,Education,Bible School,,,F,,,,,,,,,,EDC_1917_54
EDCT_741,Institution,Girls High School,,,,,,,,,Education,School,,,F,,,,,,,,,,EDC_1914_21
EDCT_742,Institution,Girls' Normal School (Hangchow),,,,,,,,,Education,School,,,F,,,,,,,,,,EDC_1918_144
EDCT_743,Institution,Gotch-Robinson Theological College,,,,,,,,,Education,School,,,X,,,,,,,,,,EDC_1914_10
EDCT_744,Institution,Gouvernementsschule,,,,,,,,,Education,School,,,X,,,,,,,,,,EDC_1914_17
EDCT_745,Institution,Government Medical College,,,,,,,,,Education,School,,,X,,,,,,,,,,EDC_1914_9
EDCT_746,Institution,Government Normal School,,,,,,,,,Education,School,,,X,,,,,,,,,,EDC_1917_54
EDCT_747,Institution,Government University,,,,,,,,,Education,School,,,X,,,,,,,,,,EDC_1914_4
EDCT_748,Institution,Grace High School,,,,,,,,,Education,School,,,X,,,,,,,,,,EDC_1914_8
EDCT_749,Institution,Guthric Memoral High School,,,,,,,,,Education,School,,,X,,,,,,,,,,EDC_1914_8
EDCT_750,Institution,Guthrie Memorial High School,,,,,,,,,Education,School,,,X,,,,,,,,,,EDC_1914_15
EDCT_751,Institution,Haitao Middle School,,,,,,,,,Education,School,,,X,,,,,,,,,,EDC_1916_66
EDCT_752,Institution,Hamilton Girls' Boarding School,,,,,,,,,Education,School,,,F,,,,,,,,,,EDC_1918_134
EDCT_753,Institution,Han Mei Middle School,,,,,,,,,Education,School,,,X,,,,,,,,,,EDC_1914_16
EDCT_754,Institution,Hanbury School for Boys,,,,,,,,,Education,School,,,M,,,,,,,,,,
EDCT_755,Institution,Hangchow Medical Training College,,,,,,,,,Education,School,,,X,,,,,,,,,,EDC_1914_10
EDCT_756,Institution,Hangchow Presbyterian College,,,,,,,,,Education,School,,,X,,,,,,,,,,EDC_1914_10
EDCT_757,Institution,Hardy Training School,,,,,,,,,Education,School,,,X,,,,,,,,,,EDC_1914_13
EDCT_758,Institution,Harvard Medical School,,,,,,,,,Education,School,,,X,,,,,,,,,,EDC_1914_14
EDCT_759,Institution,Harvard Medical School of China,,,,,,,,,Education,School,,,X,,,,,,,,,,EDC_1916_56
EDCT_760,Institution,High School {Kiangyin},,,,,,,,,Education,School,,,,,,,,,,,,"Just listed as ""the High School""",EDC_1918_124
EDCT_761,Institution,"High School, Tsing Hua College",,,,,,,,,Education,School,,,X,,,,,,,,,,EDC_1914_14
EDCT_762,Institution,Higher Normal College,,,,,,,,,Education,School,,,X,,,,,,,,,,EDC_1914_14
EDCT_763,Institution,Higher Normal School (Moukden),,,,,,,,,Education,School,,,,,,,,,,,,,EDC_1918_149
EDCT_764,Institution,Higher Normal School (Peking),,,,,,,,,Education,School,,,X,,,,,,,,,,EDC_1918_117
EDCT_766,Institution,Hinghwa Normal School,,,,,,,,,Education,School,,,X,,,,,,,,,,EDC_1914_8
EDCT_767,Institution,Hodge Memorial Hospital Male Nurse Training School,,,,,,,,,Education,School,,,M,,,,,,,,,,EDC_1917_91
EDCT_768,Institution,Hok-Ling Anglo-Chinese College,,,,,,,,,Education,School,,,X,,,,,,,,,,
EDCT_770,Institution,Hongkong Technical Institute,,,,,,,,,Education,School,,,X,,,,,,,,,,EDC_1914_9
EDCT_771,Institution,Huchow District School,,,,,,,,,Education,School,,,X,,,,,,,,,,EDC_1914_19
EDCT_772,Institution,Hunter Corbett Acedemy,Presbyterian,,Yi Wen School at Tengchow,,,,,,Education,School,,,M,,,,,,,,,"This school was founded by American missionary Hunter Corbett. It would later be converted into Cheeloo University (also known as Shantung Christian College/University, which there is an entry for above) in 1928.",EDC_1918_113
EDCT_773,Institution,Hwa Mei School (M.E.M.),,,,,,,,,Education,School,,,,,,,,,,,,,EDC_1917_91
EDCT_774,Institution,Hwaikingfu Missionary School for GIrls,Anglican,,,,,,,,Education,School,,,F,,,,,,,,,"Need to add geocode for Huaiqing... P.C.C. (parochial church council), governed by the Church of England",EDC_1918_116
EDCT_775,Institution,Hwaiyuan Academy,,,,,,,,,Education,School,,,X,,,,,,,,,,EDC_1914_7
EDCT_776,Institution,Hwa-Mei School,,,,,,,,,Education,School,,,X,,,,,,,,,,EDC_1914_11
EDCT_777,Institution,Hwang Hien Boys Academy,,,,,,,,,Education,School,,,X,,,,,,,,,,EDC_1914_13
EDCT_778,Institution,Hwang Hien Boys' Academy,,,,,,,,,Education,School,,,X,,,,,,,,,,EDC_1914_16
EDCT_779,Institution,Imperial University,,,,,,,,,Education,School,,,X,,,,,,,,,,EDC_1914_1
EDCT_780,Institution,Institution Of Holy Family,,,,,,,,,Education,,,,X,,,,,,,,,,EDC_1917_85
EDCT_781,Institution,Intermediate School,,,,,,,,,Education,School,,,,,,,,,,,,,EDC_1918_124
EDCT_782,Institution,"Intermediate School, Methodist Episcopal Mission",,,,,,,,,Education,School,,,X,,,,,,,,,,EDC_1914_4
EDCT_783,Institution,International Correspondence Schools,,,,,,,,,Education,Language School,,,X,,,,,,,,,"Unsure if Christian-affiliated; called ICS Learn today, an international language school provider founded in 1889 in the USA https://en.wikipedia.org/wiki/ICS_Learn ",EDC_1916_61
EDCT_784,Institution,International Institute,,,,,,,,,Education,School,,,,,,,,,,,,,EDC_1916_81
EDCT_785,Institution,"James Sprunt Male Academy, Kiangyin",,,,,,,,,Education,School,,,X,,,,,,,,,,EDC_1914_1
EDCT_786,Institution,"John D. Wells School, Siangtang",,,,,,,,,Education,School,,,X,,,,,,,,,,EDC_1914_1
EDCT_787,Institution,Julia M. Training School for Nurses,Presbyterian,,,,,,,,Education,Nursing School,,,F,,,,,,,,,,EDC_1918_115
EDCT_788,Institution,Kaiser Wilhelm Schule,,,,,,,,,Education,School,,,X,,,,,,,,,,EDC_1917_27; EDC_1916_39
EDCT_789,Institution,Kaiser Wilhelm-Schule,,,,,,,,,Education,School,,,X,,,,,,,,,,EDC_1914_11
EDCT_790,Institution,Kaiserliche Gouvernementsschule,,,,,,,,,Education,School,,,X,,,,,,,,,,EDC_1914_9
EDCT_791,Institution,Kaiserliche Gouvernmentsschule,,,,,,,,,Education,School,,,X,,,,,,,,,,EDC_1914_2
EDCT_792,Institution,Kenarden High School,,,,,,,,,Education,School,,,X,,,,,,,,,,EDC_1914_14
EDCT_793,Institution,Kung Yieh Industrial School,,,,,,,,,Education,School,,,,,,,,,,,,Unsure if Christian-affiliated institution,EDC_1918_123
EDCT_794,Institution,Kwantung College,,,,,,,,,Education,School,,,X,,,,,,,,,Same institution as Naval College?,EDC_1916_58
EDCT_795,Institution,L. M. S. Girls Boarding School,,,,,,,,,Education,School,,,X,,,,,,,,,,EDC_1914_11
EDCT_796,Institution,Ladie's International Club,,,,,,,,,Other,Recreation Club,,,X,,,,,,,,,,
EDCT_797,Institution,Lakeside Schools,,,,,,,,,Education,School,,,X,,,,,,,,,,EDC_1914_13
EDCT_798,Institution,Lawrence Hall,,,,,,,,,Education,School,,,,,,,,,,,,,EDC_1918_146
EDCT_799,Institution,Liaoyang High School,,,,,,,,,Education,School,,,X,,,,,,,,,,EDC_1914_9
EDCT_800,Institution,Lin Kwong Blind Boys' School,,,,,,,,,Education,Blind School,,,M,,,,,,,,,,EDC_1918_136
EDCT_801,Institution,London University,,,,,,,,,Education,School,,,X,,,,,,,,,,EDC_1914_22
EDCT_802,Institution,L'um Tsai Middle School,,,,,,,,,Education,School,,,X,,,,,,,,,"Need to add geocode for Xiaozhang, Zhili... also unsure if this is a Chistian institution",EDC_1918_121
EDCT_803,Institution,Lut-huai School,,,,,,,,,Education,School,,,,,,,,,,,,,EDC_1916_81
EDCT_804,Institution,M. E. M. Intermediate School,,,,,,,,,Education,School,,,X,,,,,,,,,,EDC_1914_18
EDCT_805,Institution,Mahan School,,,,,,,,,Education,School,,,X,,,,,,,,,,EDC_1914_9
EDCT_806,Institution,"Mahan School, A.C.M. Yangchow",,,,,,,,,Education,School,,,X,,,,,,,,,,EDC_1914_1
EDCT_807,Institution,Marine Production School,,,,,,,,,Education,School,,,X,,,,,,,,,,EDC_1917_89
EDCT_809,Institution,Medhurst Girls College,,,,,,,,,Education,School,,,X,,,,,,,,,,EDC_1914_11
EDCT_810,Institution,Medhurst Girls' School,,,,,,,,,Education,School,,,X,,,,,,,,,,EDC_1914_3
EDCT_811,Institution,Medical College,,,,,,,,,Education,School,,,X,,,,,,,,,,EDC_1914_6
EDCT_812,Institution,"Medical School, and Resident Physician",,,,,,,,,Education,School,,,X,,,,,,,,,,EDC_1914_18
EDCT_813,Institution,Methodist Girls School,,,,,,,,,Education,School,,,X,,,,,,,,,,EDC_1914_11
EDCT_814,Institution,Methodist Women's College,,,,,,,,,Education,School,,,X,,,,,,,,,,EDC_1914_19
EDCT_816,Institution,Middle School (Chinchowfu),,,,,,,,,Education,School,,,X,,,,,,,,,,EDC_1916_63
EDCT_817,Institution,Middle School (Hsinminfu),,,,,,,,,Education,School,,,X,,,,,,,,,,EDC_1916_65
EDCT_818,Institution,Middle School (Kuanchengtzu),,,,,,,,,Education,School,,,X,,,,,,,,,Kuanchengtzu also spelled as Kwanchengtze,EDC_1916_62
EDCT_819,Institution,Model School,,,Model Academy,,,,,,Education,School,,,,,,,,,,,,,EDC_1918_145
EDCT_820,Institution,Murray High School,,,,,,,,,Education,School,,,X,,,,,,,,,Christian-affiliated?,EDC_1916_52
EDCT_821,Institution,Nan Kai Middle School,,,,,,,,,Education,School,,,X,,,,,,,,,Possibly secular— Nan Kai College was secular,EDC_1916_67
EDCT_822,Institution,Nan Ming School,,,,,,,,,Education,School,,,,,,,,,,,,,EDC_1918_145
EDCT_823,Institution,Nanyang Middle School,,,,,,,,,Education,School,,,,,,,,,,,,Need to confirm if Christian institution,EDC_1918_130
EDCT_824,Institution,National College,,,,,,,,,Education,School,,,X,,,,,,,,,,EDC_1914_14
EDCT_825,Institution,National College (Woosung),,,,,,,,,Education,School,,,X,,,,,,,,,Christian-affiliated?,EDC_1916_54
EDCT_826,Institution,Naval College,,,,,,,,,Education,School,,,,,,,,,,,,,EDC_1917_97
EDCT_828,Institution,Normal Classes,,,,,,,,,Education,School,,,X,,,,,,,,,,EDC_1914_11
EDCT_829,Institution,Normal School,,,,,,,,,Education,School,,,X,,,,,,,,,,EDC_1914_18
EDCT_830,Institution,North China Union College,,,,,,,,,Education,School,,,X,,,,,,,,,,EDC_1914_11
EDCT_831,Institution,North China Union Theological College,,,,,,,,,Education,School,,,X,,,,,,,,,,EDC_1914_10
EDCT_832,Institution,North China Union Woman's College,,,,,,,,,Education,School,,,X,,,,,,,,,,EDC_1914_7
EDCT_833,Institution,Norwegian Missionary Society's Academy,,,,,,,,,Education,School,,,X,,,,,,,,,,EDC_1914_12
EDCT_834,Institution,Nurses' Training School,,,,,,,,,Education,Nursing School,,,,,,,,,,,,,EDC_1918_124
EDCT_836,Institution,Panchuang Academy,,,,,,,,,Education,School,,,X,,,,,,,,,,EDC_1914_14
EDCT_837,Institution,Pasteur Institute,,,,,,,,,Education,School,,,X,,,,,,,,,,EDC_1914_4
EDCT_838,Institution,Peiyang Medical College,,,Peiyang Government University,,,,,,Education,School,,,X,,,,,,,,,,EDC_1916_55
EDCT_839,Institution,Pei-Yang Univ.,,,,,,,,,Education,School,,,X,,,,,,,,,,EDC_1914_11
EDCT_840,Institution,Peiyang University,,,,,,,,,Education,School,,,X,,,,,,,,,,EDC_1914_17
EDCT_841,Institution,Pei-Yang University,,,,,,,,,Education,School,,,X,,,,,,,,,,EDC_1914_10
EDCT_842,Institution,Porter Academy,,,,,,,,,Education,School,,,X,,,,,,,,,,EDC_1917_87
EDCT_843,Institution,Presbyterian College,,,,,,,,,Education,School,,,X,,,,,,,,,,EDC_1914_20
EDCT_844,Institution,Presbyterian Girls School,,,,,,,,,Education,School,,,X,,,,,,,,,,EDC_1914_9
EDCT_846,Institution,Presbyterian School for Boys (P.S.),Presbyterian,,,,,,,,Education,School,,,M,,,,,,,,,,EDC_1918_112
EDCT_847,Institution,Primary School,,,,,,,,,Education,School,,,,,,,,,,,,,EDC_1918_129
EDCT_848,Institution,Primary Schools (Foochow),,,,,,,,,Education,School,,,X,,,,,,,,,M.E. Mission; unsure if the same as Foochow Higher Primary School,EDC_1916_74
EDCT_849,Institution,Provincial Higher Normal School (Hunan),,,,,,,,,Education,School,,,,,,,,,,,,,EDC_1918_142
EDCT_850,Institution,Provincial Middle School of Chihli,,,,,,,,,Education,School,,,X,,,,,,,,,,EDC_1916_65
EDCT_851,Institution,Provincial Middle School of Honan,,,,,,,,,Education,School,,,X,,,,,,,,,,EDC_1916_68
EDCT_852,Institution,Provincial Normal School,,,,,,,,,Education,School,,,X,,,,,,,,,,EDC_1914_5
EDCT_853,Institution,Provincial Normal School (Honan),,,,,,,,,Education,School,,,,,,,,,,,,,EDC_1918_147
EDCT_854,Institution,Provincial Normal School (Paotingfu),,,,,,,,,Education,School,,,X,,,,,,,,,,EDC_1917_60
EDCT_855,Institution,Provincial Third Middle School (Sungkiang),,,,,,,,,Education,School,,,,,,,,,,,,,EDC_1918_143
EDCT_856,Institution,Public School,,,,,,,,,Education,School,,,X,,,,,,,,,,EDC_1914_11
EDCT_857,Institution,Public School for Chinese (English Side),,,,,,,,,Education,School,,,X,,,,,,,,,,EDC_1914_19
EDCT_858,Institution,Pu-wen College,,,,,,,,,Education,School,,,,,,,,,,,,,EDC_1918_146
EDCT_859,Institution,R. C. Clerical Seminary,,,,,,,,,Education,School,,,X,,,,,,,,,,EDC_1914_17
EDCT_860,Institution,Rosa Sayres School for Girls,,,,,,,,,Education,School,,,X,,,,,,,,,,EDC_1914_4
EDCT_861,Institution,Rulison High School,,,,,,,,,Education,School,,,X,,,,,,,,,,EDC_1914_2
EDCT_862,Institution,Russo-Chinese school,,,,,,,,,Education,School,,,,,,,,,,,,,EDC_1917_92
EDCT_863,Institution,S.P.M. School,,,,,,,,,Education,School,,,,,,,,,,,,,EDC_1914_36
EDCT_864,Institution,Saiyingpun School,,,,,,,,,Education,School,,,X,,,,,,,,,,EDC_1914_16
EDCT_865,Institution,San Yu Middle School,,,,,,,,,Education,School,,,X,,,,,,,,,,EDC_1916_72
EDCT_866,Institution,School for Chinese Deaf children,,,,,,,,,Education,School,,,X,,,,,,,,,,EDC_1914_22
EDCT_867,Institution,School of Agricultural,,,,,,,,,Education,School,,,,,,,,,,,,,EDC_1917_95
EDCT_868,Institution,School of Medicine,,,,,,,,,Education,School,,,X,,,,,,,,,,EDC_1914_11
EDCT_869,Institution,Science and Arts College,,,,,,,,,Education,School,,,X,,,,,,,,,,EDC_1914_10
EDCT_870,Institution,Second Middle School of Honan (Kaifeng),,,,,,,,,Education,School,,,X,,,,,,,,,,EDC_1916_53
EDCT_871,Institution,Secondary School (Hseinmeinhsein),,,,,,,,,Education,School,,,X,,,,,,,,,,EDC_1916_79
EDCT_872,Institution,"Self Help Department, gorian College",,,,,,,,,Education,School,,,X,,,,,,,,,,EDC_1914_16
EDCT_873,Institution,Shanghai High School and Kindergarten,,,,,,,,,Education,School,,,X,,,,,,,,,,EDC_1914_3
EDCT_874,Institution,Shanghai High School for Boys,,,,,,,,,Education,School,,,M,,,,,,,,,,EDC_1916_81
EDCT_875,Institution,Shanghai Public College,,,,,,,,,Education,School,,,,,,,,,,,,Need to confirm if Christian-affiliated,EDC_1918_143
EDCT_876,Institution,Shanghai Public School,,,,,,,,,Education,School,,,X,,,,,,,,,,EDC_1914_14
EDCT_877,Institution,Shantung Christian Univ.,,,,,,,,,Education,School,,,X,,,,,,,,,,EDC_1914_8
EDCT_879,Institution,"Smith Bible School, S. B. C.",,,,,,,,,Education,School,,,X,,,,,,,,,,EDC_1914_16
EDCT_880,Institution,Soochow Academy,,,,,,,,,Education,School,,,X,,,,,,,,,,EDC_1914_3
EDCT_881,Institution,Soochow University,,,,,,,,,Education,School,,,X,,,,,,,,,,EDC_1914_12
EDCT_882,Institution,St. Ignatius R. C. College,,,,,,,,,Education,School,,,X,,,,,,,,,,EDC_1914_3
EDCT_883,Institution,St. Ignatius R.C. College,,,,,,,,,Education,School,,,X,,,,,,,,,,EDC_1914_2
EDCT_884,Institution,St. James High School,,,,,,,,,Education,School,,,X,,,,,,,,,,EDC_1914_19
EDCT_885,Institution,St. James school (Kaifeng),,,,,,,,,Education,School,,,,,,,,,,,,,EDC_1917_58
EDCT_886,Institution,St. John's School (Kiukiang),,,,,,,,,Education,School,,,X,,,,,,,,,,EDC_1916_64
EDCT_887,Institution,St. John's University,,,,,,,,,Education,School,,,X,,,,,,,,,,EDC_1914_10
EDCT_888,Institution,"St. John's University, Jessfield",,,,,,,,,Education,School,,,X,,,,,,,,,,EDC_1914_16
EDCT_889,Institution,St. John's Y. M. C. A. School,,,,,,,,,Education,School,,,X,,,,,,,,,,EDC_1914_16
EDCT_890,Institution,St. John's Y.M.C.A. School,,,,,,,,,Education,School,,,X,,,,,,,,,,EDC_1914_19
EDCT_891,Institution,St. Joseph's English College,,,,,,,,,Education,School,,,X,,,,,,,,,,EDC_1914_7
EDCT_892,Institution,St. Mary's Hall,,,,,,,,,Education,School,,,X,,,,,,,,,,EDC_1914_12
EDCT_893,Institution,St. Mary's Hall Jessfield,,,,,,,,,Education,School,,,X,,,,,,,,,,EDC_1914_1
EDCT_895,Institution,St. Stephens College,,,,,,,,,Education,School,,,X,,,,,,,,,,EDC_1914_6
EDCT_896,Institution,St. Stephen's Girl's College,,,,,,,,,Education,School,,,X,,,,,,,,,,EDC_1914_12
EDCT_897,Institution,St. Xavier's College,,,,,,,,,Education,School,,,X,,,,,,,,,,EDC_1917_26
EDCT_898,Institution,St.Mark's Anglo-Chinese School,,,,,,,,,Education,School,,,X,,,,,,,,,,EDC_1914_16
EDCT_899,Institution,Suifu Girls School,,,,,,,,,Education,School,,,F,,,,,,,,,,EDC_1916_80
EDCT_900,Institution,Susan B. Wilson School,,,,,,,,,Education,School,,,X,,,,,,,,,,EDC_1914_9
EDCT_901,Institution,Tali Gospel Primary School Tali,,,,,,,,,Education,School,,,X,,,,,,,,,,EDC_1914_13
EDCT_902,Institution,Technical Institute,,,,,,,,,Education,School,,,X,,,,,,,,,,EDC_1917_88
EDCT_903,Institution,The First Normal School of Kiangsu,,,,,,,,,Education,School,,,,,,,,,,,,,EDC_1918_147
EDCT_904,Institution,The Orphanage American Protestant Episcopal Mission,,,,,,,,,Education,Orphanage,Protestant,,X,,,,,,,,,,EDC_1916_30
EDCT_905,Institution,The University,,,,,,,,,Education,School,,,X,,,,,,,,,,EDC_1914_16
EDCT_906,Institution,Tientsin School,,,,,,,,,Education,School,,,,,,,,,,,,,EDC_1916_81
EDCT_907,Institution,Trinity College,,,,,,,,,Education,School,,,X,,,,,,,,,,EDC_1914_14
EDCT_908,Institution,Tsin Ying High School,,,,,,,,,Education,School,,,X,,,,,,,,,,EDC_1916_62
EDCT_909,Institution,Tsing Hua Coll.,,,,,,,,,Education,School,,,X,,,,,,,,,,EDC_1914_3
EDCT_910,Institution,Tsing Hua College,,,,,,,,,Education,School,,,X,,,,,,,,,,EDC_1914_13
EDCT_912,Institution,Tung Chow College,,,,,,,,,Education,School,,,X,,,,,,,,,,EDC_1914_6
EDCT_913,Institution,Tung Wen College,,,,,,,,,Education,School,,,X,,,,,,,,,(Different from Tung Wen Institute),EDC_1916_62
EDCT_914,Institution,U.F.C.S. Middle School,,,,,,,,,Education,School,,,X,,,,,,,,,,EDC_1914_20
EDCT_915,Institution,Union Medical College,,,,,,,,,Education,School,,,X,,,,,,,,,,EDC_1914_11
EDCT_916,Institution,Union Medical College (Hankow),,,,,,,,,Education,School,,,,,,,,,,,,,EDC_1918_131
EDCT_917,Institution,Union Medical College (Shantung),,,,,,,,,Education,School,,,,,,,,,,,,,EDC_1918_139
EDCT_918,Institution,"Union Medical College, Tsinan",,,,,,,,,Education,School,,,X,,,,,,,,,,EDC_1914_1
EDCT_919,Institution,Union Middle School,,,,,,,,,Education,School,,,X,,,,,,,,,,EDC_1914_19
EDCT_920,Institution,Union Normal College (Foochow),,,,,,,,,Education,School,,,X,,,,,,,,,,EDC_1916_78
EDCT_921,Institution,Union Preparatory High School,,,,,,,,,Education,School,,,X,,,,,,,,,,EDC_1914_18
EDCT_922,Institution,"Union Preparatory High School,",,,,,,,,,Education,School,,,X,,,,,,,,,,EDC_1914_17
EDCT_923,Institution,Union Theological College {Moukden},,,,,,,,,,,,,,,,,,,,,,,EDC_1916_35
EDCT_924,Institution,Union Theological College {Peking},,,,,,,,,Education,School,,,X,,,,,,,,,,EDC_1917_26
EDCT_925,Institution,Union Theological School,,,,,,,,,Education,School,,,X,,,,,,,,,,EDC_1914_14
EDCT_927,Institution,Union Women's College,,,,,,,,,Education,School,,,F,,,,,,,,,,
EDCT_928,Institution,Union Women's Medical College,,,,,,,,,Education,School,,,F,,,,,,,,,same as Union Medical College for Women?,EDC_1916_81
EDCT_929,Institution,Univ. of Politics and Law,,,,,,,,,Education,School,,,X,,,,,,,,,,EDC_1914_8
EDCT_930,Institution,University of California,,,,,,,,,Education,School,,,X,,,,,,,,,,EDC_1914_8
EDCT_931,Institution,University of Hongkong,,,,,,,,,Education,School,,,X,,,,,,,,,,EDC_1914_10
EDCT_932,Institution,University of Politics and Law,,,,,,,,,Education,School,,,X,,,,,,,,,,EDC_1914_18
EDCT_934,Institution,Victoria Home and Orphanage Girl's School,,,,,,,,,Education,School,,,X,,,,,,,,,,EDC_1914_14
EDCT_935,Institution,Wen De High School,,,,,,,,,Education,School,,,X,,,,,,,,,,EDC_1916_51
EDCT_936,Institution,Wen Hua Middle School,,,,,,,,,Education,School,,,,,,,,,,,,"Location also entered as Yushuhsien, Manchuria",EDC_1918_134; EDC_1916_57
EDCT_937,Institution,Wesleyan Boys Boarding School (Tayeh),,,,,,,,,Education,,,,M,,,,,,,,,,EDC_1916_08
EDCT_938,Institution,Wesleyan Girls' School (Wuchang),,,,,,,,,Education,School,,,F,,,,,,,,,,EDC_1916_59
EDCT_939,Institution,West China University,,,,,,,,,Education,School,,,X,,,,,,,,,,EDC_1914_4
EDCT_940,Institution,William Nast College,,,,,,,,,Education,School,,,X,,,,,,,,,,EDC_1914_14
EDCT_941,Institution,Woman's Union Medical School,,,,,,,,,Education,School,,,X,,,,,,,,,,EDC_1914_12
EDCT_942,Institution,Women's Medical College,,,,,,,,,Education,School,,,F,,,,,,,,,,EDC_1917_85
EDCT_943,Institution,Wu Pen Girls' School,,,,,,,,,Education,School,,,F,,,,,,,,,,EDC_1918_124
EDCT_944,Institution,Wuchang Union Normal School,,,,,,,,,Education,School,,,X,,,,,,,,,,EDC_1914_13
EDCT_945,Institution,Y. M. C. A. Day and Evening Schools,,,,,,,,,Education,School,,,X,,,,,,,,,,EDC_1914_18
EDCT_946,Institution,Y. M. C. A. English School,,,,,,,,,Education,School,,,X,,,,,,,,,,EDC_1914_7
EDCT_947,Institution,Y. M. C. A. Language School,,,,,,,,,Education,School,,,X,,,,,,,,,,EDC_1914_6
EDCT_948,Institution,Y. M. C. A. Middle School,,,,,,,,,Education,School,,,X,,,,,,,,,,EDC_1914_14
EDCT_949,Institution,Y. M. C. A. School,,,,,,,,,Education,School,,,X,,,,,,,,,,EDC_1914_16
EDCT_951,Institution,Y.M.C.A. Evening School,,,,,,,,,Education,,,,,,,,,,,,,,EDC_1916_04
EDCT_952,Institution,Y.M.C.A. High School,,,,,,,,,Education,School,,,X,,,,,,,,,,EDC_1914_5
EDCT_953,Institution,Y.M.C.A. Middle School (Hankow),,,,,,,,,Education,School,,,,,,,,,,,,,EDC_1918_123
EDCT_954,Institution,Yale College,,,,,,,,,Education,School,,,X,,,,,,,,,,EDC_1914_12
EDCT_955,Institution,Yale College in China Preparatory School,,,,,,,,,Education,School,,,X,,,,,,,,,,EDC_1914_11
EDCT_956,Institution,Yale Collegiate School,,,,,,,,,Education,School,,,X,,,,,,,,,,EDC_1914_12
EDCT_957,Institution,Yale Mission College,,,,,,,,,Education,School,,,,,,,,,,,,,EDC_1916_80
EDCT_958,Institution,Yaumati English Government School,,,,,,,,,Education,School,,,X,,,,,,,,,,EDC_1914_18
EDCT_959,Institution,YMCA English School (Nanking),,,,,,,,,Education,School,,,X,,,,,,,,,,EDC_1916_62
EDCT_960,Institution,YMCA Evening School {Wuchang},,,,,,,,,Education,School,,,,,,,,,,,,,EDC_1918_125
EDCT_963,Institution,Young People's Institute,,,,,,,,,Education,School,,,X,,,,,,,,,,EDC_1916_67
EDCT_964,Institution,Yunglaw School,,,,,,,,,Education,School,,,X,,,,,,,,,,EDC_1914_20
EDCT_965,Institution,Christians' Mission School,,,,,,,,,Education,School,,,,,,,,,,,,,
EDCT_966,Institution,"School of Medicine, St. John's University",,,,,,,,,Education,School,,,,,,,,,,,,,
EDCT_967,Institution,"St. Stephen's Girl's College, Hongkong",,,,,,,,,Education,School,,,,,,,,,,,,,
EDCT_968,Institution,Union Medical College (Shantung Christian University),,,,,,,,,Education,School,,,,,,,,,,,,,
EDCT_969,Institution,"Smith Bible School, S.B.C.",,,,,,,,,Education,School,,,,,,,,,,,,,
EDCT_970,Institution,"Schell-Cooper Academy, Kutien, Fukien",,,,,,,,,Education,School,,,,,,,,,,,,,
EDCT_971,Institution,Miss Jewell's School,,,,,,,,,Education,School,,,,,,,,,,,,,
EDCT_972,Institution,"The University, Hongkong",,,,,,,,,Education,School,,,,,,,,,,,,,
EDCT_973,Institution,"Normal Classes, St. Mary's Hall",,,,,,,,,Education,School,,,,,,,,,,,,,
EDCT_974,Institution,"Wesley College, Wuchang",,,,,,,,,Education,School,,,,,,,,,,,,,
EDCT_975,Institution,"Soochow University, Soochow",,,,,,,,,Education,School,,,,,,,,,,,,,
EDCT_976,Institution,"Peking University, Peking",,,,,,,,,Education,School,,,,,,,,,,,,,
EDCT_977,Institution,"Anglo-Chinese College, Foochow",,,,,,,,,Education,School,,,,,,,,,,,,,
EDCT_978,Institution,"Chinese Govt. 2nd. Military Cadets School, Wuchang",,,,,,,,,Education,School,,,,,,,,,,,,,
EDCT_979,Institution,"Norwegian Missionary Society's Academy, Taohualuen, Yi-yang, Honan",,,,,,,,,Education,School,,,,,,,,,,,,,
EDCT_980,Institution,"Woman’s Union Medical School, Peking",,,,,,,,,Education,School,,,,,,,,,,,,,
EDCT_981,Institution,"Queen's College, Hongkong",,,,,,,,,Education,School,,,,,,,,,,,,,
EDCT_982,Institution,"St. Mary's Hall, Jessfield, Shanghai",,,,,,,,,Education,School,,,,,,,,,,,,,
EDCT_983,Institution,"Yale Collegiate School, Changsha, Hunan",,,,,,,,,Education,School,,,,,,,,,,,,,
EDCT_984,Institution,"Yale College,",,,,,,,,,Education,School,,,,,,,,,,,,,
EDCT_985,Institution,Wuchang Union Normal School; Vice Principal,,,,,,,,,Education,School,,,,,,,,,,,,,
EDCT_986,Institution,"Trinity College, C. M. S.",,,,,,,,,Education,School,,,,,,,,,,,,,
EDCT_987,Institution,The Victoria Home and Orphanage Girl's School,,,,,,,,,Education,School,,,,,,,,,,,,,
EDCT_989,Institution,High School,,,,,,,,,Education,School,,,,,,,,,,,,,
EDCT_990,Institution,Wuhu Union Preparatory High School,,,,,,,,,Education,School,,,,,,,,,,,,,
EDCT_991,Institution,Mingteh School,,,,,,,,,Education,School,,,,,,,,,,,,,
EDCT_992,Institution,Wuchang School,,,,,,,,,Education,School,,,,,,,,,,,,,
EDCT_993,Institution,Y.M.C.A. School,,,,,,,,,Education,School,,,,,,,,,,,,,
EDCT_994,Institution,"Saiyingpun School, Technical Institute",,,,,,,,,Education,School,,,,,,,,,,,,,
EDCT_995,Institution,Griffith John College,,,,,,,,,Education,School,,,,,,,,,,,,,
EDCT_996,Institution,"Guthrie Memorial High School, M. E. M. Hinghwa, Fukien",,,,,,,,,Education,School,,,,,,,,,,,,,
EDCT_997,Institution,"Union Training School for Nurses,",,,,,,,,,Education,School,,,,,,,,,,,,,
EDCT_998,Institution,"Medical School, St. John's University",,,,,,,,,Education,School,,,,,,,,,,,,,
EDCT_999,Institution,"Co-Principal, C. I. M. Prep, School",,,,,,,,,Education,School,,,,,,,,,,,,,
EDCT_1000,Institution,Y. M. C. A. Day School,,,,,,,,,Education,School,,,,,,,,,,,,,
EDCT_1001,Institution,Kenarden School,,,,,,,,,Education,School,,,,,,,,,,,,,
HBLAI_201,Institution,American Bible Society Headquarters,Interdenominational,,,,,,,,Press,Mission Press,Protestant,,x,,,,,,,,,START YEAR: 1876,HB_1936_198
HBLAI_202,Institution,Alliance Press,,,,,,,,,Press,Mission Press,Protestant,,x,,,,,,,,,,HB_1936_200
HBLAI_203,Institution,Association Press of China,Interdenominational,,,,,,,,Press,Mission Press,Protestant,,x,,,,,,,,,,HB_1936_200
HBLAI_204,Institution,Church Literature Commitee ,,,,,,,,,Education,Church,Protestant,,x,,,,,,,,,,HB_1936_200
HBLAI_205,Institution,Canadian Mission Press,Interdenominational,,,,,,,,Press,Mission Press,Protestant,,x,,,,,,,,,,HB_1936_200
HBLAI_206,Institution,British and Foreign Bible Society,,,,,,,,,Press,Bible School,Protestant,,x,,,,,,,,,START YEAR: 1812,HB_1936_201
HBLAI_207,Institution,China Baptist Publication Society Headquarters,Baptist,,,,,,,,Press,Mission Press,Protestant,,x,,,,,,,,,START YEAR: 1899,HB_1936_202
HBLAI_208,Institution,Christian Literature Society for China Headquarters,,,,,,,,,Press,Mission Press,Protestant,,x,,,,,,,,,START YEAR: 1887,HB_1936_202
HBLAI_209,Institution,International Bible Reading Associatioin in China,,,,,,,,,Education,Bible School,Protestant,,x,,,,,,,,,,HB_1936_203
HBLAI_210,Institution,Kwang Hsueh Publishing House,,,,,,,,,Press,Mission Press,Protestant,,x,,,,,,,,,,HB_1936_204
HBLAI_211,Institution,Lutheran Book Concern,Lutheran,,,,,,,,Press,Mission Press,Protestant,,x,,,,,,,,,,HB_1936_204
HBLAI_212,Institution,Lutheran Board of Publications,Lutheran,,,,,,,,Press,Mission Press,Protestant,,x,,,,,,,,,START YEAR: 1921,HB_1936_204
HBLAI_213,Institution,Literature Promotion Fund Headquarters,,,,,,,,,Press,Mission Press,Protestant,,x,,,,,,,,,START YEAR: 1932,HB_1936_204
HBLAI_214,Institution,National Bible Society of Scotland Headquarters,,,,,,,,,Press,Mission Press,Protestant,,x,,,,,,,,,,HB_1936_205
HBLAI_215,Institution,National Tract Society for China Headquarters,,,,,,,,,Press,Mission Press,Protestant,,x,,,,,,,,,,HB_1936_206
HBLAI_216,Institution,Phonetic Promotion Commitee,,,,,,,,,Press,Mission Press,Protestant,,x,,,,,,,,,START YEAR: 1918,HB_1936_207
HBLAI_217,Institution,Religious Tract Society in China,,,,,,,,,Press,Mission Press,Protestant,,x,,,,,,,,,START YEAR: 1921,HB_1936_207
HBLAI_218,Institution,Signs of the Times Publishing House ,,,,,,,,,Press,Mission Press,Protestant,,x,,,,,,,,,START YEAR: 1906,HB_1936_208
HBLAI_219,Institution,Hill-Murray Institute for the Blind ,Interdenominational,,,,,,,,Education,Blind School,Protestant,,x,,,,,,,,,START YEAR: 1886,HB_1936_226
HBLAI_220,Institution,Hildesheim Mission to the Blind,Interdenominational,,,,,,,,Education,Blind School,Protestant,,x,,,,,,,,,START YEAR: 1890,HB_1936_226
HBLAI_221,Institution,Institution for the Chinese Blind,Interdenominational,,,,,,,,Education,Blind School,Protestant,,x,,,,,,,,,START YEAR: 1912,HB_1936_227
HBLAI_222,Institution,Institution for the Chinese Deaf,Interdenominational,,,,,,,,Education,Missionary Training Institute,Protestant,,x,,,,,,,,,START YEAR: 1926,HB_1936_227
CRT_202,Institution,Collège-Petit Séminaire,,,,善導女子中學,,,,,Education,School,Roman Catholic,,M,,,,,,,,,,
CRT_233,Institution,Ecole du Bon Conseil,,,,文學中學,,,,,Education,School,Roman Catholic,,F,,,,,,,,,,
CRT_055,Institution,Collège Chatolique,Franciscan,,,盈世學校二部,,,,,Education,School,Roman Catholic,,M,,,,,,,,,,
CRT_056,Institution,Ecole,Franciscan,,,祟正書院,,,,,Education,School,Roman Catholic,,M,,,,,,,,,,
CRT_058,Institution,Petit Séminaire St. Antoine,Franciscan,,,,,,,,Education,School,Roman Catholic,,M,,,,,,,,,,
CRT_063,Institution,Ecole des Soeurs Franciscaines,Franciscan,,,三育學校,,,,,Education,School,Roman Catholic,,F,,,,,,,,,,
CRT_243,Institution,Ecole Catholique,,,,,,,,,Education,School,Roman Catholic,,M,,,,,,,,,,
CRT_130,Institution,Ecole,Steyler,,,种羅修院,,,,,Education,School,Roman Catholic,,F,,,,,,,,,,
CRT_205,Institution,Petit Seminaire St-Joseph,,,,拉丁書院,,,,,Education,School,Roman Catholic,,M,,,,,,,,,,
CRT_204,Institution,Petit Séminaire,,,,,,,,,Education,School,Roman Catholic,,M,,,,,,,,,,
CRT_177,Institution,Petit Séminaire de Chengting [Paitang],,,,,,,,,Education,School,Roman Catholic,,X,,,,,,,,,,
CRT_201,Institution,Collège-Petit Séminaire,,,,,,,,,Education,School,Roman Catholic,,M,,,,,,,,,,
CRT_061,Institution,Petit Séminaire,Franciscan,,,,,,,,Education,School,Roman Catholic,,M,,,,,,,,,,
CRT_236,Institution,Ecole de la Ste-Famille,,,,上智小學校,,,,,Education,School,Roman Catholic,,F,,,,,,,,,,
CRT_191,Institution,Pensionnat de la Sagesse,,,,,,,,,Education,School,Roman Catholic,,F,,,,,,,,,,
CRT_207,Institution,Ecole,,,,若瑟院,,,,,Education,School,Roman Catholic,,,,,,,,,,,,
CRT_208,Institution,Petit Séminaire St-Joseph [Joseph's House],,,,保?修院,,,,,Education,School,Roman Catholic,,M,,,,,,,,,,
CRT_209,Institution,Probatorium St-Paul,,,,正德,,,,,Education,School,Roman Catholic,,M,,,,,,,,,,
CRT_210,Institution,Ecole,,,,上智贾案小學校,,,,,Education,School,Roman Catholic,,M,,,,,,,,,,
CRT_228,Institution,Collège de la Sagesse,,,,,,,,,Education,School,Roman Catholic,,M,,,,,,,,,,
CRT_229,Institution,Ecole Industrielle,,,,,,,,,Education,School,Roman Catholic,,,,,,,,,,,,
CRT_240,Institution,"Ecole ""L'Immaculée Conception""",,,,崇德,,,,,Education,School,Roman Catholic,,F,,,,,,,,,,
CRT_220,Institution,Ecole,,,,崇正,,,,,Education,School,Roman Catholic,,F,,,,,,,,,,
CRT_070,Institution,Ecole,Ignatian,,,,,,,,Education,School,Roman Catholic,,M,,,,,,,,,,
CRT_071,Institution,Ecole St-Louis,Ignatian,,,寧國,,,,,Education,School,Roman Catholic,,M,,,,,,,,,,
CRT_083,Institution,"Collège-Séminaire, Ningkwo",Ignatian,,,,,,,,Education,School,Roman Catholic,,M,,,,,,,,,,
CRT_122,Institution,Petit Séminaire St-Joseph,Maryknoll,,,,,,,,Education,School,Roman Catholic,,M,,,,,,,,,,
CRT_181,Institution,Petit Séminaire St. Vincent et Collège Préparatiore,,,,,,,,,Education,School,Roman Catholic,,M,,,,,,,,,,
CRT_192,Institution,Petit Séminaire de Moukden,,,,,,,,,Education,School,Roman Catholic,,M,,,,,,,,,,
CRT_100,Institution,Collège de Francais,Marist,,,,,,,,Education,School,Roman Catholic,,M,,,,,,,,,,
CRT_216,Institution,Petit Séminaire,,,,女子部,,,,,Education,School,Roman Catholic,,M,,,,,,,,,,
CRT_218,Institution,Collège des Soeurs,,,,法文學校,,,,,Education,School,Roman Catholic,,F,,,,,,,,,,
CRT_099,Institution,Ecole Municipale Francaise,Marist,,,,,,,,Education,School,Roman Catholic,,M,,,,,,,,,,
CRT_095,Institution,Ecole Secondaire,Marianist,,,聖安多尼女學校,,,,,Education,School,Roman Catholic,,M,,,,,,,,,,
CRT_015,Institution,Ecole St-Antoine,Dominican,,,,,,,,Education,School,Roman Catholic,,F,,,,,,,,,,
CRT_016,Institution,Ecole Ste-Marie,Dominican,,,聖若瑟女學校,,,,,Education,School,Roman Catholic,,F,,,,,,,,,,
CRT_017,Institution,Ecole St-Joseph,Dominican,,,聖依搦斯學校,,,,,Education,School,Roman Catholic,,F,,,,,,,,,,
CRT_018,Institution,Ecole Ste-Agnès,Dominican,,,聖安多尼小修院,,,,,Education,School,Roman Catholic,,F,,,,,,,,,,
CRT_060,Institution,Petit Séminaire St-Antoine,Franciscan,,,,,,,,Education,School,Roman Catholic,,M,,,,,,,,,,
CRT_237,Institution,Ecole B.V.M,,,,,,,,,Education,School,Roman Catholic,,F,,,,,,,,,,
CRT_010,Institution,Petit Séminaire: St-Vincent,Dominican,,,,,,,,Education,School,Roman Catholic,,M,,,,,,,,,,
CRT_131,Institution,Ecole Normale,Steyler,,,善導,,,,,Education,School,Roman Catholic,,F,,,,,,,,,,
CRT_132,Institution,Ecole,Steyler,,,,,,,,Education,School,Roman Catholic,,F,,,,,,,,,,
CRT_139,Institution,Ecole Normale,Steyler,,,駐馬店,,,,,Education,School,Roman Catholic,,M,,,,,,,,,,
CRT_140,Institution,Petit Séminaire À Chumatien,Steyler,,,,,,,,Education,School,Roman Catholic,,M,,,,,,,,,,
CRT_194,Institution,Ecole,,,,,,,,,Education,School,Roman Catholic,,M,,,,,,,,,,
CRT_020,Institution,Ecole,Franciscan,,,,,,,,Education,School,Roman Catholic,,F,,,,,,,,,,
CRT_059,Institution,Collége St-Antoine,Franciscan,,,培德學校,,,,,Education,School,Roman Catholic,,M,,,,,,,,,,
CRT_002,Institution,Pensionnat Ste-Cécile,Canossian,,,,,,,,Education,School,Roman Catholic,,F,,,,,,,,,,
CRT_149,Institution,Petit Séminaire du Sacrè-Coeur,Xaverian,,,,,,,,Education,School,Roman Catholic,,M,,,,,,,,,,
CRT_150,Institution,Collège St.Louis,Xaverian,,,襄縣,,,,,Education,School,Roman Catholic,,M,,,,,,,,,,
CRT_151,Institution,Collège-Séminaire de Sianghsien,Xaverian,,,聖心師範,,,,,Education,School,Roman Catholic,,M,,,,,,,,,,
CRT_076,Institution,Ecole du Sacré-Coeur,Ignatian,,,勵群學校,,,,,Education,School,Roman Catholic,,M ,,,,,,,,,,
CRT_225,Institution,Ecole Don Bosco,,,,,,,,,Education,School,Roman Catholic,,M,,,,,,,,,,
CRT_227,Institution,Petit Séminaire St-Joseph de Hosai,,,,西滿學校,,,,,Education,School,Roman Catholic,,M,,,,,,,,,,
CRT_214,Institution,Ecole Simeone,,,,白鹿場,,,,,Education,School,Roman Catholic,,M,,,,,,,,,,
CRT_196,Institution,Petit Séminaire,,,,,,,,,Education,School,Roman Catholic,,M,,,,,,,,,,
CRT_021,Institution,Pensionnat de Marie-Immaculée,Franciscan,,,?星學校,,,,,Education,School,Roman Catholic,,F,,,,,,,,,,
CRT_041,Institution,Pensionnat de l'Etoile du Matin,Franciscan,,,克明學校,,,,,Education,School,Roman Catholic,,F,,,,,,,,,,
CRT_262,Institution,Collège St-Joseph,,,,,,,,,Education,School,Roman Catholic,,,,,,,,,,,,
CRT_155,Institution,Ecole l'Etoile,,,,楊光學校,,,,,Education,School,Roman Catholic,,M,,,,,,,,,,
CRT_008,Institution,Collège St.Dominique,Dominican,,,,,,,,Education,School,Roman Catholic,,M,,,,,,,,,,
CRT_013,Institution,Petit Séminaire,Dominican,,,?範女子學校,,,,,Education,School,Roman Catholic,,M,,,,,,,,,,
CRT_019,Institution,Collège du St. Rosaire,Dominican,,,德鏡,,,,,Education,School,Roman Catholic,,F,,,,,,,,,,
CRT_185,Institution,Ecole,,,,,,,,,Education,School,Roman Catholic,,M,,,,,,,,,,
CRT_186,Institution,Collège-Petit Séminaire,,,,,,,,,Education,School,Roman Catholic,,M,,,,,,,,,,
CRT_211,Institution,Académie du St.Esprit,,,,聖心中學校,,,,,Education,School,Roman Catholic,,F,,,,,,,,,,
CRT_273,Institution,Collège du Sacré-Coeur,,,,,,,,,Education,School,Roman Catholic,,M,,,,,,,,,,
CRT_280,Institution,Petit Séminaire,,,,,,,,,Education,School,Roman Catholic,,M,,,,,,,,,,
CRT_276,Institution,Petit Seminaire de Meikweiyintze,,,,文化學院,,,,,Education,School,Roman Catholic,,M,,,,,,,,,,
CRT_277,Institution,Ecole de Pingtichuan,,,,大冲關,,,,,Education,School,Roman Catholic,,M,,,,,,,,,,
CRT_203,Institution,Collège-Petit Séminaire,,,,善道學校,,,,,Education,School,Roman Catholic,,M,,,,,,,,,,
CRT_231,Institution,Ecole N.D. du Bon Conseil,,,,,,,,,Education,School,Roman Catholic,,F,,,,,,,,,,
CRT_180,Institution,Petit Séminaire de l'Immaculée-Conception et École Preparatoire,,,,,,,,,Education,School,Roman Catholic,,M,,,,,,,,,,
CRT_148,Institution,Ecole Secondaire,Vincentian,,,,,,,,Education,School,Roman Catholic,,F,,,,,,,,,,
CRT_167,Institution,Collège de Tuitzeliang,,,,,,,,,Education,School,Roman Catholic,,M,,,,,,,,,,
CRT_169,Institution,Collège de Hiu Hoyo Tchoang,,,,,,,,,Education,School,Roman Catholic,,M,,,,,,,,,,
CRT_171,Institution,Collège de Shenpa,,,,,,,,,Education,School,Roman Catholic,,M,,,,,,,,,,
CRT_281,Institution,Ecole de Medicine,,,,,,,,,Education,School,Roman Catholic,,M,,,,,,,,,,
CRT_123,Institution,Collège-Petit Séminaire,Maryknoll,,,,,,,,Education,School,Roman Catholic,,M,,,,,,,,,,
CRT_162,Institution,Ecole Nogue,,,,,,,,,Education,School,Roman Catholic,,M,,,,,,,,,,
CRT_187,Institution,Ecole,,,,,,,,,Education,School,Roman Catholic,,F,,,,,,,,,,
CRT_001,Institution,Institut Canossien,Canossian,,,,,,,,Education,School,Roman Catholic,,F,,,,,,,,,,
CRT_003,Institution,Institut Canossien Elèves Étrangers,Canossian,,,,,,,,Education,School,Roman Catholic,,F,,,,,,,,,,
CRT_004,Institution,Institut Canossien Elèves Chinois,Canossian,,,,,,,,Education,School,Roman Catholic,,F,,,,,,,,,,
CRT_160,Institution,Ecoles Professionelles,,,,聖保祿法國智院,,,,,Education,School,Roman Catholic,,F,,,,,,,,,,
CRT_188,Institution,Institution St. Paul,,,,聖保祿法國智院,,,,,Education,School,Roman Catholic,,F,,,,,,,,,,
CRT_189,Institution,Institution St. Paul Elèves Étrangers,,,,聖保祿法國智院,,,,,Education,School,Roman Catholic,,F,,,,,,,,,,
CRT_190,Institution,Institution St. Paul Elèves Chinois,,,,,,,,,Education,School,Roman Catholic,,F,,,,,,,,,,
CRT_093,Institution,Collège St.Joseph,Lasallian,,,,,,,,Education,School,Roman Catholic,,M,,,,,,,,,,
CRT_094,Institution,Collège la Salle,Lasallian,,,,,,,,Education,School,Roman Catholic,,M,,,,,,,,,,
CRT_124,Institution,Ecole,Maryknoll,,,,,,,,Education,School,Roman Catholic,,F,,,,,,,,,,
CRT_125,Institution,Ecole du St.Esprit,Maryknoll,,,,,,,,Education,School,Roman Catholic,,F,,,,,,,,,,
CRT_126,Institution,Ecole du St.Esprit Elèves Étrangers,Maryknoll,,,,,,,,Education,School,Roman Catholic,,F,,,,,,,,,,
CRT_127,Institution,Ecole du St.Esprit Elèves Chinois,Maryknoll,,,聖母無原罪修院,,,,,Education,School,Roman Catholic,,F,,,,,,,,,,
CRT_215,Institution,Collège Petit Séminaire,,,,,,,,,Education,School,Roman Catholic,,M,,,,,,,,,,
CRT_217,Institution,Ecole des Religieuses du Précieux Sang,,,,,,,,,Education,School,Roman Catholic,,M,,,,,,,,,,
CRT_219,Institution,Ecole Tak-Sun,,,,聖頖思工蕃學校,,,,,Education,School,Roman Catholic,,F,,,,,,,,,,
CRT_223,Institution,Ecole Professionelle St. Louis,,,,,,,,,Education,School,Roman Catholic,,M,,,,,,,,,,
CRT_234,Institution,Ecole Ste. Claire,,,,利瑪竇寄宿舍,,,,,Education,School,Roman Catholic,,F,,,,,,,,,,
CRT_087,Institution,Ricci Hall,Ignatian,,,利瑪竇寄宿舍,,,,,Education,,Roman Catholic,,M,,,,,,,,,,
CRT_090,Institution,Ricci Hall Elèves Étrangers,Ignatian,,,利瑪竇寄宿舍,,,,,Education,,Roman Catholic,,M,,,,,,,,,,
CRT_091,Institution,Ricci Hall Elèves Chinois,Ignatian,,,華人英文,,,,,Education,,Roman Catholic,,M,,,,,,,,,,
CRT_092,Institution,Wah Yan,Ignatian,,,,,,,,Education,School,Roman Catholic,,M,,,,,,,,,,
CRT_224,Institution,Ecole Industrielle D'aberdeen,,,,長春仁慈堂,,,,,Education,School,Roman Catholic,,M,,,,,,,,,,
CRT_046,Institution,Collège Russe de Changchun,Franciscan,,,修道院,,,,,Education,School,Roman Catholic,,M,,,,,,,,,,
CRT_178,Institution,Petit Séminaire du Petang,,,,俻修院,,,,,Education,School,Roman Catholic,,,,,,,,,,,,
CRT_179,Institution,Séminaire Préparatoire,,,,盛新中學,,,,,Education,School,Roman Catholic,,,,,,,,,,,,
CRT_118,Institution,Ecole de Wulungting,Marist,,,無原罪工藝學校,,,,,Education,School,Roman Catholic,,,,,,,,,,,,
CRT_222,Institution,Ecole des Arts et Métiers de l'Immaculée-Conception,,,,,,,,,Education,School,Roman Catholic,,M,,,,,,,,,,
CRT_232,Institution,Ecole Santa Rosa de Lima,,,,,,,,,Education,School,Roman Catholic,,F,,,,,,,,,,
CRT_088,Institution,Collège Séminaire St. Joseph,Ignatian,,,,,,,,Education,School,Roman Catholic,,M,,,,,,,,,,
CRT_005,Institution,Ecole du S. Coeur,Canossian,,,,,,,,Education,School,Roman Catholic,,F,,,,,,,,,,
CRT_226,Institution,Ecole St-Bosco,,,,慈母山,,,,,Education,School,Roman Catholic,,M ,,,,,,,,,,
CRT_198,Institution,Petit Séminaire,,,,白?树,,,,,Education,School,Roman Catholic,,M,,,,,,,,,,
CRT_199,Institution,Probatorium de Chungking,,,,德智學校,,,,,Education,School,Roman Catholic,,M,,,,,,,,,,
CRT_200,Institution,Ecole de la Sagesse,,,,明賊中學,,,,,Education,School,Roman Catholic,,M,,,,,,,,,,
CRT_098,Institution,Collège de St.Paul,Marist,,,,,,,,Education,School,Roman Catholic,,M,,,,,,,,,,
CRT_184,Institution,Ecole de Francais,,,,指南師範學校,,,,,Education,School,Roman Catholic,,U,,,,,,,,,,
CRT_242,Institution,Ecole Normale,,,,三育學校,,,,,Education,School,Roman Catholic,,M,,,,,,,,,,
CRT_244,Institution,Ecole Catholique [San Yu School],,,,,,,,,Education,School,Roman Catholic,,M,,,,,,,,,,
CRT_158,Institution,Pensionnat Ningsia,,,,,,,,,Education,School,Roman Catholic,,F,,,,,,,,,,
CRT_101,Institution,Annexe Chinoise de l'Ecole St Michel,Marist,,,,,,,,Education,School,Roman Catholic,,M,,,,,,,,,,
CRT_121,Institution,Annexe Su Sacré-Coeur [Pour Chinois],Marist,,,,,,,,Education,School,Roman Catholic,,M,,,,,,,,,,
CRT_166,Institution,Ecole Palakai,,,,拉丁學院,,,,,Education,School,Roman Catholic,,M,,,,,,,,,,
CRT_152,Institution,Petit Seminaire de Tsitsihar,,,,華北中學,,,,,Education,School,Roman Catholic,,M,,,,,,,,,,
CRT_153,Institution,College St-Michel,,,,華北女子中學,,,,,Education,School,Roman Catholic,,M,,,,,,,,,,
CRT_154,Institution,College Ste-Marie,,,,,,,,,Education,School,Roman Catholic,,F,,,,,,,,,,
CRT_138,Institution,College-Petit Seminaire du Sacre-Coeur,Steyler,,,,,,,,Education,School,Roman Catholic,,M,,,,,,,,,,
CRT_380,Institution,Collège St-Joseph,,,,成德女學校,,,,,Education,School,Roman Catholic,,M,,,,,,,,,GENERAL INFORMATION: Foreign Languages Taught: English | Course Length: 7; 1933 INFORMATION: Catholic Students: 0 | Non Catholic Students: 0 | Notes: in 1933 temporarily closedGENERAL INFORMATION: Foreign Languages Taught: English | Course Length: 7; 1933 INFORMATION: Catholic Students: 0 | Non Catholic Students: 0 | Notes: in 1933 temporarily closed,
CRT_264,Institution,Pensionnat Ste-Thérése,,,,,,,,,Education,School,Roman Catholic,,F,,,,,,,,,GENERAL INFORMATION: Run by Chinese Sisters of the Sacred Heart,
CRT_025,Institution,Ecole Ste-Claire,Franciscan,,,,,,,,Education,School,Roman Catholic,,F,,,,,,,,,GENERAL INFORMATION: Run by Chinese Tertiary Franciscan Order,
CRT_266,Institution,Ecole St-Joseph,,,,,,,,,Education,School,Roman Catholic,,F,,,,,,,,,GENERAL INFORMATION: Run by Chinese Virgins,
CRT_267,Institution,"Collège ""Docksin""",,,,聖心英交,,,,,Education,School,Roman Catholic,,M,,,,,,,,,GENERAL INFORMATION: Run by M. Dixon Chau,
CRT_268,Institution,Collège du Sacré-Coeur,,,,,,,,,Education,School,Roman Catholic,,M,,,,,,,,,GENERAL INFORMATION: Run by M. Jos. Shak,
CRT_269,Institution,Ecole Pour Les Enfants Russes,,,,四平街,,,,,Education,School,Roman Catholic,,,,,,,,,,,GENERAL INFORMATION: Run by Russians,
CRT_374,Institution,Ecole Intermédiaire de Szepingkai,,,,尙智,,,,,Education,School,Roman Catholic,,,,,,,,,,,"GENERAL INFORMATION: School Level: Intermediate | Foreign Languages Taught: English, Japanese; 1934 INFORMATION: Catholic Students: 8 | Non Catholic Students: 68; 1935 INFORMATION: Catholic Students: 8 | Non Catholic Students: 68GENERAL INFORMATION: School Level: Intermediate | Foreign Languages Taught: English, Japanese; 1934 INFORMATION: Catholic Students: 8 | Non Catholic Students: 68; 1935 INFORMATION: Catholic Students: 8 | Non Catholic Students: 68",
CRT_376,Institution,"Ecole, Yuen Ling",,,,尙智,,,,,Education,School,Roman Catholic,,M,,,,,,,,,GENERAL INFORMATION: School Level: prim. sup. | Course Length: 6; 1933 INFORMATION: Catholic Students: 60 | Non Catholic Students: 150; 1934 INFORMATION: Catholic Students: 50 | Non Catholic Students: 90; 1935 INFORMATION: Catholic Students: 50 | Non Catholic Students: 90GENERAL INFORMATION: School Level: prim. sup. | Course Length: 6; 1933 INFORMATION: Catholic Students: 60 | Non Catholic Students: 150; 1934 INFORMATION: Catholic Students: 50 | Non Catholic Students: 90; 1935 INFORMATION: Catholic Students: 50 | Non Catholic Students: 90,
CRT_377,Institution,Ecole,,,,完金,,,,,Education,School,Roman Catholic,,M,,,,,,,,,GENERAL INFORMATION: School Level: prim. sup. | Foreign Languages Taught: English; 1933 INFORMATION: Catholic Students: 260 | Non Catholic Students: 210; 1934 INFORMATION: Catholic Students: 240 | Non Catholic Students: 140; 1935 INFORMATION: Catholic Students: 240 | Non Catholic Students: 140GENERAL INFORMATION: School Level: prim. sup. | Foreign Languages Taught: English; 1933 INFORMATION: Catholic Students: 260 | Non Catholic Students: 210; 1934 INFORMATION: Catholic Students: 240 | Non Catholic Students: 140; 1935 INFORMATION: Catholic Students: 240 | Non Catholic Students: 140,
CRT_378,Institution,Ecole,,,,崇眞小學校,,,,,Education,School,Roman Catholic,,F,,,,,,,,,GENERAL INFORMATION: School Level: Primary | Course Length: 6; 1933 INFORMATION: Catholic Students: 4 | Non Catholic Students: 76; 1934 INFORMATION: Catholic Students: 9 | Non Catholic Students: 61; 1935 INFORMATION: Catholic Students: 17 | Non Catholic Students: 48GENERAL INFORMATION: School Level: Primary | Course Length: 6; 1933 INFORMATION: Catholic Students: 4 | Non Catholic Students: 76; 1934 INFORMATION: Catholic Students: 9 | Non Catholic Students: 61; 1935 INFORMATION: Catholic Students: 17 | Non Catholic Students: 48,
CRT_358,Institution,Ecole Vérité,,,,仁愛學校,,,,,Education,School,Roman Catholic,,M,,,,,,,,,GENERAL INFORMATION: School Level: Primary | Course Length: 6GENERAL INFORMATION: School Level: Primary | Course Length: 6,
CRT_320,Institution,Ecole du Sacré Coeur,,,,崇正女學校,,,,,Education,School,Roman Catholic,,M,,,,,,,,,"GENERAL INFORMATION: School Level: Primary | Foreign Languages Taught: English | Course Length: 6; 1933 INFORMATION: Catholic Students: 244 | Non Catholic Students: 37; 1934 INFORMATION: Catholic Students: 254 | Non Catholic Students: 52 | Notes: in 1934 the school level was prim. superior ; 1935 INFORMATION: Catholic Students: 269 | Non Catholic Students: 58; 1937 INFORMATION: Catholic Students: 280 | Non Catholic Students: 103 | Notes: In 1937 the school level was primary superior ; 1938 INFORMATION: Catholic Students: 338 | Non Catholic Students: 109; 1939 INFORMATION: Catholic Students: 321 | Non Catholic Students: 211; 1942 INFORMATION: Catholic Students: 235 | Non Catholic Students: 502; 1947 INFORMATION: Catholic Students: 11 | Non Catholic Students: 70 | Notes: Primary and secondary school, sup. 151 - 155; 1949 INFORMATION: Catholic Students: 60 | Non Catholic Students: 353GENERAL INFORMATION: School Level: Primary | Foreign Languages Taught: English | Course Length: 6; 1933 INFORMATION: Catholic Students: 244 | Non Catholic Students: 37; 1934 INFORMATION: Catholic Students: 254 | Non Catholic Students: 52 | Notes: in 1934 the school level was prim. superior ; 1935 INFORMATION: Catholic Students: 269 | Non Catholic Students: 58; 1937 INFORMATION: Catholic Students: 280 | Non Catholic Students: 103 | Notes: In 1937 the school level was primary superior ; 1938 INFORMATION: Catholic Students: 338 | Non Catholic Students: 109; 1939 INFORMATION: Catholic Students: 321 | Non Catholic Students: 211; 1942 INFORMATION: Catholic Students: 235 | Non Catholic Students: 502; 1947 INFORMATION: Catholic Students: 11 | Non Catholic Students: 70 | Notes: Primary and secondary school, sup. 151 - 155; 1949 INFORMATION: Catholic Students: 60 | Non Catholic Students: 353",
CRT_370,Institution,Ecole,,,,崇貞,,,,,Education,School,Roman Catholic,,F,,,,,,,,,GENERAL INFORMATION: School Level: Primary | Foreign Languages Taught: English | Course Length: 6; 1933 INFORMATION: Catholic Students: 34 | Non Catholic Students: 82 | Notes: in 1933 the school level was prim. sup ; 1934 INFORMATION: Catholic Students: 40 | Non Catholic Students: 77 | Notes: in 1934 the school level was prim. sup ; 1935 INFORMATION: Catholic Students: 40 | Non Catholic Students: 77; 1937 INFORMATION: Catholic Students: 62 | Non Catholic Students: 142 | Notes: In 1937 the school level was primary superior; 1938 INFORMATION: Catholic Students: 62 | Non Catholic Students: 142; 1939 INFORMATION: Catholic Students: 0 | Non Catholic Students: 0; 1942 INFORMATION: Catholic Students: 0 | Non Catholic Students: 0; 1947 INFORMATION: Catholic Students: 0 | Non Catholic Students: 0GENERAL INFORMATION: School Level: Primary | Foreign Languages Taught: English | Course Length: 6; 1933 INFORMATION: Catholic Students: 34 | Non Catholic Students: 82 | Notes: in 1933 the school level was prim. sup ; 1934 INFORMATION: Catholic Students: 40 | Non Catholic Students: 77 | Notes: in 1934 the school level was prim. sup ; 1935 INFORMATION: Catholic Students: 40 | Non Catholic Students: 77; 1937 INFORMATION: Catholic Students: 62 | Non Catholic Students: 142 | Notes: In 1937 the school level was primary superior; 1938 INFORMATION: Catholic Students: 62 | Non Catholic Students: 142; 1939 INFORMATION: Catholic Students: 0 | Non Catholic Students: 0; 1942 INFORMATION: Catholic Students: 0 | Non Catholic Students: 0; 1947 INFORMATION: Catholic Students: 0 | Non Catholic Students: 0,
CRT_332,Institution,Ecole,,,,正道,,,,,Education,School,Roman Catholic,,M,,,,,,,,,GENERAL INFORMATION: School Level: Primary | Foreign Languages Taught: English | Course Length: 6; 1933 INFORMATION: Catholic Students: 40 | Non Catholic Students: 90 | Notes: in 1933 the school level was prim. sup ; 1934 INFORMATION: Catholic Students: 41 | Non Catholic Students: 36 | Notes: in 1934 the school level was prim. sup ; 1935 INFORMATION: Catholic Students: 41 | Non Catholic Students: 36; 1937 INFORMATION: Catholic Students: 82 | Non Catholic Students: 102 | Notes: In 1937 the school level was primary superior; 1938 INFORMATION: Catholic Students: 82 | Non Catholic Students: 162; 1939 INFORMATION: Catholic Students: 0 | Non Catholic Students: 0; 1942 INFORMATION: Catholic Students: 0 | Non Catholic Students: 0; 1949 INFORMATION: Catholic Students: 56 | Non Catholic Students: 350GENERAL INFORMATION: School Level: Primary | Foreign Languages Taught: English | Course Length: 6; 1933 INFORMATION: Catholic Students: 40 | Non Catholic Students: 90 | Notes: in 1933 the school level was prim. sup ; 1934 INFORMATION: Catholic Students: 41 | Non Catholic Students: 36 | Notes: in 1934 the school level was prim. sup ; 1935 INFORMATION: Catholic Students: 41 | Non Catholic Students: 36; 1937 INFORMATION: Catholic Students: 82 | Non Catholic Students: 102 | Notes: In 1937 the school level was primary superior; 1938 INFORMATION: Catholic Students: 82 | Non Catholic Students: 162; 1939 INFORMATION: Catholic Students: 0 | Non Catholic Students: 0; 1942 INFORMATION: Catholic Students: 0 | Non Catholic Students: 0; 1949 INFORMATION: Catholic Students: 56 | Non Catholic Students: 350,
CRT_369,Institution,Ecole,,,,尚智,,,,,Education,School,Roman Catholic,,M,,,,,,,,,GENERAL INFORMATION: School Level: Primary | Foreign Languages Taught: English | Course Length: 6; 1933 INFORMATION: Catholic Students: 88 | Non Catholic Students: 81 | Notes: in 1933 the school level was prim. sup ; 1934 INFORMATION: Catholic Students: 94 | Non Catholic Students: 103 | Notes: in 1934 the school level was prim. sup ; 1935 INFORMATION: Catholic Students: 94 | Non Catholic Students: 103; 1937 INFORMATION: Catholic Students: 23 | Non Catholic Students: 58 | Notes: In 1937 the school level was primary superior; 1938 INFORMATION: Catholic Students: 23 | Non Catholic Students: 58; 1939 INFORMATION: Catholic Students: 0 | Non Catholic Students: 0; 1942 INFORMATION: Catholic Students: 0 | Non Catholic Students: 0; 1947 INFORMATION: Catholic Students: 49 | Non Catholic Students: 80 | Notes: Secondary schoolGENERAL INFORMATION: School Level: Primary | Foreign Languages Taught: English | Course Length: 6; 1933 INFORMATION: Catholic Students: 88 | Non Catholic Students: 81 | Notes: in 1933 the school level was prim. sup ; 1934 INFORMATION: Catholic Students: 94 | Non Catholic Students: 103 | Notes: in 1934 the school level was prim. sup ; 1935 INFORMATION: Catholic Students: 94 | Non Catholic Students: 103; 1937 INFORMATION: Catholic Students: 23 | Non Catholic Students: 58 | Notes: In 1937 the school level was primary superior; 1938 INFORMATION: Catholic Students: 23 | Non Catholic Students: 58; 1939 INFORMATION: Catholic Students: 0 | Non Catholic Students: 0; 1942 INFORMATION: Catholic Students: 0 | Non Catholic Students: 0; 1947 INFORMATION: Catholic Students: 49 | Non Catholic Students: 80 | Notes: Secondary school,
CRT_321,Institution,Ecole,,,,尚智,,,,,Education,School,Roman Catholic,,F,,,,,,,,,"GENERAL INFORMATION: School Level: Primary | Foreign Languages Taught: English | Course Length: 6; 1937 INFORMATION: Catholic Students: 54 | Non Catholic Students: 82 | Notes: In 1937 the school level was primary superior ; 1938 INFORMATION: Catholic Students: 0 | Non Catholic Students: 0 | Notes: Total 236, primary; 1939 INFORMATION: Catholic Students: 0 | Non Catholic Students: 0 | Notes: New one; 1942 INFORMATION: Catholic Students: 0 | Non Catholic Students: 0 | Notes: In total 156; 1949 INFORMATION: Catholic Students: 35 | Non Catholic Students: 75GENERAL INFORMATION: School Level: Primary | Foreign Languages Taught: English | Course Length: 6; 1937 INFORMATION: Catholic Students: 54 | Non Catholic Students: 82 | Notes: In 1937 the school level was primary superior ; 1938 INFORMATION: Catholic Students: 0 | Non Catholic Students: 0 | Notes: Total 236, primary; 1939 INFORMATION: Catholic Students: 0 | Non Catholic Students: 0 | Notes: New one; 1942 INFORMATION: Catholic Students: 0 | Non Catholic Students: 0 | Notes: In total 156; 1949 INFORMATION: Catholic Students: 35 | Non Catholic Students: 75",
CRT_356,Institution,Ecole,,,,,,,,,Education,School,Roman Catholic,,M,,,,,,,,,"GENERAL INFORMATION: School Level: Primary | Foreign Languages Taught: English | Course Length: 6; 1937 INFORMATION: Catholic Students: 75 | Non Catholic Students: 185 | Notes: In 1937 the school level was primary superior ; 1938 INFORMATION: Catholic Students: 0 | Non Catholic Students: 0 | Notes: Total 236, primary; 1939 INFORMATION: Catholic Students: 0 | Non Catholic Students: 0; 1942 INFORMATION: Catholic Students: 0 | Non Catholic Students: 0 | Notes: In total 236GENERAL INFORMATION: School Level: Primary | Foreign Languages Taught: English | Course Length: 6; 1937 INFORMATION: Catholic Students: 75 | Non Catholic Students: 185 | Notes: In 1937 the school level was primary superior ; 1938 INFORMATION: Catholic Students: 0 | Non Catholic Students: 0 | Notes: Total 236, primary; 1939 INFORMATION: Catholic Students: 0 | Non Catholic Students: 0; 1942 INFORMATION: Catholic Students: 0 | Non Catholic Students: 0 | Notes: In total 236",
CRT_331,Institution,Ecole,,,,,,,,,Education,School,Roman Catholic,,F,,,,,,,,,"GENERAL INFORMATION: School Level: Primary | Foreign Languages Taught: English | Course Length: 9; 1933 INFORMATION: Catholic Students: 14 | Non Catholic Students: 75; 1934 INFORMATION: Catholic Students: 37 | Non Catholic Students: 91; 1935 INFORMATION: Catholic Students: 35 | Non Catholic Students: 108; 1937 INFORMATION: Catholic Students: 13 | Non Catholic Students: 103; 1938 INFORMATION: Catholic Students: 16 | Non Catholic Students: 139 | Notes: Secondary school; 1939 INFORMATION: Catholic Students: 0 | Non Catholic Students: 0 | Notes: Closed for the war; 1942 INFORMATION: Catholic Students: 0 | Non Catholic Students: 0 | Notes: Secondary, destroyed for bombardment of 1940; 1949 INFORMATION: Catholic Students: 7 | Non Catholic Students: 21GENERAL INFORMATION: School Level: Primary | Foreign Languages Taught: English | Course Length: 9; 1933 INFORMATION: Catholic Students: 14 | Non Catholic Students: 75; 1934 INFORMATION: Catholic Students: 37 | Non Catholic Students: 91; 1935 INFORMATION: Catholic Students: 35 | Non Catholic Students: 108; 1937 INFORMATION: Catholic Students: 13 | Non Catholic Students: 103; 1938 INFORMATION: Catholic Students: 16 | Non Catholic Students: 139 | Notes: Secondary school; 1939 INFORMATION: Catholic Students: 0 | Non Catholic Students: 0 | Notes: Closed for the war; 1942 INFORMATION: Catholic Students: 0 | Non Catholic Students: 0 | Notes: Secondary, destroyed for bombardment of 1940; 1949 INFORMATION: Catholic Students: 7 | Non Catholic Students: 21",
CRT_359,Institution,Ecoles,,,,,,,,,Education,School,Roman Catholic,,F,,,,,,,,,GENERAL INFORMATION: School Level: Primary; 1937 INFORMATION: Catholic Students: 276 | Non Catholic Students: 98 | Notes: In 1937 the school level was primary superior (4 ecoles); 1939 INFORMATION: Catholic Students: 57 | Non Catholic Students: 29 | Notes: 4 new schools; 1942 INFORMATION: Catholic Students: 310 | Non Catholic Students: 168 | Notes: 4 primary schools; 1947 INFORMATION: Catholic Students: 59 | Non Catholic Students: 23GENERAL INFORMATION: School Level: Primary; 1937 INFORMATION: Catholic Students: 276 | Non Catholic Students: 98 | Notes: In 1937 the school level was primary superior (4 ecoles); 1939 INFORMATION: Catholic Students: 57 | Non Catholic Students: 29 | Notes: 4 new schools; 1942 INFORMATION: Catholic Students: 310 | Non Catholic Students: 168 | Notes: 4 primary schools; 1947 INFORMATION: Catholic Students: 59 | Non Catholic Students: 23,
CRT_322,Institution,Ecoles,,,,,,,,,Education,School,Roman Catholic,,M,,,,,,,,,GENERAL INFORMATION: School Level: Primary; 1937 INFORMATION: Catholic Students: 316 | Non Catholic Students: 376 | Notes: In 1937 the school level was primary superior (5 ecoles); 1939 INFORMATION: Catholic Students: 109 | Non Catholic Students: 216 | Notes: 6 new schools; 1942 INFORMATION: Catholic Students: 81 | Non Catholic Students: 160 | Notes: 4 primary schools; 1947 INFORMATION: Catholic Students: 81 | Non Catholic Students: 160; 1949 INFORMATION: Catholic Students: 20 | Non Catholic Students: 230GENERAL INFORMATION: School Level: Primary; 1937 INFORMATION: Catholic Students: 316 | Non Catholic Students: 376 | Notes: In 1937 the school level was primary superior (5 ecoles); 1939 INFORMATION: Catholic Students: 109 | Non Catholic Students: 216 | Notes: 6 new schools; 1942 INFORMATION: Catholic Students: 81 | Non Catholic Students: 160 | Notes: 4 primary schools; 1947 INFORMATION: Catholic Students: 81 | Non Catholic Students: 160; 1949 INFORMATION: Catholic Students: 20 | Non Catholic Students: 230,
CRT_366,Institution,Ecole Primaire Supérieure,,,,,,,,,Education,School,Roman Catholic,,F,,,,,,,,,GENERAL INFORMATION: School Level: Primary; 1942 INFORMATION: Catholic Students: 48 | Non Catholic Students: 124; 1947 INFORMATION: Catholic Students: 22 | Non Catholic Students: 105GENERAL INFORMATION: School Level: Primary; 1942 INFORMATION: Catholic Students: 48 | Non Catholic Students: 124; 1947 INFORMATION: Catholic Students: 22 | Non Catholic Students: 105,
CRT_355,Institution,Ecole,,,,崇交中小學女子部,,,,,Education,School,Roman Catholic,,M,,,,,,,,,GENERAL INFORMATION: School Level: Primary; 1942 INFORMATION: Catholic Students: 76 | Non Catholic Students: 104 | Notes: 2 new schoolsGENERAL INFORMATION: School Level: Primary; 1942 INFORMATION: Catholic Students: 76 | Non Catholic Students: 104 | Notes: 2 new schools,
CRT_346,Institution,Ecole Tsong-Wen,,,,崇交中小學,,,,,Education,School,Roman Catholic,,F,,,,,,,,,GENERAL INFORMATION: School Level: Primary; Secondary; 1942 INFORMATION: Catholic Students: 12 | Non Catholic Students: 76 | Notes: New SchoolGENERAL INFORMATION: School Level: Primary; Secondary; 1942 INFORMATION: Catholic Students: 12 | Non Catholic Students: 76 | Notes: New School,
CRT_345,Institution,Ecole Tsong-Wen,,,,,,,,,Education,School,Roman Catholic,,M ,,,,,,,,,GENERAL INFORMATION: School Level: Primary; Secondary; 1942 INFORMATION: Catholic Students: 34 | Non Catholic Students: 224 | Notes: New school; 1947 INFORMATION: Catholic Students: 29 | Non Catholic Students: 277 | Notes: Not specified if for male or femaleGENERAL INFORMATION: School Level: Primary; Secondary; 1942 INFORMATION: Catholic Students: 34 | Non Catholic Students: 224 | Notes: New school; 1947 INFORMATION: Catholic Students: 29 | Non Catholic Students: 277 | Notes: Not specified if for male or female,
CRT_381,Institution,Ecole du Sacré-Coeur,,,,,,,,,Education,School,Roman Catholic,,M,,,,,,,,,GENERAL INFORMATION: School Level: prm.sup | Foreign Languages Taught: English | Language for Teaching Science: French | Course Length: 6; 1933 INFORMATION: Catholic Students: 86 | Non Catholic Students: 345GENERAL INFORMATION: School Level: prm.sup | Foreign Languages Taught: English | Language for Teaching Science: French | Course Length: 6; 1933 INFORMATION: Catholic Students: 86 | Non Catholic Students: 345,
CRT_379,Institution,Ecole Ste-Agnès,,,,,,,,,Education,School,Roman Catholic,,F,,,,,,,,,GENERAL INFORMATION: School Level: School | Course Length: 6; 1933 INFORMATION: Catholic Students: 149 | Non Catholic Students: 16GENERAL INFORMATION: School Level: School | Course Length: 6; 1933 INFORMATION: Catholic Students: 149 | Non Catholic Students: 16,
CRT_350,Institution,Ecole Professionnelle,,,,,,,,,Education,School,Roman Catholic,,M,,,,,,,,,GENERAL INFORMATION: School Level: School; 1933 INFORMATION: Catholic Students: 36 | Non Catholic Students: 0; 1934 INFORMATION: Catholic Students: 39 | Non Catholic Students: 331; 1935 INFORMATION: Catholic Students: 49 | Non Catholic Students: 304; 1937 INFORMATION: Catholic Students: 64 | Non Catholic Students: 311; 1938 INFORMATION: Catholic Students: 186 | Non Catholic Students: 0; 1939 INFORMATION: Catholic Students: 186 | Non Catholic Students: 0GENERAL INFORMATION: School Level: School; 1933 INFORMATION: Catholic Students: 36 | Non Catholic Students: 0; 1934 INFORMATION: Catholic Students: 39 | Non Catholic Students: 331; 1935 INFORMATION: Catholic Students: 49 | Non Catholic Students: 304; 1937 INFORMATION: Catholic Students: 64 | Non Catholic Students: 311; 1938 INFORMATION: Catholic Students: 186 | Non Catholic Students: 0; 1939 INFORMATION: Catholic Students: 186 | Non Catholic Students: 0,
CRT_367,Institution,Ecole Professionnelle,,,,,,,,,Education,School,Roman Catholic,,M,,,,,,,,,GENERAL INFORMATION: School Level: School; 1933 INFORMATION: Catholic Students: 38 | Non Catholic Students: 0; 1934 INFORMATION: Catholic Students: 16 | Non Catholic Students: 2; 1935 INFORMATION: Catholic Students: 22 | Non Catholic Students: 1; 1937 INFORMATION: Catholic Students: 18 | Non Catholic Students: 3; 1938 INFORMATION: Catholic Students: 11 | Non Catholic Students: 6; 1939 INFORMATION: Catholic Students: 0 | Non Catholic Students: 0GENERAL INFORMATION: School Level: School; 1933 INFORMATION: Catholic Students: 38 | Non Catholic Students: 0; 1934 INFORMATION: Catholic Students: 16 | Non Catholic Students: 2; 1935 INFORMATION: Catholic Students: 22 | Non Catholic Students: 1; 1937 INFORMATION: Catholic Students: 18 | Non Catholic Students: 3; 1938 INFORMATION: Catholic Students: 11 | Non Catholic Students: 6; 1939 INFORMATION: Catholic Students: 0 | Non Catholic Students: 0,
CRT_341,Institution,Ecole de l'Immaculée Conception,,,,智宜女中學,,,,,Education,School,Roman Catholic,,F,,,,,,,,,GENERAL INFORMATION: School Level: School; 1935 INFORMATION: Catholic Students: 46; 1937 INFORMATION: Catholic Students: 44 | Non Catholic Students: 0; 1938 INFORMATION: Catholic Students: 53 | Non Catholic Students: 0; 1939 INFORMATION: Catholic Students: 53 | Non Catholic Students: 0; 1942 INFORMATION: Catholic Students: 43 | Non Catholic Students: 0 | Notes: Filles de JèsusGENERAL INFORMATION: School Level: School; 1935 INFORMATION: Catholic Students: 46; 1937 INFORMATION: Catholic Students: 44 | Non Catholic Students: 0; 1938 INFORMATION: Catholic Students: 53 | Non Catholic Students: 0; 1939 INFORMATION: Catholic Students: 53 | Non Catholic Students: 0; 1942 INFORMATION: Catholic Students: 43 | Non Catholic Students: 0 | Notes: Filles de Jèsus,
CRT_316,Institution,Ecole Tsini,,,,,,,,,Education,School,Roman Catholic,,F,,,,,,,,,GENERAL INFORMATION: School Level: School; 1937 INFORMATION: Catholic Students: 20 | Non Catholic Students: 389; 1938 INFORMATION: Catholic Students: 20 | Non Catholic Students: 389; 1939 INFORMATION: Catholic Students: 20 | Non Catholic Students: 389; 1942 INFORMATION: Catholic Students: 34 | Non Catholic Students: 64; 1947 INFORMATION: Catholic Students: 50 | Non Catholic Students: 517; 1949 INFORMATION: Catholic Students: 62 | Non Catholic Students: 948GENERAL INFORMATION: School Level: School; 1937 INFORMATION: Catholic Students: 20 | Non Catholic Students: 389; 1938 INFORMATION: Catholic Students: 20 | Non Catholic Students: 389; 1939 INFORMATION: Catholic Students: 20 | Non Catholic Students: 389; 1942 INFORMATION: Catholic Students: 34 | Non Catholic Students: 64; 1947 INFORMATION: Catholic Students: 50 | Non Catholic Students: 517; 1949 INFORMATION: Catholic Students: 62 | Non Catholic Students: 948,
CRT_364,Institution,Ecoles Élémentaires,,,,光豫中學,,,,,Education,School,Roman Catholic,,M,,,,,,,,,GENERAL INFORMATION: School Level: School; 1937 INFORMATION: Catholic Students: 46 | Non Catholic Students: 304; 1942 INFORMATION: Catholic Students: 36 | Non Catholic Students: 367 | Notes: New school; 1947 INFORMATION: Catholic Students: 36 | Non Catholic Students: 367GENERAL INFORMATION: School Level: School; 1937 INFORMATION: Catholic Students: 46 | Non Catholic Students: 304; 1942 INFORMATION: Catholic Students: 36 | Non Catholic Students: 367 | Notes: New school; 1947 INFORMATION: Catholic Students: 36 | Non Catholic Students: 367,
CRT_343,Institution,Ecole Koangyu,,,,,,,,,Education,School,Roman Catholic,,M,,,,,,,,,GENERAL INFORMATION: School Level: School; 1937 INFORMATION: Catholic Students: 9 | Non Catholic Students: 180; 1938 INFORMATION: Catholic Students: 9 | Non Catholic Students: 150; 1939 INFORMATION: Catholic Students: 9 | Non Catholic Students: 180; 1942 INFORMATION: Catholic Students: 37 | Non Catholic Students: 195GENERAL INFORMATION: School Level: School; 1937 INFORMATION: Catholic Students: 9 | Non Catholic Students: 180; 1938 INFORMATION: Catholic Students: 9 | Non Catholic Students: 150; 1939 INFORMATION: Catholic Students: 9 | Non Catholic Students: 180; 1942 INFORMATION: Catholic Students: 37 | Non Catholic Students: 195,
CRT_352,Institution,Ecole de Siao Wei-Si,,,,,,,,,Education,School,Roman Catholic,,M,,,,,,,,,GENERAL INFORMATION: School Level: School; 1938 INFORMATION: Catholic Students: 20 | Non Catholic Students: 10; 1939 INFORMATION: Catholic Students: 15 | Non Catholic Students: 5GENERAL INFORMATION: School Level: School; 1938 INFORMATION: Catholic Students: 20 | Non Catholic Students: 10; 1939 INFORMATION: Catholic Students: 15 | Non Catholic Students: 5,
CRT_360,Institution,Ecole San Te,,,,,,,,,Education,School,Roman Catholic,,M,,,,,,,,,GENERAL INFORMATION: School Level: School; 1939 INFORMATION: Catholic Students: 35 | Non Catholic Students: 220 | Notes: New one; 1942 INFORMATION: Catholic Students: 40 | Non Catholic Students: 620; 1947 INFORMATION: Catholic Students: 40 | Non Catholic Students: 920GENERAL INFORMATION: School Level: School; 1939 INFORMATION: Catholic Students: 35 | Non Catholic Students: 220 | Notes: New one; 1942 INFORMATION: Catholic Students: 40 | Non Catholic Students: 620; 1947 INFORMATION: Catholic Students: 40 | Non Catholic Students: 920,
CRT_353,Institution,Ecole,,,,,,,,,Education,School,Roman Catholic,,M,,,,,,,,,GENERAL INFORMATION: School Level: School; 1939 INFORMATION: Catholic Students: 39 | Non Catholic Students: 170; 1942 INFORMATION: Catholic Students: 171 | Non Catholic Students: 0GENERAL INFORMATION: School Level: School; 1939 INFORMATION: Catholic Students: 39 | Non Catholic Students: 170; 1942 INFORMATION: Catholic Students: 171 | Non Catholic Students: 0,
CRT_347,Institution,Ecole Primaire Supérieure,,,,,,,,,Education,School,Roman Catholic,,F,,,,,,,,,GENERAL INFORMATION: School Level: School; 1942 INFORMATION: Catholic Students: 22 | Non Catholic Students: 22 | Notes: New SchoolGENERAL INFORMATION: School Level: School; 1942 INFORMATION: Catholic Students: 22 | Non Catholic Students: 22 | Notes: New School,
CRT_319,Institution,Ecole Secondaire,,,,,,,,,Education,School,Roman Catholic,,F,,,,,,,,,GENERAL INFORMATION: School Level: School; 1942 INFORMATION: Catholic Students: 6 | Non Catholic Students: 45 | Notes: New one; 1947 INFORMATION: Catholic Students: 59 | Non Catholic Students: 604; 1949 INFORMATION: Catholic Students: 8 | Non Catholic Students: 294GENERAL INFORMATION: School Level: School; 1942 INFORMATION: Catholic Students: 6 | Non Catholic Students: 45 | Notes: New one; 1947 INFORMATION: Catholic Students: 59 | Non Catholic Students: 604; 1949 INFORMATION: Catholic Students: 8 | Non Catholic Students: 294,
CRT_348,Institution,Ecole Primaire Supérieure,,,,,,,,,Education,School,Roman Catholic,,,,,,,,,,,GENERAL INFORMATION: School Level: School; 1947 INFORMATION: Catholic Students: 20 | Non Catholic Students: 734GENERAL INFORMATION: School Level: School; 1947 INFORMATION: Catholic Students: 20 | Non Catholic Students: 734,
CRT_328,Institution,Ecole Secondaire,,,,,,,,,Education,School,Roman Catholic,,M,,,,,,,,,GENERAL INFORMATION: School Level: Secondary | Foreign Languages Taught: English ; 1942 INFORMATION: Catholic Students: 10 | Non Catholic Students: 30 | Notes: English only for the first two years; 1947 INFORMATION: Catholic Students: 10 | Non Catholic Students: 30; 1949 INFORMATION: Catholic Students: 15 | Non Catholic Students: 433GENERAL INFORMATION: School Level: Secondary | Foreign Languages Taught: English ; 1942 INFORMATION: Catholic Students: 10 | Non Catholic Students: 30 | Notes: English only for the first two years; 1947 INFORMATION: Catholic Students: 10 | Non Catholic Students: 30; 1949 INFORMATION: Catholic Students: 15 | Non Catholic Students: 433,
CRT_329,Institution,Ecole Meng-Tak,,,,,,,,,Education,School,Roman Catholic,,F,,,,,,,,,GENERAL INFORMATION: School Level: Secondary | Foreign Languages Taught: English; 1933 INFORMATION: Catholic Students: 35 | Non Catholic Students: 50 | Notes: in 1933 the school level was prim. sup ; 1934 INFORMATION: Catholic Students: 32 | Non Catholic Students: 24; 1935 INFORMATION: Catholic Students: 24 | Non Catholic Students: 66; 1938 INFORMATION: Catholic Students: 79 | Non Catholic Students: 171; 1939 INFORMATION: Catholic Students: 34 | Non Catholic Students: 118; 1947 INFORMATION: Catholic Students: 120 | Non Catholic Students: 194; 1949 INFORMATION: Catholic Students: 32 | Non Catholic Students: 448GENERAL INFORMATION: School Level: Secondary | Foreign Languages Taught: English; 1933 INFORMATION: Catholic Students: 35 | Non Catholic Students: 50 | Notes: in 1933 the school level was prim. sup ; 1934 INFORMATION: Catholic Students: 32 | Non Catholic Students: 24; 1935 INFORMATION: Catholic Students: 24 | Non Catholic Students: 66; 1938 INFORMATION: Catholic Students: 79 | Non Catholic Students: 171; 1939 INFORMATION: Catholic Students: 34 | Non Catholic Students: 118; 1947 INFORMATION: Catholic Students: 120 | Non Catholic Students: 194; 1949 INFORMATION: Catholic Students: 32 | Non Catholic Students: 448,
CRT_373,Institution,Ecole de Pingtichüan [School Of Chemistry],,,,,,,,,Education,School,Roman Catholic,,M,,,,,,,,,GENERAL INFORMATION: School Level: Secondary | Foreign Languages Taught: English; 1934 INFORMATION: Catholic Students: 50 | Non Catholic Students: 0; 1935 INFORMATION: Catholic Students: 63 | Non Catholic Students: 3GENERAL INFORMATION: School Level: Secondary | Foreign Languages Taught: English; 1934 INFORMATION: Catholic Students: 50 | Non Catholic Students: 0; 1935 INFORMATION: Catholic Students: 63 | Non Catholic Students: 3,
CRT_375,Institution,Petit Séminaire,,,,,,,,,Education,School,Roman Catholic,,M,,,,,,,,,GENERAL INFORMATION: School Level: Secondary; 1933 INFORMATION: Catholic Students: 10 | Non Catholic Students: 0 | Notes: in 1933 the school level was prim. sup.; 1934 INFORMATION: Catholic Students: 8 | Non Catholic Students: 0 | Notes: in 1934 the school level was prim. sup.; 1935 INFORMATION: Catholic Students: 9GENERAL INFORMATION: School Level: Secondary; 1933 INFORMATION: Catholic Students: 10 | Non Catholic Students: 0 | Notes: in 1933 the school level was prim. sup.; 1934 INFORMATION: Catholic Students: 8 | Non Catholic Students: 0 | Notes: in 1934 the school level was prim. sup.; 1935 INFORMATION: Catholic Students: 9,
CRT_365,Institution,Ecole Secondaire Chinoise,,,,,,,,,Education,School,Roman Catholic,,M,,,,,,,,,GENERAL INFORMATION: School Level: Secondary; 1937 INFORMATION: Catholic Students: 60 | Non Catholic Students: 290; 1942 INFORMATION: Catholic Students: 3 | Non Catholic Students: 179 | Notes: New school; 1947 INFORMATION: Catholic Students: 3 | Non Catholic Students: 179GENERAL INFORMATION: School Level: Secondary; 1937 INFORMATION: Catholic Students: 60 | Non Catholic Students: 290; 1942 INFORMATION: Catholic Students: 3 | Non Catholic Students: 179 | Notes: New school; 1947 INFORMATION: Catholic Students: 3 | Non Catholic Students: 179,
CRT_325,Institution,Ecole Secondaire,,,,,,,,,Education,School,Roman Catholic,,F,,,,,,,,,GENERAL INFORMATION: School Level: Secondary; 1942 INFORMATION: Catholic Students: 21 | Non Catholic Students: 0 | Notes: New school; 1947 INFORMATION: Catholic Students: 10 | Non Catholic Students: 0; 1949 INFORMATION: Catholic Students: 35 | Non Catholic Students: 395GENERAL INFORMATION: School Level: Secondary; 1942 INFORMATION: Catholic Students: 21 | Non Catholic Students: 0 | Notes: New school; 1947 INFORMATION: Catholic Students: 10 | Non Catholic Students: 0; 1949 INFORMATION: Catholic Students: 35 | Non Catholic Students: 395,
CRT_362,Institution,Ecole Secondaire,,,,,,,,,Education,School,Roman Catholic,,F,,,,,,,,,GENERAL INFORMATION: School Level: Secondary; 1942 INFORMATION: Catholic Students: 59 | Non Catholic Students: 23 | Notes: New school; 1947 INFORMATION: Catholic Students: 310 | Non Catholic Students: 168GENERAL INFORMATION: School Level: Secondary; 1942 INFORMATION: Catholic Students: 59 | Non Catholic Students: 23 | Notes: New school; 1947 INFORMATION: Catholic Students: 310 | Non Catholic Students: 168,
CRT_324,Institution,Ecole Secondaire,,,,崇真小學,,,,,Education,School,Roman Catholic,,M,,,,,,,,,GENERAL INFORMATION: School Level: Secondary; 1942 INFORMATION: Catholic Students: 64 | Non Catholic Students: 0 | Notes: New school; 1947 INFORMATION: Catholic Students: 0 | Non Catholic Students: 0; 1949 INFORMATION: Catholic Students: 15 | Non Catholic Students: 60GENERAL INFORMATION: School Level: Secondary; 1942 INFORMATION: Catholic Students: 64 | Non Catholic Students: 0 | Notes: New school; 1947 INFORMATION: Catholic Students: 0 | Non Catholic Students: 0; 1949 INFORMATION: Catholic Students: 15 | Non Catholic Students: 60,
CRT_344,Institution,Ecole 崇眞,,,,修道院,,,,,Education,School,Roman Catholic,,M,,,,,,,,,GENERAL INFORMATION: School Level: Primary; 1937 INFORMATION: Catholic Students: 120 | Non Catholic Students: 0 | Notes: In 1937 the school level was primary superior; 1939 INFORMATION: Catholic Students: 24 | Non Catholic Students: 0; 1947 INFORMATION: Catholic Students: 37 | Non Catholic Students: 22 | Notes: Disappeared or is a different one in Changteh,
CRT_172,Institution,Petit Séminaire de Ankwo,,,,,,,,,Education,School,Roman Catholic,,M,,,,,,,,,,
CRT_288,Institution,Collège St. Jean Bosco,,,,崇正小學校,,,,,Education,School,Roman Catholic,,M,,,,,,,,,,
CRT_009,Institution,Collège St.Thomas,Dominican,,,祟正中小學校,,,,,Education,School,Roman Catholic,,M,,,,,,,,,,
CRT_011,Institution,Collège St-Thomas,Dominican,,,祟正女學校,,,,,Education,School,Roman Catholic,,M,,,,,,,,,,
CRT_014,Institution,Collège Ste-Catherine,Dominican,,,,,,,,Education,School,Roman Catholic,,F,,,,,,,,,,
CRT_057,Institution,Collège St-Antoine,Franciscan,,,,,,,,Education,School,Roman Catholic,,M,,,,,,,,,,
CRT_206,Institution,Ecole de Chan-Si-Kai,,,,,,,,,Education,School,Roman Catholic,,M,,,,,,,,,,
CRT_035,Institution,Pensionnat St-François Pour Étrangers et Chinoises,Franciscan,,,崇德女子師範學校,,,,,Education,School,Roman Catholic,,F,,,,,,,,,,
CRT_036,Institution,Ecole du Sacré-Coeur,Franciscan,,,崇正學校,,,,,Education,School,Roman Catholic,,F,,,,,,,,,,
CRT_116,Institution,Ecole de l'Immaculée-Conception,Marist,,,,,,,,Education,School,Roman Catholic,,M,,,,,,,,,,
CRT_163,Institution,"Middle School ""S.Andrews""",,,,,,,,,Education,School,Roman Catholic,,M,,,,,,,,,,
CRT_174,Institution,Petit Séminaire de Chengting,,,,忠州,,,,,Education,School,Roman Catholic,,M,,,,,,,,,,
CRT_274,Institution,Petit Séminaire de Chungchow,,,,忠州,,,,,Education,School,Roman Catholic,,M,,,,,,,,,,
CRT_349,Institution,Ecole Prim. Supér. de Peiin,,,,,,,,,Education,School,Roman Catholic,,F,,,,,,,,,GENERAL INFORMATION: School Level: School; 1937 INFORMATION: Catholic Students: 45 | Non Catholic Students: 0; 1938 INFORMATION: Catholic Students: 32 | Non Catholic Students: 245 | Notes: New one; 1939 INFORMATION: Catholic Students: 49 | Non Catholic Students: 407,
CRT_165,Institution,Petit Séminaire de Erhshiszekingti,,,,涪州,,,,,Education,School,Roman Catholic,,M,,,,,,,,,,
CRT_161,Institution,Ecole Prim.Supér. de Fowchow,,,,,,,,,Education,School,Roman Catholic,,F,,,,,,,,,,
CRT_012,Institution,Petit Séminaire Ste-Thérèse,Dominican,,,主心修远,,,,,Education,School,Roman Catholic,,M,,,,,,,,,,
CRT_072,Institution,Petit Sèminairè du Sacré-Coeur,Ignatian,,,,,,,,Education,School,Roman Catholic,,M,,,,,,,,,,
CRT_338,Institution,Ecole Professionnelle,,,,,,,,,Education,School,Roman Catholic,,M,,,,,,,,,GENERAL INFORMATION: ; 1933 INFORMATION: Catholic Students: 20 | Non Catholic Students: 0; 1934 INFORMATION: Catholic Students: 15 | Non Catholic Students: 0; 1935 INFORMATION: Catholic Students: 12; 1937 INFORMATION: Catholic Students: 16 | Non Catholic Students: 0; 1938 INFORMATION: Catholic Students: 37 | Non Catholic Students: 0; 1939 INFORMATION: Catholic Students: 22 | Non Catholic Students: 110,
CRT_213,Institution,Collège Pp. de Milan,,,,明德,,,,,Education,School,Roman Catholic,,M,,,,,,,,,,
CRT_313,Institution,Ecole Canossiennes,,,,通溝,,,,,Education,School,Roman Catholic,,F,,,,,,,,,,
CRT_271,Institution,Probatorium de Tungkow,,,,,,,,,Education,School,Roman Catholic,,M,,,,,,,,,,
CRT_363,Institution,Ecole de Hoikow,,,,,,,,,Education,School,Roman Catholic,,M,,,,,,,,,GENERAL INFORMATION: School Level: Primary | Foreign Languages Taught: French; 1939 INFORMATION: Catholic Students: 80 | Non Catholic Students: 15 | Notes: New School; 1942 INFORMATION: Catholic Students: 36 | Non Catholic Students: 213; 1947 INFORMATION: Catholic Students: 25 | Non Catholic Students: 103,
CRT_156,Institution,Pensionnat de la Ste. Famille,,,,,,,,,Education,School,Roman Catholic,,F,,,,,,,,,,
CRT_114,Institution,Ecole St. François-Xavier,Marist,,,,,,,,Education,School,Roman Catholic,,M,,,,,,,,,,
CRT_119,Institution,Ecole St. François-Xavier Eleves Européens,Marist,,,,,,,,Education,School,Roman Catholic,,M,,,,,,,,,,
CRT_120,Institution,Ecole St. François-Xavier Eleves Chinois,Marist,,,,,,,,Education,School,Roman Catholic,,M,,,,,,,,,,
CRT_050,Institution,Collège St. Pierre,Franciscan,,,,,,,,Education,School,Roman Catholic,,M,,,,,,,,,,
CRT_335,Institution,Collège Ste Thérèse,,,,,,,,,Education,School,Roman Catholic,,F,,,,,,,,,GENERAL INFORMATION: School Level: Secondary; 1933 INFORMATION: Catholic Students: 28 | Non Catholic Students: 0; 1935 INFORMATION: Catholic Students: 35; 1937 INFORMATION: Catholic Students: 37 | Non Catholic Students: 7 | Notes: In 1937 the school level was primary superior; 1938 INFORMATION: Catholic Students: 37 | Non Catholic Students: 7; 1939 INFORMATION: Catholic Students: 37 | Non Catholic Students: 7,
CRT_315,Institution,Collège À Hunyuan,,,,,,,,,Education,School,Roman Catholic,,F,,,,,,,,,,
CRT_337,Institution,College À Hunyuan,,,,,,,,,Education,School,Roman Catholic,,M,,,,,,,,,GENERAL INFORMATION: School Level: Secondary | Foreign Languages Taught: Japanese; 1942 INFORMATION: Catholic Students: 58 | Non Catholic Students: 138; 1947 INFORMATION: Catholic Students: 18 | Non Catholic Students: 94,
CRT_053,Institution,Petit Séminaire St-Joseph,Franciscan,,,盈世,,,,,Education,School,Roman Catholic,,M,,,,,,,,,,
CRT_022,Institution,Pensionnat,Franciscan,,,,,,,,Education,School,Roman Catholic,,F,,,,,,,,,,
CRT_129,Institution,Couvent du St-Esprit,Steyler,,,,,,,,Education,School,Roman Catholic,,F,,,,,,,,,,
CRT_043,Institution,Collège St-Antoine,Franciscan,,,,,,,,Education,School,Roman Catholic,,F,,,,,,,,,,
CRT_354,Institution,Ecole Primaire Supérieure K'ang-Hoa,,,,明德女子中學,,,,,Education,School,Roman Catholic,,M,,,,,,,,,GENERAL INFORMATION: School Level: School; 1942 INFORMATION: Catholic Students: 8 | Non Catholic Students: 22 | Notes: New school,
CRT_261,Institution,Ecole du Sacré Coeur,,,,,,,,,Education,School,Roman Catholic,,F,,,,,,,,,,
CRT_361,Institution,Ecole Tchen Yuen,,,,愛德女學校,,,,,Education,School,Roman Catholic,,M,,,,,,,,,GENERAL INFORMATION: School Level: School; 1939 INFORMATION: Catholic Students: 40 | Non Catholic Students: 229 | Notes: New one; 1942 INFORMATION: Catholic Students: 38 | Non Catholic Students: 692; 1947 INFORMATION: Catholic Students: 38 | Non Catholic Students: 692,
CRT_039,Institution,Couvent de la Ste.Trinité,Franciscan,,,啟明中學校,,,,,Education,School,Roman Catholic,,F,,,,,,,,,,
CRT_351,Institution,Ecole Secondaire,,,,啟明學校,,,,,Education,School,Roman Catholic,,M,,,,,,,,,GENERAL INFORMATION: School Level: Secondary | Foreign Languages Taught: English | Language for Teaching Science: Chinese | Course Length: 3; 1934 INFORMATION: Catholic Students: 1 | Non Catholic Students: 40; 1935 INFORMATION: Catholic Students: 6 | Non Catholic Students: 141; 1937 INFORMATION: Catholic Students: 10 | Non Catholic Students: 92; 1938 INFORMATION: Catholic Students: 17 | Non Catholic Students: 140; 1947 INFORMATION: Catholic Students: 0 | Non Catholic Students: 0 | Notes: Disappeared,
CRT_323,Institution,Ecole Secondaire [Chi-Ming],,,,文萃,,,,,Education,School,Roman Catholic,,M,,,,,,,,,GENERAL INFORMATION: School Level: Secondary | Foreign Languages Taught: English | Language for Teaching Science: Chinese | Course Length: 3; 1939 INFORMATION: Catholic Students: 28 | Non Catholic Students: 204 | Notes: New school; 1942 INFORMATION: Catholic Students: 0 | Non Catholic Students: 0 | Notes: Closed this year; 1947 INFORMATION: Catholic Students: 0 | Non Catholic Students: 0 | Notes: Closed this year; 1949 INFORMATION: Catholic Students: 18 | Non Catholic Students: 372,
CRT_054,Institution,Collège,Franciscan,,,,,,,,Education,School,Roman Catholic,,M,,,,,,,,,,
CRT_286,Institution,Collège de Kinghsien,,,,存中學,,,,,Education,School,Roman Catholic,,M,,,,,,,,,,
CRT_295,Institution,Ecole Kingtsun,,,,??修院,,,,,Education,School,Roman Catholic,,M,,,,,,,,,,
CRT_193,Institution,Petit Séminaire St-Joseph,,,,邛州上智中學校,,,,,Education,School,Roman Catholic,,M,,,,,,,,,,
CRT_317,Institution,Collège de la Sagesse,,,,,,,,,Education,School,Roman Catholic,,M,,,,,,,,,GENERAL INFORMATION: School Level: Secondary | Foreign Languages Taught: English | Language for Teaching Science: Chinese | Course Length: 5; 1933 INFORMATION: Catholic Students: 27 | Non Catholic Students: 99; 1934 INFORMATION: Catholic Students: 21 | Non Catholic Students: 133; 1935 INFORMATION: Catholic Students: 18 | Non Catholic Students: 60; 1937 INFORMATION: Catholic Students: 20 | Non Catholic Students: 114; 1938 INFORMATION: Catholic Students: 21 | Non Catholic Students: 138; 1939 INFORMATION: Catholic Students: 33 | Non Catholic Students: 218; 1942 INFORMATION: Catholic Students: 34 | Non Catholic Students: 281; 1947 INFORMATION: Catholic Students: 20 | Non Catholic Students: 188; 1949 INFORMATION: Catholic Students: 56 | Non Catholic Students: 198,
CRT_330,Institution,Ecole du Sacré Coeur,,,,,,,,,Education,School,Roman Catholic,,M,,,,,,,,,GENERAL INFORMATION: School Level: Primary; 1937 INFORMATION: Catholic Students: 12 | Non Catholic Students: 64 | Notes: In 1937 the school level was primary superior; 1938 INFORMATION: Catholic Students: 9 | Non Catholic Students: 50; 1939 INFORMATION: Catholic Students: 15 | Non Catholic Students: 45; 1942 INFORMATION: Catholic Students: 0 | Non Catholic Students: 0 | Notes: Closed for the war; 1947 INFORMATION: Catholic Students: 0 | Non Catholic Students: 0; 1949 INFORMATION: Catholic Students: 10 | Non Catholic Students: 186,
CRT_144,Institution,Collège Petit Séminaire de Liangchow,Steyler,,,,,,,,Education,School,Roman Catholic,,M,,,,,,,,,,
CRT_279,Institution,Schola Josephina,,,,明德,,,,,Education,School,Roman Catholic,,M,,,,,,,,,,
CRT_334,Institution,Ecole Mingte,,,,,,,,,Education,School,Roman Catholic,,M,,,,,,,,,GENERAL INFORMATION: School Level: Secondary | Course Length: 4; 1933 INFORMATION: Catholic Students: 384 | Non Catholic Students: 25; 1934 INFORMATION: Catholic Students: 384 | Non Catholic Students: 25; 1935 INFORMATION: Catholic Students: 384 | Non Catholic Students: 25,
CRT_263,Institution,Ecole de Litupa,,,,,,,,,Education,School,Roman Catholic,,F,,,,,,,,,,
CRT_275,Institution,Ecole de Litupa,,,,,,,,,Education,School,Roman Catholic,,M,,,,,,,,,,
CRT_047,Institution,Collège Petit Séminaire Luan,Franciscan,,,,,,,,Education,School,Roman Catholic,,M,,,,,,,,,,
CRT_051,Institution,Collège St-Antoine,Franciscan,,,,,,,,Education,School,Roman Catholic,,M,,,,,,,,,,
CRT_311,Institution,Ecole À Lulung,,,,錫輝中學,,,,,Education,School,Roman Catholic,,,,,,,,,,,,
CRT_272,Institution,Ecole St.Louis,,,,德礪師範女校,,,,,Education,School,Roman Catholic,,M,,,,,,,,,,
CRT_027,Institution,Ecole Ste Thérése,Franciscan,,,,,,,,Education,School,Roman Catholic,,F,,,,,,,,,,
CRT_290,Institution,Ecole Secondaire,,,,,,,,,Education,School,Roman Catholic,,M,,,,,,,,,,
CRT_291,Institution,Ecole Secondaire,,,,養正中學校,,,,,Education,School,Roman Catholic,,F,,,,,,,,,,
CRT_164,Institution,Collége Yang-Tcheng,,,,寂範女校,,,,,Education,School,Roman Catholic,,M,,,,,,,,,,
CRT_026,Institution,Pensionnat de Nanhaochan,Franciscan,,,,,,,,Education,School,Roman Catholic,,F,,,,,,,,,,
CRT_065,Institution,Collège Ricci,Ignatian,,,輝思學校,,,,,Education,School,Roman Catholic,,M,,,,,,,,,,
CRT_339,Institution,Ecole St. Louis,,,,法文門學校,,,,,Education,School,Roman Catholic,,M,,,,,,,,,GENERAL INFORMATION: School Level: Secondary; 1935 INFORMATION: Catholic Students: 95; 1937 INFORMATION: Catholic Students: 57 | Non Catholic Students: 40; 1938 INFORMATION: Catholic Students: 128 | Non Catholic Students: 40,
CRT_102,Institution,Collège Francais du Nantang,Marist,,,,,,,,Education,School,Roman Catholic,,M,,,,,,,,,,
CRT_078,Institution,Collège du Sacré-Coeur,Ignatian,,,,,,,,Education,School,Roman Catholic,,M,,,,,,,,,,
CRT_182,Institution,Collège St.Joseph,,,,,,,,,Education,School,Roman Catholic,,M,,,,,,,,,,
CRT_159,Institution,"Middle School ""Regina Coeli""",,,,,,,,,Education,School,Roman Catholic,,F,,,,,,,,,,
CRT_173,Institution,Petit Seminaire,,,,明德,,,,,Education,School,Roman Catholic,,M,,,,,,,,,,
CRT_239,Institution,Ecole,,,,寂範女校,,,,,Education,School,Roman Catholic,,F,,,,,,,,,,
CRT_029,Institution,Ecole Ste-Marie,Franciscan,,,淑襀學校,,,,,Education,School,Roman Catholic,,F,,,,,,,,,,
CRT_032,Institution,Ecole Ste-Marie,Franciscan,,,崇高等小學校,,,,,Education,School,Roman Catholic,,F,,,,,,,,,,
CRT_285,Institution,Collège,,,,,,,,,Education,School,Roman Catholic,,M,,,,,,,,,,
CRT_175,Institution,Ecole de Catéchistes du Petang,,,,佑貞女子學校小學,,,,,Education,School,Roman Catholic,,M,,,,,,,,,,
CRT_146,Institution,Ecole,Vincentian,,,若瑟女子學校小學,,,,,Education,School,Roman Catholic,,F,,,,,,,,,,
CRT_238,Institution,Ecole Dirigée Par Les Filles de St. Joseph,,,,,,,,,Education,School,Roman Catholic,,F,,,,,,,,,,
CRT_133,Institution,Universitè Catholique,Steyler,,,,,,,,Education,School,Roman Catholic,,M,,,,,,,,,,
CRT_134,Institution,Universitè Catholique,Steyler,,,,,,,,Education,School,Roman Catholic,,M,,,,,,,,,,
CRT_135,Institution,Universitè Catholique Section Universitaire,Steyler,,,,,,,,Education,School,Roman Catholic,,M,,,,,,,,,,
CRT_136,Institution,Universitè Catholique Section Préparatoire,Steyler,,,,,,,,Education,School,Roman Catholic,,M,,,,,,,,,,
CRT_137,Institution,Universitè Catholique Section Secondaire,Steyler,,,,,,,,Education,School,Roman Catholic,,M,,,,,,,,,,
CRT_030,Institution,Pensionnat du Sacré-Coeur,Franciscan,,,,,,,,Education,School,Roman Catholic,,F,,,,,,,,,,
CRT_031,Institution,Pensionnat du Sacré-Coeur Annexe Chinoise,Franciscan,,,德新學校,,,,,Education,School,Roman Catholic,,F,,,,,,,,,,
CRT_103,Institution,Ecole St-Michel,Marist,,,上義師附高小廣育學校,,,,,Education,School,Roman Catholic,,M,,,,,,,,,,
CRT_104,Institution,Ecole Champagnat Chala,Marist,,,上義師範,,,,,Education,School,Roman Catholic,,M,,,,,,,,,,
CRT_105,Institution,Ecole Préparatoire À Normale Chala,Marist,,,上義師範學校,,,,,Education,School,Roman Catholic,,M,,,,,,,,,,
CRT_106,Institution,Ecole Normale St Joseph,Marist,,,墭新小學校,,,,,Education,School,Roman Catholic,,M,,,,,,,,,,
CRT_107,Institution,Ecole du Sacré-Coeur,Marist,,,墭新學校,,,,,Education,School,Roman Catholic,,M,,,,,,,,,,
CRT_108,Institution,Ecole de Wulungting,Marist,,,,,,,,Education,School,Roman Catholic,,M,,,,,,,,,,
CRT_292,Institution,Fu-Jien Middle School,,,,,,,,,Education,School,Roman Catholic,,M,,,,,,,,,,
CRT_296,Institution,Universitè Catholique,,,,彭縣無玷書院,,,,,Education,School,Roman Catholic,,F,,,,,,,,,,
CRT_197,Institution,Séminaire Préparatoire,,,,,,,,,Education,School,Roman Catholic,,M,,,,,,,,,,
CRT_145,Institution,Ecole du Jentsetang,Vincentian,,,芳薄學校,,,,,Education,School,Roman Catholic,,F,,,,,,,,,,
CRT_006,Institution,Ecole St-François,Capuchin,,,曉星女學,,,,,Education,School,Roman Catholic,,M,,,,,,,,,,
CRT_336,Institution,Ecole,,,,文化學校,,,,,Education,School,Roman Catholic,,F,,,,,,,,,GENERAL INFORMATION: School Level: Secondary | Course Length: 6; 1937 INFORMATION: Catholic Students: 46 | Non Catholic Students: 10 | Notes: In 1937 the school level was primary superior; 1939 INFORMATION: Catholic Students: 40 | Non Catholic Students: 6; 1942 INFORMATION: Catholic Students: 19 | Non Catholic Students: 126; 1947 INFORMATION: Catholic Students: 25 | Non Catholic Students: 195,
CRT_284,Institution,Ecole,,,,,,,,,Education,School,Roman Catholic,,M,,,,,,,,,,
CRT_302,Institution,Collège N. Dame de Lourdes,,,,,,,,,Education,School,Roman Catholic,,M,,,,,,,,,,
CRT_157,Institution,Pensionnat St. Jacques,,,,,,,,,Education,School,Roman Catholic,,F,,,,,,,,,,
CRT_212,Institution,Ecole de Lorette,,,,,,,,,Education,School,Roman Catholic,,F,,,,,,,,,,
CRT_230,Institution,Ecole Professionnelle St-Bosco,,,,,,,,,Education,School,Roman Catholic,,M,,,,,,,,,,
CRT_066,Institution,Gonzaga College,Ignatian,,,,,,,,Education,School,Roman Catholic,,M,,,,,,,,,,
CRT_067,Institution,Universitè l'aurore,Ignatian,,,,,,,,Education,School,Roman Catholic,,M,,,,,,,,,,
CRT_079,Institution,Université l'aurore Cours Universitaire,Ignatian,,,,,,,,Education,School,Roman Catholic,,M,,,,,,,,,,
CRT_080,Institution,Université l'aurore Cours Pre-Universitaire,Ignatian,,,,,,,,Education,School,Roman Catholic,,M,,,,,,,,,,
CRT_081,Institution,Gonzaga College Eleves Etrangers,Ignatian,,,,,,,,Education,School,Roman Catholic,,M,,,,,,,,,,
CRT_082,Institution,Gonzaga College Eleves Chinois,Ignatian,,,,,,,,Education,School,Roman Catholic,,M,,,,,,,,,,
CRT_247,Institution,Ecole Étrangère Ste-Therese,,,,,,,,,Education,School,Roman Catholic,,F,,,,,,,,,,
CRT_249,Institution,Ecole de la Providence,,,,,,,,,Education,School,Roman Catholic,,F,,,,,,,,,,
CRT_251,Institution,Institution Chinoise de la Ste-Famille,,,,,,,,,Education,School,Roman Catholic,,F,,,,,,,,,,
CRT_252,Institution,Institution Chinoise de la Ste-Famille Pour Chinoises,,,,,,,,,Education,School,Roman Catholic,,F,,,,,,,,,,
CRT_253,Institution,Institution Chinoise de la Ste-Famille Pour Etrangeres,,,,,,,,,Education,School,Roman Catholic,,F,,,,,,,,,,
CRT_258,Institution,Couvent du Sacré-Coeur Pour Étrangères,,,,,,,,,Education,School,Roman Catholic,,F,,,,,,,,,,
CRT_259,Institution,Aurora College For Women,,,,,,,,,Education,School,Roman Catholic,,F,,,,,,,,,,
CRT_260,Institution,Annexe Pour Chinoises,,,,,,,,,Education,School,Roman Catholic,,F,,,,,,,,,,
CRT_113,Institution,College Ste Jeanne D'arc,Marist,,,,,,,,Education,School,Roman Catholic,,M,,,,,,,,,,
CRT_115,Institution,Ecole Municipale Franco Chinoise,Marist,,,,,,,,Education,School,Roman Catholic,,M,,,,,,,,,,
CRT_270,Institution,Collège St. Michel,,,,,,,,,Education,School,Roman Catholic,,M,,,,,,,,,GENERAL INFORMATION: Run by Russians,
CRT_327,Institution,Ecoles,,,,,,,,,Education,School,Roman Catholic,,F,,,,,,,,,"GENERAL INFORMATION: School Level: School; 1939 INFORMATION: Catholic Students: 15 | Non Catholic Students: 33 | Notes: 2 New school, Pingyang s not 平阳 in Zhejiang; 1942 INFORMATION: Catholic Students: 27 | Non Catholic Students: 34; 1947 INFORMATION: Catholic Students: 127 | Non Catholic Students: 864 | Notes: Ecole primaire supérieure; 1949 INFORMATION: Catholic Students: 7 | Non Catholic Students: 90",
CRT_326,Institution,Ecoles,,,,,,,,,Education,School,Roman Catholic,,M,,,,,,,,,"GENERAL INFORMATION: School Level: School; 1939 INFORMATION: Catholic Students: 53 | Non Catholic Students: 66 | Notes: 2 New school, Pingyang s not 平阳 in Zhejiang; 1942 INFORMATION: Catholic Students: 133 | Non Catholic Students: 136 | Notes: Shaohing, Pingyang, Sinchang, Tsienku; 1947 INFORMATION: Catholic Students: 30 | Non Catholic Students: 408 | Notes: Ecoles secondaires; 1949 INFORMATION: Catholic Students: 19 | Non Catholic Students: 189",
CRT_089,Institution,Collège Stella-Maris,Ignatian,,,,,,,,Education,School,Roman Catholic,,M,,,,,,,,,,
CRT_044,Institution,Instituiton Rainha Santa,Franciscan,,,,,,,,Education,School,Roman Catholic,,F,,,,,,,,,,
CRT_297,Institution,Ecole Iteh,,,,,,,,,Education,School,Roman Catholic,,,,,,,,,,,,
CRT_298,Institution,Ecole,,,,,,,,,Education,School,Roman Catholic,,,,,,,,,,,,
CRT_024,Institution,Collège du St-Rosaire,Franciscan,,,,,,,,Education,School,Roman Catholic,,F,,,,,,,,,,
CRT_052,Institution,Collège St-Joseph,Franciscan,,,,,,,,Education,School,Roman Catholic,,M,,,,,,,,,,
CRT_064,Institution,Institution de l'Immaculatée-Conception,Ignatian,,,仁慈堂,,,,,Education,School,Roman Catholic,,M,,,,,,,,,,
CRT_245,Institution,Institut de la Miséricorde,,,,仁慈堂,,,,,Education,School,Roman Catholic,,F,,,,,,,,,,
CRT_246,Institution,Institut de la Miséricorde,,,,開州,,,,,Education,School,Roman Catholic,,F,,,,,,,,,,
CRT_306,Institution,Ecole de Kaichow,,,,,,,,,Education,School,Roman Catholic,,M,,,,,,,,,,
CRT_250,Institution,Ecole de Sinza,,,,小修院,,,,,Education,School,Roman Catholic,,F,,,,,,,,,,
CRT_168,Institution,Petit Séminaire de Siwantze,,,,培女校,,,,,Education,School,Roman Catholic,,M,,,,,,,,,,
CRT_028,Institution,Pensionnat de Ste/Thèrese,Franciscan,,,培華女校,,,,,Education,School,Roman Catholic,,F,,,,,,,,,,
CRT_045,Institution,Pensionnat Ste-Thérèse,Franciscan,,,德礪公學,,,,,Education,School,Roman Catholic,,F,,,,,,,,,,
CRT_283,Institution,Ecole Ste Thérése,,,,本道,,,,,Education,School,Roman Catholic,,M,,,,,,,,,,
CRT_109,Institution,Ecole St-Bernard,Marist,,,影星,,,,,Education,School,Roman Catholic,,M,,,,,,,,,,
CRT_299,Institution,Ecole,,,,,,,,,Education,School,Roman Catholic,,M,,,,,,,,,,
CRT_300,Institution,Ecole D'Emmaus,,,,聖心修道院,,,,,Education,School,Roman Catholic,,M,,,,,,,,,,
CRT_278,Institution,Petit Séminaire du Sacré-Coeur,,,,頻思修院,,,,,Education,School,Roman Catholic,,M,,,,,,,,,,
CRT_074,Institution,Collège-Séminaire,Ignatian,,,,,,,,Education,School,Roman Catholic,,M,,,,,,,,,,
CRT_235,Institution,Ecole,,,,漇德學校,,,,,Education,School,Roman Catholic,,F,,,,,,,,,,
CRT_318,Institution,Ecole de Suiting,,,,,,,,,Education,School,Roman Catholic,,F,,,,,,,,,GENERAL INFORMATION: School Level: Secondary | Course Length: 9; 1933 INFORMATION: Catholic Students: 24 | Non Catholic Students: 116; 1934 INFORMATION: Catholic Students: 24 | Non Catholic Students: 116; 1935 INFORMATION: Catholic Students: 24 | Non Catholic Students: 116; 1937 INFORMATION: Catholic Students: 24 | Non Catholic Students: 116; 1938 INFORMATION: Catholic Students: 33 | Non Catholic Students: 244 | Notes: 6 years; 1939 INFORMATION: Catholic Students: 33 | Non Catholic Students: 244 | Notes: 6 years lenght; 1942 INFORMATION: Catholic Students: 43 | Non Catholic Students: 67 | Notes: Merged with Litupa school; 1949 INFORMATION: Catholic Students: 43 | Non Catholic Students: 67,
CRT_342,Institution,Ecole St-Stanislas,,,,,,,,,Education,School,Roman Catholic,,M,,,,,,,,,"GENERAL INFORMATION: School Level: School; 1937 INFORMATION: Catholic Students: 22 | Non Catholic Students: 16; 1938 INFORMATION: Catholic Students: 38 | Non Catholic Students: 19; 1939 INFORMATION: Catholic Students: 50 | Non Catholic Students: 45 | Notes: Primary school, English; 1942 INFORMATION: Catholic Students: 165 | Non Catholic Students: 184 | Notes: Primary school, English",
CRT_282,Institution,Pensionnat de Palakai,,,,光啓,,,,,Education,School,Roman Catholic,,F,,,,,,,,,,
CRT_075,Institution,Collège Koang K'I,Ignatian,,,指南學校,,,,,Education,School,Roman Catholic,,M,,,,,,,,,,
CRT_241,Institution,Collège St-Francois-Xavier,,,,崇德學校戴家茌,,,,,Education,School,Roman Catholic,,M,,,,,,,,,,
CRT_143,Institution,Collège de Taikiachwang,Steyler,,,,,,,,Education,School,Roman Catholic,,M,,,,,,,,,,
CRT_040,Institution,Collège Ste-Claire,Franciscan,,,,,,,,Education,School,Roman Catholic,,F,,,,,,,,,,
CRT_048,Institution,Collège Mingyuan,Franciscan,,,育英學校,,,,,Education,School,Roman Catholic,,M,,,,,,,,,,
CRT_170,Institution,Collège,,,,大名法文學校,,,,,Education,School,Roman Catholic,,M,,,,,,,,,,
CRT_085,Institution,Collège de Taming,Ignatian,,,盛大學校,,,,,Education,School,Roman Catholic,,M,,,,,,,,,,
CRT_301,Institution,Collège St-Stanislas,,,,,,,,,Education,School,Roman Catholic,,M,,,,,,,,,,
CRT_304,Institution,Section Fèm. du Collège de Taming,,,,,,,,,Education,School,Roman Catholic,,F,,,,,,,,,,
CRT_308,Institution,Collège de Puyang,,,,,,,,,Education,School,Roman Catholic,,M,,,,,,,,,,
CRT_309,Institution,Section Fèm. du Collège de Puyang,,,,堵仁女學,,,,,Education,School,Roman Catholic,,,,,,,,,,,,
CRT_147,Institution,Ecole,Vincentian,,,,,,,,Education,School,Roman Catholic,,,,,,,,,,,,
CRT_310,Institution,Ecole À Tangshang,,,,,,,,,Education,School,Roman Catholic,,,,,,,,,,,,
CRT_265,Institution,Ecole Ste-Claire,,,,大足,,,,,Education,School,Roman Catholic,,F,,,,,,,,,,
CRT_195,Institution,Ecole St-Jean,,,,,,,,,Education,School,Roman Catholic,,M,,,,,,,,,,
CRT_314,Institution,College À Tatung,,,,,,,,,Education,School,Roman Catholic,,F,,,,,,,,,,
CRT_287,Institution,Ecole de Teingtsaoho,,,,工商大學,,,,,Education,School,Roman Catholic,,F,,,,,,,,,,
CRT_084,Institution,Institut Supérieur D'Industrie et de Commerce,Ignatian,,,工商大學,,,,,Education,School,Roman Catholic,,M,,,,,,,,,,
CRT_086,Institution,Institut Supérieur D'Industrie et de Commerce - Cours Préparatoire,Ignatian,,,,,,,,Education,School,Roman Catholic,,,,,,,,,,,,
CRT_033,Institution,Pensionnat St.Joseph,Franciscan,,,,,,,,Education,School,Roman Catholic,,F,,,,,,,,,,
CRT_034,Institution,Pensionnat St.Joseph,Franciscan,,,,,,,,Education,School,Roman Catholic,,F,,,,,,,,,,
CRT_110,Institution,Collège Saint-Louis Pour Étrangers,Marist,,,法漢學校,,,,,Education,School,Roman Catholic,,M,,,,,,,,,,
CRT_111,Institution,Ecole Municipale Française,Marist,,,,,,,,Education,School,Roman Catholic,,M,,,,,,,,,,
CRT_303,Institution,Etudes Chinoises,,,,,,,,,Education,School,Roman Catholic,,M,,,,,,,,,,
CRT_307,Institution,Ecole Si K'ai,,,,聖功,,,,,Education,School,Roman Catholic,,M,,,,,,,,,,
CRT_305,Institution,Ecole Cheng-Kong,,,,,,,,,Education,School,Roman Catholic,,F,,,,,,,,,,
CRT_371,Institution,Deux Écoles Primaires Supérieures,,,,,,,,,Education,School,Roman Catholic,,M,,,,,,,,,GENERAL INFORMATION: School Level: Primary superior; 1937 INFORMATION: Catholic Students: 17 | Non Catholic Students: 26,
CRT_372,Institution,Trois Écoles Primaires Supérieures,,,,,,,,,Education,School,Roman Catholic,,F,,,,,,,,,GENERAL INFORMATION: School Level: Primary superior; 1937 INFORMATION: Catholic Students: 31 | Non Catholic Students: 68,
CRT_142,Institution,Collège St. Paula,Steyler,,,黎明中學校,,,,,Education,School,Roman Catholic,,,,,,,,,,,,
CRT_096,Institution,Ecole Liming,Marianist,,,德育中學校,,,,,Education,School,Roman Catholic,,M,,,,,,,,,,
CRT_097,Institution,Ecole Teyu,Marianist,,,,,,,,Education,School,Roman Catholic,,M,,,,,,,,,,
CRT_062,Institution,Ecole Secondaire,Franciscan,,,聖若瑟公學,,,,,Education,School,Roman Catholic,,F,,,,,,,,,,
CRT_007,Institution,Collège St.Joseph,Capuchin,,,,,,,,Education,School,Roman Catholic,,M,,,,,,,,,,
CRT_049,Institution,Petit Seminaire St-Joseph,Franciscan,,,方濟各修道院,,,,,Education,School,Roman Catholic,,M,,,,,,,,,,
CRT_037,Institution,Couvent du St-Esprit,Franciscan,,,聖功女子中校,,,,,Education,School,Roman Catholic,,F,,,,,,,,,,
CRT_038,Institution,Ecole St-Joseph,Franciscan,,,高密修道院,,,,,Education,School,Roman Catholic,,F,,,,,,,,,,
CRT_333,Institution,Collège Petit Séminaire Kaomi,,,,,,,,,Education,School,Roman Catholic,,M,,,,,,,,,GENERAL INFORMATION: School Level: School; 1933 INFORMATION: Catholic Students: 58 | Non Catholic Students: 0; 1934 INFORMATION: Catholic Students: 60 | Non Catholic Students: 0; 1935 INFORMATION: Catholic Students: 67; 1937 INFORMATION: Catholic Students: 50 | Non Catholic Students: 0; 1938 INFORMATION: Catholic Students: 50 | Non Catholic Students: 0; 1939 INFORMATION: Catholic Students: 50 | Non Catholic Students: 0; 1942 INFORMATION: Catholic Students: 45 | Non Catholic Students: 0; 1947 INFORMATION: Catholic Students: 45 | Non Catholic Students: 0,
CRT_077,Institution,Ecole de la Ste Famille,Ignatian,,,女子師範學校,,,,,Education,School,Roman Catholic,,M,,,,,,,,,,
CRT_128,Institution,Couvent du Sacré-Coeur,Steyler,,,中西中學,,,,,Education,School,Roman Catholic,,F,,,,,,,,,,
CRT_141,Institution,Collège St.François-Xavier,Steyler,,,,,,,,Education,School,Roman Catholic,,M,,,,,,,,,,
CRT_289,Institution,Ecole Secondaire,,,,,,,,,Education,School,Roman Catholic,,M,,,,,,,,,,
CRT_221,Institution,Ecole de Tungkadoo,,,,蕙我,,,,,Education,School,Roman Catholic,,F,,,,,,,,,,
CRT_293,Institution,Ecole Hoeiwo,,,,蕙我,,,,,Education,School,Roman Catholic,,M,,,,,,,,,,
CRT_294,Institution,Ecole Hoeiwo,,,,明星,,,,,Education,School,Roman Catholic,,F,,,,,,,,,,
CRT_357,Institution,Ecole,,,,陸森贊方濟·會,,,,,Education,School,Roman Catholic,,M,,,,,,,,,"GENERAL INFORMATION: School Level: Primary | Course Length: 6; 1937 INFORMATION: Catholic Students: 60 | Non Catholic Students: 45 | Notes: In 1937 the school level was primary superior ; 1938 INFORMATION: Catholic Students: 0 | Non Catholic Students: 0 | Notes: Total 156, primary; 1939 INFORMATION: Catholic Students: 115 | Non Catholic Students: 221; 1942 INFORMATION: Catholic Students: 50 | Non Catholic Students: 370; 1947 INFORMATION: Catholic Students: 50 | Non Catholic Students: 370",
CRT_023,Institution,Ecole du Bon Conseil,Franciscan,,,明星學校,,,,,Education,School,Roman Catholic,,F,,,,,,,,,,
CRT_042,Institution,Ecole Stella Matutina,Franciscan,,,海星學校,,,,,Education,School,Roman Catholic,,F,,,,,,,,,,
CRT_117,Institution,Ecole Stella-Maris,Marist,,,,,,,,Education,School,Roman Catholic,,M,,,,,,,,,,
CRT_183,Institution,Collège St.Vincent,,,,,,,,,Education,School,Roman Catholic,,M,,,,,,,,,,
CRT_069,Institution,Collège St Jean Bercomans,Ignatian,,,,,,,,Education,School,Roman Catholic,,M,,,,,,,,,,
CRT_112,Institution,Ecole St. Benolt,Marist,,,,,,,,Education,School,Roman Catholic,,,,,,,,,,,,
CRT_248,Institution,Ecole St-Joseph,,,,,,,,,Education,School,Roman Catholic,,F,,,,,,,,,,
CRT_257,Institution,Ecole N.D des Anges,,,,,,,,,Education,School,Roman Catholic,,F,,,,,,,,,,
CRT_368,Institution,Ecole N.D. de Lourdes,,,,,,,,,Education,School,Roman Catholic,,F,,,,,,,,,GENERAL INFORMATION: School Level: Primary; 1937 INFORMATION: Catholic Students: 6 | Non Catholic Students: 49 | Notes: In 1937 the school level was primary superior; 1938 INFORMATION: Catholic Students: 6 | Non Catholic Students: 42; 1939 INFORMATION: Catholic Students: 7 | Non Catholic Students: 40; 1942 INFORMATION: Catholic Students: 0 | Non Catholic Students: 0 | Notes: Closed for the war; 1947 INFORMATION: Catholic Students: 0 | Non Catholic Students: 0,
CRT_176,Institution,Collége des Lazaristes,,,,,,,,,Education,School,Roman Catholic,,M,,,,,,,,,,
CRT_312,Institution,Ecole des Soeurs Indigènes de l'Immaculée Conception,,,,,,,,,Education,School,Roman Catholic,,F,,,,,,,,,,
CRT_068,Institution,Collège St-Ignace,Ignatian,,,,,,,,Education,School,Roman Catholic,,M,,,,,,,,,,
CRT_073,Institution,Ecole Normale St Joseph,Ignatian,,,,,,,,Education,School,Roman Catholic,,M,,,,,,,,,,
CRT_254,Institution,Ecole de la Nativité,,,,崇德女校,,,,,Education,School,Roman Catholic,,F,,,,,,,,,,
CRT_255,Institution,Pensionnat Zong-Teh,,,,啟明女校,,,,,Education,School,Roman Catholic,,F,,,,,,,,,,
CRT_256,Institution,Pensionnat Kiming,,,,,,,,,Education,School,Roman Catholic,,F,,,,,,,,,,
CRT_340,Institution,Ecole Réfugiiée au Local de l'Ecole Normale,,,,#REF!,,,,,Education,School,Roman Catholic,,M,,,,,,,,,GENERAL INFORMATION: School Level: School; 1939 INFORMATION: Catholic Students: 140 | Non Catholic Students: 0,
HBCS_005,Institution,Canton Christian College,Interdenominational,,Lingnan University,,,,,,Education,University,Protestant,,X,,,,,,,,,"START YEAR: 1886; ADDITIONAL INFORMATION: Handbook says its Cantonese name is ""Sz Laap Ling Naam Tsai Hok""",HB_1936_150-157
HBCS_403,Institution,School for the Deaf (Yantai),,,,,,,,,Education,School for the Deaf,Protestant,,X,,,,,,,,,"START YEAR: 1887; ADDITIONAL INFORMATION: PDF itself only says ""Presbyterian Mission"" but this other document I found online verifies that Miss A.E. Carter, the principal, was in the PN Shandong mission",HB_1936_229
HBCS_337,Institution,Training Home (Anqing),,,,,,,,,Education,Theological School (Uncategorized),Protestant,,M,,,,,,,,,"START YEAR: 1888; ADDITIONAL INFORMATION: Located ""near to the north gate of the city,"" wherever that is. Date of establishment provided in CM 1903.",CM_1892_55-135; CM_1903_73
HBCS_375,Institution,David Hill School for the Blind,,,,,,,,,Education,School for the Blind,Protestant,,M,,,,,,,,,START YEAR: 1888,HB_1936_228
HBCS_382,Institution,Ming Sing School (Guangzhou),,,,,,,,,Education,School for the Blind,Protestant,,X,,,,,,,,,START YEAR: 1889,HB_1936_228
HBCS_046,Institution,Hitt Bible Training School,,,,,,,,,Education,Theological School B,Protestant,,F,,,,,,,,,START YEAR: 1893,HB_1936_164
HBCS_056,Institution,Knowles Bible Training School,,,,,,,,,Education,Theological School C,Protestant,,F,,,,,,,,,START YEAR: 1893,HB_1936_165
HBCS_343,Institution,Training Home (Hohhot),,,,,,,,,Education,Theological School (Uncategorized),Protestant,,,,,,,,,,,"START YEAR: 1893; ADDITIONAL INFORMATION: ""About the year 1886 the cities of Kwei-hua Ch’eng and Pao-t’eo were occupied by Messrs. Geo. W. Clarke and Bevnon, of the C.I.M. [...] In the year 1893 a large band of new workers of the Christian Missionary Alliance came to this district,' and the two C.I.M. stations were used by them as Training Homes until they could obtain some knowledge of ""the language and people""",CM_1902_32
HBCS_420,Institution,"School for the Deaf (Shanghai, Catholic)",,,,,,,,,Education,School for the Deaf,Protestant,,F,,,,,,,,,"START YEAR: 1894; ADDITIONAL INFORMATION: Affiliation = ""Roman Catholic""",HB_1936_229
HBCS_370,Institution,Ming Sing School (Gutian),,,,,,,,,Education,School for the Blind,Protestant,,M,,,,,,,,,START YEAR: 1895,HB_1936_228
HBCS_031,Institution,Pennsylvania Medical School,,,,,,,,,Education,College of Medicine,Protestant,,X,,,,,,,,,"START YEAR: 1896; ADDITIONAL INFORMATION: It's listed separately in the ""Medical Schools"" subheading so I'm entering it separately, but this is also part of St. John's. Also affiliated with UPenn Christian Association hence the name.",HB_1936_161
HBCS_368,Institution,Ling Kwan Man Hok Hau,,,,,,,,,Education,School for the Blind,Protestant,,M,,,,,,,,,START YEAR: 1898,HB_1936_228
HBCS_016,Institution,Hackett Medical College,Presbyterian,,Hackett Medical College for Women,,,,,,Education,College of Medicine,Protestant,,F,,,,,,,,,START YEAR: 1899,HB_1936_89-150-162
HBCS_010,Institution,Soochow University,Methodist,,,,,,,,Education,University,Protestant,,X,,,,,,,,,START YEAR: 1900,HB_1936_150-158
HBCS_055,Institution,Siaokan Bible School for Women,,,,,,,,,Education,Theological School C,Protestant,,F,,,,,,,,,START YEAR: 1900,HB_1936_165
HBCS_386,Institution,Blind Girls' Industrial Home,,,,,,,,,Education,School for the Blind,Protestant,,F,,,,,,,,,START YEAR: 1900,HB_1936_228
HBCS_401,Institution,Industrial Institution for the Blind,,,,,,,,,Education,School for the Blind,Protestant,,F,,,,,,,,,START YEAR: 1901,HB_1936_228
HBCS_047,Institution,Alliance Women's Bible School,,,,,,,,,Education,Theological School B,Protestant,,F,,,,,,,,,START YEAR: 1903,HB_1936_164
HBCS_346,Institution,Diocesan Training Institute,,,Bible Institute,,,,,,Education,Theological School (Uncategorized),Protestant,,,,,,,,,,,"START YEAR: 1903; ADDITIONAL INFORMATION: CM itself doesn't 100% confirm whether there is an institute in or just near Sintientsi, but this source I found online (pdf p. 60) does--it was established in 1903 by the same Mr. Lawrence referenced by CM, a joint school for the CIM and CMS.",CM_1903_170; CM_1904_77
HBCS_347,Institution,Bible School (Wuzhou),,,,,,,,,Education,Theological School (Uncategorized),Protestant,,M,,,,,,,,,"START YEAR: 1903; ADDITIONAL INFORMATION: The women's school seems to already be recorded above as the Alliance Women's Bible School. This school could probably also be called ""Alliance"" but CM doesn't say so so I can't add that atm.",CM_1903_121
HBCS_349,Institution,Bible Training School (Sheqi),,,,,,,,,Education,Theological School (Uncategorized),Protestant,,,,,,,,,,,"START YEAR: 1903; ADDITIONAL INFORMATION: ""We have decided to start a Bible-training school"" in Shih-ki-tien, one missionary says",CM_1904_45
HBCS_367,Institution,School for Blind Girls,,,,,,,,,Education,School for the Blind,Protestant,,F,,,,,,,,,START YEAR: 1903,HB_1936_228
HBCS_004,Institution,Shantung Christian University,Interdenominational,,Cheeloo University,,,,,,Education,University,Protestant,,X,,,,,,,,,START YEAR: 1904,HB_1936_150-157
HBCS_051,Institution,Ashmore Theological Seminary,,,,,,,,,Education,Theological School C,Protestant,,M,,,,,,,,,START YEAR: 1904,HB_1936_164
HBCS_072,Institution,Women's Bible School (Changsha),,,,,,,,,Education,Theological School C,Protestant,,F,,,,,,,,,START YEAR: 1904,HB_1936_166
HBCS_351,Institution,Door of Hope Bible Training School for Women,,,Bible Training School,,,,,,Education,Theological School (Uncategorized),Protestant,,F,,,,,,,,,START YEAR: 1904,CM_1905_53; CM_1906_71
HBCS_008,Institution,University of Shanghai,Baptist,,,,,,,,Education,University,Protestant,,X,,,,,,,,,START YEAR: 1906,HB_1936_150-158
HBCS_021,Institution,Shanghai Theological Seminary,Baptist,,Shanghai Baptist Theological Seminary,,,,,,Education,Theological School A,Protestant,,M,,,,,,,,,START YEAR: 1906,HB_1936_150-163
HBCS_026,Institution,Yali Union Middle School,,,,,,,,,Education,Senior Middle; Junior Middle,Protestant,,M,,,,,,,,,"START YEAR: 1906; ADDITIONAL INFORMATION: Listed under ""Yale-In-China."" Also excluded from the statistics on p. 150 and tables elsewhere. Unclear if this is ""junior"" or ""senior"" middle schooling. Founding year confirmed at this source, not the pdf",HB_1936_160-184
HBCS_027,Institution,Peiping Union Medical College,Non-Religious,,,,,,,,Education,College of Medicine,Protestant,,X,,,,,,,,,"START YEAR: 1906; ADDITIONAL INFORMATION: Founded as a union of  several missionary entities but became ""independent of mission control"" later.",HB_1936_162
HBCS_058,Institution,Women's Bible School,,,,,,,,,Education,Theological School C,Protestant,,F,,,,,,,,,START YEAR: 1906,HB_1936_165
HBCS_352,Institution,Chengtu Bible School,,,Mr. Granger's School for Evangelists; Bible Training School,,,,,,Education,Theological School (Uncategorized),Protestant,,,,,,,,,,,"START YEAR: 1906; ADDITIONAL INFORMATION: ""We have good reports of the Chinese evangelists who have just commenced their two years’ training in Mr. Grainger’s school at Chengtu, Szechwan.""",CM_1908_77-175-195
HBCS_074,Institution,Central China Christian and Missionary Alliance Bible Institute,,,Central China C. & M.A. Bible Institute,,,,,,Education,Theological School for Men and Women,Protestant,,X,,,,,,,,,START YEAR: 1907,HB_1936_166
HBCS_387,Institution,School for the Blind (Shuocheng),,,,,,,,,Education,School for the Blind,Protestant,,M,,,,,,,,,"START YEAR: 1907; ADDITIONAL INFORMATION: Shochow = ""Shuo Xian"" according to this site I found, which gave me the Chinese name 朔縣 on WorldPostmarks which turned up Shuocheng District, which was formerly named Shuo County or Shuo Hsien/Xian. ",HB_1936_228
HBCS_040,Institution,Kingchow Theological Seminary,,,,,,,,,Education,Theological School B,Protestant,,M,,,,,,,,,START YEAR: 1908,HB_1936_164
HBCS_371,Institution,Blind Girls' School,,,Ku Nu,,,,,,Education,School for the Blind,Protestant,,F,,,,,,,,,START YEAR: 1908,HB_1936_228
HBCS_075,Institution,Burrows Memorial Bible School,,,,,,,,,Education,Theological School for Men and Women,Protestant,,X,,,,,,,,,START YEAR: 1909,HB_1936_166
HBCS_006,Institution,University of Nanking,Interdenominational,,,,,,,,Education,University,Protestant,,X,,,,,,,,,START YEAR: 1910,HB_1936_150-159
HBCS_011,Institution,West China Union University,Interdenominational,,,,,,,,Education,University,Protestant,,X,,,,,,,,,START YEAR: 1910; ADDITIONAL INFORMATION: Men's school until it became coed in 1924,HB_1936_150-159
HBCS_014,Institution,Hangchow Christian College,Presbyterian,,,,,,,,Education,College of Arts & Sciences,Protestant,,X,,,,,,,,,"START YEAR: 1910; ADDITIONAL INFORMATION: Looking on Wikipedia, it seems like Hangchow Christian College's campus is now the ""Zhijiang Campus"" of Zhejiang University, which is close to Zakow (the location given in the 1936 Handbook) but actually not technically in it--it's in Xihu. But Xihu District of Hangzhou isn't on the geocode spreadsheet anywhere?? I have to come back to this.  Geocode for Hangzhou given for now,.",HB_1936_150-156
HBCS_033,Institution,West China Union University College of Religion,Interdenominational,,West China University College of Religion,,,,,,Education,Theological School A,Protestant,,M,,,,,,,,,"START YEAR: 1910; ADDITIONAL INFORMATION: This is ostensibly part of West China Union University even though the word ""Union"" is omitted from its name here",HB_1936_163
HBCS_077,Institution,Shansi Bible Institute,,,,,,,,,Education,Theological School for Men and Women,Protestant,,X,,,,,,,,,START YEAR: 1910,HB_1936_166
HBCS_080,Institution,China Training Institute,,,,,,,,,Education,Theological School D,Protestant,,,,,,,,,,,"START YEAR: 1910; ADDITIONAL INFORMATION: Location seems to be Qiaotouzhen (桥头镇), at the northern end of Jurong city as seen on Google Maps, since it corroborates this source's claim (p. 25) that the town is ~40km from Nanjing as well as the entry for it on our Location Names google doc. gender is unknown, not X.",HB_1936_166
HBCS_354,Institution,Bible Training Institute,,,Provincial Bible Training Institute,,,,,,Education,Theological School (Uncategorized),Protestant,,,,,,,,,,,START YEAR: 1910,CM_1910_123; CM_1911_23
HBCS_020,Institution,Nanking Theological Seminary,Interdenominational,,,,,,,,Education,Theological School A,Protestant,,M,,,,,,,,,START YEAR: 1911,HB_1936_150-163
HBCS_381,Institution,Institution for the Chinese Blind,,,,,,,,,Education,School for the Blind,Protestant,,X,,,,,,,,,"START YEAR: 1911; ADDITIONAL INFORMATION: Private, i.e. secular",HB_1936_228
HBCS_034,Institution,Bible Teachers Training School,Interdenominational,,,,,,,,Education,Theological School A,Protestant,,F,,,,,,,,,START YEAR: 1912,HB_1936_163
HBCS_383,Institution,Sing Kwang Girls' School,,,,,,,,,Education,School for the Blind,Protestant,,F,,,,,,,,,START YEAR: 1912,HB_1936_228
HBCS_019,Institution,Lutheran Theological Seminary,Lutheran,,,,,,,,Education,Theological School A,Protestant,,M,,,,,,,,,START YEAR: 1913,HB_1936_150-163
HBCS_070,Institution,Women's Bible School (Jinan),,,,,,,,,Education,Theological School C,Protestant,,F,,,,,,,,,START YEAR: 1913,HB_1936_166
HBCS_373,Institution,The Blind School of the Norwegian Missionary Society,,,,,,,,,Education,School for the Blind,Protestant,,M,,,,,,,,,START YEAR: 1913,HB_1936_228
HBCS_022,Institution,Union Theological College,Interdenominational,,Canton Union Theological College,,,,,,Education,Theological School A,Protestant,,M,,,,,,,,,START YEAR: 1914,HB_1936_150-163
HBCS_032,Institution,"College of Medicine and Dentistry, West China Union University",Interdenominational,,,,,,,,Education,College of Medicine,Protestant,,X,,,,,,,,,"START YEAR: 1914; ADDITIONAL INFORMATION: It's listed separately in the ""Medical Schools"" subheading so I'm entering it separately, but this is also part of WCUU.",HB_1936_162
HBCS_054,Institution,Peiping Union Bible Training School for Women,,,,,,,,,Education,Theological School C,Protestant,,F,,,,,,,,,START YEAR: 1914,HB_1936_165
HBCS_059,Institution,Severance Hall Bible School for Women,,,,,,,,,Education,Theological School C,Protestant,,F,,,,,,,,,START YEAR: 1914,HB_1936_165
HBCS_071,Institution,Women's Bible School (Jining),,,,,,,,,Education,Theological School C,Protestant,,F,,,,,,,,,START YEAR: 1914,HB_1936_166
HBCS_081,Institution,Mateer Memorial Institute,Presbyterian,,,,,,,,Education,Theological School D,Protestant,,,,,,,,,,,"START YEAR: 1914; ADDITIONAL INFORMATION: the gender served here is unknown, not X.",HB_1936_166
HBCS_082,Institution,Tehchow Ellis Christian Training School,,,,,,,,,Education,Theological School E,Protestant,,X,,,,,,,,,"START YEAR: 1914; ADDITIONAL INFORMATION: a ""peripatetic school,"" whatever that means",HB_1936_166
HBCS_012,Institution,Fukien Christian University,Interdenominational,,,,,,,,Education,College of Arts & Sciences,Protestant,,X,,,,,,,,,START YEAR: 1915; ADDITIONAL INFORMATION: Men's school until it became coed in 1932,HB_1936_150-154
HBCS_013,Institution,Ginling College,Interdenominational,,,,,,,,Education,College of Arts & Sciences,Protestant,,F,,,,,,,,,START YEAR: 1915; ADDITIONAL INFORMATION: This document only says Nanking but I know from my extensive research on Ginling that its location can be narrowed down to Gulou District (C747),HB_1936_150-155
HBCS_062,Institution,Catherine Harwood Bible Training School,,,,,,,,,Education,Theological School C,Protestant,,F,,,,,,,,,START YEAR: 1915,HB_1936_165
HBCS_023,Institution,Yenching School of Religion,Interdenominational,,,,,,,,Education,Theological School A,Protestant,,M,,,,,,,,,START YEAR: 1916,HB_1936_150-163
HBCS_064,Institution,Women's Bible School (Pingding),,,,,,,,,Education,Theological School C,Protestant,,F,,,,,,,,,START YEAR: 1916,HB_1936_165
HBCS_372,Institution,School for Blind and Deaf,,,,,,,,,Education,School for the Blind,Protestant,,M,,,,,,,,,"START YEAR: 1916; ADDITIONAL INFORMATION: Private, i.e. secular",HB_1936_228
HBCS_073,Institution,Hunan Bible Institute,,,,,,,,,Education,Theological School for Men and Women,Protestant,,X,,,,,,,,,START YEAR: 1917,HB_1936_166
HBCS_376,Institution,Kungchow School for the Blind,,,,,,,,,Education,School for the Blind,Protestant,,M,,,,,,,,,"START YEAR: 1917; ADDITIONAL INFORMATION: Kungchow=Kunhsien according to page 265, which WorldPostmarks explains is Jun County (均縣), now Danjiangkou.",HB_1936_228
HBCS_380,Institution,Mang Yah Hsioh Hsiao,,,,,,,,,Education,School for the Blind,Protestant,,M,,,,,,,,,START YEAR: 1917,HB_1936_228
HBCS_404,Institution,School for the Blind and Deaf (Nantong),,,,,,,,,Education,School for the Blind and Deaf,Protestant,,F,,,,,,,,,"START YEAR: 1917; ADDITIONAL INFORMATION: affiliation = ""Chang Chien""",HB_1936_229
HBCS_069,Institution,Women's Primary Bible School,,,,,,,,,Education,Theological School C,Protestant,,F,,,,,,,,,START YEAR: 1918,HB_1936_166
HBCS_389,Institution,School for the Blind-Deaf-Dumb,,,,,,,,,Education,School for the Blind,Protestant,,M,,,,,,,,,START YEAR: 1918,HB_1936_228
HBCS_427,Institution,Roman Catholic Orphanage for Chinese,,,,,,,,,Education,,Protestant,,X,,,,,,,,,START YEAR: 1918,EDC_1918_7
HBCS_428,Institution,Diocesan School and Orphanage,,,,,,,,,Education,,Protestant,,X,,,,,,,,,START YEAR: 1918,EDC_1918_10
HBCS_430,Institution,Pingtu Christian Institute,,,,,,,,,Education,,Protestant,,X,,,,,,,,,START YEAR: 1918,
HBCS_431,Institution,Paxton Training School for Christian Workers ,,,,,,,,,Education,,Protestant,,X,,,,,,,,,START YEAR: 1918,
HBCS_432,Institution,Pukow Christian School ,,,,,,,,,Education,,Protestant,,X,,,,,,,,,START YEAR: 1918,
HBCS_433,Institution,Nanking School of Theology,,,,,,,,,Education,,Protestant,,X,,,,,,,,,START YEAR: 1918,EDC_1918_17
HBCS_002,Institution,Northern China Theological Seminary,Presbyterian,,,,,,,,Education,Theological School A,Protestant,,M,,,,,,,,,START YEAR: 1919,HB_1936_163
HBCS_067,Institution,Ai Dao Bible School for Women,,,,,,,,,Education,Theological School C,Protestant,,F,,,,,,,,,"START YEAR: 1919; ADDITIONAL INFORMATION: ""Cheefoo"" seems like a rare variation on Yantai's old Romanized name Chefoo, which comes from the Zhifu district within it (source)",HB_1936_165
HBCS_377,Institution,Ku Muh Nu Hsioh Hsiao,,,,,,,,,Education,School for the Blind,Protestant,,F,,,,,,,,,START YEAR: 1919,HB_1936_228
HBCS_388,Institution,St. Mary's School for the Blind,,,,,,,,,Education,School for the Blind,Protestant,,M,,,,,,,,,START YEAR: 1919,HB_1936_228
HBCS_411,Institution,School for the Deaf (Beijing),,,,,,,,,Education,School for the Deaf,Protestant,,F,,,,,,,,,START YEAR: 1919; ADDITIONAL INFORMATION: Private,HB_1936_229
HBCS_078,Institution,Pei Deh Women's Bible School,,,,,,,,,Education,Theological School D,Protestant,,F,,,,,,,,,START YEAR: 1920,HB_1936_166
HBCS_385,Institution,Ebenezer School for the Blind,,,,,,,,,Education,School for the Blind,Protestant,,F,,,,,,,,,"START YEAR: 1920; ADDITIONAL INFORMATION: Heung Shan/Heungshan = Xiangshan County (which was renamed Zhongshan in honor of Sun Yat-sen, and moved to Guangxi)",HB_1936_228
HBCS_405,Institution,"School for the Deaf (Shanghai, Chun Hsioh Hwei)",,,,,,,,,Education,School for the Deaf,Protestant,,F,,,,,,,,,"START YEAR: 1920; ADDITIONAL INFORMATION: affiliation = ""Chun Hsioh Hwei""",HB_1936_229
HBCS_423,Institution,Foochow Woman's Biblical Institute,,,,,,,,,Education,,Protestant,,F,,,,,,,,,START YEAR: 1920,HB_1936_229
HBCS_424,Institution,Baptist Missionary Society's Middle School,,,,,,,,,Education,,Protestant,,X,,,,,,,,,START YEAR: 1920,EDC_1920_156
HBCS_425,Institution,Mary S. Black Seminary,,,,,,,,,Education,,Protestant,,X,,,,,,,,,START YEAR: 1920,EDC_1920_159
HBCS_426,Institution,Hangchow Christian Boys' School ,,,,,,,,,Education,,Protestant,,M,,,,,,,,,START YEAR: 1920,EDC_1920_161
HBCS_029,Institution,Central Theological School,Interdenominational,,,,,,,,Education,Theological School A,Protestant,,M,,,,,,,,,START YEAR: 1922,HB_1936_163
HBCS_039,Institution,Concordia Theological Seminary,Lutheran,,,,,,,,Education,Theological School B,Protestant,,M,,,,,,,,,START YEAR: 1922,HB_1936_164
HBCS_049,Institution,Tsangchow Institute,,,,,,,,,Education,Theological School C,Protestant,,M,,,,,,,,,START YEAR: 1922,HB_1936_164
HBCS_063,Institution,Pei Teh Women's Bible School,,,,,,,,,Education,Theological School C,Protestant,,F,,,,,,,,,START YEAR: 1922,HB_1936_165
HBCS_028,Institution,Peiping Theological Seminary,Methodist,,,,,,,,Education,Theological School A,Protestant,,M,,,,,,,,,START YEAR: 1923,HB_1936_163
HBCS_392,Institution,Ming Sing School (Kunming),,,,,,,,,Education,School for the Blind,Protestant,,F,,,,,,,,,START YEAR: 1923,HB_1936_228
HBCS_017,Institution,Women's Christian Medical College,Interdenominational,,,,,,,,Education,College of Medicine,Protestant,,F,,,,,,,,,START YEAR: 1924,HB_1936_150-160
HBCS_057,Institution,Fu Liu Bible School for Women,,,,,,,,,Education,Theological School C,Protestant,,F,,,,,,,,,START YEAR: 1924,HB_1936_165
HBCS_036,Institution,South Fukien Theological Seminary,,,,,,,,,Education,Theological School B,Protestant,,M,,,,,,,,,START YEAR: 1925,HB_1936_164
HBCS_079,Institution,South Chekiang Training Institute,,,,,,,,,Education,Theological School D,Protestant,,,,,,,,,,,"START YEAR: 1925; ADDITIONAL INFORMATION: the gender served here is unknown, not X.",HB_1936_166
HBCS_362,Institution,Bible Training Institute (Hohhot),,,,,,,,,Education,Theological School (Uncategorized),Protestant,,,,,,,,,,,START YEAR: 1925,CM_1926_10
HBCS_406,Institution,Fryer School for the Deaf,,,,,,,,,Education,School for the Deaf,Protestant,,F,,,,,,,,,START YEAR: 1926; ADDITIONAL INFORMATION: Private,HB_1936_229
HBCS_416,Institution,School for the Blind and Deaf (Nanjing),,,,,,,,,Education,Government School for the Blind and Deaf,Protestant,,F,,,,,,,,,START YEAR: 1928; ADDITIONAL INFORMATION: Gov't; listed twice,HB_1936_229
HBCS_001,Institution,Central China College,Interdenominational,,Hua Chung; Boone University,,,,,,Education,University,Protestant,,x,,,,,,,,,START YEAR: 1929,HB_1936_150-154
HBCS_045,Institution,Foochow Woman's Biblical Institute,,,,,,,,,Education,Theological School B,Protestant,,F,,,,,,,,,START YEAR: 1929,HB_1936_164
HBCS_061,Institution,Kwangtung Synod Christian Church in China Bible Training School for Women,,,Kwangtung Synod C.C. in China B.T.S. for Women,,,,,,Education,Theological School C,Protestant,,F,,,,,,,,,START YEAR: 1929,HB_1936_165
HBCS_364,Institution,Women's Bible School (Luquan),,,,,,,,,Education,Theological School (Uncategorized),Protestant,,,,,,,,,,,START YEAR: 1929,CM_1935_8
HBCS_409,Institution,School for the Deaf (Chengdu),,,,,,,,,Education,School for the Deaf,Protestant,,,,,,,,,,,START YEAR: 1929; ADDITIONAL INFORMATION: Union,HB_1936_229
HBCS_414,Institution,Chekiang Industrial Training School for the Blind,,,,,,,,,Education,Government School for the Blind,Protestant,,X,,,,,,,,,START YEAR: 1929; ADDITIONAL INFORMATION: Gov't,HB_1936_229
HBCS_035,Institution,Bible Seminary for Women,Independent,,Women's Bible School,,,,,,Education,Theological School A,Protestant,,F,,,,,,,,,"START YEAR: 1930; ADDITIONAL INFORMATION: Location specified as ""Kiangwan"" in CM 1932.",HB_1936_163; CM_1932_134
HBCS_044,Institution,Bible Training School,Baptist,,,,,,,,Education,Theological School B,Protestant,,M,,,,,,,,,START YEAR: 1930,HB_1936_164
HBCS_052,Institution,Sian Bible Institute,,,,,,,,,Education,Theological School C,Protestant,,M,,,,,,,,,START YEAR: 1930,HB_1936_165
HBCS_394,Institution,Blind Men's Home (Wuhu),,,,,,,,,Education,Home for the Blind,Protestant,,M,,,,,,,,,START YEAR: 1930; ADDITIONAL INFORMATION: Private,HB_1936_228
HBCS_396,Institution,Blind Men's Home (Wuhan),,,,,,,,,Education,Home for the Blind,Protestant,,M,,,,,,,,,START YEAR: 1930,HB_1936_228
HBCS_421,Institution,School for the Blind and Deaf,,,,,,,,,Education,Government School for the Blind and Deaf,Protestant,,M,,,,,,,,,START YEAR: 1930,HB_1936_229
HBCS_066,Institution,Christine Anderson Memorial Bible School for Women,,,,,,,,,Education,Theological School C,Protestant,,F,,,,,,,,,START YEAR: 1931,HB_1936_165
HBCS_407,Institution,School for the Deaf (Suzhou),,,,,,,,,Education,School for the Deaf,Protestant,,F,,,,,,,,,START YEAR: 1931; ADDITIONAL INFORMATION: Private,HB_1936_229
HBCS_410,Institution,School for the Deaf (Hangzhou),,,,,,,,,Education,School for the Deaf,Protestant,,F,,,,,,,,,START YEAR: 1931; ADDITIONAL INFORMATION: Private,HB_1936_229
HBCS_399,Institution,Blind Home,,,,,,,,,Education,Home for the Blind,Protestant,,F,,,,,,,,,START YEAR: 1932,HB_1936_228
HBCS_408,Institution,"School for the Deaf (Shanghai, Private)",,,,,,,,,Education,School for the Deaf,Protestant,,F,,,,,,,,,START YEAR: 1933; ADDITIONAL INFORMATION: Private,HB_1936_229
HBCS_415,Institution,School for the Blind and Deaf (Shaoxing),,,,,,,,,Education,Government School for the Blind and Deaf,Protestant,,X,,,,,,,,,START YEAR: 1933; ADDITIONAL INFORMATION: Gov't; listed twice,HB_1936_229
HBCS_003,Institution,Albright Preparatory School in China,,,,,,,,,Education,Junior Middle,Protestant,,M,,,,,,,,,,HB_1936_178
HBCS_009,Institution,Downtown School of Commerce,Baptist,,,,,,,,Education,University,Protestant,,X,,,,,,,,,Part of the Univ of Shanghai. Says its library was established 1932 but unclear when the Downtown School itself was established,HB_1936_150-220
HBCS_015,Institution,Hwa Nan College,,,,,,,,,Education,College of Arts & Sciences,Protestant,,F,,,,,,,,,"In the ""College of Arts and Sciences"" and ""Senior Middle School"" categories at different points in the PDF.",HB_1936_150-180
HBCS_024,Institution,Hsiang-Ya Medical College,,,,,,,,,Education,College of Medicine,Protestant,,X,,,,,,,,,"Listed under ""Yale-In-China."" Also excluded from the ""statistics"" on p. 150 for some reason. Coed gender admission confirmed in an outside source here",HB_1936_160-247
HBCS_025,Institution,Hunan Yale School of Nursing,,,,,,,,,Education,College of Medicine,Protestant,,X,,,,,,,,,"Listed under ""Yale-In-China."" Also excluded from the ""statistics"" on p. 150 for some reason. Unclear if this is female-only or coed.",HB_1936_160
HBCS_041,Institution,Central China Union Theological Seminary,Interdenominational,,,,,,,,Education,Theological School B,Protestant,,M,,,,,,,,,Reformed and Methodist,HB_1936_164
HBCS_042,Institution,Theological Seminary,,,,,,,,,Education,Theological School B,Protestant,,M,,,,,,,,,,HB_1936_164
HBCS_048,Institution,Shung Kei Bible Training School for Women,,,,,,,,,Education,Theological School B,Protestant,,F,,,,,,,,,,HB_1936_164
HBCS_050,Institution,Graves Theological Seminary,,,,,,,,,Education,Theological School C,Protestant,,M,,,,,,,,,,HB_1936_164
HBCS_053,Institution,Thompson Women's School,,,,,,,,,Education,Theological School C,Protestant,,F,,,,,,,,,,HB_1936_165
HBCS_060,Institution,Women's Bible Training School,,,Women's B.T.S.,,,,,,Education,Theological School C,Protestant,,F,,,,,,,,,,HB_1936_165
HBCS_065,Institution,Alice Williams School,,,,,,,,,Education,Theological School C,Protestant,,F,,,,,,,,,,HB_1936_165
HBCS_068,Institution,Edna Terry Bible Training School for Women,,,,,,,,,Education,Theological School C,Protestant,,F,,,,,,,,,,HB_1936_165
HBCS_076,Institution,Bethel School of Evangelism,,,,,,,,,Education,Theological School for Men and Women,Protestant,,X,,,,,,,,,,HB_1936_166
HBCS_083,Institution,Alderman School,,,,貴貞,,,,,Education,Junior Middle; Higher Primary; Lower Primary,Protestant,,F,,,,,,,,,,HB_1936_178
HBCS_084,Institution,Anglican Mission School,,,,育華,,,,,Education,Junior Middle,Protestant,,M,,,,,,,,,,HB_1936_178
HBCS_085,Institution,Anglo-Chinese College (Xiamen),,,,英華（廈門）,,,,,Education,Junior Middle; Senior Middle; Higher Primary; Lower Primary,Protestant,,M,,,,,,,,,,HB_1936_178
HBCS_086,Institution,Anglo-Chinese (Fuzhou),,,,英華（福州）,,,,,Education,Senior Middle; Junior Middle; Higher Primary,Protestant,,M,,,,,,,,,,HB_1936_178
HBCS_087,Institution,Anglo-Chinese (Shanghai),,,,英華（上海）,,,,,Education,Senior Middle; Junior Middle; Higher Primary,Protestant,,M,,,,,,,,,,HB_1936_178
HBCS_088,Institution,Anglo-Chinese (Tianjin),,,,新學（天津）,,,,,Education,Junior Middle; Higher Primary; Lower Primary,Protestant,,M,,,,,,,,,,HB_1936_178
HBCS_089,Institution,Atkinson Academy,,,,振聲,,,,,Education,Junior Middle; Higher Primary; Lower Primary,Protestant,,M,,,,,,,,,,HB_1936_178
HBCS_090,Institution,Associated School for Girls,,,,,,,,,Education,,Protestant,,F,,,,,,,,,"Location is specified on doc page 12/pdf page 16 as Victoria, Hong Kong but that doesn't narrow down to one modern-day district",HB_1936_178
HBCS_091,Institution,Baldwin School,,,Paoling School; Po Ling School,葆靈,,,,,Education,Senior Middle; Junior Middle; Higher Primary; Lower Primary,Protestant,,F,,,,,,,,,,HB_1936_178
HBCS_092,Institution,Honan Anhwei Baptist Bible School,,,Baptist,濟汴,,,,,Education,Senior Middle; Junior Middle,Protestant,,M,,,,,,,,,"Name is only given as ""Baptist""  on document p. 178, but p.24 says it is also known as ""Honan Anhwei Baptist Bible School""",HB_1936_24-178
HBCS_093,Institution,Baptist (Suifu),,,,明德（敘府）,,,,,Education,Senior Middle; Junior Middle; Higher Primary; Lower Primary,Protestant,,F,,,,,,,,,,HB_1936_178
HBCS_094,Institution,Boone School for Boys,,,,文華,,,,,Education,Senior Middle; Junior Middle; Higher Primary,Protestant,,M,,,,,,,,,Full name on p. 298,HB_1936_178-298
HBCS_095,Institution,Boone Second School,,,,文華二部,,,,,Education,Junior Middle; Higher Primary,Protestant,,M,,,,,,,,,Full name on p. 298,HB_1936_178-298
HBCS_096,Institution,Bridgeman (Beijing),,,,貝滿（北平）,,,,,Education,Senior Middle; Junior Middle,Protestant,,F,,,,,,,,,,HB_1936_178
HBCS_097,Institution,Bridgman (Shanghai),,,,裨文,,,,,Education,Senior Middle; Junior Middle; Higher Primary; Lower Primary,Protestant,,F,,,,,,,,,,HB_1936_178
HBCS_098,Institution,Ceng Daik School,,,,進德,,,,,Education,Junior Middle; Higher Primary; Lower Primary,Protestant,,F,,,,,,,,,Full name on p.253,HB_1936_178-253
HBCS_099,Institution,Chao Kwong,,,,潮光,,,,,Education,,Protestant,,M,,,,,,,,,,HB_1936_178
HBCS_100,Institution,Cheeloo Co-ed.,,,,齊魯,,,,,Education,Senior Middle; Junior Middle,Protestant,,X,,,,,,,,,"Name given as ""Cheeloo Co-ed."" on p. 88, name is only ""Cheeloo"" on 178.",HB_1936_88-178
HBCS_101,Institution,Chen Mei Boys' School,,,,成美,,,,,Education,Senior Middle; Junior Middle,Protestant,,M,,,,,,,,,,HB_1936_178-272
HBCS_102,Institution,Chen Teh Girls' School,,,,貞德,,,,,Education,Junior Middle; Higher Primary; Lower Primary,Protestant,,F,,,,,,,,,,HB_1936_178-284
HBCS_103,Institution,Cheng Mei School,,,,成美,,,,,Education,Junior Middle; Higher Primary; Lower Primary,Protestant,,F,,,,,,,,,,HB_1936_178
HBCS_104,Institution,Ching Teh Girls' School,,,,浚德,,,,,Education,Junior Middle,Protestant,,F,,,,,,,,,,HB_1936_178-288
HBCS_105,Institution,Chi Hsiu,,,,啓秀,,,,,Education,Junior Middle; Higher Primary; Lower Primary,Protestant,,F,,,,,,,,,,HB_1936_178
HBCS_106,Institution,Chi Tu Boys' School,,,,基督,,,,,Education,,Protestant,,M,,,,,,,,,"""Kiennow"" seems to be a very rare variation on ""Kienow,"" which refers to Jianou City (source).",HB_1936_178-263
HBCS_107,Institution,Chien Chin School,,,,劍津,,,,,Education,Senior Middle; Junior Middle,Protestant,,X,,,,,,,,,,HB_1936_178-301
HBCS_108,Institution,Chin Jiu Boys',,,,,,,,,Education,Senior Middle,Protestant,,M,,,,,,,,,"Longer name and the fact that it's a Senior Middle school is on p. 118, not 178.",HB_1936_118-178
HBCS_109,Institution,Chin Tek Girls' School,,,Chin Tek,進德,,,,,Education,Senior Middle; Junior Middle; Higher Primary; Lower Primary,Protestant,,F,,,,,,,,,full name given on p. 247,HB_1936_178-247
HBCS_110,Institution,China Training Institute,,,,三育,,,,,Education,Senior Middle; Junior Middle; Higher Primary; Lower Primary,Protestant,,X,,,,,,,,,"Siashu=Xiashu/下蜀 according to WorldPostmarks, which seems to be this on Google Maps, which makes sense as we already know the Seventh-Day Adventists also operated in the nearby Qiaotouzhen. Xiashu is also in Jurong, hence the geocode.",HB_1936_178
HBCS_111,Institution,Chino-German,,,,中德,,,,,Education,,Protestant,,X,,,,,,,,,,HB_1936_179
HBCS_112,Institution,Tinghai Boys' School,,,Chowsan,舟山,,,,,Education,Junior Middle; Higher Primary; Lower Primary,Protestant,,X,,,,,,,,,"Tinghai = Dinghai District (定海区), C2879 via WorldPostmarks and Wikipedia. ""Tinghai Boys School"" name given on p. 293.",HB_1936_179-293
HBCS_113,Institution,Ch'ung Te (Beijing),,,,崇德（北平）,,,,,Education,Senior Middle; Junior Middle; Higher Primary,Protestant,,M,,,,,,,,,,HB_1936_179
HBCS_114,Institution,Ch'ung Tze,,,,崇慈,,,,,Education,Senior Middle; Junior Middle; Higher Primary; Lower Primary,Protestant,,F,,,,,,,,,,HB_1936_179
HBCS_115,Institution,Chung Shih,,,,崇實,,,,,Education,,Protestant,,M,,,,,,,,,,HB_1936_179
HBCS_116,Institution,Chung Hua,,,,中華,,,,,Education,Senior Middle; Junior Middle; Higher Primary; Lower Primary,Protestant,,F,,,,,,,,,,HB_1936_179
HBCS_117,Institution,Chung Te (Qingdao),,,,崇德（青島）,,,,,Education,Junior Middle,Protestant,,M,,,,,,,,,,HB_1936_179
HBCS_118,Institution,Coe Memorial Middle School,,,,三育,,,,,Education,Senior Middle; Junior Middle; Higher Primary; Lower Primary,Protestant,,F,,,,,,,,,"in Anhui, so it's Luchowfu, not the Luchow in Sichuan.",HB_1936_179
HBCS_119,Institution,Da Seuk Girls' School,,,,陶淑,,,,,Education,Senior Middle; Junior Middle; Higher Primary; Lower Primary,Protestant,,F,,,,,,,,,,HB_1936_179-253
HBCS_120,Institution,David Hill School,,,,訓女,,,,,Education,Senior Middle; Junior Middle; Higher Primary; Lower Primary,Protestant,,F,,,,,,,,,,HB_1936_179-256
HBCS_121,Institution,Davidson School,,,,英華,,,,,Education,Junior Middle; Higher Primary; Lower Primary,Protestant,,F,,,,,,,,,,HB_1936_179-287
HBCS_122,Institution,Eastview Boys' School,,,,朝陽,,,,,Education,Junior Middle; Higher Primary; Lower Primary,Protestant,,M,,,,,,,,,,HB_1936_179-284
HBCS_123,Institution,Effie Sears Memorial School,,,,義集,,,,,Education,Junior Middle; Higher Primary; Lower Primary,Protestant,,F,,,,,,,,,,HB_1936_179-277
HBCS_124,Institution,Eliza Yates Bible School,,,,晏慕氏,,,,,Education,Senior Middle; Junior Middle; Higher Primary; Lower Primary,Protestant,,F,,,,,,,,,Specific location given in EDC 1920,HB_1936_24-179; EDC_1920_50
HBCS_126,Institution,Mary Farnham School,,,Farnham,清心,,,,,Education,Senior Middle; Junior Middle; Higher Primary; Lower Primary,Protestant,,F,,,,,,,,,,HB_1936_179-281
HBCS_127,Institution,Friends Academy,,,,益智,,,,,Education,Junior Middle; Higher Primary; Lower Primary,Protestant,,M,,,,,,,,,,HB_1936_38-179
HBCS_128,Institution,Foochow College,,,,格致,,,,,Education,Senior Middle; Junior Middle; Higher Primary; Lower Primary,Protestant,,M,,,,,,,,,,HB_1936_179
HBCS_129,Institution,Fuhsiang School for Girls,,,Fu Hsiang School for Girls; Fu Hsiang,福湘,,,,,Education,Senior Middle; Junior Middle,Protestant,,F,,,,,,,,,,HB_1936_179-247
HBCS_130,Institution,Mary Porter Gamewell School for Girls,,,Gamewell,慕貞,,,,,Education,Senior Middle; Junior Middle; Higher Primary; Lower Primary,Protestant,,F,,,,,,,,,,HB_1936_179
HBCS_131,Institution,Gin Teh Girls' School,,,Gin Deh; Gin Deh Girls' School,進德,,,,,Education,Higher Primary; Lower Primary,Protestant,,F,,,,,,,,,,HB_1936_179-262
HBCS_132,Institution,Gin I Boys' School,,,Gin Ih Boys' School; Gin Ih,精一,,,,,Education,Junior Middle,Protestant,,M,,,,,,,,,,HB_1936_179-288
HBCS_133,Institution,Ginling Middle School,,,Ginling,金女大中,,,,,Education,Senior Middle,Protestant,,F,,,,,,,,,,HB_1936_179-272
HBCS_134,Institution,Goodrich Girls' School,,,,富育,,,,,Education,Junior Middle; Higher Primary; Lower Primary,Protestant,,F,,,,,,,,,,HB_1936_179-297
HBCS_135,Institution,Goucher School,,,,高琦,,,,,Education,Junior Middle,Protestant,,M,,,,,,,,,,HB_1936_179-249
HBCS_136,Institution,Grace High School (Boys'),,,,惠中（男校）,,,,,Education,Senior Middle; Junior Middle; Higher Primary; Lower Primary,Protestant,,M,,,,,,,,,,HB_1936_25-179
HBCS_137,Institution,Grace High School (Girls'),,,,惠中（女校）,,,,,Education,Junior Middle; Higher Primary; Lower Primary,Protestant,,F,,,,,,,,,,HB_1936_25-179
HBCS_138,Institution,Griffith John School,,,,博學,,,,,Education,Senior Middle; Junior Middle; Higher Primary; Lower Primary,Protestant,,M,,,,,,,,,,HB_1936_31-179
HBCS_139,Institution,Guthrie Boys' School,,,,哲理,,,,,Education,Senior Middle; Junior Middle; Higher Primary; Lower Primary,Protestant,,M,,,,,,,,,,HB_1936_179-257
HBCS_140,Institution,Hamilton Girls' High School,,,,咸益,,,,,Education,Senior Middle; Junior Middle,Protestant,,F,,,,,,,,,,HB_1936_179-257
HBCS_141,Institution,Hangchow Christian College,,,Hangchow College,之江中,,,,,Education,Senior Middle,Protestant,,M,,,,,,,,,,HB_1936_179-255
HBCS_142,Institution,Hangchow Union Girls' School,,,,弘道,,,,,Education,Senior Middle; Junior Middle; Higher Primary; Lower Primary,Protestant,,F,,,,,,,,,,HB_1936_179-255
HBCS_143,Institution,Hardy School,,,,崇實,,,,,Education,Junior Middle; Higher Primary; Lower Primary,Protestant,,X,,,,,,,,,,HB_1936_179-302
HBCS_144,Institution,Laura Haygood Normal School,,,,景海,,,,,Education,Senior Middle; Junior Middle; Higher Primary; Lower Primary,Protestant,,F,,,,,,,,,,HB_1936_179
HBCS_145,Institution,Hing Hwa,,,,興華,,,,,Education,Senior Middle; Junior Middle; Higher Primary; Lower Primary,Protestant,,M,,,,,,,,,,HB_1936_179
HBCS_146,Institution,Hok Min,,,,福民,,,,,Education,Junior Middle; Higher Primary; Lower Primary,Protestant,,M,,,,,,,,,,HB_1936_179
HBCS_147,Institution,Holy Trinity,,,,聖三一,,,,,Education,Junior Middle; Higher Primary,Protestant,,M,,,,,,,,,,HB_1936_179
HBCS_148,Institution,Hsien Pei Boys' School,,,,峴北,,,,,Education,Junior Middle,Protestant,,M,,,,,,,,,,HB_1936_179-252
HBCS_149,Institution,Hsin I Boys' School,,,,信義（男校）,,,,,Education,Junior Middle,Protestant,,M,,,,,,,,,,HB_1936_179-301
HBCS_150,Institution,Hsin I Girls' School,,,,信義（女校）,,,,,Education,Junior Middle,Protestant,,F,,,,,,,,,"p.179 as well as the CCEA attest that there are two Hsin I's, one for girls and one for boys, but in the Mission Stations section on p.301 it only lists the boys' school.",HB_1936_179
HBCS_151,Institution,Hsueh Jeh Middle School,,,Hsueh Teh,毓德,,,,,Education,Senior Middle; Junior Middle; Higher Primary; Lower Primary,Protestant,,F,,,,,,,,,,HB_1936_180-244
HBCS_152,Institution,Huping Boys' School,,,,湖濱,,,,,Education,Senior Middle; Junior Middle,Protestant,,M,,,,,,,,,,HB_1936_180-301
HBCS_153,Institution,Hwa Yin Girls' School,,,,華英（女校）（佛山）,,,,,Education,Junior Middle; Higher Primary; Lower Primary,Protestant,,F,,,,,,,,,,HB_1936_180-252
HBCS_154,Institution,Hwa Yin School (Chengdu),,,,華英（成都）,,,,,Education,Senior Middle,Protestant,,F,,,,,,,,,,HB_1936_180; EDC_1920_96
HBCS_155,Institution,Hwa Yin (Renshou),,,Hwa Ying,華英（仁壽）,,,,,Education,Junior Middle,Protestant,,M,,,,,,,,,,HB_1936_180
HBCS_156,Institution,Haigh College,,,Hwa Ying,華英（男校）（佛山）,,,,,Education,Senior Middle; Junior Middle; Higher Primary,Protestant,,M,,,,,,,,,,HB_1936_180-252
HBCS_157,Institution,Hwa Ying (Boys' School),,,,華英（男校）（榮縣）,,,,,Education,Junior Middle,Protestant,,M,,,,,,,,,,HB_1936_180
HBCS_158,Institution,Hwa Ying Girls' School,,,,華英（女校）（榮縣）,,,,,Education,Junior Middle; Higher Primary,Protestant,,F,,,,,,,,,,HB_1936_180-261
HBCS_159,Institution,Hwa Nan Middle School,,,,華南,,,,,Education,Senior Middle,Protestant,,F,,,,,,,,,,HB_1936_180-254
HBCS_160,Institution,Hwai Hsi,,,,淮西女中,,,,,Education,Senior Middle; Junior Middle,Protestant,,F,,,,,,,,,,HB_1936_180
HBCS_161,Institution,Hwai Jen Middle School,,,,懷仁,,,,,Education,Senior Middle; Junior Middle; Higher Primary; Lower Primary,Protestant,,F,,,,,,,,,,HB_1936_180-244
HBCS_162,Institution,Hwai Teh Middle School,,,,懷德,,,,,Education,Senior Middle,Protestant,,F,,,,,,,,,,HB_1936_180-244
HBCS_163,Institution,Hwaiyuan Christian Middle School,,,Hwaiyuen Christian Middle School; Merle Smith Boys' School,淮西男中,,,,,Education,Senior Middle; Junior Middle,Protestant,,M,,,,,,,,,,HB_1936_180-259
HBCS_164,Institution,Hwan Wen School,,,,煥文,,,,,Education,,Protestant,,M,,,,,,,,,,HB_1936_180-248
HBCS_165,Institution,Hwei Wen Middle School,,,,滙文（昌黎）,,,,,Education,Senior Middle; Junior Middle; Higher Primary; Lower Primary,Protestant,,X,,,,,,,,,,HB_1936_180-247
HBCS_166,Institution,Hwei Wen Boys' School (Luanzhou),,,,滙文（灤縣）,,,,,Education,,Protestant,,M,,,,,,,,,,HB_1936_180
HBCS_167,Institution,Hwei Wen Boys' School (Tianjin),,,,滙文（天津）,,,,,Education,Senior Middle; Junior Middle,Protestant,,M,,,,,,,,,,HB_1936_180-293
HBCS_168,Institution,Hwei Wen Boys' School (Zunhua),,,,滙文（遵化）,,,,,Education,,Protestant,,M,,,,,,,,,,HB_1936_180-296
HBCS_169,Institution,Lin I Christian Academy,,,Ichow,臨沂,,,,,Education,Senior Middle; Junior Middle,Protestant,,X,,,,,,,,,,HB_1936_180-260; CCEA_1936_14
HBCS_170,Institution,I Shun Middle School,,,I Hsun Middle School,懿訓,,,,,Education,Senior Middle; Junior Middle; Lower Primary,Protestant,,F,,,,,,,,,,HB_1936_180-256
HBCS_171,Institution,Iona Girls' School,,,,哀歐拏,,,,,Education,Junior Middle; Higher Primary; Lower Primary,Protestant,,F,,,,,,,,,,HB_1936_180-260
HBCS_172,Institution,Jefferson Academy,,,,潞河,,,,,Education,Senior Middle; Junior Middle; Lower Primary,Protestant,,M,,,,,,,,,,HB_1936_180-297
HBCS_173,Institution,Jennie Hewes Caldwell School,,,,進德,,,,,Education,Senior Middle; Junior Middle,Protestant,,F,,,,,,,,,,HB_1936_180-297
HBCS_174,Institution,Johnson Boys' School,,,,融美,,,,,Education,Junior Middle; Higher Primary,Protestant,,M,,,,,,,,,,HB_1936_180-271
HBCS_175,Institution,Jui Hwa School,,,Shui Hwa,瑞華,,,,,Education,Junior Middle,Protestant,,X,,,,,,,,,,HB_1936_180-262
HBCS_176,Institution,Kak Kuang Middle School,,,Kakuang Middle School,礐光,,,,,Education,Senior Middle; Junior Middle,Protestant,,X,,,,,,,,,,HB_1936_180-289
HBCS_177,Institution,Kashing High School,,,,秀州,,,,,Education,Senior Middle; Junior Middle,Protestant,,M,,,,,,,,,,HB_1936_180-263
HBCS_178,Institution,Keen School,,,,中西,,,,,Education,Senior Middle; Junior Middle,Protestant,,F,,,,,,,,,,HB_1936_180
HBCS_179,Institution,Kenarden Girls' Junior High School,,,,育才,,,,,Education,Junior Middle; Higher Primary,Protestant,,F,,,,,,,,,,HB_1936_180-296
HBCS_180,Institution,King Memorial School,,,,承天,,,,,Education,Junior Middle,Protestant,,M,,,,,,,,,,HB_1936_180-284
HBCS_181,Institution,Kwang I,,,,廣益,,,,,Education,,Protestant,,M,,,,,,,,,,HB_1936_180
HBCS_182,Institution,Kwang Deh Boys' School,,,Kwang Teh Boys' School,廣德,,,,,Education,Junior Middle; Higher Primary,Protestant,,M,,,,,,,,,,HB_1936_180
HBCS_183,Institution,Kwang Wen Middle School,,,Point Breeze Academy; Wen Wei Girls' Middle School; Pei Gi Primary School,廣文,,,,,Education,Senior Middle; Junior Middle; Higher Primary; Lower Primary,Protestant,,X,,,,,,,,,"Kwang Wen seems to be a merger or term encompassing multiple smaller schools--pdf says ""Kwang Wen Middle School (incl. Point Breeze, Wen Wei, Pei Gi)"" basically",HB_1936_180-298
HBCS_184,Institution,Kwong Yit Girls' School,,,Kwang Yih Girls' School,廣益,,,,,Education,Senior Middle; Junior Middle,Protestant,,F,,,,,,,,,"""Kayang"" seems to be an incredibly rare romanization of Kaying, today Meizhou. The alternate spelling of Kwong Yit showing up under Meizhou on p. 262 confirms this",HB_1936_180-262
HBCS_185,Institution,Kwang Yih,,,Kwang Yih Boys' School,廣益,,,,,Education,Senior Middle,Protestant,,X,,,,,,,,,"It says ""Boys' School"" but on page 180 it has ""C"" for coed. That seems to be correct and they just left ""Boys' School"" in the name for no reason but I could be wrong.",HB_1936_118-180
HBCS_186,Institution,King's Heralds Junior High and Primary School,,,Lang Hwa Middle School; Lang Hwa,嵐華,,,,,Education,Junior Middle; Higher Primary; Lower Primary,Protestant,,X,,,,,,,,,,HB_1936_180-255
HBCS_187,Institution,Lena Dahl Middle School,,,Lena Dall Middle School,義光,,,,,Education,Senior Middle; Junior Middle; Higher Primary; Lower Primary,Protestant,,X,,,,,,,,,,HB_1936_180-287
HBCS_188,Institution,Lin Kwang Girls' Boarding School,,,Ling Gwang,靈光,,,,,Education,Junior Middle; Higher Primary; Lower Primary,Protestant,,F,,,,,,,,,,HB_1936_180-301
HBCS_189,Institution,Lingnan University,,,,嶺南附中,,,,,Education,Senior Middle; Junior Middle,Protestant,,M,,,,,,,,,,HB_1936_180
HBCS_190,Institution,Lo Yu Middle School,,,Loh Yu Middle School,樂育（古竹）,,,,,Education,Junior Middle,Protestant,,X,,,,,,,,,,HB_1936_180-265
HBCS_191,Institution,Loh Yu (Meizhou),,,,樂育（梅縣）,,,,,Education,Senior Middle; Junior Middle; Higher Primary,Protestant,,X,,,,,,,,,,HB_1936_180
HBCS_192,Institution,Loh Yu,,,Loh Yu Boys' School,樂育（五華）,,,,,Education,Junior Middle; Higher Primary; Lower Primary,Protestant,,X,,,,,,,,,"Same as Kwang Yih Boys' School--says ""Boys'"" but is actually coed",HB_1936_181-273
HBCS_193,Institution,Lowrie Institute,,,,清心,,,,,Education,Senior Middle; Junior Middle; Higher Primary,Protestant,,M,,,,,,,,,,HB_1936_181-283
HBCS_194,Institution,Lutheran Middle School (Xuchang),,,,育德（許昌）,,,,,Education,Junior Middle; Lower Primary,Protestant,,M,,,,,,,,,,HB_1936_181-258
HBCS_195,Institution,Lutheran Middle School (Jimo),,,,信義（卽墨）,,,,,Education,Junior Middle,Protestant,,X,,,,,,,,,,HB_1936_181-294
HBCS_196,Institution,Mahan School,,,,美漢,,,,,Education,Junior Middle; Higher Primary,Protestant,,M,,,,,,,,,,HB_1936_181-300
HBCS_197,Institution,Mary Vaughan High School,,,,馮氏,,,,,Education,Junior Middle; Higher Primary; Lower Primary,Protestant,,F,,,,,,,,,,HB_1936_181-255
HBCS_198,Institution,Mateer Memorial Institute,,,,弘道院,,,,,Education,Senior Middle; Junior Middle; Lower Primary,Protestant,,X,,,,,,,,,,HB_1936_181-293
HBCS_199,Institution,McTyeire School,,,,中西,,,,,Education,Senior Middle; Junior Middle; Higher Primary; Lower Primary,Protestant,,F,,,,,,,,,,HB_1936_181-293
HBCS_200,Institution,Medhurst College,,,,麥倫,,,,,Education,Senior Middle; Junior Middle,Protestant,,M,,,,,,,,,,HB_1936_181-280
HBCS_201,Institution,Medhurst Girls' Primary School,,,,,,,,,Education,,Protestant,,F,,,,,,,,,,
HBCS_202,Institution,Mei Wah Middle School,,,Mei Hwa,美華,,,,,Education,Junior Middle; Higher Primary; Lower Primary,Protestant,,X,,,,,,,,,,HB_1936_181-244
HBCS_203,Institution,Chengtu Senior and Junior School,,,Methodist,華美,,,,,Education,Senior Middle; Junior Middle,Protestant,,F,,,,,,,,,,HB_1936_181-250
HBCS_204,Institution,Methodist Girls' High School,,,Hwei Wen Girls' High School,滙文,,,,,Education,Senior Middle; Junior Middle,Protestant,,F,,,,,,,,,,HB_1936_181-272
HBCS_205,Institution,Methodist College,,,Tangshan Methodist College,豐濼,,,,,Education,Senior Middle; Higher Primary,Protestant,,M,,,,,,,,,,HB_1936_181-291
HBCS_206,Institution,Methodist Industrial,,,,,,,,,Education,,Protestant,,M,,,,,,,,,,HB_1936_181
HBCS_207,Institution,Miller Seminary,,,,美理,,,,,Education,Junior Middle; Higher Primary; Lower Primary,Protestant,,F,,,,,,,,,,HB_1936_181
HBCS_208,Institution,Ming Deh Girls' School,,,,明德,,,,,Education,Junior Middle; Higher Primary; Lower Primary,Protestant,,F,,,,,,,,,,HB_1936_181-272
HBCS_209,Institution,Ming I Middle School,,,,銘義,,,,,Education,Senior Middle; Junior Middle; Higher Primary,Protestant,,X,,,,,,,,,,HB_1936_181-253
HBCS_210,Institution,Ming I Boys' School,,,,明義,,,,,Education,Junior Middle,Protestant,,M,,,,,,,,,"There is a question mark next to the ""MEFB"" on p. 181 haha",HB_1936_181-254
HBCS_211,Institution,Ming Jang Academy,,,,民強,,,,,Education,Senior Middle; Junior Middle; Higher Primary; Lower Primary,Protestant,,M,,,,,,,,,,HB_1936_181-282
HBCS_212,Institution,Ming Teh School (Tongren),,,,明德（銅仁）,,,,,Education,Junior Middle,Protestant,,X,,,,,,,,,,HB_1936_181-297
HBCS_213,Institution,Ming Teh (Yibin),,,,明德（宜賓）,,,,,Education,Junior Middle,Protestant,,M,,,,,,,,,,HB_1936_181
HBCS_214,Institution,Monroe Academy,,,,,,,,,Education,,Protestant,,M,,,,,,,,,,HB_1936_181
HBCS_215,Institution,Moohang Boys' School,,,Mofan,模範,,,,,Education,Junior Middle; Higher Primary; Lower Primary,Protestant,,M,,,,,,,,,,HB_1936_181-296
HBCS_216,Institution,Mothercraft Memorial School,,,Ming Teh,民德（湖州）,,,,,Education,Junior Middle; Higher Primary; Lower Primary,Protestant,,F,,,,,,,,,,HB_1936_181-259
HBCS_217,Institution,Nanchang Academy,,,,豫章,,,,,Education,Senior Middle; Junior Middle; Higher Primary; Lower Primary,Protestant,,M,,,,,,,,,,HB_1936_181
HBCS_218,Institution,University of Nanking,,,,金中,,,,,Education,Senior Middle; Junior Middle,Protestant,,M,,,,,,,,,,HB_1936_181
HBCS_219,Institution,Chetung Academy,,,Ningpo Methodist College,浙東,,,,,Education,Senior Middle; Junior Middle,Protestant,,M,,,,,,,,,,HB_1936_181-274
HBCS_220,Institution,North China Junior Training School,,,,,,,,,Education,,Protestant,,,,,,,,,,,,HB_1936_181-295
HBCS_221,Institution,Oberlin-Shansi Memorial Schools,,,,銘賢,,,,,Education,Senior Middle; Junior Middle; Higher Primary; Lower Primary,Protestant,,X,,,,,,,,,,HB_1936_181-290
HBCS_222,Institution,Pei Chen Girls' School,,,,培真,,,,,Education,,Protestant,,F,,,,,,,,,,HB_1936_181-269
HBCS_223,Institution,Olivet Memorial Girls' School,,,,崇實,,,,,Education,Senior Middle; Junior Middle,Protestant,,F,,,,,,,,,,HB_1936_181-250
HBCS_224,Institution,Pei Cheng School,,,,培正,,,,,Education,Junior Middle,Protestant,,X,,,,,,,,,,HB_1936_181-288
HBCS_225,Institution,Pei Chin School,,,,培真,,,,,Education,Junior Middle; Higher Primary; Lower Primary,Protestant,,X,,,,,,,,,,HB_1936_181-248
HBCS_226,Institution,Pei Ching School,,,,培青,,,,,Education,Junior Middle; Higher Primary,Protestant,,X,,,,,,,,,,HB_1936_181-252
HBCS_227,Institution,Pei Chun Middle School,,,,培正（廣州）,,,,,Education,Senior Middle; Junior Middle; Higher Primary; Lower Primary,Protestant,,M,,,,,,,,,,HB_1936_181-215
HBCS_228,Institution,Pei Chun School,,,,培正（梧州）,,,,,Education,Junior Middle,Protestant,,X,,,,,,,,,,HB_1936_181-299
HBCS_229,Institution,Pei Dao,,,,培道,,,,,Education,Senior Middle; Junior Middle,Protestant,,F,,,,,,,,,,HB_1936_182
HBCS_230,Institution,Pei Deh (Boys' School),,,,培德（男校）,,,,,Education,Junior Middle; Lower Primary,Protestant,,M,,,,,,,,,,HB_1936_182
HBCS_231,Institution,Pei Deh (Girls' School),,,,培德（女校）,,,,,Education,Junior Middle; Higher Primary,Protestant,,F,,,,,,,,,,HB_1936_182
HBCS_232,Institution,Pei Han Girls' School,,,,培漢,,,,,Education,Junior Middle; Higher Primary; Lower Primary,Protestant,,F,,,,,,,,,"The Handbook says the school in Kiennow is called ""Pei Ying,"" but this is certainly a typo because Pei Ying also appears at its proper location, Chuanchow, whereas the CCEA confirms the school in Kiennow is called Pei Han.",HB_1936_182-263; CCEA_1936_9
HBCS_233,Institution,Pei Hua School,,,Pei Hwa School,培華,,,,,Education,,Protestant,,F,,,,,,,,,,HB_1936_182-276
HBCS_234,Institution,Pui Ying Middle School,,,Pei Ying,培英（男校）（廣州）,,,,,Education,Senior Middle; Junior Middle,Protestant,,M,,,,,,,,,,HB_1936_182-245
HBCS_235,Institution,Peiying Girls' School,,,Pei Ying Girls' School,培英（女校）（泉州）,,,,,Education,Senior Middle; Junior Middle,Protestant,,F,,,,,,,,,,HB_1936_182-251
HBCS_236,Institution,Pei Ying Branch School,,,,培英（混校）（台山）,,,,,Education,Senior Middle; Junior Middle,Protestant,,M,,,,,,,,,,HB_1936_182-294
HBCS_237,Institution,Westminster College,,,Pei Yuan,培元,,,,,Education,Senior Middle; Junior Middle; Higher Primary; Lower Primary,Protestant,,M,,,,,,,,,,HB_1936_182-251
HBCS_238,Institution,Peking Academy,,,,滙文,,,,,Education,Senior Middle; Junior Middle,Protestant,,M,,,,,,,,,,HB_1936_182
HBCS_239,Institution,Albert J. Pitkin Memorial School,,,,匹瑾,,,,,Education,Junior Middle,Protestant,,X,,,,,,,,,,HB_1936_182-264
HBCS_240,Institution,Porter-Wyckoff Middle School,,,,博文,,,,,Education,Junior Middle,Protestant,,X,,,,,,,,,,HB_1936_182-292
HBCS_241,Institution,Riverside Academy,,,,甬江,,,,,Education,Senior Middle; Junior Middle,Protestant,,F,,,,,,,,,,HB_1936_182-274
HBCS_242,Institution,Rock School,,,,磐石,,,,,Education,Junior Middle,Protestant,,M,,,,,,,,,,HB_1936_182-297
HBCS_243,Institution,Rulison Fish Girls' High School,,,,儒勵,,,,,Education,Senior Middle; Junior Middle; Higher Primary; Lower Primary,Protestant,,F,,,,,,,,,,HB_1936_182-264
HBCS_244,Institution,St. Andrew's Boys' School,,,,華英,,,,,Education,Junior Middle,Protestant,,M,,,,,,,,,,HB_1936_182-260
HBCS_245,Institution,St. Catherine's (Hong Kong),,,,,,,,,Education,Junior Middle,Protestant,,F,,,,,,,,,,HB_1936_182
HBCS_246,Institution,St. Catherine Girls' School (Ningbo),,,,仁德（寧波）,,,,,Education,,Protestant,,F,,,,,,,,,,HB_1936_182
HBCS_247,Institution,St. Faith's School,,,,篤志,,,,,Education,Senior Middle; Junior Middle; Higher Primary; Lower Primary,Protestant,,F,,,,,,,,,,HB_1936_182-276
HBCS_248,Institution,St. Hilda's School,,,,聖希理達,,,,,Education,Senior Middle; Junior Middle; Higher Primary,Protestant,,F,,,,,,,,,,HB_1936_182-298
HBCS_249,Institution,St. James',,,,,,,,,Education,,Protestant,,X,,,,,,,,,"alternate name may be St. Lioba's School but can't confirm. ""St. Lioba's School"" is nowhere on the list on p.182, but the ACM's only school in Wuhu according to p. 299 is St. Lioba's, so Lioba and James may be the same one.",HB_1936_182
HBCS_250,Institution,St. John's University,,,St. John's M.,約大附中,,,,,Education,Senior Middle,Protestant,,M,,,,,,,,,,HB_1936_182-278
HBCS_251,Institution,St. John's YMCA School,,,St. John's Y.,約翰清中,,,,,Education,Junior Middle; Higher Primary; Lower Primary,Protestant,,M,,,,,,,,,,HB_1936_182-279
HBCS_252,Institution,St. Lois' School,,,,聖羅以,,,,,Education,Junior Middle,Protestant,,F,,,,,,,,,,HB_1936_182-255
HBCS_253,Institution,St. Mary's Hall,,,,聖瑪利亞,,,,,Education,Senior Middle; Junior Middle; Higher Primary,Protestant,,F,,,,,,,,,,HB_1936_182-279
HBCS_254,Institution,St. Paul's College,,,St. Paul's Anglo-Chinese College,,,,,,Education,Junior Middle,Protestant,,M,,,,,,,,,"name on p. 258 is ""St. Paul's College""; short name on p. 182 is ""St. Paul's Anglo-Chinese""",HB_1936_182-258
HBCS_255,Institution,St. Stephen's Girls College,,,,,,,,,Education,Senior Middle; Junior Middle,Protestant,,F,,,,,,,,,,HB_1936_182
HBCS_256,Institution,Hongkong University,,,Morrison Hall Hostel,,,,,,Education,University,Protestant,,,,,,,,,,,,HB_1936_32
HBCS_257,Institution,Schell Cooper Boys' School,,,,超古,,,,,Education,Junior Middle,Protestant,,M,,,,,,,,,,HB_1936_182-266
HBCS_258,Institution,University of Shanghai,,,,滬江中,,,,,Education,Senior Middle; Junior Middle,Protestant,,X,,,,,,,,,,HB_1936_182
HBCS_259,Institution,Sing Ding,,,,尋珍,,,,,Education,Junior Middle; Higher Primary; Lower Primary,Protestant,,F,,,,,,,,,,HB_1936_182-253
HBCS_260,Institution,Sok Tek Girls' School,,,Sok Teh Girls' School,淑德,,,,,Education,Junior Middle; Higher Primary,Protestant,,F,,,,,,,,,,HB_1936_182-289
HBCS_261,Institution,Soochow Academy,,,,桃塢,,,,,Education,Senior Middle; Junior Middle; Higher Primary,Protestant,,M,,,,,,,,,,HB_1936_182
HBCS_262,Institution,Soochow University - Huchow,,,,東吳吳興附中（湖州）,,,,,Education,Senior Middle; Junior Middle,Protestant,,M,,,,,,,,,,HB_1936_182
HBCS_263,Institution,Soochow University,,,,東吳附中（蘇州）,,,,,Education,Senior Middle; Junior Middle; Higher Primary,Protestant,,M,,,,,,,,,,HB_1936_182
HBCS_264,Institution,James Sprunt Academy,,,,勵實,,,,,Education,Senior Middle; Junior Middle; Higher Primary,Protestant,,M,,,,,,,,,,HB_1936_182-262
HBCS_265,Institution,Luola Sprunt School,,,Lulu Sprunt School,輔實,,,,,Education,Senior Middle; Junior Middle; Higher Primary; Lower Primary,Protestant,,M,,,,,,,,,,HB_1936_182-262
HBCS_266,Institution,Stanley Memorial School,,,,究真,,,,,Education,Junior Middle,Protestant,,F,,,,,,,,,,HB_1936_182-293
HBCS_267,Institution,Stevens Memorial Girls' School,,,,涪江,,,,,Education,Senior Middle; Junior Middle; Higher Primary; Lower Primary,Protestant,,F,,,,,,,,,,HB_1936_182-288
HBCS_268,Institution,Stewart,,,,史犖伯,,,,,Education,Junior Middle; Higher Primary; Lower Primary,Protestant,,M,,,,,,,,,,HB_1936_182
HBCS_269,Institution,Marguerite Stewart Junior High School,,,,毓貞,,,,,Education,Junior Middle,Protestant,,F,,,,,,,,,,HB_1936_183-254
HBCS_270,Institution,Chungking Boarding School,,,Su Deh,淑德,,,,,Education,Junior Middle,Protestant,,F,,,,,,,,,Chungking Boarding School name comes from EDC 1920.,HB_1936_183; EDC_1920_97
HBCS_271,Institution,Sung Tak Girls' School,,,Sung Teh Girls' School; Cantonese Baptist,崇德,,,,,Education,Senior Middle; Junior Middle; Higher Primary; Lower Primary,Protestant,,F,,,,,,,,,,HB_1936_183-282
HBCS_272,Institution,Talmage College,,,,尋源,,,,,Education,Senior Middle; Junior Middle,Protestant,,M,,,,,,,,,,HB_1936_183
HBCS_273,Institution,Tao Te Girls' School,,,,陶德,,,,,Education,,Protestant,,F,,,,,,,,,,HB_1936_183-286
HBCS_274,Institution,Tet Fah Girls' School,,,,德華,,,,,Education,,Protestant,,F,,,,,,,,,"No affiliation on p.183, but it's under the Mehtodist Missionary Society on p. 285",HB_1936_183-285
HBCS_275,Institution,Tien Ju Boys' School,,,,天儒,,,,,Education,Junior Middle,Protestant,,M,,,,,,,,,,HB_1936_183-270
HBCS_276,Institution,Trinity College (Fuzhou),,,,三一（福州）,,,,,Education,Senior Middle; Junior Middle; Higher Primary; Lower Primary,Protestant,,M,,,,,,,,,,HB_1936_183-253
HBCS_277,Institution,Trinity College (Ningbo),,,,三一（寧波）,,,,,Education,Junior Middle,Protestant,,X,,,,,,,,,,HB_1936_183-273
HBCS_278,Institution,True Light Middle School,,,,真光（廣州）,,,,,Education,Senior Middle; Junior Middle,Protestant,,F,,,,,,,,,,HB_1936_183-245
HBCS_279,Institution,True Light School,,,,真光（煙台）,,,,,Education,Senior Middle; Junior Middle,Protestant,,F,,,,,,,,,,HB_1936_183-248
HBCS_280,Institution,True Light Girls' School,,,,真光（濟南）,,,,,Education,Junior Middle,Protestant,,F,,,,,,,,,,HB_1936_183-294
HBCS_281,Institution,True Model,,,,正則,,,,,Education,Junior Middle,Protestant,,X,,,,,,,,,,HB_1936_183
HBCS_282,Institution,Truth Hall Academy,,,,崇實,,,,,Education,Senior Middle; Junior Middle,Protestant,,M,,,,,,,,,,HB_1936_183-276
HBCS_283,Institution,Tsin Yeh,,,,精益,,,,,Education,Junior Middle,Protestant,,M,,,,,,,,,,HB_1936_183
HBCS_284,Institution,Tsing Tuh Girls' School,,,,進德,,,,,Education,Senior Middle; Junior Middle,Protestant,,F,,,,,,,,,,HB_1936_183
HBCS_285,Institution,Tsoh Sing School,,,,作新,,,,,Education,Junior Middle,Protestant,,M,,,,,,,,,,HB_1936_183-263
HBCS_286,Institution,Tsui Ying School,,,,萃英,,,,,Education,Junior Middle,Protestant,,X,,,,,,,,,,HB_1936_183-290
HBCS_287,Institution,Tsun Teh Girls' School,,,Tsun Te Girls' School,尊德,,,,,Education,Junior Middle; Higher Primary; Lower Primary,Protestant,,F,,,,,,,,,,HB_1936_183-290
HBCS_288,Institution,Tsung Shih Seminary,,,Tsun Te,崇實,,,,,Education,Senior Middle; Junior Middle; Higher Primary; Lower Primary,Protestant,,X,,,,,,,,,,HB_1936_183-259
HBCS_289,Institution,Tung Jen Middle School (Yongtai),,,,同仁（永泰）,,,,,Education,Junior Middle; Higher Primary; Lower Primary,Protestant,,X,,,,,,,,,,HB_1936_183-260
HBCS_290,Institution,Tung Jen School (Baoding),,,,同仁（保定）,,,,,Education,Senior Middle; Junior Middle,Protestant,,X,,,,,,,,,,HB_1936_183-275
HBCS_291,Institution,Union Kindergarten Training School,,,U.K.T.S.,協幼,,,,,Education,Senior Middle,Protestant,,F,,,,,,,,,,HB_1936_183-253
HBCS_292,Institution,Girls' Junior High and Primary School,,,Uk Cing Shu Chen,毓真,,,,,Education,Junior Middle; Higher Primary; Lower Primary,Protestant,,F,,,,,,,,,,HB_1936_183-271
HBCS_293,Institution,Union Normal School for Women (Guangzhou),,,,协和（广州）,,,,,Education,Senior Middle; Junior Middle; Higher Primary; Lower Primary,Protestant,,F,,,,,,,,,,HB_1936_183-246
HBCS_294,Institution,Union Normal School for Young Women (Chengdu),,,,协和（成都）,,,,,Education,Junior Middle; Higher Primary; Lower Primary,Protestant,,F,,,,,,,,,"Afiliation is listed as ""UNION"" (i.e. multiple groups) on p. 183 but on p.249 it says the schol is only affiliated with the Seventh-Day Adventists?",HB_1936_183-249
HBCS_295,Institution,Useful Knowledge School,,,,益智,,,,,Education,Junior Middle,Protestant,,M,,,,,,,,,,HB_1936_183-256
HBCS_296,Institution,Vincent Miller Academy,,,,萃英,,,,,Education,Senior Middle; Junior Middle; Higher Primary; Lower Primary,Protestant,,M,,,,,,,,,,HB_1936_183
HBCS_297,Institution,Virginia School for Girls,,,,湖郡,,,,,Education,Senior Middle; Junior Middle; Higher Primary; Lower Primary,Protestant,,F,,,,,,,,,,HB_1936_183-259
HBCS_298,Institution,Wan Nan Boys' School,,,,皖南,,,,,Education,Junior Middle,Protestant,,M,,,,,,,,,,HB_1936_183-273
HBCS_299,Institution,Wayland Academy,,,,蕙蘭,,,,,Education,Senior Middle; Junior Middle; Higher Primary; Lower Primary,Protestant,,M,,,,,,,,,,HB_1936_183-255
HBCS_300,Institution,Whitsell J. Means Girls' School,,,Wei Ling Girls' School,慧靈,,,,,Education,Senior Middle; Junior Middle; Higher Primary; Lower Primary,Protestant,,X,,,,,,,,,,HB_1936_183-287
HBCS_301,Institution,Wen Hwei Middle School,,,,文會,,,,,Education,Junior Middle,Protestant,,X,,,,,,,,,,HB_1936_183-292
HBCS_302,Institution,Wenshan Girls' School,,,Wen Shan Girls' School,文山,,,,,Education,Senior Middle; Junior Middle; Higher Primary; Lower Primary,Protestant,,F,,,,,,,,,,HB_1936_183-253
HBCS_303,Institution,Wen Teh Girls' Middle School (Qingdao),,,Wen Te Girls' Middle School,文德（青島）,,,,,Education,Senior Middle; Junior Middle,Protestant,,F,,,,,,,,,,HB_1936_184-295
HBCS_304,Institution,Wen Teh Girls' School (Chongqing),,,,文德（重慶）,,,,,Education,Junior Middle; Higher Primary,Protestant,,F,,,,,,,,,,HB_1936_184-251
HBCS_305,Institution,Wesley Middle School,,,,博文,,,,,Education,Senior Middle; Junior Middle,Protestant,,M,,,,,,,,,,HB_1936_184-299
HBCS_306,Institution,West China Junior Training School,,,,,,,,,Education,Junior Middle,Protestant,,M,,,,,,,,,,HB_1936_184
HBCS_307,Institution,William Nast Academy,,,,同文,,,,,Education,Senior Middle; Junior Middle; Higher Primary; Lower Primary,Protestant,,M,,,,,,,,,,HB_1936_184-264
HBCS_308,Institution,Williams' School,,,,衛靈,,,,,Education,Junior Middle; Higher Primary; Lower Primary,Protestant,,F,,,,,,,,,"It says ""William's School"" on p. 248, but because it says ""Williams"" on 184 and also everywhere in the CCEA, I'm inclined to believe that it's named after someone with the last name Williams, not William, and that p. 248 just misplaced the apostrophe as a typo.",HB_1936_184-248; CCEA_1936_66
HBCS_309,Institution,Susan B. Wilson School,,,,松江,,,,,Education,Junior Middle; Higher Primary; Lower Primary,Protestant,,F,,,,,,,,,,HB_1936_184-289
HBCS_310,Institution,Wuhu Academy,,,,萃文,,,,,Education,Senior Middle; Junior Middle,Protestant,,X,,,,,,,,,"(Sometime before 1936 also ran by AAM, and UCMS was known as FCMS) EDC_1920_137",HB_1936_184-299
HBCS_311,Institution,Yangtzepoo School and Social Centre,,,,滬東,,,,,Education,Junior Middle; Higher Primary; Lower Primary,Protestant,,X,,,,,,,,,,HB_1936_184-288
HBCS_312,Institution,Yao Chun School (Nanjing),,,,育羣（南京）,,,,,Education,Junior Middle; Higher Primary; Lower Primary,Protestant,,X,,,,,,,,,,HB_1936_184-272
HBCS_313,Institution,Yao Chun School (Suzhou),,,,樂群（蘇州）,,,,,Education,Junior Middle; Higher Primary; Lower Primary,Protestant,,M,,,,,,,,,,HB_1936_184-287
HBCS_314,Institution,Yates Academy,,,,晏成,,,,,Education,Senior Middle; Junior Middle; Higher Primary; Lower Primary,Protestant,,M,,,,,,,,,,HB_1936_184-288
HBCS_315,Institution,Yenching University Middle School,,,,燕大附中,,,,,Education,Junior Middle; Higher Primary; Lower Primary,Protestant,,X,,,,,,,,,,HB_1936_184
HBCS_316,Institution,Yeo Hsien School,,,,育賢,,,,,Education,Junior Middle; Higher Primary,Protestant,,F,,,,,,,,,,HB_1936_184-255
HBCS_317,Institution,Yih Wen Commercial College and Middle School,,,,益文,,,,,Education,Senior Middle; Junior Middle,Protestant,,X,,,,,,,,,,HB_1936_184-248
HBCS_318,Institution,YMCA Middle School (Guangzhou),,,,青年會中學（廣州）,,,,,Education,Senior Middle; Junior Middle,Protestant,,M,,,,,,,,,,HB_1936_184-246
HBCS_319,Institution,YMCA Commercial School (Guangzhou),,,,,,,,,Education,Junior Middle,Protestant,,M,,,,,,,,,,HB_1936_184-246
HBCS_320,Institution,YMCA School (Yantai),,,,育才（煙台）,,,,,Education,Junior Middle; Higher Primary,Protestant,,M,,,,,,,,,,HB_1936_184-249
HBCS_321,Institution,YMCA Middle School (Hankou),,,,漢光（漢口）,,,,,Education,Junior Middle,Protestant,,M,,,,,,,,,,HB_1936_184-256
HBCS_322,Institution,YMCA School (Nanjing),,,,青年會（南京）,,,,,Education,Senior Middle; Junior Middle,Protestant,,M,,,,,,,,,,HB_1936_184-272
HBCS_323,Institution,YMCA School (Beijing),,,,三基（北京）,,,,,Education,Junior Middle; Higher Primary; Lower Primary,Protestant,,X,,,,,,,,,,HB_1936_184-276
HBCS_324,Institution,YMCA West School,,,,,,,,,Education,,Protestant,,X,,,,,,,,,,HB_1936_184-276
HBCS_325,Institution,YMCA Commercial School (Beijing),,,,財政（北京）,,,,,Education,,Protestant,,X,,,,,,,,,,HB_1936_184-276
HBCS_326,Institution,YMCA Middle School (Shanghai),,,,青年會中學（上海）,,,,,Education,Senior Middle; Junior Middle,Protestant,,M,,,,,,,,,,HB_1936_184-283
HBCS_327,Institution,YMCA Commercial School (Fuzhou),,,,青年會（福州）,,,,,Education,Senior Middle; Junior Middle; Higher Primary,Protestant,,M,,,,,,,,,,HB_1936_184
HBCS_328,Institution,Yu Chung Girls' School,,,Chung Hsueh,豫中,,,,,Education,Senior Middle; Junior Middle; Higher Primary; Lower Primary,Protestant,,F,,,,,,,,,The CCEA says this is coed but both parts of the Handbook say it is a girls' school,HB_1936_184-261
HBCS_329,Institution,Lut Huai School,,,Yu Hwai School,聿懷,,,,,Education,Senior Middle; Junior Middle,Protestant,,X,,,,,,,,,,HB_1936_184-289; CCEA_1936_14
HBCS_330,Institution,Yu Ying School (Beijing),,,Yu Ing School,育英,,,,,Education,Senior Middle; Junior Middle; Higher Primary; Lower Primary,Protestant,,M,,,,,,,,,,HB_1936_184-275
HBCS_331,Institution,Yu Teh School,,,,育德,,,,,Education,Junior Middle; Higher Primary; Lower Primary,Protestant,,X,,,,,,,,,,HB_1936_184
HBCS_332,Institution,Yu Ying School (Taian),,,,育英（泰安）,,,,,Education,Junior Middle,Protestant,,X,,,,,,,,,,HB_1936_184-290
HBCS_333,Institution,Yang Yuan Middle School,,,Yuan Yuan Middle School,養元,,,,,Education,Junior Middle,Protestant,,M,,,,,,,,,,HB_1936_184-244
HBCS_334,Institution,Yui Dzae Boys' School,,,Yuih Dzae Boys' School,越材,,,,,Education,Junior Middle,Protestant,,M,,,,,,,,,,HB_1936_184-283
HBCS_335,Institution,Ziemer Girls' School,,,,貞信,,,,,Education,Junior Middle; Higher Primary; Lower Primary,Protestant,,F,,,,,,,,,,HB_1936_184-301
HBCS_338,Institution,Training Home (Yangzhou),,,Ladies' Training Home,,,,,,Education,Theological School (Uncategorized),Protestant,,F,,,,,,,,,,CM_1888_45; CM_1894_161
HBCS_339,Institution,Training School (Wenzhou),,,,,,,,,Education,Theological School (Uncategorized),Protestant,,M,,,,,,,,,"""The object of the school is to give lads already converted a little education, and such Bible teaching as shall by God’s blessing fit them to be preachers in their own districts.""",CM_1891_131
HBCS_340,Institution,Bible School (Shaoxing),,,,,,,,,Education,Theological School (Uncategorized),Protestant,,M,,,,,,,,,"""Mrs. Stott has six Christian lads living on the premises, 'to whom she purposes giving two years' training and Bible study, with a view of their becoming unpaid teachers in their own districts""",CM_1891_128
HBCS_341,Institution,Training Home (Lianxi),,,,,,,,,Education,Theological School (Uncategorized),Protestant,,F,,,,,,,,,"""Was used as a training home for the Swedish sisters in the early months of the year""",CM_1893_164
HBCS_342,Institution,Training Home (Jiexiu),,,,,,,,,Education,Theological School (Uncategorized),Protestant,,F,,,,,,,,,"""This city, which was one of the out-stations from P'ing-yao, has been used as
a training home for Scandinavian workers.""",CM_1893_138
HBCS_344,Institution,Training Home (Baotou),,,,,,,,,Education,,Protestant,,,,,,,,,,,,CM_1902_32
HBCS_345,Institution,Training School (Tianjin),,,,,,,,,Education,Theological School (Uncategorized),Protestant,,,,,,,,,,,"""training schools for preachers--those...of the M.N.C. at Tientsin""",CM_1902_46
HBCS_348,Institution,Bible School (Ninghai),,,,,,,,,Education,Theological School (Uncategorized),Protestant,,X,,,,,,,,,"Says there is a ""Bible school"" at Ning-hai",CM_1903_110
HBCS_350,Institution,Wun-chau Women's Bible School,,,,,,,,,Education,Theological School (Uncategorized),Protestant,,F,,,,,,,,,,CM_1904_100
HBCS_353,Institution,Bible School (Huozhou),,,Miss Cable's School; Normal Training School,,,,,,Education,Theological School (Uncategorized),Protestant,,F,,,,,,,,,"The school serves several age groups, but many of its students are indeed being trained to be ""Bible-women,"" teachers, evangelists, etc.",CM_1908_94; CM_1912_111; CM_1917_129
HBCS_355,Institution,Swedish Mission Bible Training School,,,,,,,,,Education,Theological School (Uncategorized),Protestant,,M,,,,,,,,,,CM_1910_7
HBCS_356,Institution,Bible Training Institute,,,,,,,,,Education,Theological School (Uncategorized),Protestant,,,,,,,,,,,Not the same as the Training Home,CM_1912_38
HBCS_357,Institution,Preparatory School,,,,,,,,,Education,Theological School (Uncategorized),Protestant,,,,,,,,,,,,CM_1912_38
HBCS_358,Institution,Bible School (Anshun),,,,,,,,,Education,Theological School (Uncategorized),Protestant,,,,,,,,,,,"""A young believer named Ho, who was two years in our Anshunfu school, returned to his home after our Bible school was scattered.""",CM_1915_79
HBCS_359,Institution,CIM Honan Provincial School,,,,,,,,,Education,Theological School (Uncategorized),Protestant,,,,,,,,,,,,CM_1917_129
HBCS_360,Institution,Bible School (Luquan),,,,,,,,,Education,Theological School (Uncategorized); Higher Primary,Protestant,,,,,,,,,,,"""I might say that at Solowu we have a small Mission house, school, Bible school, and large chapel,""",CM_1920_58; CM_1928_6
HBCS_361,Institution,Training Home (Zhenjiang),,,,,,,,,Education,Theological School (Uncategorized),Protestant,,,,,,,,,,,"""Training Home"" refers to places where CIM missionaries from England are trained in China before they go out to other stations. It seems that the Anqing home has been replaced by one in Zhenjiang.",CM_1921_83
HBCS_363,Institution,Men's Training Home (Shanghai),,,,,,,,,Education,Theological School (Uncategorized),Protestant,,M,,,,,,,,,,CM_1928_28
HBCS_369,Institution,School for the Blind (Jianning),,,,,,,,,Education,School for the Blind,Protestant,,F,,,,,,,,,,HB_1936_228
HBCS_374,Institution,School for the Blind (Xiangtan),,,,,,,,,Education,School for the Blind,Protestant,,,,,,,,,,,,HB_1936_228
HBCS_378,Institution,School for Blind Girls,,,,,,,,,Education,School for the Blind,Protestant,,F,,,,,,,,,,HB_1936_228
HBCS_379,Institution,School for the Blind (Guiping),,,,,,,,,Education,School for the Blind,Protestant,,F,,,,,,,,,,HB_1936_228
HBCS_384,Institution,School for Blind Girls,,,,,,,,,Education,School for the Blind,Protestant,,F,,,,,,,,,,HB_1936_228
HBCS_390,Institution,School for the Blind and Deaf,,,,,,,,,Education,School for the Blind,Protestant,,,,,,,,,,,,HB_1936_228
HBCS_391,Institution,School for the Blind (Xining),,,,,,,,,Education,School for the Blind,Protestant,,,,,,,,,,,"auspices = ""Relief Center Tsinghai""",HB_1936_228
HBCS_393,Institution,School for the Blind,,,,,,,,,Education,School for the Blind,Protestant,,,,,,,,,,,,HB_1936_228
HBCS_395,Institution,Relief Association for the Blind,,,,,,,,,Education,Relief Association,Protestant,,,,,,,,,,,,HB_1936_228
HBCS_398,Institution,Braille Literature Association,,,,,,,,,Education,Relief Association,Protestant,,,,,,,,,,,,HB_1936_228
HBCS_400,Institution,Unnamed home/association for the blind,,,,,,,,,Education,,Protestant,,,,,,,,,,,"Literally a blank row except for the location given as Kowloon.We only know what it is because of the section it is in,",HB_1936_228
HBCS_412,Institution,School for the Deaf (Tianjin),,,,,,,,,Education,,Protestant,,,,,,,,,,,,HB_1936_229
HBCS_418,Institution,Blind Village,,,,,,,,,Education,Government Relief Association,Protestant,,,,,,,,,,,Gov't,HB_1936_229
HBCS_429,Institution,Mary S. Black Seminary,,,,,,,,,Education,,Protestant,,,,,,,,,,,,
HBLT_003,Institution,Boone Library,,,,,,,,,Education,Library,Protestant,,X,,,,,,,,,START DATE: 1910: # OF BOOKS IN 1936: 42331: ANNUAL BUDGET: 5500,HB_1936_219
HBLT_104,Institution,Linchow Church Lending and Circulating Library,,,,,,,,,Christian Institute,Library,Protestant,,,,,,,,,,,START DATE: 1927: # OF BOOKS IN 1936: 8024: ANNUAL BUDGET: 480,HB_1936_224
HBLT_103,Institution,National Christian Council Research Library,,,,,,,,,Christian Institute,Library,Protestant,,,,,,,,,,,START DATE: 1922: # OF BOOKS IN 1936: 19855: ANNUAL BUDGET: 1532,HB_1936_224
HBLT_010,Institution,St. John's Library (Low Library),,,,,,,,,Education,Library,Protestant,,X,,,,,,,,,START DATE: 1914: # OF BOOKS IN 1936: 110000: ANNUAL BUDGET: 4000,HB_1936_219
HBLT_065,Institution,Albright Library,,,,,,,,,Education,Library,Protestant,,M,,,,,,,,,START DATE: 1924: # OF BOOKS IN 1936: 1765: ANNUAL BUDGET: 120,HB_1936_221
HBLT_017,Institution,Alderman School Library,,,,,,,,,Education,Library,Protestant,,F,,,,,,,,,# OF BOOKS IN 1936: 1324: ADDITIONAL NOTE: No librarian,HB_1936_221
HBLT_061,Institution,Anglo-Chinese (Tianjin) Library,,,,,,,,,Education,Library,Protestant,,M,,,,,,,,,# OF BOOKS IN 1936: 4357,HB_1936_221
HBLT_056,Institution,Bridgeman (Beijing) Library,,,,,,,,,Education,Library,Protestant,,F,,,,,,,,,START DATE: 1912: # OF BOOKS IN 1936: 7397: ANNUAL BUDGET: 1220,HB_1936_221
HBLT_022,Institution,Bridgeman (Shanghai) Library,,,,,,,,,Education,Library,Protestant,,F,,,,,,,,,START DATE: 1918: # OF BOOKS IN 1936: 3300: ANNUAL BUDGET: 300: ADDITIONAL NOTE: No librarian,HB_1936_222
HBLT_032,Institution,C.L.S. Timothy Richard Library,,,,,,,,,Christian Institute,Library,Protestant,,,,,,,,,,,START DATE: 1910: # OF BOOKS IN 1936: 7000: ANNUAL BUDGET: 1000: ADDITIONAL NOTE: No librarian,HB_1936_224
HBLT_052,Institution,Ceng Daik School Library,,,,,,,,,Education,Library,Protestant,,F,,,,,,,,,START DATE: 1912: # OF BOOKS IN 1936: 800: ANNUAL BUDGET: 60,HB_1936_221
HBLT_111,Institution,Central China Union Theological Seminary Library,,,,,,,,,Theological Seminary,Library,Protestant,,M,,,,,,,,,START DATE: 1930: # OF BOOKS IN 1936: 2780: ANNUAL BUDGET: 200,HB_1936_225
HBLT_099,Institution,Changsha YMCA Library,,,,,,,,,Christian Institute,Library,Protestant,,,,,,,,,,,START DATE: 1925: # OF BOOKS IN 1936: 1397: ANNUAL BUDGET: 100,HB_1936_224
HBLT_004,Institution,Cheeloo University Library,,,,,,,,,Education,Library,Protestant,,X,,,,,,,,,START DATE: 1917: # OF BOOKS IN 1936: 117093,HB_1936_220
HBLT_106,Institution,Chengtu YMCA Library,,,,,,,,,Christian Institute,Library,Protestant,,,,,,,,,,,START DATE: 1925: # OF BOOKS IN 1936: 3128: ANNUAL BUDGET: 460,HB_1936_224
HBLT_015,Institution,Chien Chin School Library,,,,,,,,,Education,Library,Protestant,,X,,,,,,,,,START DATE: 1926: # OF BOOKS IN 1936: 1000: ANNUAL BUDGET: 500: ADDITIONAL NOTE: No librarian,HB_1936_221
HBLT_097,Institution,Chin Jiu Boys' Library,,,Jiu Chin Library,,,,,,Education,Library,Protestant,,M,,,,,,,,,START DATE: 1923: # OF BOOKS IN 1936: 8300: ANNUAL BUDGET: 3550,HB_1936_223
HBLT_041,Institution,China Training Institute Library,,,,,,,,,Education,Library,Protestant,,,,,,,,,,,START DATE: 1920: # OF BOOKS IN 1936: 13000: ANNUAL BUDGET: 700,HB_1936_219
HBLT_021,Institution,Chung Hua Library,,,,,,,,,Education,Library,Protestant,,F,,,,,,,,,START DATE: 1926: # OF BOOKS IN 1936: 7200: ANNUAL BUDGET: 800: ADDITIONAL NOTE: No librarian,HB_1936_222
HBLT_057,Institution,Ch'ung Tze Library,,,,,,,,,Education,Library,Protestant,,F,,,,,,,,,START DATE: 1930: # OF BOOKS IN 1936: 2867: ANNUAL BUDGET: 1000,HB_1936_221
HBLT_107,Institution,Chungking YMCA Library,,,,,,,,,Christian Institute,Library,Protestant,,,,,,,,,,,START DATE: 1933: # OF BOOKS IN 1936: 10758: ANNUAL BUDGET: 2000,HB_1936_224
HBLT_074,Institution,Eliza Yates Bible School Library,,,,,,,,,Education,Library,Protestant,,F,,,,,,,,,START DATE: 1920: # OF BOOKS IN 1936: 7450,HB_1936_222
HBLT_005,Institution,Fukien Christian University Library,,,,,,,,,Education,Library,Protestant,,X,,,,,,,,,START DATE: 1916: # OF BOOKS IN 1936: 66764: ANNUAL BUDGET: 11000,HB_1936_219
HBLT_008,Institution,Ginling College Library,,,,,,,,,Education,Library,Protestant,,F,,,,,,,,,START DATE: 1915: # OF BOOKS IN 1936: 59099: ANNUAL BUDGET: 8020,HB_1936_219
HBLT_019,Institution,Goodrich Girls' School Library,,,,,,,,,Education,Library,Protestant,,F,,,,,,,,,START DATE: 1924: # OF BOOKS IN 1936: 1000: ANNUAL BUDGET: 180: ADDITIONAL NOTE: No librarian,HB_1936_221
HBLT_075,Institution,Grace High School (Boys') Library,,,,,,,,,Education,Library,Protestant,,M,,,,,,,,,# OF BOOKS IN 1936: 9450,HB_1936_222
HBLT_067,Institution,Griffith John School Library,,,,,,,,,Education,Library,Protestant,,M,,,,,,,,,START DATE: 1899: # OF BOOKS IN 1936: 4100: ANNUAL BUDGET: 1700,HB_1936_221
HBLT_055,Institution,Guthrie Boys' School Library,,,,,,,,,Education,Library,Protestant,,M,,,,,,,,,# OF BOOKS IN 1936: 6856: ANNUAL BUDGET: 1040,HB_1936_221
HBLT_092,Institution,Haigh College Library,,,Hwa Ying Library,,,,,,Education,Library,Protestant,,M,,,,,,,,,START DATE: 1923: # OF BOOKS IN 1936: 7500: ANNUAL BUDGET: 700,HB_1936_223
HBLT_007,Institution,Hangchow Christian College Library,,,,,,,,,Education,Library,Protestant,,X,,,,,,,,,START DATE: 1911: # OF BOOKS IN 1936: 38663: ANNUAL BUDGET: 5700,HB_1936_219
HBLT_084,Institution,Hing Hwa Library,,,,,,,,,Education,Library,Protestant,,M,,,,,,,,,START DATE: 1924: # OF BOOKS IN 1936: 13050: ANNUAL BUDGET: 1400,HB_1936_223
HBLT_040,Institution,Hsiang-Ya Medical College Library,,,,,,,,,Education,Library,Protestant,,X,,,,,,,,,START DATE: 1914: # OF BOOKS IN 1936: 2475: ANNUAL BUDGET: 1680,HB_1936_219
HBLT_109,Institution,Hunan Bible Institute Library,,,,,,,,,Theological Seminary,Library,Protestant,,X,,,,,,,,,START DATE: 1917: # OF BOOKS IN 1936: 4817,HB_1936_225
HBLT_066,Institution,Huping Boys' School Library,,,,,,,,,Education,Library,Protestant,,M,,,,,,,,,START DATE: 1902: # OF BOOKS IN 1936: 4500: ANNUAL BUDGET: 900,HB_1936_221
HBLT_036,Institution,Hwa Nan College Library,,,,,,,,,Education,Library,Protestant,,F,,,,,,,,,START DATE: 1924: # OF BOOKS IN 1936: 31500: ANNUAL BUDGET: 4200,HB_1936_219
HBLT_062,Institution,Hwei Wen Boys' School (Tianjin) Library,,,,,,,,,Education,Library,Protestant,,M,,,,,,,,,START DATE: 1890: # OF BOOKS IN 1936: 6785: ANNUAL BUDGET: 700,HB_1936_221
HBLT_063,Institution,Keen School Library,,,,,,,,,Education,Library,Protestant,,F,,,,,,,,,START DATE: 1914: # OF BOOKS IN 1936: 3700: ANNUAL BUDGET: 500,HB_1936_221
HBLT_096,Institution,Kwang Wen Middle School Library,,,,,,,,,Education,Library,Protestant,,X,,,,,,,,,START DATE: 1931: # OF BOOKS IN 1936: 15792: ANNUAL BUDGET: 2000,HB_1936_223
HBLT_080,Institution,Laura Haygood Normal School Library,,,,,,,,,Education,Library,Protestant,,F,,,,,,,,,START DATE: 1902: # OF BOOKS IN 1936: 9000: ANNUAL BUDGET: 1100,HB_1936_222
HBLT_046,Institution,Lingnan University Library,,,,,,,,,Education,Library,Protestant,,M,,,,,,,,,START DATE: 1907: # OF BOOKS IN 1936: 168881: ANNUAL BUDGET: 55504,HB_1936_220
HBLT_085,Institution,Lingnan University Middle School Library,,,,,,,,,Education,Library,Protestant,,M,,,,,,,,,START DATE: 1927: # OF BOOKS IN 1936: 8300: ANNUAL BUDGET: 1900,HB_1936_223
HBLT_090,Institution,Loh Yu (Meizhou) Library,,,,,,,,,Education,Library,Protestant,,X,,,,,,,,,START DATE: 1930: # OF BOOKS IN 1936: 7500: ANNUAL BUDGET: 600,HB_1936_223
HBLT_091,Institution,Loh Yu Boys' School Library,,,,,,,,,Education,Library,Protestant,,M,,,,,,,,,START DATE: 1926: # OF BOOKS IN 1936: 5300: ANNUAL BUDGET: 400,HB_1936_223
HBLT_076,Institution,Lowrie Institute Library,,,,,,,,,Education,Library,Protestant,,M,,,,,,,,,START DATE: 1923: # OF BOOKS IN 1936: 12880: ANNUAL BUDGET: 1300,HB_1936_222
HBLT_030,Institution,Lutheran Middle School (Jimo) Library,,,,,,,,,Education,Library,Protestant,,X,,,,,,,,,START DATE: 1933: # OF BOOKS IN 1936: 2500: ANNUAL BUDGET: 520: ADDITIONAL NOTE: No librarian,HB_1936_223
HBLT_110,Institution,Lutheran Theological Seminary Library,,,,,,,,,Theological Seminary,Library,Protestant,,M,,,,,,,,,START DATE: 1913: # OF BOOKS IN 1936: 5000: ANNUAL BUDGET: 540,HB_1936_225
HBLT_113,Institution,Lutheran Woman's Theological Seminary Library,,,,,,,,,Theological Seminary,Library,Protestant,,F,,,,,,,,,START DATE: 1931: # OF BOOKS IN 1936: 500: ANNUAL BUDGET: 20,HB_1936_225
HBLT_078,Institution,Mary Farnham School Library,,,,,,,,,Education,Library,Protestant,,F,,,,,,,,,# OF BOOKS IN 1936: 1800: ANNUAL BUDGET: 824,HB_1936_222
HBLT_013,Institution,Mary Vaughan High School Library,,,,,,,,,Education,Library,Protestant,,F,,,,,,,,,START DATE: 1932: # OF BOOKS IN 1936: 1760: ANNUAL BUDGET: 350: ADDITIONAL NOTE: No librarian,HB_1936_220
HBLT_077,Institution,McTyeire School Library,,,,,,,,,Education,Library,Protestant,,F,,,,,,,,,START DATE: 1921: # OF BOOKS IN 1936: 12251: ANNUAL BUDGET: 2280,HB_1936_222
HBLT_031,Institution,Mei-I-Mei Lin You Sheh Library,,,,,,,,,Christian Institute,Library,Protestant,,,,,,,,,,,START DATE: 1935: # OF BOOKS IN 1936: 300: ADDITIONAL NOTE: No librarian,HB_1936_224
HBLT_073,Institution,Methodist Girls' High School Library,,,,,,,,,Education,Library,Protestant,,F,,,,,,,,,START DATE: 1910: # OF BOOKS IN 1936: 11000: ANNUAL BUDGET: 2220,HB_1936_222
HBLT_053,Institution,Ming I Boys' School Library,,,,,,,,,Education,Library,Protestant,,M,,,,,,,,,START DATE: 1931: # OF BOOKS IN 1936: 2720: ANNUAL BUDGET: 270,HB_1936_221
HBLT_028,Institution,Ming I Middle School Library,,,,,,,,,Education,Library,Protestant,,X,,,,,,,,,START DATE: 1922: # OF BOOKS IN 1936: 5453: ANNUAL BUDGET: 600: ADDITIONAL NOTE: No librarian,HB_1936_223
HBLT_100,Institution,Nanchang YMCA Library,,,,,,,,,Christian Institute,Library,Protestant,,,,,,,,,,,START DATE: 1929: # OF BOOKS IN 1936: 2248: ANNUAL BUDGET: 480,HB_1936_224
HBLT_112,Institution,Nanking Theological Seminary Library,,,,,,,,,Theological Seminary,Library,Protestant,,M,,,,,,,,,# OF BOOKS IN 1936: 9700: ANNUAL BUDGET: 2600,HB_1936_225
HBLT_006,Institution,Nantao Christian Institute Library,,,,,,,,,Christian Institute,Library,Protestant,,,,,,,,,,,# OF BOOKS IN 1936: 1570: ANNUAL BUDGET: 24,HB_1936_224
HBLT_101,Institution,Nantung Christian Institute Library,,,,,,,,,Christian Institute,Library,Protestant,,,,,,,,,,,START DATE: 1928: # OF BOOKS IN 1936: 8000: ANNUAL BUDGET: 1000,HB_1936_224
HBLT_102,Institution,National YMCA Library,,,,,,,,,Christian Institute,Library,Protestant,,,,,,,,,,,START DATE: 1912: # OF BOOKS IN 1936: 8000: ANNUAL BUDGET: 800,HB_1936_224
HBLT_033,Institution,National YWCA Library,,,,,,,,,Christian Institute,Library,Protestant,,,,,,,,,,,START DATE: 1934: # OF BOOKS IN 1936: 2000: ANNUAL BUDGET: 250: ADDITIONAL NOTE: No librarian,HB_1936_224
HBLT_049,Institution,Ningpo Union Library,,,Ningpo Middle School Library,,,,,,Education,Library,Protestant,,M,,,,,,,,,START DATE: 1935: # OF BOOKS IN 1936: 8209: ANNUAL BUDGET: 400,HB_1936_220
HBLT_072,Institution,Pei Cheng School Library,,,,,,,,,Education,Library,Protestant,,F,,,,,,,,,START DATE: 1931: # OF BOOKS IN 1936: 3150: ANNUAL BUDGET: 50,HB_1936_222
HBLT_086,Institution,Pei Chun Middle School Library,,,,,,,,,Education,Library,Protestant,,M,,,,,,,,,START DATE: 1923: # OF BOOKS IN 1936: 39668: ANNUAL BUDGET: 6520,HB_1936_223
HBLT_087,Institution,Pei Dao Library,,,,,,,,,Education,Library,Protestant,,F,,,,,,,,,START DATE: 1925: # OF BOOKS IN 1936: 8200: ANNUAL BUDGET: 920,HB_1936_223
HBLT_088,Institution,Pei Ying Middle School Library,,,,,,,,,Education,Library,Protestant,,M,,,,,,,,,START DATE: 1931: # OF BOOKS IN 1936: 23500: ANNUAL BUDGET: 4700,HB_1936_223
HBLT_027,Institution,Pei Ying Si Kuan Library,,,,,,,,,Education,Library,Protestant,,M,,,,,,,,,START DATE: 1928: # OF BOOKS IN 1936: 4369: ANNUAL BUDGET: 300: ADDITIONAL NOTE: No librarian,HB_1936_223
HBLT_108,Institution,Peiping Theological Seminary Library,,,Peking Theological Seminary Library,,,,,,Theological Seminary,Library,Protestant,,M,,,,,,,,,START DATE: 1912: # OF BOOKS IN 1936: 11100: ANNUAL BUDGET: 300,HB_1936_225
HBLT_018,Institution,Peking Academy Library,,,,,,,,,Education,Library,Protestant,,M,,,,,,,,,START DATE: 1884: # OF BOOKS IN 1936: 40000: ANNUAL BUDGET: 3940: ADDITIONAL NOTE: No librarian,HB_1936_221
HBLT_094,Institution,Porter-Wyckoff Middle School Library,,,,,,,,,Education,Library,Protestant,,X,,,,,,,,,START DATE: 1908: # OF BOOKS IN 1936: 13000: ANNUAL BUDGET: 990,HB_1936_223
HBLT_070,Institution,Rulison Fish Girls' High School Library,,,,,,,,,Education,Library,Protestant,,F,,,,,,,,,START DATE: 1928: # OF BOOKS IN 1936: 2075: ANNUAL BUDGET: 610,HB_1936_222
HBLT_002,Institution,Shanghai YMCA Library,,,,,,,,,Christian Institute,Library,Protestant,,,,,,,,,,,START DATE: 1920: # OF BOOKS IN 1936: 27170,HB_1936_224
HBLT_081,Institution,Soochow Academy Library,,,,,,,,,Education,Library,Protestant,,M,,,,,,,,,START DATE: 1919: # OF BOOKS IN 1936: 9242: ANNUAL BUDGET: 420,HB_1936_222
HBLT_011,Institution,Soochow University Library,,,,,,,,,Education,Library,Protestant,,M,,,,,,,,,START DATE: 1901: # OF BOOKS IN 1936: 31187: ANNUAL BUDGET: 8760,HB_1936_220
HBLT_034,Institution,Soochow University - Huchow Library,,,,,,,,,Education,Library,Protestant,,M,,,,,,,,,START DATE: 1932: # OF BOOKS IN 1936: 10181: ANNUAL BUDGET: 520: ADDITIONAL NOTE: No librarian,HB_1936_220
HBLT_043,Institution,Soochow University Law School Library,,,,,,,,,Education,Library,Protestant,,X,,,,,,,,,START DATE: 1916: # OF BOOKS IN 1936: 9607: ANNUAL BUDGET: 5300,HB_1936_219
HBLT_009,Institution,Soochow YMCA Library,,,,,,,,,Christian Institute,Library,Protestant,,,,,,,,,,,START DATE: 1921: # OF BOOKS IN 1936: 200,HB_1936_224
HBLT_023,Institution,St. John's Middle School Library,,,,,,,,,Education,Library,Protestant,,M,,,,,,,,,# OF BOOKS IN 1936: : ANNUAL BUDGET: 5467: ADDITIONAL NOTE: No librarian,HB_1936_222
HBLT_068,Institution,St. Lois' School Library,,,,,,,,,Education,Library,Protestant,,F,,,,,,,,,START DATE: 1910: # OF BOOKS IN 1936: 2330: ANNUAL BUDGET: 100,HB_1936_222
HBLT_025,Institution,St. Mary's Hall Library,,,,,,,,,Education,Library,Protestant,,F,,,,,,,,,# OF BOOKS IN 1936: 8000: ADDITIONAL NOTE: No librarian,HB_1936_222
HBLT_079,Institution,Sung Tak Girls' School Library,,,Sung Teh Girls' School Library,,,,,,Education,Library,Protestant,,F,,,,,,,,,START DATE: 1924: # OF BOOKS IN 1936: 7619: ANNUAL BUDGET: 500,HB_1936_222
HBLT_035,Institution,Sutsien Chung Shih Library,,,,,,,,,Education,Library,Protestant,,,,,,,,,,,START DATE: 1930: # OF BOOKS IN 1936: 989: ANNUAL BUDGET: 100,HB_1936_223
HBLT_105,Institution,Taiyuan YMCA Library,,,,,,,,,Christian Institute,Library,Protestant,,,,,,,,,,,START DATE: 1929: # OF BOOKS IN 1936: 1555: ANNUAL BUDGET: 100,HB_1936_224
HBLT_054,Institution,Tien Ju Boys' School Library,,,,,,,,,Education,Library,Protestant,,M,,,,,,,,,START DATE: 1930: # OF BOOKS IN 1936: 2100: ANNUAL BUDGET: 460,HB_1936_221
HBLT_050,Institution,Trinity College (Ningbo) Library,,,,,,,,,Education,Library,Protestant,,X,,,,,,,,,START DATE: 1929: # OF BOOKS IN 1936: 6030: ANNUAL BUDGET: 990,HB_1936_220
HBLT_014,Institution,True Model Library,,,,,,,,,Education,Library,Protestant,,M,,,,,,,,,START DATE: 1923: # OF BOOKS IN 1936: 1200: ANNUAL BUDGET: 200: ADDITIONAL NOTE: No librarian,HB_1936_220
HBLT_058,Institution,Truth Hall Academy Library,,,,,,,,,Education,Library,Protestant,,M,,,,,,,,,START DATE: 1921: # OF BOOKS IN 1936: 6679: ANNUAL BUDGET: 2018,HB_1936_221
HBLT_029,Institution,Tsun Teh Girls' School Library,,,Tsun Te Girls' School Library,,,,,,Education,Library,Protestant,,F,,,,,,,,,START DATE: 1933: # OF BOOKS IN 1936: 947: ANNUAL BUDGET: 280: ADDITIONAL NOTE: No librarian,HB_1936_223
HBLT_016,Institution,Tung Jen Middle School (Yongtai) Library,,,,,,,,,Education,Library,Protestant,,X,,,,,,,,,START DATE: 1910: # OF BOOKS IN 1936: 3050: ANNUAL BUDGET: 260: ADDITIONAL NOTE: No librarian,HB_1936_221
HBLT_020,Institution,Tung Jen School Library,,,,,,,,,Education,Library,Protestant,,X,,,,,,,,,START DATE: 1924: # OF BOOKS IN 1936: 14162: ANNUAL BUDGET: 1180: ADDITIONAL NOTE: No librarian,HB_1936_221
HBLT_114,Institution,Tzu Chu Siu Tao Yuan Library,,,,,,,,,Theological Seminary,Library,Protestant,,,,,,,,,,,# OF BOOKS IN 1936: 220: ANNUAL BUDGET: 20,HB_1936_225
HBLT_042,Institution,University of Nanking Library,,,,,,,,,Education,Library,Protestant,,X,,,,,,,,,START DATE: 1919: # OF BOOKS IN 1936: 132467: ANNUAL BUDGET: 22000,HB_1936_219
HBLT_044,Institution,University of Shanghai Library,,,,,,,,,Education,Library,Protestant,,X,,,,,,,,,START DATE: 1908: # OF BOOKS IN 1936: 79000: ANNUAL BUDGET: 13000,HB_1936_220
HBLT_045,Institution,University of Shanghai Downtown School of Commerce Library,,,,,,,,,Education,Library,Protestant,,X,,,,,,,,,START DATE: 1932: # OF BOOKS IN 1936: 5500: ANNUAL BUDGET: 1700,HB_1936_220
HBLT_024,Institution,University of Shanghai Middle School Library,,,,,,,,,Education,Library,Protestant,,M,,,,,,,,,START DATE: 1911: # OF BOOKS IN 1936: 12800: ANNUAL BUDGET: 2200: ADDITIONAL NOTE: No librarian,HB_1936_222
HBLT_026,Institution,Vincent Miller Academy Library,,,,,,,,,Education,Library,Protestant,,M,,,,,,,,,START DATE: 1916: # OF BOOKS IN 1936: 7050: ANNUAL BUDGET: 400: ADDITIONAL NOTE: No librarian,HB_1936_222
HBLT_048,Institution,Virginia School for Girls Library,,,,,,,,,Education,Library,Protestant,,F,,,,,,,,,START DATE: 1922: # OF BOOKS IN 1936: 5826: ANNUAL BUDGET: 200,HB_1936_220
HBLT_047,Institution,Wayland Academy Library,,,,,,,,,Education,Library,Protestant,,M,,,,,,,,,START DATE: 1929: # OF BOOKS IN 1936: 10932: ANNUAL BUDGET: 1200,HB_1936_220
HBLT_095,Institution,Wen Teh Girls' Middle School (Qingdao) Library,,,,,,,,,Education,Library,Protestant,,F,,,,,,,,,# OF BOOKS IN 1936: 1837: ANNUAL BUDGET: 340,HB_1936_223
HBLT_069,Institution,Wesley Middle School Library,,,,,,,,,Education,Library,Protestant,,M,,,,,,,,,START DATE: 1900: # OF BOOKS IN 1936: 30000: ANNUAL BUDGET: 980,HB_1936_222
HBLT_038,Institution,West China Union University Library,,,,,,,,,Education,Library,Protestant,,X,,,,,,,,,START DATE: 1910: # OF BOOKS IN 1936: 84.713: ANNUAL BUDGET: 13346,HB_1936_220
HBLT_051,Institution,Westminster College Library,,,Pei Yuan Library,,,,,,Education,Library,Protestant,,M,,,,,,,,,START DATE: 1931: # OF BOOKS IN 1936: 4500: ANNUAL BUDGET: 1180,HB_1936_220
HBLT_071,Institution,William Nast Academy Library,,,,,,,,,Education,Library,Protestant,,M,,,,,,,,,START DATE: 1908: # OF BOOKS IN 1936: 7452: ANNUAL BUDGET: 950,HB_1936_222
HBLT_012,Institution,Women's Christian Medical College Library,,,,,,,,,Education,Library,Protestant,,F,,,,,,,,,START DATE: 1924: # OF BOOKS IN 1936: 1222: ANNUAL BUDGET: 500: ADDITIONAL NOTE: No librarian,HB_1936_220
HBLT_098,Institution,Wuhu YMCA Library,,,,,,,,,Christian Institute,Library,Protestant,,,,,,,,,,,START DATE: 1921: # OF BOOKS IN 1936: 1200: ANNUAL BUDGET: 50,HB_1936_224
HBLT_064,Institution,Yali Union Middle School Library,,,,,,,,,Education,Library,Protestant,,M,,,,,,,,,START DATE: 1907: # OF BOOKS IN 1936: 27280: ANNUAL BUDGET: 600,HB_1936_221
HBLT_037,Institution,Yangtzepoo Social Center Library,,,,,,,,,Christian Institute,Library,Protestant,,,,,,,,,,,START DATE: 1933: # OF BOOKS IN 1936: 1885: ANNUAL BUDGET: 690,HB_1936_224
HBLT_082,Institution,Yao Chun School (Suzhou) Library,,,,,,,,,Education,Library,Protestant,,M,,,,,,,,,START DATE: 1912: # OF BOOKS IN 1936: 1600,HB_1936_222
HBLT_083,Institution,Yates Academy Library,,,,,,,,,Education,Library,Protestant,,M,,,,,,,,,START DATE: 1913: # OF BOOKS IN 1936: 11308: ANNUAL BUDGET: 700,HB_1936_222
HBLT_001,Institution,Yenching University Library,,,,,,,,,Education,Library,Protestant,,M,,,,,,,,,START DATE: 1919: # OF BOOKS IN 1936: 280583: ANNUAL BUDGET: 51319,HB_1936_219
HBLT_059,Institution,Yenching University Middle School Library,,,,,,,,,Education,Library,Protestant,,M,,,,,,,,,START DATE: 1932: # OF BOOKS IN 1936: 4500: ANNUAL BUDGET: 610,HB_1936_221
HBLT_039,Institution,YMCA Commercial College Library,,,,,,,,,Education,Library,Protestant,,X,,,,,,,,,START DATE: 1924: # OF BOOKS IN 1936: 5144: ANNUAL BUDGET: 1540,HB_1936_219
HBLT_089,Institution,YMCA Commercial School (Guangzhou) Library,,,,,,,,,Education,Library,Protestant,,M,,,,,,,,,START DATE: 1931: # OF BOOKS IN 1936: 6777: ANNUAL BUDGET: 21000,HB_1936_223
HBLT_060,Institution,Yu Ying School (Beijing) Library,,,Yu Ing School Library,,,,,,Education,Library,Protestant,,M,,,,,,,,,START DATE: 1924: # OF BOOKS IN 1936: 26500: ANNUAL BUDGET: 8000,HB_1936_221
HBLT_093,Institution,Yu Ying School (Taian) Library,,,,,,,,,Education,Library,Protestant,,X,,,,,,,,,START DATE: 1932: # OF BOOKS IN 1936: 3430: ANNUAL BUDGET: 640,HB_1936_223
TCE_300,CorporateEntity,Shanhaiguan District (MEC),,,,,,,,,,,,,,,,,,,,,,,
TCE_301,CorporateEntity,"Methodist Episcopal Church (North China Conference, Shandong Conference, Chengdu Conference, Chongqing Conference)",,,,,,,,,,,,,,,,,,,,,,,
TCE_302,CorporateEntity,North China Mission (SPG),,,,,,,,,,,,,,,,,,,,,,,
TCE_303,CorporateEntity,Chinese Globe Magazine (Wanguo Gongbao),,,"Church News (original name, changed in 1874)","萬國公報; 教會新報 (Jiaohui Xinbao, original name, changed in 1874)",,,,,Publishing Body,,,,,,,,,,,,,,
TCE_304,CorporateEntity,Anglo-Chinese School,,,,,,,,,Educational Body,,,,,,,,,,,,,,
TCE_305,CorporateEntity,American Baptist Missionary Union (ABMU),,,,,,,,,,,,,,,,,,,,,,,
TCE_306,CorporateEntity,International Missionary Council,,,,,,,,IMC,,,,,,,,,,,,,,,
TCE_307,CorporateEntity,Fellowship of Reconciliation,,,,,,,,,,,,,,,,,,,,,,,
TCE_308,CorporateEntity,Council of Higher Education of China,,,,,,,,,,,,,,,,,,,,,,,
TCE_309,CorporateEntity,Nanking International Relief Committee,,,,,,,,,,,,,,,,,,,,,,,
TCE_310,CorporateEntity,Southern Presbyterian,,,,,,,,,,,,,,,,,,,,,,,
TCE_311,CorporateEntity,Swedish Pentecostal,,,,,,,,,,,,,,,,,,,,,,,
TCE_312,CorporateEntity,Society for the Diffusion of Useful Knowledge,,,,,,,,SDUK,,,,,,,,,,,,,,,
TCE_313,CorporateEntity,Royal Asiatic Society,,,,,,,,,,,,,,,,,,,,,,,
TCE_314,Publication,China's Millions,,,,,,,,,Publishing Body,Missionary Journal,,,,,,,,,,,,,
TCE_315,CorporateEntity,Christian Union for the Severance of the British Empire with the Opium Traffic,,,,,,,,,Other,,,,,,,,,,,,,,
TCE_316,Publication,National Righteousness,,,,,,,,,Publishing Body,,,,,,,,,,,,,,
TCE_317,CorporateEntity,Life Fellowship Group,,,,,,,,,,,,,,,,,,,,,,,
TCE_318,CorporateEntity,World Council of Churches,,,,,,,,,,,,,,,,,,,,,,,
TCE_319,CorporateEntity,Presbyterian Church of Taiwan,,,,,,,,,,,,,,,,,,,,,,,
TCE_320,CorporateEntity,China Christian Educational Association,,,,,,,,,,,,,,,,,,,,,,,
TCE_321,CorporateEntity,Boy Scouts Association of China,,,,,,,,,,,,,,,,,,,,,,,
TCE_322,CorporateEntity,Chinese Government,,,,,,,,,,,,,,,,,,,,,,,
TCE_323,CorporateEntity,Hunan Mission (PN),,,,,,,,,,,,,,,,,,,,,,,
TCE_324,CorporateEntity,Moukden Circuit (UFS),,,,,,,,,,,,,,,,,,,,,,,
TCE_325,CorporateEntity,Presbyterian Mission Press (PN),,,,,,,,,,,,,,,,,,,,,,,
HBLAC_4,CorporateEntity,Literature Promotion Fund,,,,,,,,LPF,Publishing Body,Publication Society,,,,,,,,,,,,,
HBLAC_5,CorporateEntity,International Bible Reading Association in China,,,,,,,,IBRA,Publishing Body,Publication Society,,,,,,,,,,,,,
HBLAC_6,CorporateEntity,Cristian Literature for China,,,,,,,,,Publishing Body,Publication Society,,,,,,,,,,,,,
HBLAC_7,CorporateEntity,Church Literature Commitee,,,,,,,,,Publishing Body,Publication Society,,,,,,,,,,,,,
HBLAC_8,CorporateEntity,Kwang Hsueh Publishing House,,,,,,,,,Publishing Body,Publication Society,,,,,,,,,,,,,
HBP_5,Publication,National Righteousness,,,,,,,,,,,,,,,,,,,,,,,
HBP_6,CorporateEntity,Christian Union for the Severance of the British Empire with the Opium Traffic,,,,,,,,,,,,,,,,,,,,,,,
HBP_7,CorporateEntity,World Council of Churches,,,,,,,,,,,,,,,,,,,,,,,
HBP_8,CorporateEntity,Presbyterian Church of Taiwan,,,,,,,,,,,,,,,,,,,,,,,
CSCE_901,CorporateEntity,Bethlehem Mission Society,,,,,,,,,,,,,,,,,,,,,,,
CSCE_902,CorporateEntity,Canonesses of Saint Augustine of the Notre-Dame Congregation,,,,,,,,,,,,,,,,,,,,,,,
CSCE_903,CorporateEntity,Canossian Sisters of Charity,,,,,,,,,,,,,,,,,,,,,,,
CSCE_904,CorporateEntity,Canossian Sisters of Charity; Congregation of the Sisters of St. Paul of Chartres; Maryknoll Sisters of St. Dominic,,,,,,,,,,,,,,,,,,,,,,,
CSCE_905,CorporateEntity,Chinese Sisters of the Sacred Heart,,,,,,,,,,,,,,,,,,,,,,,
CSCE_906,CorporateEntity,Congregation of Picpus,,,,,,,,,,,,,,,,,,,,,,,
CSCE_907,CorporateEntity,Congregation of the Immaculate Heart of Mary,,,,,,,,,,,,,,,,,,,,,,,
CSCE_908,CorporateEntity,Congregation of the Mission,,,,,,,,,,,,,,,,,,,,,,,
CSCE_909,CorporateEntity,Congregation of the Sisters of St. Paul of Chartres,,,,,,,,,,,,,,,,,,,,,,,
CSCE_910,CorporateEntity,Foreign Missions of Paris,,,,,,,,,,,,,,,,,,,,,,,
CSCE_911,CorporateEntity,Franciscan Missionaries of Mary,,,,,,,,,,,,,,,,,,,,,,,
CSCE_912,CorporateEntity,Franciscans of Mercy of Luxembourg,,,,,,,,,,,,,,,,,,,,,,,
CSCE_913,CorporateEntity,Franciscans of the Sacred Heart,,,,,,,,,,,,,,,,,,,,,,,
CSCE_914,CorporateEntity,Grey Sisters of the Immaculate Conception,,,,,,,,,,,,,,,,,,,,,,,
CSCE_915,CorporateEntity,Institute of the Blessed Virgin Mary,,,,,,,,,,,,,,,,,,,,,,,
CSCE_916,CorporateEntity,Institute of the Brothers of the Christian Schools,,,,,,,,,,,,,,,,,,,,,,,
CSCE_917,CorporateEntity,Marist Brothers of the Schools,,,,,,,,,,,,,,,,,,,,,,,
CSCE_918,CorporateEntity,Maryknoll Fathers,,,,,,,,,,,,,,,,,,,,,,,
CSCE_919,CorporateEntity,Maryknoll Sisters of St. Dominic,,,,,,,,,,,,,,,,,,,,,,,
CSCE_920,CorporateEntity,Milan Foreign Missions,,,,,,,,,,,,,,,,,,,,,,,
CSCE_921,CorporateEntity,Missionaries of the Precious Blood,,,,,,,,,,,,,,,,,,,,,,,
CSCE_922,CorporateEntity,Missionaries of the Sacred Heart,,,,,,,,,,,,,,,,,,,,,,,
CSCE_923,CorporateEntity,Missionary Sisters of the Immaculate Conception,,,,,,,,,,,,,,,,,,,,,,,
CSCE_924,CorporateEntity,Missionary Sisters Servants of the Holy Spirit,,,,,,,,,,,,,,,,,,,,,,,
CSCE_925,CorporateEntity,Order of Preachers,,,,,,,,,,,,,,,,,,,,,,,
CSCE_926,CorporateEntity,Order of Saint Ursula,,,,,,,,,,,,,,,,,,,,,,,
CSCE_927,CorporateEntity,Presentation Sisters,,,,,,,,,,,,,,,,,,,,,,,
CSCE_928,CorporateEntity,Salesians of Don Bosco,,,,,,,,,,,,,,,,,,,,,,,
CSCE_929,CorporateEntity,School Sisters of Notre Dame (Kalocsa),,,,,,,,,,,,,,,,,,,,,,,
CSCE_930,CorporateEntity,Sisters of Charity of Saint Vincent De Paul,,,,,,,,,,,,,,,,,,,,,,,
CSCE_931,CorporateEntity,Sisters of Christian Doctrine,,,,,,,,,,,,,,,,,,,,,,,
CSCE_932,CorporateEntity,Sisters of Divine Providence,,,,,,,,,,,,,,,,,,,,,,,
CSCE_933,CorporateEntity,Sisters of Mercy ,,,,,,,,,,,,,,,,,,,,,,,
CSCE_934,CorporateEntity,Sisters of St. Joseph,,,,,,,,,,,,,,,,,,,,,,,
CSCE_935,CorporateEntity,Sisters of the Cross,,,,,,,,,,,,,,,,,,,,,,,
CSCE_936,CorporateEntity,Sisters of the Sacred Heart of Jesus of Saint-Jacut-les-Pins,,,,,,,,,,,,,,,,,,,,,,,
CSCE_937,CorporateEntity,Sisters of the Sacred Heart of Jesus of Saint-Jacut-les-Pins; Congregation of the Immaculate Heart of Mary,,,,,,,,,,,,,,,,,,,,,,,
CSCE_938,CorporateEntity,Society of Jesus,,,,,,,,,,,,,,,,,,,,,,,
CSCE_939,CorporateEntity,Society of Mary,,,,,,,,,,,,,,,,,,,,,,,
CSCE_940,CorporateEntity,Society of the Divine Savior,,,,,,,,,,,,,,,,,,,,,,,
CSCE_941,CorporateEntity,Society of the Divine Word,,,,,,,,,,,,,,,,,,,,,,,
CSCE_942,CorporateEntity,Society of the Helpers of the Holy Souls,,,,,,,,,,,,,,,,,,,,,,,
CSCE_943,CorporateEntity,Society of the Sacred Heart,,,,,,,,,,,,,,,,,,,,,,,
CSCE_944,CorporateEntity,St. Francis Xavier Foreign Mission Society,,,,,,,,,,,,,,,,,,,,,,,
CSCE_945,CorporateEntity,Ningsia [Catholic Ecclesial Jursdiction],,,,,,,,,,,,,,,,,,,,,,,
CSCE_946,CorporateEntity,Tsining [Catholic Ecclesial Jursdiction],,,,,,,,,,,,,,,,,,,,,,,
CSCE_947,CorporateEntity,Chengtu [Catholic Ecclesial Jursdiction],,,,,,,,,,,,,,,,,,,,,,,
CSCE_948,CorporateEntity,Tatsienlu [Catholic Ecclesial Jursdiction],,,,,,,,,,,,,,,,,,,,,,,
CSCE_949,CorporateEntity,Ningyuan [Catholic Ecclesial Jursdiction],,,,,,,,,,,,,,,,,,,,,,,
CSCE_950,CorporateEntity,Tsaochow [Catholic Ecclesial Jursdiction],,,,,,,,,,,,,,,,,,,,,,,
CSCE_951,CorporateEntity,Wuchang [Catholic Ecclesial Jursdiction],,,,,,,,,,,,,,,,,,,,,,,
CSCE_952,CorporateEntity,Yenchow [Catholic Ecclesial Jursdiction],,,,,,,,,,,,,,,,,,,,,,,
CSCE_953,CorporateEntity,Tsingtao [Catholic Ecclesial Jursdiction],,,,,,,,,,,,,,,,,,,,,,,
CSCE_954,CorporateEntity,Idushien [Catholic Ecclesial Jursdiction],,,,,,,,,,,,,,,,,,,,,,,
CSCE_955,CorporateEntity,Nanchang [Catholic Ecclesial Jursdiction],,,,,,,,,,,,,,,,,,,,,,,
CSCE_956,CorporateEntity,Lintsing [Catholic Ecclesial Jursdiction],,,,,,,,,,,,,,,,,,,,,,,
CSCE_957,CorporateEntity,Shanghai [Catholic Ecclesial Jursdiction],,,,,,,,,,,,,,,,,,,,,,,
CSCE_958,CorporateEntity,Hunyuan [Catholic Ecclesial Jursdiction],,,,,,,,,,,,,,,,,,,,,,,
CSCE_959,CorporateEntity,Hungtung [Catholic Ecclesial Jursdiction],,,,,,,,,,,,,,,,,,,,,,,
CSCE_960,CorporateEntity,Hwangchow [Catholic Ecclesial Jursdiction],,,,,,,,,,,,,,,,,,,,,,,
CSCE_961,CorporateEntity,Shaowu [Catholic Ecclesial Jursdiction],,,,,,,,,,,,,,,,,,,,,,,
CSCE_962,CorporateEntity,Ankwo [Catholic Ecclesial Jursdiction],,,,,,,,,,,,,,,,,,,,,,,
CSCE_963,CorporateEntity,Lanchow [Catholic Ecclesial Jursdiction],,,,,,,,,,,,,,,,,,,,,,,
CSCE_964,CorporateEntity,Ichang [Catholic Ecclesial Jursdiction],,,,,,,,,,,,,,,,,,,,,,,
CSCE_965,CorporateEntity,Yungping [Catholic Ecclesial Jursdiction],,,,,,,,,,,,,,,,,,,,,,,
CSCE_966,CorporateEntity,Sienhsien [Catholic Ecclesial Jursdiction],,,,,,,,,,,,,,,,,,,,,,,
CSCE_967,CorporateEntity,Pekin [Catholic Ecclesial Jursdiction],,,,,,,,,,,,,,,,,,,,,,,
CSCE_968,CorporateEntity,Chungking [Catholic Ecclesial Jursdiction],,,,,,,,,,,,,,,,,,,,,,,
CSCE_969,CorporateEntity,Wanshien [Catholic Ecclesial Jursdiction],,,,,,,,,,,,,,,,,,,,,,,
CSCE_970,CorporateEntity,Kirin [Catholic Ecclesial Jursdiction],,,,,,,,,,,,,,,,,,,,,,,
CSCE_971,CorporateEntity,Nanning [Catholic Ecclesial Jursdiction],,,,,,,,,,,,,,,,,,,,,,,
CSCE_972,CorporateEntity,Taming [Catholic Ecclesial Jursdiction],,,,,,,,,,,,,,,,,,,,,,,
CSCE_973,CorporateEntity,Kinghsien [Catholic Ecclesial Jursdiction],,,,,,,,,,,,,,,,,,,,,,,
CSCE_974,CorporateEntity,Shenchow [Catholic Ecclesial Jursdiction],,,,,,,,,,,,,,,,,,,,,,,
CSCE_975,CorporateEntity,Chengting [Catholic Ecclesial Jursdiction],,,,,,,,,,,,,,,,,,,,,,,
CSCE_976,CorporateEntity,Suanhwa [Catholic Ecclesial Jursdiction],,,,,,,,,,,,,,,,,,,,,,,
CSCE_977,CorporateEntity,Tunki [Catholic Ecclesial Jursdiction],,,,,,,,,,,,,,,,,,,,,,,
CSCE_978,CorporateEntity,Changsha [Catholic Ecclesial Jursdiction],,,,,,,,,,,,,,,,,,,,,,,
CSCE_979,CorporateEntity,Yuanling [Catholic Ecclesial Jursdiction],,,,,,,,,,,,,,,,,,,,,,,
CSCE_980,CorporateEntity,Haimen [Catholic Ecclesial Jursdiction],,,,,,,,,,,,,,,,,,,,,,,
CSCE_981,CorporateEntity,Kian [Catholic Ecclesial Jursdiction],,,,,,,,,,,,,,,,,,,,,,,
CSCE_982,CorporateEntity,T'ai ho [Catholic Ecclesial Jursdiction],,,,,,,,,,,,,,,,,,,,,,,
CSCE_983,CorporateEntity,Yukiang [Catholic Ecclesial Jursdiction],,,,,,,,,,,,,,,,,,,,,,,
CSCE_984,CorporateEntity,Tsinan [Catholic Ecclesial Jursdiction],,,,,,,,,,,,,,,,,,,,,,,
CSCE_985,CorporateEntity,Kichow [Catholic Ecclesial Jursdiction],,,,,,,,,,,,,,,,,,,,,,,
CSCE_986,CorporateEntity,Kaifeng [Catholic Ecclesial Jursdiction],,,,,,,,,,,,,,,,,,,,,,,
CSCE_987,CorporateEntity,Yunnanfu [Catholic Ecclesial Jursdiction],,,,,,,,,,,,,,,,,,,,,,,
CSCE_988,CorporateEntity,Tsinchow [Catholic Ecclesial Jursdiction],,,,,,,,,,,,,,,,,,,,,,,
CSCE_989,CorporateEntity,Pengpu [Catholic Ecclesial Jursdiction],,,,,,,,,,,,,,,,,,,,,,,
CSCE_990,CorporateEntity,Wuhu [Catholic Ecclesial Jursdiction],,,,,,,,,,,,,,,,,,,,,,,
CSCE_991,CorporateEntity,Kaying [Catholic Ecclesial Jursdiction],,,,,,,,,,,,,,,,,,,,,,,
CSCE_992,CorporateEntity,Shunking [Catholic Ecclesial Jursdiction],,,,,,,,,,,,,,,,,,,,,,,
CSCE_993,CorporateEntity,Nanking [Catholic Ecclesial Jursdiction],,,,,,,,,,,,,,,,,,,,,,,
CSCE_994,CorporateEntity,Paoting [Catholic Ecclesial Jursdiction],,,,,,,,,,,,,,,,,,,,,,,
CSCE_995,CorporateEntity,Ningpo [Catholic Ecclesial Jursdiction],,,,,,,,,,,,,,,,,,,,,,,
CSCE_996,CorporateEntity,Moukden [Catholic Ecclesial Jursdiction],,,,,,,,,,,,,,,,,,,,,,,
CSCE_997,CorporateEntity,Szepingkai [Catholic Ecclesial Jursdiction],,,,,,,,,,,,,,,,,,,,,,,
CSCE_998,CorporateEntity,Suchow [Catholic Ecclesial Jursdiction],,,,,,,,,,,,,,,,,,,,,,,
CSCE_999,CorporateEntity,Suifu [Catholic Ecclesial Jursdiction],,,,,,,,,,,,,,,,,,,,,,,
CSCE_1000,CorporateEntity,Taiyuan [Catholic Ecclesial Jursdiction],,,,,,,,,,,,,,,,,,,,,,,
CSCE_1001,CorporateEntity,Taichow [Catholic Ecclesial Jursdiction],,,,,,,,,,,,,,,,,,,,,,,
CSCE_1002,CorporateEntity,Tatung [Catholic Ecclesial Jursdiction],,,,,,,,,,,,,,,,,,,,,,,
CSCE_1003,CorporateEntity,Weihaiwei [Catholic Ecclesial Jursdiction],,,,,,,,,,,,,,,,,,,,,,,
CSCE_1004,CorporateEntity,Weihwei [Catholic Ecclesial Jursdiction],,,,,,,,,,,,,,,,,,,,,,,
CSCE_1005,CorporateEntity,Hankow [Catholic Ecclesial Jursdiction],,,,,,,,,,,,,,,,,,,,,,,
CSCE_1006,CorporateEntity,Amoy [Catholic Ecclesial Jursdiction],,,,,,,,,,,,,,,,,,,,,,,
CSCE_1007,CorporateEntity,Sian [Catholic Ecclesial Jursdiction],,,,,,,,,,,,,,,,,,,,,,,
CSCE_1008,CorporateEntity,Sinyang [Catholic Ecclesial Jursdiction],,,,,,,,,,,,,,,,,,,,,,,
CSCE_1009,CorporateEntity,Yungchow [Catholic Ecclesial Jursdiction],,,,,,,,,,,,,,,,,,,,,,,
CSCE_1010,CorporateEntity,Luan [Catholic Ecclesial Jursdiction],,,,,,,,,,,,,,,,,,,,,,,
CSCE_1011,CorporateEntity,Chengchow [Catholic Ecclesial Jursdiction],,,,,,,,,,,,,,,,,,,,,,,
CSCE_1012,CorporateEntity,Anking [Catholic Ecclesial Jursdiction],,,,,,,,,,,,,,,,,,,,,,,
CSCE_1013,CorporateEntity,Pingliang [Catholic Ecclesial Jursdiction],,,,,,,,,,,,,,,,,,,,,,,
CSCE_1014,CorporateEntity,Shiuchow [Catholic Ecclesial Jursdiction],,,,,,,,,,,,,,,,,,,,,,,
CSCE_1015,CorporateEntity,Nanyang [Catholic Ecclesial Jursdiction],,,,,,,,,,,,,,,,,,,,,,,
CSCE_1016,CorporateEntity,Yochow [Catholic Ecclesial Jursdiction],,,,,,,,,,,,,,,,,,,,,,,
CSCE_1017,CorporateEntity,Hanchung [Catholic Ecclesial Jursdiction],,,,,,,,,,,,,,,,,,,,,,,
CSCE_1018,CorporateEntity,Chefoo [Catholic Ecclesial Jursdiction],,,,,,,,,,,,,,,,,,,,,,,
CSCE_1019,CorporateEntity,Chihfeng [Catholic Ecclesial Jursdiction],,,,,,,,,,,,,,,,,,,,,,,
CSCE_1020,CorporateEntity,Tali [Catholic Ecclesial Jursdiction],,,,,,,,,,,,,,,,,,,,,,,
CSCE_1021,CorporateEntity,Foochow [Catholic Ecclesial Jursdiction],,,,,,,,,,,,,,,,,,,,,,,
CSCE_1022,CorporateEntity,Kanchow [Catholic Ecclesial Jursdiction],,,,,,,,,,,,,,,,,,,,,,,
CSCE_1023,CorporateEntity,Canton [Catholic Ecclesial Jursdiction],,,,,,,,,,,,,,,,,,,,,,,
CSCE_1024,CorporateEntity,Kweiyang [Catholic Ecclesial Jursdiction],,,,,,,,,,,,,,,,,,,,,,,
CSCE_1025,CorporateEntity,Hainan [Catholic Ecclesial Jursdiction],,,,,,,,,,,,,,,,,,,,,,,
CSCE_1026,CorporateEntity,Hangchow [Catholic Ecclesial Jursdiction],,,,,,,,,,,,,,,,,,,,,,,
CSCE_1027,CorporateEntity,Hengchow [Catholic Ecclesial Jursdiction],,,,,,,,,,,,,,,,,,,,,,,
CSCE_1028,CorporateEntity,Siwantze [Catholic Ecclesial Jursdiction],,,,,,,,,,,,,,,,,,,,,,,
CSCE_1029,CorporateEntity,Suiyuan [Catholic Ecclesial Jursdiction],,,,,,,,,,,,,,,,,,,,,,,
CSCE_1030,CorporateEntity,Kongmoon [Catholic Ecclesial Jursdiction],,,,,,,,,,,,,,,,,,,,,,,
CSCE_1031,CorporateEntity,Hongkong [Catholic Ecclesial Jursdiction],,,,,,,,,,,,,,,,,,,,,,,
CSCE_1032,CorporateEntity,Pékin [Catholic Ecclesial Jursdiction],,,,,,,,,,,,,,,,,,,,,,,
CSCE_1033,CorporateEntity,Peking [Catholic Ecclesial Jursdiction],,,,,,,,,,,,,,,,,,,,,,,
CSCE_1034,CorporateEntity,Macao [Catholic Ecclesial Jursdiction],,,,,,,,,,,,,,,,,,,,,,,
CSCE_1035,CorporateEntity,Tientsin [Catholic Ecclesial Jursdiction],,,,,,,,,,,,,,,,,,,,,,,
CSCE_1036,CorporateEntity,Funing [Catholic Ecclesial Jursdiction],,,,,,,,,,,,,,,,,,,,,,,
CSCE_1037,CorporateEntity,Jehol [Catholic Ecclesial Jursdiction],,,,,,,,,,,,,,,,,,,,,,,
CSCE_1038,CorporateEntity,Mission indépendante de Shaowu [Catholic Ecclesial Jursdiction],,,,,,,,,,,,,,,,,,,,,,,
CSCE_1039,CorporateEntity,Shunteh [Catholic Ecclesial Jursdiction],,,,,,,,,,,,,,,,,,,,,,,
CSCE_1040,CorporateEntity,Tsitsihar [Catholic Ecclesial Jursdiction],,,,,,,,,,,,,,,,,,,,,,,
GT_001,Geography,"""Anhui""",,,,,,,,,,,,,,,,,,,,,,RECORDED AS: Anhui,
GT_002,Geography,"""Anhwei""",,,,,,,,,,,,,,,,,,,,,,RECORDED AS: Anhwei,
GT_003,Geography,"""Chapei; Shanghai""",,,,,,,,,,,,,,,,,,,,,,RECORDED AS: Chapei; Shanghai,
GT_004,Geography,"""Chengting""",,,,,,,,,,,,,,,,,,,,,,RECORDED AS: Chengting,
GT_005,Geography,"""Chihsien, Chihli""",,,,,,,,,,,,,,,,,,,,,,"RECORDED AS: Chihsien, Chihli",
GT_006,Geography,"""Chinchowfu, Manchuria""",,,,,,,,,,,,,,,,,,,,,,"RECORDED AS: Chinchowfu, Manchuria",
GT_007,Geography,"""Diongloh, Fukien.""",,,,,,,,,,,,,,,,,,,,,,"RECORDED AS: Diongloh, Fukien.",
GT_008,Geography,"""Fakuting via Newchwang, Manchuria""",,,,,,,,,,,,,,,,,,,,,,"RECORDED AS: Fakuting via Newchwang, Manchuria",
GT_009,Geography,"""Fenyang, Anhwei""",,,,,,,,,,,,,,,,,,,,,,"RECORDED AS: Fenyang, Anhwei",
GT_010,Geography,"""Haichang, Manchuria""",,,,,,,,,,,,,,,,,,,,,,"RECORDED AS: Haichang, Manchuria",
GT_011,Geography,"""Haicheng, Manchuria""",,,,,,,,,,,,,,,,,,,,,,"RECORDED AS: Haicheng, Manchuria",
GT_012,Geography,"""Hengchowfu, Hunan""",,,,,,,,,,,,,,,,,,,,,,"RECORDED AS: Hengchowfu, Hunan",
GT_013,Geography,"""Hok-Ling""",,,,,,,,,,,,,,,,,,,,,,RECORDED AS: Hok-Ling,
GT_014,Geography,"""Hong kong""",,,,,,,,,,,,,,,,,,,,,,RECORDED AS: Hong kong,
GT_015,Geography,"""Hongkong""",,,,,,,,,,,,,,,,,,,,,,RECORDED AS: Hongkong,
GT_016,Geography,"""Hseinmeinhsein, Manchuria""",,,,,,,,,,,,,,,,,,,,,,"RECORDED AS: Hseinmeinhsein, Manchuria",
GT_017,Geography,"""Hsinminfu, Manchuria""",,,,,,,,,,,,,,,,,,,,,,"RECORDED AS: Hsinminfu, Manchuria",
GT_018,Geography,"""Huaiyang, Honan""",,,,,,,,,,,,,,,,,,,,,,"RECORDED AS: Huaiyang, Honan",
GT_019,Geography,"""Hubei""",,,,,,,,,,,,,,,,,,,,,,RECORDED AS: Hubei,
GT_020,Geography,"""Hwang Hien, Shantung""",,,,,,,,,,,,,,,,,,,,,,"RECORDED AS: Hwang Hien, Shantung",
GT_021,Geography,"""Hwangyen, Chekiang""",,,,,,,,,,,,,,,,,,,,,,"RECORDED AS: Hwangyen, Chekiang",
GT_022,Geography,"""Ichowfu, Shantung""",,,,,,,,,,,,,,,,,,,,,,"RECORDED AS: Ichowfu, Shantung",
GT_023,Geography,"""Jiangxi""",,,,,,,,,,,,,,,,,,,,,,RECORDED AS: Jiangxi,
GT_024,Geography,"""Kachek (Hainan), Kwangtung""",,,,,,,,,,,,,,,,,,,,,,"RECORDED AS: Kachek (Hainan), Kwangtung",
GT_025,Geography,"""Kienchow, Szechwan""",,,,,,,,,,,,,,,,,,,,,,"RECORDED AS: Kienchow, Szechwan",
GT_026,Geography,"""Kuanchengtzu, Manchuria""",,,,,,,,,,,,,,,,,,,,,,"RECORDED AS: Kuanchengtzu, Manchuria",
GT_027,Geography,"""Kutien, Fukien""",,,,,,,,,,,,,,,,,,,,,,"RECORDED AS: Kutien, Fukien",
GT_028,Geography,"""Langhsien, Chihli""",,,,,,,,,,,,,,,,,,,,,,"RECORDED AS: Langhsien, Chihli",
GT_029,Geography,"""Lanhsien, Shansi""",,,,,,,,,,,,,,,,,,,,,,"RECORDED AS: Lanhsien, Shansi",
GT_030,Geography,"""Lister Road, Newchwang, Manchuria""",,,,,,,,,,,,,,,,,,,,,,"RECORDED AS: Lister Road, Newchwang, Manchuria",
GT_031,Geography,"""M. E. M. Hinghwa, Fukien""",,,,,,,,,,,,,,,,,,,,,,"RECORDED AS: M. E. M. Hinghwa, Fukien",
GT_032,Geography,"""Mienchow;Szechuan""",,,,,,,,,,,,,,,,,,,,,,RECORDED AS: Mienchow;Szechuan,
GT_033,Geography,"""Mingteh""",,,,,,,,,,,,,,,,,,,,,,RECORDED AS: Mingteh,
GT_034,Geography,"""near Yochow City, Human""",,,,,,,,,,,,,,,,,,,,,,"RECORDED AS: near Yochow City, Human",
GT_035,Geography,"""Pangchuang, Shandong""",,,,,,,,,,,,,,,,,,,,,,"RECORDED AS: Pangchuang, Shandong",
GT_036,Geography,"""Pui Ching, Canton""",,,,,,,,,,,,,,,,,,,,,,"RECORDED AS: Pui Ching, Canton",
GT_037,Geography,"""Saigon""",,,,,,,,,,,,,,,,,,,,,,RECORDED AS: Saigon,
GT_038,Geography,"""Sai-i-haug, Soochow, Kiangsu""",,,,,,,,,,,,,,,,,,,,,,"RECORDED AS: Sai-i-haug, Soochow, Kiangsu",
GT_039,Geography,"""Saiyingpun""",,,,,,,,,,,,,,,,,,,,,,RECORDED AS: Saiyingpun,
GT_040,Geography,"""Shansi Province""",,,,,,,,,,,,,,,,,,,,,,RECORDED AS: Shansi Province,
GT_041,Geography,"""Shantung""",,,,,,,,,,,,,,,,,,,,,,RECORDED AS: Shantung,
GT_042,Geography,"""Shaowu, Fukien""",,,,,,,,,,,,,,,,,,,,,,"RECORDED AS: Shaowu, Fukien",
GT_043,Geography,"""Shekichen, Ho""",,,,,,,,,,,,,,,,,,,,,,"RECORDED AS: Shekichen, Ho",
GT_044,Geography,"""Shiuchowfu""",,,,,,,,,,,,,,,,,,,,,,RECORDED AS: Shiuchowfu,
GT_045,Geography,"""Siaochang, Chihli""",,,,,,,,,,,,,,,,,,,,,,"RECORDED AS: Siaochang, Chihli",
GT_046,Geography,"""since 191 I""",,,,,,,,,,,,,,,,,,,,,,RECORDED AS: since 191 I,
GT_047,Geography,"""Sinyangchow, Honan""",,,,,,,,,,,,,,,,,,,,,,"RECORDED AS: Sinyangchow, Honan",
GT_048,Geography,"""St. Mary's Hall""",,,,,,,,,,,,,,,,,,,,,,RECORDED AS: St. Mary's Hall,
GT_049,Geography,"""Suchien, Kiangsu""",,,,,,,,,,,,,,,,,,,,,,"RECORDED AS: Suchien, Kiangsu",
GT_050,Geography,"""Suifu, Szechuan""",,,,,,,,,,,,,,,,,,,,,,"RECORDED AS: Suifu, Szechuan",
GT_051,Geography,"""Suifu, Szechwan""",,,,,,,,,,,,,,,,,,,,,,"RECORDED AS: Suifu, Szechwan",
GT_052,Geography,"""Takushan, Manchuria""",,,,,,,,,,,,,,,,,,,,,,"RECORDED AS: Takushan, Manchuria",
GT_053,Geography,"""Talanfu, Shanghai""",,,,,,,,,,,,,,,,,,,,,,"RECORDED AS: Talanfu, Shanghai",
GT_054,Geography,"""Taohualuen, Yi-yang, Honan""",,,,,,,,,,,,,,,,,,,,,,"RECORDED AS: Taohualuen, Yi-yang, Honan",
GT_055,Geography,"""Tehsien,Shantung""",,,,,,,,,,,,,,,,,,,,,,"RECORDED AS: Tehsien,Shantung",
GT_056,Geography,"""Tehyang,Szechuan""",,,,,,,,,,,,,,,,,,,,,,"RECORDED AS: Tehyang,Szechuan",
GT_057,Geography,"""Tinghsien, Chihli""",,,,,,,,,,,,,,,,,,,,,,"RECORDED AS: Tinghsien, Chihli",
GT_058,Geography,"""Tsinanfu, Shanghai""",,,,,,,,,,,,,,,,,,,,,,"RECORDED AS: Tsinanfu, Shanghai",
GT_059,Geography,"""Tsingchowfu, Shantung""",,,,,,,,,,,,,,,,,,,,,,"RECORDED AS: Tsingchowfu, Shantung",
GT_060,Geography,"""Tsingshih, Hunan""",,,,,,,,,,,,,,,,,,,,,,"RECORDED AS: Tsingshih, Hunan",
GT_061,Geography,"""Wuchang""",,,,,,,,,,,,,,,,,,,,,,RECORDED AS: Wuchang,
GT_062,Geography,"""Wuhu""",,,,,,,,,,,,,,,,,,,,,,RECORDED AS: Wuhu,
GT_063,Geography,"""Yenchow, Che""",,,,,,,,,,,,,,,,,,,,,,"RECORDED AS: Yenchow, Che",
GT_064,Geography,"""Yeungkong, kwangtung""",,,,,,,,,,,,,,,,,,,,,,"RECORDED AS: Yeungkong, kwangtung",
GT_065,Geography,"""Yintak, Kwantung""",,,,,,,,,,,,,,,,,,,,,,"RECORDED AS: Yintak, Kwantung",
GT_066,Geography,"""Yungting, Hunan""",,,,,,,,,,,,,,,,,,,,,,"RECORDED AS: Yungting, Hunan",